[ 2026-06-14T15:47:51+08:00 ] ::1 /Home/Goods/plate_conts_list/id/1.html
INFO: [ app_init ] --START--
INFO: Run Behavior\BuildLiteBehavior [ RunTime:0.000009s ]
INFO: [ app_init ] --END-- [ RunTime:0.003614s ]
INFO: [ app_begin ] --START--
INFO: Run Behavior\ReadHtmlCacheBehavior [ RunTime:0.000035s ]
INFO: [ app_begin ] --END-- [ RunTime:0.000060s ]
SQL: SHOW COLUMNS FROM `plate_conts` [ RunTime:0.0902s ]
SQL: SHOW COLUMNS FROM `sys_tmps` [ RunTime:0.0075s ]
SQL: SELECT * FROM `plate_conts` WHERE `id` = 1 LIMIT 1   [ RunTime:0.0060s ]
SQL: SELECT * FROM `sys_tmps` WHERE `types` = 2 ORDER BY id desc  [ RunTime:0.0045s ]
INFO: [ view_parse ] --START--
INFO: [ template_filter ] --START--
INFO: Run Behavior\ContentReplaceBehavior [ RunTime:0.000411s ]
INFO: [ template_filter ] --END-- [ RunTime:0.000490s ]
INFO: Run Behavior\ParseTemplateBehavior [ RunTime:0.022766s ]
INFO: [ view_parse ] --END-- [ RunTime:0.022832s ]
INFO: [ view_filter ] --START--
INFO: Run Behavior\WriteHtmlCacheBehavior [ RunTime:0.000142s ]
INFO: [ view_filter ] --END-- [ RunTime:0.000151s ]
INFO: [ app_end ] --START--
INFO: Run Behavior\ShowPageTraceBehavior [ RunTime:0.000494s ]
INFO: [ app_end ] --END-- [ RunTime:0.000505s ]

[ 2026-06-14T15:47:52+08:00 ] ::1 /Home/Goods/plate_conts_blankr.html
INFO: [ app_init ] --START--
INFO: Run Behavior\BuildLiteBehavior [ RunTime:0.000006s ]
INFO: [ app_init ] --END-- [ RunTime:0.000060s ]
INFO: [ app_begin ] --START--
INFO: Run Behavior\ReadHtmlCacheBehavior [ RunTime:0.000029s ]
INFO: [ app_begin ] --END-- [ RunTime:0.000058s ]
SQL: SHOW COLUMNS FROM `plate_conts_blank` [ RunTime:0.0566s ]
SQL: SHOW COLUMNS FROM `plate_conts_logs` [ RunTime:0.0312s ]
SQL: SHOW COLUMNS FROM `plate_conts_logsr` [ RunTime:0.0881s ]
SQL: SELECT * FROM `plate_conts_blank` WHERE `pid` = 1 AND `cat_index` = 1 LIMIT 1   [ RunTime:0.0447s ]
SQL: SELECT * FROM `plate_conts_logs` WHERE `blank_id` = 1738 ORDER BY number asc,id asc  [ RunTime:0.0048s ]
SQL: SELECT `key_0` FROM `plate_conts_logs` WHERE `blank_id` = 1738 GROUP BY key_0 LIMIT 1   [ RunTime:0.0018s ]
SQL: SELECT `key_1` FROM `plate_conts_logs` WHERE `blank_id` = 1738 GROUP BY key_1 LIMIT 1   [ RunTime:0.0011s ]
SQL: SELECT `key_2` FROM `plate_conts_logs` WHERE `blank_id` = 1738 GROUP BY key_2 LIMIT 1   [ RunTime:0.0012s ]
SQL: SELECT `key_3` FROM `plate_conts_logs` WHERE `blank_id` = 1738 GROUP BY key_3 LIMIT 1   [ RunTime:0.0007s ]
SQL: SELECT `key_4` FROM `plate_conts_logs` WHERE `blank_id` = 1738 GROUP BY key_4 LIMIT 1   [ RunTime:0.0015s ]
SQL: SELECT `key_5` FROM `plate_conts_logs` WHERE `blank_id` = 1738 GROUP BY key_5 LIMIT 1   [ RunTime:0.0012s ]
SQL: SELECT `key_6` FROM `plate_conts_logs` WHERE `blank_id` = 1738 GROUP BY key_6 LIMIT 1   [ RunTime:0.0008s ]
SQL: SELECT `key_7` FROM `plate_conts_logs` WHERE `blank_id` = 1738 GROUP BY key_7 LIMIT 1   [ RunTime:0.0004s ]
SQL: SHOW COLUMNS FROM `new_tax` [ RunTime:0.0060s ]
SQL: SELECT * FROM `new_tax` WHERE `is_del` = 1  [ RunTime:0.0139s ]
SQL: SHOW COLUMNS FROM `plate_conts_price` [ RunTime:0.0143s ]
SQL: SELECT * FROM `plate_conts_price` WHERE `blank_id` = 1738 AND `is_del` = 1 ORDER BY sort asc, id asc  [ RunTime:0.0376s ]
SQL: SELECT * FROM `plate_conts_blank` WHERE `pid` = 1 AND `status` = 1 ORDER BY cat_index asc  [ RunTime:0.0010s ]
SQL: SHOW COLUMNS FROM `plate_conts_blank_group` [ RunTime:0.0025s ]
SQL: SELECT * FROM `plate_conts_blank_group` WHERE `pid` = 0 ORDER BY sort asc, id asc  [ RunTime:0.0121s ]
ERR: {"status":1,"msg":"\u83b7\u53d6\u6210\u529f","data":{"info":{"id":1738,"pid":1,"group_id":3,"catname":"\u5546\u54c1","cat_index":1,"source":["6a2bd1928b6ed.png"],"sorts":0,"gimage":"6a2bcd01617ca.png","gnames":"\u94dc\u82af\u4ea4\u8054\u805a\u4e59\u70ef\u7edd\u7f18\u805a\u6c2f\u4e59\u70ef\u62a4\u5957\u963b\u71c3\u7535\u7f06\u3010\u4e5d\u6298\u6807\u51c6\u3011","up_a":"0.0","down_a":"0.0","up_b":"0.0","down_b":"0.0","up_c":"0.0","down_c":"0.0","up_d":"0.0","down_d":"0.0","up_e":"0.0","down_e":"0.0","up_f":"0.0","down_f":"0.0","ticket_nor":3,"ticket_person":11,"status":1,"uptimes":1781256594,"times":1781095065,"new_tax_id":1},"key":{"keya":"\u4f9b\u8d27\u65b9\u5f0f","keyb":"\u8d28\u91cf\u6807\u51c6","keyc":"\u6267\u884c\u6807\u51c6","keyd":"\u8d77\u8ba2\u6570\u91cf","keye":"\u8ba1\u91cf\u5355\u4f4d","keyf":"\u4ea7\u54c1\u578b\u53f7","keyg":"\u7535\u538b\u7b49\u7ea7","keyh":"\u4ea7\u54c1\u89c4\u683c"},"list":[{"id":1397848,"pid":1,"cat_index":1,"blank_id":1738,"ptype":2,"source":null,"gnames":null,"sorts":1,"key_0":"\u4f9b\u8d27\u65b9\u5f0f","value_0":"\u5de5\u5382\u751f\u4ea7","key_1":"\u8d28\u91cf\u6807\u51c6","value_1":"\u56fd\u7f51\u6807\u51c6","key_2":"\u6267\u884c\u6807\u51c6","value_2":"GB\/TGWD-2023","price":"3.24","dratio":"1.060","market":"3.43","trans":"7\u5929\u5185\u53d1\u8d27","ticket_nor":null,"ticket_person":null,"status":1,"uptimes":1781255055,"times":1781255049,"number":1,"key_3":"\u8d77\u8ba2\u6570\u91cf","value_3":"500\u7c73","key_4":"\u8ba1\u91cf\u5355\u4f4d","value_4":"\u7c73","key_5":"\u4ea7\u54c1\u578b\u53f7","value_5":"ZC-YJV","key_6":"\u7535\u538b\u7b49\u7ea7","value_6":"0.6\/1KV","key_7":"\u4ea7\u54c1\u89c4\u683c","value_7":"1\u00d710"}],"tax_list":[{"id":1,"pid":0,"name":"\u7535\u529b\u7535\u7f06\u7a0e\u7387\u53d1\u7968","alias_name":"","normal_tax":"3.00","special_tax":"11.00","status":1,"is_del":1,"add_time":0,"up_time":0},{"id":2,"pid":0,"name":"\u5bb6\u88c5\u7535\u7ebf\u7a0e\u7387","alias_name":"","normal_tax":"3.00","special_tax":"10.00","status":1,"is_del":1,"add_time":0,"up_time":0},{"id":3,"pid":0,"name":"\u521a\u6027\u9632\u706b\u7535\u7f06\u7a0e\u7387","alias_name":"","normal_tax":"3.00","special_tax":"9.00","status":1,"is_del":1,"add_time":0,"up_time":0},{"id":9,"pid":0,"name":"\u6a61\u5957\u7535\u7f06\u7a0e\u7387","alias_name":"","normal_tax":"3.00","special_tax":"11.00","status":1,"is_del":1,"add_time":0,"up_time":0},{"id":10,"pid":0,"name":"\u77ff\u7528\u6a61\u80f6\u7535\u7f06\u7a0e\u7387","alias_name":"","normal_tax":"4.00","special_tax":"12.00","status":1,"is_del":1,"add_time":0,"up_time":0}],"price_list":[{"id":2648,"plate_conts_id":1,"new_cate_one_id":1,"new_cate_two_id":355,"new_cate_three_id":356,"name":"\u94dc\u82af\u5bfc\u4f53","ratio":"1.00","sort":1000,"is_del":1,"cat_index":1,"blank_id":1738},{"id":2649,"plate_conts_id":1,"new_cate_one_id":1,"new_cate_two_id":355,"new_cate_three_id":362,"name":"\u8f90\u7167\u4ea4\u8054\u7edd\u7f18","ratio":"1.00","sort":1000,"is_del":1,"cat_index":1,"blank_id":1738},{"id":2650,"plate_conts_id":1,"new_cate_one_id":1,"new_cate_two_id":355,"new_cate_three_id":371,"name":"PVC\u62a4\u5957","ratio":"1.00","sort":1000,"is_del":1,"cat_index":1,"blank_id":1738},{"id":7812,"plate_conts_id":1,"new_cate_one_id":1,"new_cate_two_id":355,"new_cate_three_id":356,"name":"\u94dc\u82af\u5bfc\u4f53","ratio":"0.90","sort":1000,"is_del":1,"cat_index":1,"blank_id":1738},{"id":7813,"plate_conts_id":1,"new_cate_one_id":1,"new_cate_two_id":355,"new_cate_three_id":362,"name":"\u8f90\u7167\u4ea4\u8054\u7edd\u7f18","ratio":"1.00","sort":1000,"is_del":1,"cat_index":1,"blank_id":1738}],"all_blanks":[{"id":1738,"pid":1,"group_id":3,"catname":"\u5546\u54c1","cat_index":1,"source":"[\"6a2bd1928b6ed.png\"]","sorts":0,"gimage":"6a2bcd01617ca.png","gnames":"\u94dc\u82af\u4ea4\u8054\u805a\u4e59\u70ef\u7edd\u7f18\u805a\u6c2f\u4e59\u70ef\u62a4\u5957\u963b\u71c3\u7535\u7f06\u3010\u4e5d\u6298\u6807\u51c6\u3011","up_a":"0.0","down_a":"0.0","up_b":"0.0","down_b":"0.0","up_c":"0.0","down_c":"0.0","up_d":"0.0","down_d":"0.0","up_e":"0.0","down_e":"0.0","up_f":"0.0","down_f":"0.0","ticket_nor":3,"ticket_person":11,"status":1,"uptimes":1781256594,"times":1781095065,"new_tax_id":1},{"id":1739,"pid":1,"group_id":4,"catname":"\u5546\u54c1","cat_index":1,"source":"[\"6a2bd1928b6ed.png\"]","sorts":0,"gimage":"6a2bcd01617ca.png","gnames":"\u94dc\u82af\u4ea4\u8054\u805a\u4e59\u70ef\u7edd\u7f18\u805a\u6c2f\u4e59\u70ef\u62a4\u5957\u963b\u71c3\u7535\u7f06\u3010\u4e5d\u6298\u6807\u51c6\u3011","up_a":"0.0","down_a":"0.0","up_b":"0.0","down_b":"0.0","up_c":"0.0","down_c":"0.0","up_d":"0.0","down_d":"0.0","up_e":"0.0","down_e":"0.0","up_f":"0.0","down_f":"0.0","ticket_nor":3,"ticket_person":11,"status":1,"uptimes":1781256594,"times":1781095065,"new_tax_id":1},{"id":1557,"pid":1,"group_id":3,"catname":"\u4e5d\u6298\u6807\u51c6","cat_index":2,"source":"[\"677187340b61b.png\"]","sorts":0,"gimage":"677187340b3d7.png","gnames":"\u94dc\u82af\u4ea4\u8054\u805a\u4e59\u70ef\u7edd\u7f18\u805a\u6c2f\u4e59\u70ef\u62a4\u5957\u963b\u71c3\u7535\u7f06\u3010\u4e5d\u6298\u6807\u51c6\u3011","up_a":"0.0","down_a":"0.0","up_b":"0.0","down_b":"0.0","up_c":"0.0","down_c":"0.0","up_d":"0.0","down_d":"0.0","up_e":"0.0","down_e":"0.0","up_f":"0.0","down_f":"0.0","ticket_nor":3,"ticket_person":11,"status":1,"uptimes":1781095113,"times":1735489364,"new_tax_id":1},{"id":1740,"pid":1,"group_id":4,"catname":"\u4e5d\u6298\u6807\u51c6","cat_index":2,"source":"[\"677187340b61b.png\"]","sorts":null,"gimage":"677187340b3d7.png","gnames":"\u94dc\u82af\u4ea4\u8054\u805a\u4e59\u70ef\u7edd\u7f18\u805a\u6c2f\u4e59\u70ef\u62a4\u5957\u963b\u71c3\u7535\u7f06\u3010\u4e5d\u6298\u6807\u51c6\u3011","up_a":"0.0","down_a":"0.0","up_b":"0.0","down_b":"0.0","up_c":"0.0","down_c":"0.0","up_d":"0.0","down_d":"0.0","up_e":"0.0","down_e":"0.0","up_f":"0.0","down_f":"0.0","ticket_nor":3,"ticket_person":11,"status":1,"uptimes":1781228972,"times":1781228972,"new_tax_id":1},{"id":1558,"pid":1,"group_id":3,"catname":"\u516b\u6298\u6807\u51c6","cat_index":3,"source":"[\"677187340b61b.png\"]","sorts":0,"gimage":"677187340b3d7.png","gnames":"\u94dc\u82af\u4ea4\u8054\u805a\u4e59\u70ef\u7edd\u7f18\u805a\u6c2f\u4e59\u70ef\u62a4\u5957\u963b\u71c3\u7535\u7f06\u3010\u4e5d\u6298\u6807\u51c6\u3011","up_a":"0.0","down_a":"0.0","up_b":"0.0","down_b":"0.0","up_c":"0.0","down_c":"0.0","up_d":"0.0","down_d":"0.0","up_e":"0.0","down_e":"0.0","up_f":"0.0","down_f":"0.0","ticket_nor":3,"ticket_person":11,"status":1,"uptimes":1781096265,"times":1735490732,"new_tax_id":1},{"id":1741,"pid":1,"group_id":4,"catname":"\u516b\u6298\u6807\u51c6","cat_index":3,"source":"[\"677187340b61b.png\"]","sorts":null,"gimage":"677187340b3d7.png","gnames":"\u94dc\u82af\u4ea4\u8054\u805a\u4e59\u70ef\u7edd\u7f18\u805a\u6c2f\u4e59\u70ef\u62a4\u5957\u963b\u71c3\u7535\u7f06\u3010\u4e5d\u6298\u6807\u51c6\u3011","up_a":"0.0","down_a":"0.0","up_b":"0.0","down_b":"0.0","up_c":"0.0","down_c":"0.0","up_d":"0.0","down_d":"0.0","up_e":"0.0","down_e":"0.0","up_f":"0.0","down_f":"0.0","ticket_nor":3,"ticket_person":11,"status":1,"uptimes":1781228972,"times":1781228972,"new_tax_id":1}],"group_list":[]}}

[ 2026-06-14T15:47:53+08:00 ] ::1 /Home/Goods/plate_conts_list/id/1.html
INFO: [ app_init ] --START--
INFO: Run Behavior\BuildLiteBehavior [ RunTime:0.000006s ]
INFO: [ app_init ] --END-- [ RunTime:0.000055s ]
INFO: [ app_begin ] --START--
INFO: Run Behavior\ReadHtmlCacheBehavior [ RunTime:0.000038s ]
INFO: [ app_begin ] --END-- [ RunTime:0.000066s ]
SQL: SHOW COLUMNS FROM `plate_conts` [ RunTime:0.0155s ]
SQL: SHOW COLUMNS FROM `sys_tmps` [ RunTime:0.0055s ]
SQL: SELECT * FROM `plate_conts` WHERE `id` = 1 LIMIT 1   [ RunTime:0.0013s ]
SQL: SELECT * FROM `sys_tmps` WHERE `types` = 2 ORDER BY id desc  [ RunTime:0.0033s ]
INFO: [ view_parse ] --START--
INFO: [ template_filter ] --START--
INFO: Run Behavior\ContentReplaceBehavior [ RunTime:0.000270s ]
INFO: [ template_filter ] --END-- [ RunTime:0.000317s ]
INFO: Run Behavior\ParseTemplateBehavior [ RunTime:0.008807s ]
INFO: [ view_parse ] --END-- [ RunTime:0.008867s ]
INFO: [ view_filter ] --START--
INFO: Run Behavior\WriteHtmlCacheBehavior [ RunTime:0.000081s ]
INFO: [ view_filter ] --END-- [ RunTime:0.000101s ]
INFO: [ app_end ] --START--
INFO: Run Behavior\ShowPageTraceBehavior [ RunTime:0.000087s ]
INFO: [ app_end ] --END-- [ RunTime:0.000125s ]

[ 2026-06-14T15:47:53+08:00 ] ::1 /Home/Goods/plate_conts_blankr.html
INFO: [ app_init ] --START--
INFO: Run Behavior\BuildLiteBehavior [ RunTime:0.000005s ]
INFO: [ app_init ] --END-- [ RunTime:0.000040s ]
INFO: [ app_begin ] --START--
INFO: Run Behavior\ReadHtmlCacheBehavior [ RunTime:0.000021s ]
INFO: [ app_begin ] --END-- [ RunTime:0.000035s ]
SQL: SHOW COLUMNS FROM `plate_conts_blank` [ RunTime:0.0524s ]
SQL: SHOW COLUMNS FROM `plate_conts_logs` [ RunTime:0.0485s ]
SQL: SHOW COLUMNS FROM `plate_conts_logsr` [ RunTime:0.0866s ]
SQL: SELECT * FROM `plate_conts_blank` WHERE `pid` = 1 AND `cat_index` = 1 LIMIT 1   [ RunTime:0.0220s ]
SQL: SELECT * FROM `plate_conts_logs` WHERE `blank_id` = 1738 ORDER BY number asc,id asc  [ RunTime:0.0056s ]
SQL: SELECT `key_0` FROM `plate_conts_logs` WHERE `blank_id` = 1738 GROUP BY key_0 LIMIT 1   [ RunTime:0.0008s ]
SQL: SELECT `key_1` FROM `plate_conts_logs` WHERE `blank_id` = 1738 GROUP BY key_1 LIMIT 1   [ RunTime:0.0008s ]
SQL: SELECT `key_2` FROM `plate_conts_logs` WHERE `blank_id` = 1738 GROUP BY key_2 LIMIT 1   [ RunTime:0.0004s ]
SQL: SELECT `key_3` FROM `plate_conts_logs` WHERE `blank_id` = 1738 GROUP BY key_3 LIMIT 1   [ RunTime:0.0005s ]
SQL: SELECT `key_4` FROM `plate_conts_logs` WHERE `blank_id` = 1738 GROUP BY key_4 LIMIT 1   [ RunTime:0.0032s ]
SQL: SELECT `key_5` FROM `plate_conts_logs` WHERE `blank_id` = 1738 GROUP BY key_5 LIMIT 1   [ RunTime:0.0021s ]
SQL: SELECT `key_6` FROM `plate_conts_logs` WHERE `blank_id` = 1738 GROUP BY key_6 LIMIT 1   [ RunTime:0.0015s ]
SQL: SELECT `key_7` FROM `plate_conts_logs` WHERE `blank_id` = 1738 GROUP BY key_7 LIMIT 1   [ RunTime:0.0014s ]
SQL: SHOW COLUMNS FROM `new_tax` [ RunTime:0.0215s ]
SQL: SELECT * FROM `new_tax` WHERE `is_del` = 1  [ RunTime:0.0085s ]
SQL: SHOW COLUMNS FROM `plate_conts_price` [ RunTime:0.0094s ]
SQL: SELECT * FROM `plate_conts_price` WHERE `blank_id` = 1738 AND `is_del` = 1 ORDER BY sort asc, id asc  [ RunTime:0.0013s ]
SQL: SELECT * FROM `plate_conts_blank` WHERE `pid` = 1 AND `status` = 1 ORDER BY cat_index asc  [ RunTime:0.0008s ]
SQL: SHOW COLUMNS FROM `plate_conts_blank_group` [ RunTime:0.0029s ]
SQL: SELECT * FROM `plate_conts_blank_group` WHERE `pid` = 0 ORDER BY sort asc, id asc  [ RunTime:0.0190s ]
ERR: {"status":1,"msg":"\u83b7\u53d6\u6210\u529f","data":{"info":{"id":1738,"pid":1,"group_id":3,"catname":"\u5546\u54c1","cat_index":1,"source":["6a2bd1928b6ed.png"],"sorts":0,"gimage":"6a2bcd01617ca.png","gnames":"\u94dc\u82af\u4ea4\u8054\u805a\u4e59\u70ef\u7edd\u7f18\u805a\u6c2f\u4e59\u70ef\u62a4\u5957\u963b\u71c3\u7535\u7f06\u3010\u4e5d\u6298\u6807\u51c6\u3011","up_a":"0.0","down_a":"0.0","up_b":"0.0","down_b":"0.0","up_c":"0.0","down_c":"0.0","up_d":"0.0","down_d":"0.0","up_e":"0.0","down_e":"0.0","up_f":"0.0","down_f":"0.0","ticket_nor":3,"ticket_person":11,"status":1,"uptimes":1781256594,"times":1781095065,"new_tax_id":1},"key":{"keya":"\u4f9b\u8d27\u65b9\u5f0f","keyb":"\u8d28\u91cf\u6807\u51c6","keyc":"\u6267\u884c\u6807\u51c6","keyd":"\u8d77\u8ba2\u6570\u91cf","keye":"\u8ba1\u91cf\u5355\u4f4d","keyf":"\u4ea7\u54c1\u578b\u53f7","keyg":"\u7535\u538b\u7b49\u7ea7","keyh":"\u4ea7\u54c1\u89c4\u683c"},"list":[{"id":1397848,"pid":1,"cat_index":1,"blank_id":1738,"ptype":2,"source":null,"gnames":null,"sorts":1,"key_0":"\u4f9b\u8d27\u65b9\u5f0f","value_0":"\u5de5\u5382\u751f\u4ea7","key_1":"\u8d28\u91cf\u6807\u51c6","value_1":"\u56fd\u7f51\u6807\u51c6","key_2":"\u6267\u884c\u6807\u51c6","value_2":"GB\/TGWD-2023","price":"3.24","dratio":"1.060","market":"3.43","trans":"7\u5929\u5185\u53d1\u8d27","ticket_nor":null,"ticket_person":null,"status":1,"uptimes":1781255055,"times":1781255049,"number":1,"key_3":"\u8d77\u8ba2\u6570\u91cf","value_3":"500\u7c73","key_4":"\u8ba1\u91cf\u5355\u4f4d","value_4":"\u7c73","key_5":"\u4ea7\u54c1\u578b\u53f7","value_5":"ZC-YJV","key_6":"\u7535\u538b\u7b49\u7ea7","value_6":"0.6\/1KV","key_7":"\u4ea7\u54c1\u89c4\u683c","value_7":"1\u00d710"}],"tax_list":[{"id":1,"pid":0,"name":"\u7535\u529b\u7535\u7f06\u7a0e\u7387\u53d1\u7968","alias_name":"","normal_tax":"3.00","special_tax":"11.00","status":1,"is_del":1,"add_time":0,"up_time":0},{"id":2,"pid":0,"name":"\u5bb6\u88c5\u7535\u7ebf\u7a0e\u7387","alias_name":"","normal_tax":"3.00","special_tax":"10.00","status":1,"is_del":1,"add_time":0,"up_time":0},{"id":3,"pid":0,"name":"\u521a\u6027\u9632\u706b\u7535\u7f06\u7a0e\u7387","alias_name":"","normal_tax":"3.00","special_tax":"9.00","status":1,"is_del":1,"add_time":0,"up_time":0},{"id":9,"pid":0,"name":"\u6a61\u5957\u7535\u7f06\u7a0e\u7387","alias_name":"","normal_tax":"3.00","special_tax":"11.00","status":1,"is_del":1,"add_time":0,"up_time":0},{"id":10,"pid":0,"name":"\u77ff\u7528\u6a61\u80f6\u7535\u7f06\u7a0e\u7387","alias_name":"","normal_tax":"4.00","special_tax":"12.00","status":1,"is_del":1,"add_time":0,"up_time":0}],"price_list":[{"id":2648,"plate_conts_id":1,"new_cate_one_id":1,"new_cate_two_id":355,"new_cate_three_id":356,"name":"\u94dc\u82af\u5bfc\u4f53","ratio":"1.00","sort":1000,"is_del":1,"cat_index":1,"blank_id":1738},{"id":2649,"plate_conts_id":1,"new_cate_one_id":1,"new_cate_two_id":355,"new_cate_three_id":362,"name":"\u8f90\u7167\u4ea4\u8054\u7edd\u7f18","ratio":"1.00","sort":1000,"is_del":1,"cat_index":1,"blank_id":1738},{"id":2650,"plate_conts_id":1,"new_cate_one_id":1,"new_cate_two_id":355,"new_cate_three_id":371,"name":"PVC\u62a4\u5957","ratio":"1.00","sort":1000,"is_del":1,"cat_index":1,"blank_id":1738},{"id":7812,"plate_conts_id":1,"new_cate_one_id":1,"new_cate_two_id":355,"new_cate_three_id":356,"name":"\u94dc\u82af\u5bfc\u4f53","ratio":"0.90","sort":1000,"is_del":1,"cat_index":1,"blank_id":1738},{"id":7813,"plate_conts_id":1,"new_cate_one_id":1,"new_cate_two_id":355,"new_cate_three_id":362,"name":"\u8f90\u7167\u4ea4\u8054\u7edd\u7f18","ratio":"1.00","sort":1000,"is_del":1,"cat_index":1,"blank_id":1738}],"all_blanks":[{"id":1738,"pid":1,"group_id":3,"catname":"\u5546\u54c1","cat_index":1,"source":"[\"6a2bd1928b6ed.png\"]","sorts":0,"gimage":"6a2bcd01617ca.png","gnames":"\u94dc\u82af\u4ea4\u8054\u805a\u4e59\u70ef\u7edd\u7f18\u805a\u6c2f\u4e59\u70ef\u62a4\u5957\u963b\u71c3\u7535\u7f06\u3010\u4e5d\u6298\u6807\u51c6\u3011","up_a":"0.0","down_a":"0.0","up_b":"0.0","down_b":"0.0","up_c":"0.0","down_c":"0.0","up_d":"0.0","down_d":"0.0","up_e":"0.0","down_e":"0.0","up_f":"0.0","down_f":"0.0","ticket_nor":3,"ticket_person":11,"status":1,"uptimes":1781256594,"times":1781095065,"new_tax_id":1},{"id":1739,"pid":1,"group_id":4,"catname":"\u5546\u54c1","cat_index":1,"source":"[\"6a2bd1928b6ed.png\"]","sorts":0,"gimage":"6a2bcd01617ca.png","gnames":"\u94dc\u82af\u4ea4\u8054\u805a\u4e59\u70ef\u7edd\u7f18\u805a\u6c2f\u4e59\u70ef\u62a4\u5957\u963b\u71c3\u7535\u7f06\u3010\u4e5d\u6298\u6807\u51c6\u3011","up_a":"0.0","down_a":"0.0","up_b":"0.0","down_b":"0.0","up_c":"0.0","down_c":"0.0","up_d":"0.0","down_d":"0.0","up_e":"0.0","down_e":"0.0","up_f":"0.0","down_f":"0.0","ticket_nor":3,"ticket_person":11,"status":1,"uptimes":1781256594,"times":1781095065,"new_tax_id":1},{"id":1557,"pid":1,"group_id":3,"catname":"\u4e5d\u6298\u6807\u51c6","cat_index":2,"source":"[\"677187340b61b.png\"]","sorts":0,"gimage":"677187340b3d7.png","gnames":"\u94dc\u82af\u4ea4\u8054\u805a\u4e59\u70ef\u7edd\u7f18\u805a\u6c2f\u4e59\u70ef\u62a4\u5957\u963b\u71c3\u7535\u7f06\u3010\u4e5d\u6298\u6807\u51c6\u3011","up_a":"0.0","down_a":"0.0","up_b":"0.0","down_b":"0.0","up_c":"0.0","down_c":"0.0","up_d":"0.0","down_d":"0.0","up_e":"0.0","down_e":"0.0","up_f":"0.0","down_f":"0.0","ticket_nor":3,"ticket_person":11,"status":1,"uptimes":1781095113,"times":1735489364,"new_tax_id":1},{"id":1740,"pid":1,"group_id":4,"catname":"\u4e5d\u6298\u6807\u51c6","cat_index":2,"source":"[\"677187340b61b.png\"]","sorts":null,"gimage":"677187340b3d7.png","gnames":"\u94dc\u82af\u4ea4\u8054\u805a\u4e59\u70ef\u7edd\u7f18\u805a\u6c2f\u4e59\u70ef\u62a4\u5957\u963b\u71c3\u7535\u7f06\u3010\u4e5d\u6298\u6807\u51c6\u3011","up_a":"0.0","down_a":"0.0","up_b":"0.0","down_b":"0.0","up_c":"0.0","down_c":"0.0","up_d":"0.0","down_d":"0.0","up_e":"0.0","down_e":"0.0","up_f":"0.0","down_f":"0.0","ticket_nor":3,"ticket_person":11,"status":1,"uptimes":1781228972,"times":1781228972,"new_tax_id":1},{"id":1558,"pid":1,"group_id":3,"catname":"\u516b\u6298\u6807\u51c6","cat_index":3,"source":"[\"677187340b61b.png\"]","sorts":0,"gimage":"677187340b3d7.png","gnames":"\u94dc\u82af\u4ea4\u8054\u805a\u4e59\u70ef\u7edd\u7f18\u805a\u6c2f\u4e59\u70ef\u62a4\u5957\u963b\u71c3\u7535\u7f06\u3010\u4e5d\u6298\u6807\u51c6\u3011","up_a":"0.0","down_a":"0.0","up_b":"0.0","down_b":"0.0","up_c":"0.0","down_c":"0.0","up_d":"0.0","down_d":"0.0","up_e":"0.0","down_e":"0.0","up_f":"0.0","down_f":"0.0","ticket_nor":3,"ticket_person":11,"status":1,"uptimes":1781096265,"times":1735490732,"new_tax_id":1},{"id":1741,"pid":1,"group_id":4,"catname":"\u516b\u6298\u6807\u51c6","cat_index":3,"source":"[\"677187340b61b.png\"]","sorts":null,"gimage":"677187340b3d7.png","gnames":"\u94dc\u82af\u4ea4\u8054\u805a\u4e59\u70ef\u7edd\u7f18\u805a\u6c2f\u4e59\u70ef\u62a4\u5957\u963b\u71c3\u7535\u7f06\u3010\u4e5d\u6298\u6807\u51c6\u3011","up_a":"0.0","down_a":"0.0","up_b":"0.0","down_b":"0.0","up_c":"0.0","down_c":"0.0","up_d":"0.0","down_d":"0.0","up_e":"0.0","down_e":"0.0","up_f":"0.0","down_f":"0.0","ticket_nor":3,"ticket_person":11,"status":1,"uptimes":1781228972,"times":1781228972,"new_tax_id":1}],"group_list":[]}}

[ 2026-06-14T15:48:13+08:00 ] ::1 /Home/Goods/plate_conts_list/id/1.html
INFO: [ app_init ] --START--
INFO: Run Behavior\BuildLiteBehavior [ RunTime:0.000020s ]
INFO: [ app_init ] --END-- [ RunTime:0.000235s ]
INFO: [ app_begin ] --START--
INFO: Run Behavior\ReadHtmlCacheBehavior [ RunTime:0.000088s ]
INFO: [ app_begin ] --END-- [ RunTime:0.000228s ]
SQL: SHOW COLUMNS FROM `plate_conts` [ RunTime:0.0180s ]
SQL: SHOW COLUMNS FROM `sys_tmps` [ RunTime:0.0043s ]
SQL: SELECT * FROM `plate_conts` WHERE `id` = 1 LIMIT 1   [ RunTime:0.0023s ]
SQL: SELECT * FROM `sys_tmps` WHERE `types` = 2 ORDER BY id desc  [ RunTime:0.0018s ]
INFO: [ view_parse ] --START--
INFO: [ template_filter ] --START--
INFO: Run Behavior\ContentReplaceBehavior [ RunTime:0.000386s ]
INFO: [ template_filter ] --END-- [ RunTime:0.000449s ]
INFO: Run Behavior\ParseTemplateBehavior [ RunTime:0.018091s ]
INFO: [ view_parse ] --END-- [ RunTime:0.018165s ]
INFO: [ view_filter ] --START--
INFO: Run Behavior\WriteHtmlCacheBehavior [ RunTime:0.000096s ]
INFO: [ view_filter ] --END-- [ RunTime:0.000111s ]
INFO: [ app_end ] --START--
INFO: Run Behavior\ShowPageTraceBehavior [ RunTime:0.000076s ]
INFO: [ app_end ] --END-- [ RunTime:0.000096s ]

[ 2026-06-14T15:48:13+08:00 ] ::1 /Home/Goods/plate_conts_blankr.html
INFO: [ app_init ] --START--
INFO: Run Behavior\BuildLiteBehavior [ RunTime:0.000008s ]
INFO: [ app_init ] --END-- [ RunTime:0.000066s ]
INFO: [ app_begin ] --START--
INFO: Run Behavior\ReadHtmlCacheBehavior [ RunTime:0.000106s ]
INFO: [ app_begin ] --END-- [ RunTime:0.000139s ]
SQL: SHOW COLUMNS FROM `plate_conts_blank` [ RunTime:0.0051s ]
SQL: SHOW COLUMNS FROM `plate_conts_logs` [ RunTime:0.0041s ]
SQL: SHOW COLUMNS FROM `plate_conts_logsr` [ RunTime:0.0037s ]
SQL: SELECT * FROM `plate_conts_blank` WHERE `pid` = 1 AND `cat_index` = 1 LIMIT 1   [ RunTime:0.0194s ]
SQL: SELECT * FROM `plate_conts_logs` WHERE `blank_id` = 1738 ORDER BY number asc,id asc  [ RunTime:0.0275s ]
SQL: SELECT `key_0` FROM `plate_conts_logs` WHERE `blank_id` = 1738 GROUP BY key_0 LIMIT 1   [ RunTime:0.0071s ]
SQL: SELECT `key_1` FROM `plate_conts_logs` WHERE `blank_id` = 1738 GROUP BY key_1 LIMIT 1   [ RunTime:0.0011s ]
SQL: SELECT `key_2` FROM `plate_conts_logs` WHERE `blank_id` = 1738 GROUP BY key_2 LIMIT 1   [ RunTime:0.0028s ]
SQL: SELECT `key_3` FROM `plate_conts_logs` WHERE `blank_id` = 1738 GROUP BY key_3 LIMIT 1   [ RunTime:0.0023s ]
SQL: SELECT `key_4` FROM `plate_conts_logs` WHERE `blank_id` = 1738 GROUP BY key_4 LIMIT 1   [ RunTime:0.0018s ]
SQL: SELECT `key_5` FROM `plate_conts_logs` WHERE `blank_id` = 1738 GROUP BY key_5 LIMIT 1   [ RunTime:0.0019s ]
SQL: SELECT `key_6` FROM `plate_conts_logs` WHERE `blank_id` = 1738 GROUP BY key_6 LIMIT 1   [ RunTime:0.0012s ]
SQL: SELECT `key_7` FROM `plate_conts_logs` WHERE `blank_id` = 1738 GROUP BY key_7 LIMIT 1   [ RunTime:0.0009s ]
SQL: SHOW COLUMNS FROM `new_tax` [ RunTime:0.0031s ]
SQL: SELECT * FROM `new_tax` WHERE `is_del` = 1  [ RunTime:0.0018s ]
SQL: SHOW COLUMNS FROM `plate_conts_price` [ RunTime:0.0034s ]
SQL: SELECT * FROM `plate_conts_price` WHERE `blank_id` = 1738 AND `is_del` = 1 ORDER BY sort asc, id asc  [ RunTime:0.0037s ]
SQL: SELECT * FROM `plate_conts_blank` WHERE `pid` = 1 AND `status` = 1 ORDER BY cat_index asc  [ RunTime:0.0021s ]
SQL: SHOW COLUMNS FROM `plate_conts_blank_group` [ RunTime:0.0030s ]
SQL: SELECT * FROM `plate_conts_blank_group` WHERE `pid` = 0 ORDER BY sort asc, id asc  [ RunTime:0.0024s ]
ERR: {"status":1,"msg":"\u83b7\u53d6\u6210\u529f","data":{"info":{"id":1738,"pid":1,"group_id":3,"catname":"\u5546\u54c1","cat_index":1,"source":["6a2bd1928b6ed.png"],"sorts":0,"gimage":"6a2bcd01617ca.png","gnames":"\u94dc\u82af\u4ea4\u8054\u805a\u4e59\u70ef\u7edd\u7f18\u805a\u6c2f\u4e59\u70ef\u62a4\u5957\u963b\u71c3\u7535\u7f06\u3010\u4e5d\u6298\u6807\u51c6\u3011","up_a":"0.0","down_a":"0.0","up_b":"0.0","down_b":"0.0","up_c":"0.0","down_c":"0.0","up_d":"0.0","down_d":"0.0","up_e":"0.0","down_e":"0.0","up_f":"0.0","down_f":"0.0","ticket_nor":3,"ticket_person":11,"status":1,"uptimes":1781256594,"times":1781095065,"new_tax_id":1},"key":{"keya":"\u4f9b\u8d27\u65b9\u5f0f","keyb":"\u8d28\u91cf\u6807\u51c6","keyc":"\u6267\u884c\u6807\u51c6","keyd":"\u8d77\u8ba2\u6570\u91cf","keye":"\u8ba1\u91cf\u5355\u4f4d","keyf":"\u4ea7\u54c1\u578b\u53f7","keyg":"\u7535\u538b\u7b49\u7ea7","keyh":"\u4ea7\u54c1\u89c4\u683c"},"list":[{"id":1397848,"pid":1,"cat_index":1,"blank_id":1738,"ptype":2,"source":null,"gnames":null,"sorts":1,"key_0":"\u4f9b\u8d27\u65b9\u5f0f","value_0":"\u5de5\u5382\u751f\u4ea7","key_1":"\u8d28\u91cf\u6807\u51c6","value_1":"\u56fd\u7f51\u6807\u51c6","key_2":"\u6267\u884c\u6807\u51c6","value_2":"GB\/TGWD-2023","price":"3.24","dratio":"1.060","market":"3.43","trans":"7\u5929\u5185\u53d1\u8d27","ticket_nor":null,"ticket_person":null,"status":1,"uptimes":1781255055,"times":1781255049,"number":1,"key_3":"\u8d77\u8ba2\u6570\u91cf","value_3":"500\u7c73","key_4":"\u8ba1\u91cf\u5355\u4f4d","value_4":"\u7c73","key_5":"\u4ea7\u54c1\u578b\u53f7","value_5":"ZC-YJV","key_6":"\u7535\u538b\u7b49\u7ea7","value_6":"0.6\/1KV","key_7":"\u4ea7\u54c1\u89c4\u683c","value_7":"1\u00d710"}],"tax_list":[{"id":1,"pid":0,"name":"\u7535\u529b\u7535\u7f06\u7a0e\u7387\u53d1\u7968","alias_name":"","normal_tax":"3.00","special_tax":"11.00","status":1,"is_del":1,"add_time":0,"up_time":0},{"id":2,"pid":0,"name":"\u5bb6\u88c5\u7535\u7ebf\u7a0e\u7387","alias_name":"","normal_tax":"3.00","special_tax":"10.00","status":1,"is_del":1,"add_time":0,"up_time":0},{"id":3,"pid":0,"name":"\u521a\u6027\u9632\u706b\u7535\u7f06\u7a0e\u7387","alias_name":"","normal_tax":"3.00","special_tax":"9.00","status":1,"is_del":1,"add_time":0,"up_time":0},{"id":9,"pid":0,"name":"\u6a61\u5957\u7535\u7f06\u7a0e\u7387","alias_name":"","normal_tax":"3.00","special_tax":"11.00","status":1,"is_del":1,"add_time":0,"up_time":0},{"id":10,"pid":0,"name":"\u77ff\u7528\u6a61\u80f6\u7535\u7f06\u7a0e\u7387","alias_name":"","normal_tax":"4.00","special_tax":"12.00","status":1,"is_del":1,"add_time":0,"up_time":0}],"price_list":[{"id":2648,"plate_conts_id":1,"new_cate_one_id":1,"new_cate_two_id":355,"new_cate_three_id":356,"name":"\u94dc\u82af\u5bfc\u4f53","ratio":"1.00","sort":1000,"is_del":1,"cat_index":1,"blank_id":1738},{"id":2649,"plate_conts_id":1,"new_cate_one_id":1,"new_cate_two_id":355,"new_cate_three_id":362,"name":"\u8f90\u7167\u4ea4\u8054\u7edd\u7f18","ratio":"1.00","sort":1000,"is_del":1,"cat_index":1,"blank_id":1738},{"id":2650,"plate_conts_id":1,"new_cate_one_id":1,"new_cate_two_id":355,"new_cate_three_id":371,"name":"PVC\u62a4\u5957","ratio":"1.00","sort":1000,"is_del":1,"cat_index":1,"blank_id":1738},{"id":7812,"plate_conts_id":1,"new_cate_one_id":1,"new_cate_two_id":355,"new_cate_three_id":356,"name":"\u94dc\u82af\u5bfc\u4f53","ratio":"0.90","sort":1000,"is_del":1,"cat_index":1,"blank_id":1738},{"id":7813,"plate_conts_id":1,"new_cate_one_id":1,"new_cate_two_id":355,"new_cate_three_id":362,"name":"\u8f90\u7167\u4ea4\u8054\u7edd\u7f18","ratio":"1.00","sort":1000,"is_del":1,"cat_index":1,"blank_id":1738}],"all_blanks":[{"id":1738,"pid":1,"group_id":3,"catname":"\u5546\u54c1","cat_index":1,"source":"[\"6a2bd1928b6ed.png\"]","sorts":0,"gimage":"6a2bcd01617ca.png","gnames":"\u94dc\u82af\u4ea4\u8054\u805a\u4e59\u70ef\u7edd\u7f18\u805a\u6c2f\u4e59\u70ef\u62a4\u5957\u963b\u71c3\u7535\u7f06\u3010\u4e5d\u6298\u6807\u51c6\u3011","up_a":"0.0","down_a":"0.0","up_b":"0.0","down_b":"0.0","up_c":"0.0","down_c":"0.0","up_d":"0.0","down_d":"0.0","up_e":"0.0","down_e":"0.0","up_f":"0.0","down_f":"0.0","ticket_nor":3,"ticket_person":11,"status":1,"uptimes":1781256594,"times":1781095065,"new_tax_id":1},{"id":1739,"pid":1,"group_id":4,"catname":"\u5546\u54c1","cat_index":1,"source":"[\"6a2bd1928b6ed.png\"]","sorts":0,"gimage":"6a2bcd01617ca.png","gnames":"\u94dc\u82af\u4ea4\u8054\u805a\u4e59\u70ef\u7edd\u7f18\u805a\u6c2f\u4e59\u70ef\u62a4\u5957\u963b\u71c3\u7535\u7f06\u3010\u4e5d\u6298\u6807\u51c6\u3011","up_a":"0.0","down_a":"0.0","up_b":"0.0","down_b":"0.0","up_c":"0.0","down_c":"0.0","up_d":"0.0","down_d":"0.0","up_e":"0.0","down_e":"0.0","up_f":"0.0","down_f":"0.0","ticket_nor":3,"ticket_person":11,"status":1,"uptimes":1781256594,"times":1781095065,"new_tax_id":1},{"id":1557,"pid":1,"group_id":3,"catname":"\u4e5d\u6298\u6807\u51c6","cat_index":2,"source":"[\"677187340b61b.png\"]","sorts":0,"gimage":"677187340b3d7.png","gnames":"\u94dc\u82af\u4ea4\u8054\u805a\u4e59\u70ef\u7edd\u7f18\u805a\u6c2f\u4e59\u70ef\u62a4\u5957\u963b\u71c3\u7535\u7f06\u3010\u4e5d\u6298\u6807\u51c6\u3011","up_a":"0.0","down_a":"0.0","up_b":"0.0","down_b":"0.0","up_c":"0.0","down_c":"0.0","up_d":"0.0","down_d":"0.0","up_e":"0.0","down_e":"0.0","up_f":"0.0","down_f":"0.0","ticket_nor":3,"ticket_person":11,"status":1,"uptimes":1781095113,"times":1735489364,"new_tax_id":1},{"id":1740,"pid":1,"group_id":4,"catname":"\u4e5d\u6298\u6807\u51c6","cat_index":2,"source":"[\"677187340b61b.png\"]","sorts":null,"gimage":"677187340b3d7.png","gnames":"\u94dc\u82af\u4ea4\u8054\u805a\u4e59\u70ef\u7edd\u7f18\u805a\u6c2f\u4e59\u70ef\u62a4\u5957\u963b\u71c3\u7535\u7f06\u3010\u4e5d\u6298\u6807\u51c6\u3011","up_a":"0.0","down_a":"0.0","up_b":"0.0","down_b":"0.0","up_c":"0.0","down_c":"0.0","up_d":"0.0","down_d":"0.0","up_e":"0.0","down_e":"0.0","up_f":"0.0","down_f":"0.0","ticket_nor":3,"ticket_person":11,"status":1,"uptimes":1781228972,"times":1781228972,"new_tax_id":1},{"id":1558,"pid":1,"group_id":3,"catname":"\u516b\u6298\u6807\u51c6","cat_index":3,"source":"[\"677187340b61b.png\"]","sorts":0,"gimage":"677187340b3d7.png","gnames":"\u94dc\u82af\u4ea4\u8054\u805a\u4e59\u70ef\u7edd\u7f18\u805a\u6c2f\u4e59\u70ef\u62a4\u5957\u963b\u71c3\u7535\u7f06\u3010\u4e5d\u6298\u6807\u51c6\u3011","up_a":"0.0","down_a":"0.0","up_b":"0.0","down_b":"0.0","up_c":"0.0","down_c":"0.0","up_d":"0.0","down_d":"0.0","up_e":"0.0","down_e":"0.0","up_f":"0.0","down_f":"0.0","ticket_nor":3,"ticket_person":11,"status":1,"uptimes":1781096265,"times":1735490732,"new_tax_id":1},{"id":1741,"pid":1,"group_id":4,"catname":"\u516b\u6298\u6807\u51c6","cat_index":3,"source":"[\"677187340b61b.png\"]","sorts":null,"gimage":"677187340b3d7.png","gnames":"\u94dc\u82af\u4ea4\u8054\u805a\u4e59\u70ef\u7edd\u7f18\u805a\u6c2f\u4e59\u70ef\u62a4\u5957\u963b\u71c3\u7535\u7f06\u3010\u4e5d\u6298\u6807\u51c6\u3011","up_a":"0.0","down_a":"0.0","up_b":"0.0","down_b":"0.0","up_c":"0.0","down_c":"0.0","up_d":"0.0","down_d":"0.0","up_e":"0.0","down_e":"0.0","up_f":"0.0","down_f":"0.0","ticket_nor":3,"ticket_person":11,"status":1,"uptimes":1781228972,"times":1781228972,"new_tax_id":1}],"group_list":[]}}

[ 2026-06-14T15:49:37+08:00 ] ::1 /Home/Goods/plate_conts_list/id/1.html
INFO: [ app_init ] --START--
INFO: Run Behavior\BuildLiteBehavior [ RunTime:0.000017s ]
INFO: [ app_init ] --END-- [ RunTime:0.000195s ]
INFO: [ app_begin ] --START--
INFO: Run Behavior\ReadHtmlCacheBehavior [ RunTime:0.000064s ]
INFO: [ app_begin ] --END-- [ RunTime:0.000097s ]
SQL: SHOW COLUMNS FROM `plate_conts` [ RunTime:0.0066s ]
SQL: SHOW COLUMNS FROM `sys_tmps` [ RunTime:0.0035s ]
SQL: SELECT * FROM `plate_conts` WHERE `id` = 1 LIMIT 1   [ RunTime:0.1171s ]
SQL: SELECT * FROM `sys_tmps` WHERE `types` = 2 ORDER BY id desc  [ RunTime:0.0015s ]
INFO: [ view_parse ] --START--
INFO: [ template_filter ] --START--
INFO: Run Behavior\ContentReplaceBehavior [ RunTime:0.000302s ]
INFO: [ template_filter ] --END-- [ RunTime:0.000377s ]
INFO: Run Behavior\ParseTemplateBehavior [ RunTime:0.017012s ]
INFO: [ view_parse ] --END-- [ RunTime:0.017090s ]
INFO: [ view_filter ] --START--
INFO: Run Behavior\WriteHtmlCacheBehavior [ RunTime:0.000132s ]
INFO: [ view_filter ] --END-- [ RunTime:0.000158s ]
INFO: [ app_end ] --START--
INFO: Run Behavior\ShowPageTraceBehavior [ RunTime:0.000092s ]
INFO: [ app_end ] --END-- [ RunTime:0.000113s ]

[ 2026-06-14T15:49:38+08:00 ] ::1 /Home/Goods/plate_conts_blankr.html
INFO: [ app_init ] --START--
INFO: Run Behavior\BuildLiteBehavior [ RunTime:0.000005s ]
INFO: [ app_init ] --END-- [ RunTime:0.000045s ]
INFO: [ app_begin ] --START--
INFO: Run Behavior\ReadHtmlCacheBehavior [ RunTime:0.000034s ]
INFO: [ app_begin ] --END-- [ RunTime:0.000070s ]
SQL: SHOW COLUMNS FROM `plate_conts_blank` [ RunTime:0.0069s ]
SQL: SHOW COLUMNS FROM `plate_conts_logs` [ RunTime:0.0043s ]
SQL: SHOW COLUMNS FROM `plate_conts_logsr` [ RunTime:0.0127s ]
SQL: SELECT * FROM `plate_conts_blank` WHERE `pid` = 1 AND `cat_index` = 1 LIMIT 1   [ RunTime:0.0130s ]
SQL: SELECT * FROM `plate_conts_logs` WHERE `blank_id` = 1738 ORDER BY number asc,id asc  [ RunTime:0.0056s ]
SQL: SELECT `key_0` FROM `plate_conts_logs` WHERE `blank_id` = 1738 GROUP BY key_0 LIMIT 1   [ RunTime:0.0025s ]
SQL: SELECT `key_1` FROM `plate_conts_logs` WHERE `blank_id` = 1738 GROUP BY key_1 LIMIT 1   [ RunTime:0.0030s ]
SQL: SELECT `key_2` FROM `plate_conts_logs` WHERE `blank_id` = 1738 GROUP BY key_2 LIMIT 1   [ RunTime:0.0016s ]
SQL: SELECT `key_3` FROM `plate_conts_logs` WHERE `blank_id` = 1738 GROUP BY key_3 LIMIT 1   [ RunTime:0.0018s ]
SQL: SELECT `key_4` FROM `plate_conts_logs` WHERE `blank_id` = 1738 GROUP BY key_4 LIMIT 1   [ RunTime:0.0013s ]
SQL: SELECT `key_5` FROM `plate_conts_logs` WHERE `blank_id` = 1738 GROUP BY key_5 LIMIT 1   [ RunTime:0.0014s ]
SQL: SELECT `key_6` FROM `plate_conts_logs` WHERE `blank_id` = 1738 GROUP BY key_6 LIMIT 1   [ RunTime:0.0012s ]
SQL: SELECT `key_7` FROM `plate_conts_logs` WHERE `blank_id` = 1738 GROUP BY key_7 LIMIT 1   [ RunTime:0.0016s ]
SQL: SHOW COLUMNS FROM `new_tax` [ RunTime:0.0058s ]
SQL: SELECT * FROM `new_tax` WHERE `is_del` = 1  [ RunTime:0.0062s ]
SQL: SHOW COLUMNS FROM `plate_conts_price` [ RunTime:0.0096s ]
SQL: SELECT * FROM `plate_conts_price` WHERE `blank_id` = 1738 AND `is_del` = 1 ORDER BY sort asc, id asc  [ RunTime:0.0040s ]
SQL: SELECT * FROM `plate_conts_blank` WHERE `pid` = 1 AND `status` = 1 ORDER BY cat_index asc  [ RunTime:0.0060s ]
SQL: SHOW COLUMNS FROM `plate_conts_blank_group` [ RunTime:0.0156s ]
SQL: SELECT * FROM `plate_conts_blank_group` WHERE `pid` = 0 ORDER BY sort asc, id asc  [ RunTime:0.0012s ]
ERR: {"status":1,"msg":"\u83b7\u53d6\u6210\u529f","data":{"info":{"id":1738,"pid":1,"group_id":3,"catname":"\u5546\u54c1","cat_index":1,"source":["6a2bd1928b6ed.png"],"sorts":0,"gimage":"6a2bcd01617ca.png","gnames":"\u94dc\u82af\u4ea4\u8054\u805a\u4e59\u70ef\u7edd\u7f18\u805a\u6c2f\u4e59\u70ef\u62a4\u5957\u963b\u71c3\u7535\u7f06\u3010\u4e5d\u6298\u6807\u51c6\u3011","up_a":"0.0","down_a":"0.0","up_b":"0.0","down_b":"0.0","up_c":"0.0","down_c":"0.0","up_d":"0.0","down_d":"0.0","up_e":"0.0","down_e":"0.0","up_f":"0.0","down_f":"0.0","ticket_nor":3,"ticket_person":11,"status":1,"uptimes":1781256594,"times":1781095065,"new_tax_id":1},"key":{"keya":"\u4f9b\u8d27\u65b9\u5f0f","keyb":"\u8d28\u91cf\u6807\u51c6","keyc":"\u6267\u884c\u6807\u51c6","keyd":"\u8d77\u8ba2\u6570\u91cf","keye":"\u8ba1\u91cf\u5355\u4f4d","keyf":"\u4ea7\u54c1\u578b\u53f7","keyg":"\u7535\u538b\u7b49\u7ea7","keyh":"\u4ea7\u54c1\u89c4\u683c"},"list":[{"id":1397848,"pid":1,"cat_index":1,"blank_id":1738,"ptype":2,"source":null,"gnames":null,"sorts":1,"key_0":"\u4f9b\u8d27\u65b9\u5f0f","value_0":"\u5de5\u5382\u751f\u4ea7","key_1":"\u8d28\u91cf\u6807\u51c6","value_1":"\u56fd\u7f51\u6807\u51c6","key_2":"\u6267\u884c\u6807\u51c6","value_2":"GB\/TGWD-2023","price":"3.24","dratio":"1.060","market":"3.43","trans":"7\u5929\u5185\u53d1\u8d27","ticket_nor":null,"ticket_person":null,"status":1,"uptimes":1781255055,"times":1781255049,"number":1,"key_3":"\u8d77\u8ba2\u6570\u91cf","value_3":"500\u7c73","key_4":"\u8ba1\u91cf\u5355\u4f4d","value_4":"\u7c73","key_5":"\u4ea7\u54c1\u578b\u53f7","value_5":"ZC-YJV","key_6":"\u7535\u538b\u7b49\u7ea7","value_6":"0.6\/1KV","key_7":"\u4ea7\u54c1\u89c4\u683c","value_7":"1\u00d710"}],"tax_list":[{"id":1,"pid":0,"name":"\u7535\u529b\u7535\u7f06\u7a0e\u7387\u53d1\u7968","alias_name":"","normal_tax":"3.00","special_tax":"11.00","status":1,"is_del":1,"add_time":0,"up_time":0},{"id":2,"pid":0,"name":"\u5bb6\u88c5\u7535\u7ebf\u7a0e\u7387","alias_name":"","normal_tax":"3.00","special_tax":"10.00","status":1,"is_del":1,"add_time":0,"up_time":0},{"id":3,"pid":0,"name":"\u521a\u6027\u9632\u706b\u7535\u7f06\u7a0e\u7387","alias_name":"","normal_tax":"3.00","special_tax":"9.00","status":1,"is_del":1,"add_time":0,"up_time":0},{"id":9,"pid":0,"name":"\u6a61\u5957\u7535\u7f06\u7a0e\u7387","alias_name":"","normal_tax":"3.00","special_tax":"11.00","status":1,"is_del":1,"add_time":0,"up_time":0},{"id":10,"pid":0,"name":"\u77ff\u7528\u6a61\u80f6\u7535\u7f06\u7a0e\u7387","alias_name":"","normal_tax":"4.00","special_tax":"12.00","status":1,"is_del":1,"add_time":0,"up_time":0}],"price_list":[{"id":2648,"plate_conts_id":1,"new_cate_one_id":1,"new_cate_two_id":355,"new_cate_three_id":356,"name":"\u94dc\u82af\u5bfc\u4f53","ratio":"1.00","sort":1000,"is_del":1,"cat_index":1,"blank_id":1738},{"id":2649,"plate_conts_id":1,"new_cate_one_id":1,"new_cate_two_id":355,"new_cate_three_id":362,"name":"\u8f90\u7167\u4ea4\u8054\u7edd\u7f18","ratio":"1.00","sort":1000,"is_del":1,"cat_index":1,"blank_id":1738},{"id":2650,"plate_conts_id":1,"new_cate_one_id":1,"new_cate_two_id":355,"new_cate_three_id":371,"name":"PVC\u62a4\u5957","ratio":"1.00","sort":1000,"is_del":1,"cat_index":1,"blank_id":1738},{"id":7812,"plate_conts_id":1,"new_cate_one_id":1,"new_cate_two_id":355,"new_cate_three_id":356,"name":"\u94dc\u82af\u5bfc\u4f53","ratio":"0.90","sort":1000,"is_del":1,"cat_index":1,"blank_id":1738},{"id":7813,"plate_conts_id":1,"new_cate_one_id":1,"new_cate_two_id":355,"new_cate_three_id":362,"name":"\u8f90\u7167\u4ea4\u8054\u7edd\u7f18","ratio":"1.00","sort":1000,"is_del":1,"cat_index":1,"blank_id":1738}],"all_blanks":[{"id":1738,"pid":1,"group_id":3,"catname":"\u5546\u54c1","cat_index":1,"source":"[\"6a2bd1928b6ed.png\"]","sorts":0,"gimage":"6a2bcd01617ca.png","gnames":"\u94dc\u82af\u4ea4\u8054\u805a\u4e59\u70ef\u7edd\u7f18\u805a\u6c2f\u4e59\u70ef\u62a4\u5957\u963b\u71c3\u7535\u7f06\u3010\u4e5d\u6298\u6807\u51c6\u3011","up_a":"0.0","down_a":"0.0","up_b":"0.0","down_b":"0.0","up_c":"0.0","down_c":"0.0","up_d":"0.0","down_d":"0.0","up_e":"0.0","down_e":"0.0","up_f":"0.0","down_f":"0.0","ticket_nor":3,"ticket_person":11,"status":1,"uptimes":1781256594,"times":1781095065,"new_tax_id":1},{"id":1739,"pid":1,"group_id":4,"catname":"\u5546\u54c1","cat_index":1,"source":"[\"6a2bd1928b6ed.png\"]","sorts":0,"gimage":"6a2bcd01617ca.png","gnames":"\u94dc\u82af\u4ea4\u8054\u805a\u4e59\u70ef\u7edd\u7f18\u805a\u6c2f\u4e59\u70ef\u62a4\u5957\u963b\u71c3\u7535\u7f06\u3010\u4e5d\u6298\u6807\u51c6\u3011","up_a":"0.0","down_a":"0.0","up_b":"0.0","down_b":"0.0","up_c":"0.0","down_c":"0.0","up_d":"0.0","down_d":"0.0","up_e":"0.0","down_e":"0.0","up_f":"0.0","down_f":"0.0","ticket_nor":3,"ticket_person":11,"status":1,"uptimes":1781256594,"times":1781095065,"new_tax_id":1},{"id":1557,"pid":1,"group_id":3,"catname":"\u4e5d\u6298\u6807\u51c6","cat_index":2,"source":"[\"677187340b61b.png\"]","sorts":0,"gimage":"677187340b3d7.png","gnames":"\u94dc\u82af\u4ea4\u8054\u805a\u4e59\u70ef\u7edd\u7f18\u805a\u6c2f\u4e59\u70ef\u62a4\u5957\u963b\u71c3\u7535\u7f06\u3010\u4e5d\u6298\u6807\u51c6\u3011","up_a":"0.0","down_a":"0.0","up_b":"0.0","down_b":"0.0","up_c":"0.0","down_c":"0.0","up_d":"0.0","down_d":"0.0","up_e":"0.0","down_e":"0.0","up_f":"0.0","down_f":"0.0","ticket_nor":3,"ticket_person":11,"status":1,"uptimes":1781095113,"times":1735489364,"new_tax_id":1},{"id":1740,"pid":1,"group_id":4,"catname":"\u4e5d\u6298\u6807\u51c6","cat_index":2,"source":"[\"677187340b61b.png\"]","sorts":null,"gimage":"677187340b3d7.png","gnames":"\u94dc\u82af\u4ea4\u8054\u805a\u4e59\u70ef\u7edd\u7f18\u805a\u6c2f\u4e59\u70ef\u62a4\u5957\u963b\u71c3\u7535\u7f06\u3010\u4e5d\u6298\u6807\u51c6\u3011","up_a":"0.0","down_a":"0.0","up_b":"0.0","down_b":"0.0","up_c":"0.0","down_c":"0.0","up_d":"0.0","down_d":"0.0","up_e":"0.0","down_e":"0.0","up_f":"0.0","down_f":"0.0","ticket_nor":3,"ticket_person":11,"status":1,"uptimes":1781228972,"times":1781228972,"new_tax_id":1},{"id":1558,"pid":1,"group_id":3,"catname":"\u516b\u6298\u6807\u51c6","cat_index":3,"source":"[\"677187340b61b.png\"]","sorts":0,"gimage":"677187340b3d7.png","gnames":"\u94dc\u82af\u4ea4\u8054\u805a\u4e59\u70ef\u7edd\u7f18\u805a\u6c2f\u4e59\u70ef\u62a4\u5957\u963b\u71c3\u7535\u7f06\u3010\u4e5d\u6298\u6807\u51c6\u3011","up_a":"0.0","down_a":"0.0","up_b":"0.0","down_b":"0.0","up_c":"0.0","down_c":"0.0","up_d":"0.0","down_d":"0.0","up_e":"0.0","down_e":"0.0","up_f":"0.0","down_f":"0.0","ticket_nor":3,"ticket_person":11,"status":1,"uptimes":1781096265,"times":1735490732,"new_tax_id":1},{"id":1741,"pid":1,"group_id":4,"catname":"\u516b\u6298\u6807\u51c6","cat_index":3,"source":"[\"677187340b61b.png\"]","sorts":null,"gimage":"677187340b3d7.png","gnames":"\u94dc\u82af\u4ea4\u8054\u805a\u4e59\u70ef\u7edd\u7f18\u805a\u6c2f\u4e59\u70ef\u62a4\u5957\u963b\u71c3\u7535\u7f06\u3010\u4e5d\u6298\u6807\u51c6\u3011","up_a":"0.0","down_a":"0.0","up_b":"0.0","down_b":"0.0","up_c":"0.0","down_c":"0.0","up_d":"0.0","down_d":"0.0","up_e":"0.0","down_e":"0.0","up_f":"0.0","down_f":"0.0","ticket_nor":3,"ticket_person":11,"status":1,"uptimes":1781228972,"times":1781228972,"new_tax_id":1}],"group_list":[{"id":5,"pid":0,"name":"\u6807\u51c61\u9009\u9879\u5361","ratio":"1.000000","sort":1,"add_time":1781423342,"up_time":1781423342},{"id":6,"pid":0,"name":"\u6807\u51c62\u9009\u9879\u5361","ratio":"1.000000","sort":2,"add_time":1781423342,"up_time":1781423342},{"id":7,"pid":0,"name":"\u6807\u51c63\u9009\u9879\u5361","ratio":"1.000000","sort":3,"add_time":1781423342,"up_time":1781423342},{"id":8,"pid":0,"name":"\u6807\u51c64\u9009\u9879\u5361","ratio":"1.000000","sort":4,"add_time":1781423342,"up_time":1781423342},{"id":9,"pid":0,"name":"\u6807\u51c65\u9009\u9879\u5361","ratio":"1.000000","sort":5,"add_time":1781423342,"up_time":1781423342},{"id":10,"pid":0,"name":"\u6807\u51c66\u9009\u9879\u5361","ratio":"1.000000","sort":6,"add_time":1781423342,"up_time":1781423342},{"id":11,"pid":0,"name":"\u6807\u51c67\u9009\u9879\u5361","ratio":"1.000000","sort":7,"add_time":1781423342,"up_time":1781423342},{"id":12,"pid":0,"name":"\u6807\u51c68\u9009\u9879\u5361","ratio":"1.000000","sort":8,"add_time":1781423342,"up_time":1781423342},{"id":13,"pid":0,"name":"\u6807\u51c69\u9009\u9879\u5361","ratio":"1.000000","sort":9,"add_time":1781423342,"up_time":1781423342},{"id":14,"pid":0,"name":"\u6807\u51c610\u9009\u9879\u5361","ratio":"1.000000","sort":10,"add_time":1781423342,"up_time":1781423342}]}}

[ 2026-06-14T15:49:46+08:00 ] ::1 /Home/Goods/plate_conts_blankr.html
INFO: [ app_init ] --START--
INFO: Run Behavior\BuildLiteBehavior [ RunTime:0.000012s ]
INFO: [ app_init ] --END-- [ RunTime:0.000102s ]
INFO: [ app_begin ] --START--
INFO: Run Behavior\ReadHtmlCacheBehavior [ RunTime:0.000064s ]
INFO: [ app_begin ] --END-- [ RunTime:0.000120s ]
SQL: SHOW COLUMNS FROM `plate_conts_blank` [ RunTime:0.0040s ]
SQL: SHOW COLUMNS FROM `plate_conts_logs` [ RunTime:0.0039s ]
SQL: SHOW COLUMNS FROM `plate_conts_logsr` [ RunTime:0.0074s ]
SQL: SELECT * FROM `plate_conts_blank` WHERE `id` = 1738 LIMIT 1   [ RunTime:0.0019s ]
SQL: SELECT * FROM `plate_conts_logs` WHERE `blank_id` = 1738 ORDER BY number asc,id asc  [ RunTime:0.0024s ]
SQL: SELECT `key_0` FROM `plate_conts_logs` WHERE `blank_id` = 1738 GROUP BY key_0 LIMIT 1   [ RunTime:0.0016s ]
SQL: SELECT `key_1` FROM `plate_conts_logs` WHERE `blank_id` = 1738 GROUP BY key_1 LIMIT 1   [ RunTime:0.0010s ]
SQL: SELECT `key_2` FROM `plate_conts_logs` WHERE `blank_id` = 1738 GROUP BY key_2 LIMIT 1   [ RunTime:0.0009s ]
SQL: SELECT `key_3` FROM `plate_conts_logs` WHERE `blank_id` = 1738 GROUP BY key_3 LIMIT 1   [ RunTime:0.0014s ]
SQL: SELECT `key_4` FROM `plate_conts_logs` WHERE `blank_id` = 1738 GROUP BY key_4 LIMIT 1   [ RunTime:0.0009s ]
SQL: SELECT `key_5` FROM `plate_conts_logs` WHERE `blank_id` = 1738 GROUP BY key_5 LIMIT 1   [ RunTime:0.0012s ]
SQL: SELECT `key_6` FROM `plate_conts_logs` WHERE `blank_id` = 1738 GROUP BY key_6 LIMIT 1   [ RunTime:0.0006s ]
SQL: SELECT `key_7` FROM `plate_conts_logs` WHERE `blank_id` = 1738 GROUP BY key_7 LIMIT 1   [ RunTime:0.0006s ]
SQL: SHOW COLUMNS FROM `new_tax` [ RunTime:0.0031s ]
SQL: SELECT * FROM `new_tax` WHERE `is_del` = 1  [ RunTime:0.0013s ]
SQL: SHOW COLUMNS FROM `plate_conts_price` [ RunTime:0.0037s ]
SQL: SELECT * FROM `plate_conts_price` WHERE `blank_id` = 1738 AND `is_del` = 1 ORDER BY sort asc, id asc  [ RunTime:0.0014s ]
SQL: SELECT * FROM `plate_conts_blank` WHERE `pid` = 1 AND `status` = 1 ORDER BY cat_index asc  [ RunTime:0.0008s ]
SQL: SHOW COLUMNS FROM `plate_conts_blank_group` [ RunTime:0.0020s ]
SQL: SELECT * FROM `plate_conts_blank_group` WHERE `pid` = 0 ORDER BY sort asc, id asc  [ RunTime:0.0010s ]
ERR: {"status":1,"msg":"\u83b7\u53d6\u6210\u529f","data":{"info":{"id":1738,"pid":1,"group_id":3,"catname":"\u5546\u54c1","cat_index":1,"source":["6a2bd1928b6ed.png"],"sorts":0,"gimage":"6a2bcd01617ca.png","gnames":"\u94dc\u82af\u4ea4\u8054\u805a\u4e59\u70ef\u7edd\u7f18\u805a\u6c2f\u4e59\u70ef\u62a4\u5957\u963b\u71c3\u7535\u7f06\u3010\u4e5d\u6298\u6807\u51c6\u3011","up_a":"0.0","down_a":"0.0","up_b":"0.0","down_b":"0.0","up_c":"0.0","down_c":"0.0","up_d":"0.0","down_d":"0.0","up_e":"0.0","down_e":"0.0","up_f":"0.0","down_f":"0.0","ticket_nor":3,"ticket_person":11,"status":1,"uptimes":1781256594,"times":1781095065,"new_tax_id":1},"key":{"keya":"\u4f9b\u8d27\u65b9\u5f0f","keyb":"\u8d28\u91cf\u6807\u51c6","keyc":"\u6267\u884c\u6807\u51c6","keyd":"\u8d77\u8ba2\u6570\u91cf","keye":"\u8ba1\u91cf\u5355\u4f4d","keyf":"\u4ea7\u54c1\u578b\u53f7","keyg":"\u7535\u538b\u7b49\u7ea7","keyh":"\u4ea7\u54c1\u89c4\u683c"},"list":[{"id":1397848,"pid":1,"cat_index":1,"blank_id":1738,"ptype":2,"source":null,"gnames":null,"sorts":1,"key_0":"\u4f9b\u8d27\u65b9\u5f0f","value_0":"\u5de5\u5382\u751f\u4ea7","key_1":"\u8d28\u91cf\u6807\u51c6","value_1":"\u56fd\u7f51\u6807\u51c6","key_2":"\u6267\u884c\u6807\u51c6","value_2":"GB\/TGWD-2023","price":"3.24","dratio":"1.060","market":"3.43","trans":"7\u5929\u5185\u53d1\u8d27","ticket_nor":null,"ticket_person":null,"status":1,"uptimes":1781255055,"times":1781255049,"number":1,"key_3":"\u8d77\u8ba2\u6570\u91cf","value_3":"500\u7c73","key_4":"\u8ba1\u91cf\u5355\u4f4d","value_4":"\u7c73","key_5":"\u4ea7\u54c1\u578b\u53f7","value_5":"ZC-YJV","key_6":"\u7535\u538b\u7b49\u7ea7","value_6":"0.6\/1KV","key_7":"\u4ea7\u54c1\u89c4\u683c","value_7":"1\u00d710"}],"tax_list":[{"id":1,"pid":0,"name":"\u7535\u529b\u7535\u7f06\u7a0e\u7387\u53d1\u7968","alias_name":"","normal_tax":"3.00","special_tax":"11.00","status":1,"is_del":1,"add_time":0,"up_time":0},{"id":2,"pid":0,"name":"\u5bb6\u88c5\u7535\u7ebf\u7a0e\u7387","alias_name":"","normal_tax":"3.00","special_tax":"10.00","status":1,"is_del":1,"add_time":0,"up_time":0},{"id":3,"pid":0,"name":"\u521a\u6027\u9632\u706b\u7535\u7f06\u7a0e\u7387","alias_name":"","normal_tax":"3.00","special_tax":"9.00","status":1,"is_del":1,"add_time":0,"up_time":0},{"id":9,"pid":0,"name":"\u6a61\u5957\u7535\u7f06\u7a0e\u7387","alias_name":"","normal_tax":"3.00","special_tax":"11.00","status":1,"is_del":1,"add_time":0,"up_time":0},{"id":10,"pid":0,"name":"\u77ff\u7528\u6a61\u80f6\u7535\u7f06\u7a0e\u7387","alias_name":"","normal_tax":"4.00","special_tax":"12.00","status":1,"is_del":1,"add_time":0,"up_time":0}],"price_list":[{"id":2648,"plate_conts_id":1,"new_cate_one_id":1,"new_cate_two_id":355,"new_cate_three_id":356,"name":"\u94dc\u82af\u5bfc\u4f53","ratio":"1.00","sort":1000,"is_del":1,"cat_index":1,"blank_id":1738},{"id":2649,"plate_conts_id":1,"new_cate_one_id":1,"new_cate_two_id":355,"new_cate_three_id":362,"name":"\u8f90\u7167\u4ea4\u8054\u7edd\u7f18","ratio":"1.00","sort":1000,"is_del":1,"cat_index":1,"blank_id":1738},{"id":2650,"plate_conts_id":1,"new_cate_one_id":1,"new_cate_two_id":355,"new_cate_three_id":371,"name":"PVC\u62a4\u5957","ratio":"1.00","sort":1000,"is_del":1,"cat_index":1,"blank_id":1738},{"id":7812,"plate_conts_id":1,"new_cate_one_id":1,"new_cate_two_id":355,"new_cate_three_id":356,"name":"\u94dc\u82af\u5bfc\u4f53","ratio":"0.90","sort":1000,"is_del":1,"cat_index":1,"blank_id":1738},{"id":7813,"plate_conts_id":1,"new_cate_one_id":1,"new_cate_two_id":355,"new_cate_three_id":362,"name":"\u8f90\u7167\u4ea4\u8054\u7edd\u7f18","ratio":"1.00","sort":1000,"is_del":1,"cat_index":1,"blank_id":1738}],"all_blanks":[{"id":1738,"pid":1,"group_id":3,"catname":"\u5546\u54c1","cat_index":1,"source":"[\"6a2bd1928b6ed.png\"]","sorts":0,"gimage":"6a2bcd01617ca.png","gnames":"\u94dc\u82af\u4ea4\u8054\u805a\u4e59\u70ef\u7edd\u7f18\u805a\u6c2f\u4e59\u70ef\u62a4\u5957\u963b\u71c3\u7535\u7f06\u3010\u4e5d\u6298\u6807\u51c6\u3011","up_a":"0.0","down_a":"0.0","up_b":"0.0","down_b":"0.0","up_c":"0.0","down_c":"0.0","up_d":"0.0","down_d":"0.0","up_e":"0.0","down_e":"0.0","up_f":"0.0","down_f":"0.0","ticket_nor":3,"ticket_person":11,"status":1,"uptimes":1781256594,"times":1781095065,"new_tax_id":1},{"id":1739,"pid":1,"group_id":4,"catname":"\u5546\u54c1","cat_index":1,"source":"[\"6a2bd1928b6ed.png\"]","sorts":0,"gimage":"6a2bcd01617ca.png","gnames":"\u94dc\u82af\u4ea4\u8054\u805a\u4e59\u70ef\u7edd\u7f18\u805a\u6c2f\u4e59\u70ef\u62a4\u5957\u963b\u71c3\u7535\u7f06\u3010\u4e5d\u6298\u6807\u51c6\u3011","up_a":"0.0","down_a":"0.0","up_b":"0.0","down_b":"0.0","up_c":"0.0","down_c":"0.0","up_d":"0.0","down_d":"0.0","up_e":"0.0","down_e":"0.0","up_f":"0.0","down_f":"0.0","ticket_nor":3,"ticket_person":11,"status":1,"uptimes":1781256594,"times":1781095065,"new_tax_id":1},{"id":1557,"pid":1,"group_id":3,"catname":"\u4e5d\u6298\u6807\u51c6","cat_index":2,"source":"[\"677187340b61b.png\"]","sorts":0,"gimage":"677187340b3d7.png","gnames":"\u94dc\u82af\u4ea4\u8054\u805a\u4e59\u70ef\u7edd\u7f18\u805a\u6c2f\u4e59\u70ef\u62a4\u5957\u963b\u71c3\u7535\u7f06\u3010\u4e5d\u6298\u6807\u51c6\u3011","up_a":"0.0","down_a":"0.0","up_b":"0.0","down_b":"0.0","up_c":"0.0","down_c":"0.0","up_d":"0.0","down_d":"0.0","up_e":"0.0","down_e":"0.0","up_f":"0.0","down_f":"0.0","ticket_nor":3,"ticket_person":11,"status":1,"uptimes":1781095113,"times":1735489364,"new_tax_id":1},{"id":1740,"pid":1,"group_id":4,"catname":"\u4e5d\u6298\u6807\u51c6","cat_index":2,"source":"[\"677187340b61b.png\"]","sorts":null,"gimage":"677187340b3d7.png","gnames":"\u94dc\u82af\u4ea4\u8054\u805a\u4e59\u70ef\u7edd\u7f18\u805a\u6c2f\u4e59\u70ef\u62a4\u5957\u963b\u71c3\u7535\u7f06\u3010\u4e5d\u6298\u6807\u51c6\u3011","up_a":"0.0","down_a":"0.0","up_b":"0.0","down_b":"0.0","up_c":"0.0","down_c":"0.0","up_d":"0.0","down_d":"0.0","up_e":"0.0","down_e":"0.0","up_f":"0.0","down_f":"0.0","ticket_nor":3,"ticket_person":11,"status":1,"uptimes":1781228972,"times":1781228972,"new_tax_id":1},{"id":1558,"pid":1,"group_id":3,"catname":"\u516b\u6298\u6807\u51c6","cat_index":3,"source":"[\"677187340b61b.png\"]","sorts":0,"gimage":"677187340b3d7.png","gnames":"\u94dc\u82af\u4ea4\u8054\u805a\u4e59\u70ef\u7edd\u7f18\u805a\u6c2f\u4e59\u70ef\u62a4\u5957\u963b\u71c3\u7535\u7f06\u3010\u4e5d\u6298\u6807\u51c6\u3011","up_a":"0.0","down_a":"0.0","up_b":"0.0","down_b":"0.0","up_c":"0.0","down_c":"0.0","up_d":"0.0","down_d":"0.0","up_e":"0.0","down_e":"0.0","up_f":"0.0","down_f":"0.0","ticket_nor":3,"ticket_person":11,"status":1,"uptimes":1781096265,"times":1735490732,"new_tax_id":1},{"id":1741,"pid":1,"group_id":4,"catname":"\u516b\u6298\u6807\u51c6","cat_index":3,"source":"[\"677187340b61b.png\"]","sorts":null,"gimage":"677187340b3d7.png","gnames":"\u94dc\u82af\u4ea4\u8054\u805a\u4e59\u70ef\u7edd\u7f18\u805a\u6c2f\u4e59\u70ef\u62a4\u5957\u963b\u71c3\u7535\u7f06\u3010\u4e5d\u6298\u6807\u51c6\u3011","up_a":"0.0","down_a":"0.0","up_b":"0.0","down_b":"0.0","up_c":"0.0","down_c":"0.0","up_d":"0.0","down_d":"0.0","up_e":"0.0","down_e":"0.0","up_f":"0.0","down_f":"0.0","ticket_nor":3,"ticket_person":11,"status":1,"uptimes":1781228972,"times":1781228972,"new_tax_id":1}],"group_list":[{"id":5,"pid":0,"name":"\u6807\u51c61\u9009\u9879\u5361","ratio":"1.000000","sort":1,"add_time":1781423342,"up_time":1781423342},{"id":6,"pid":0,"name":"\u6807\u51c62\u9009\u9879\u5361","ratio":"1.000000","sort":2,"add_time":1781423342,"up_time":1781423342},{"id":7,"pid":0,"name":"\u6807\u51c63\u9009\u9879\u5361","ratio":"1.000000","sort":3,"add_time":1781423342,"up_time":1781423342},{"id":8,"pid":0,"name":"\u6807\u51c64\u9009\u9879\u5361","ratio":"1.000000","sort":4,"add_time":1781423342,"up_time":1781423342},{"id":9,"pid":0,"name":"\u6807\u51c65\u9009\u9879\u5361","ratio":"1.000000","sort":5,"add_time":1781423342,"up_time":1781423342},{"id":10,"pid":0,"name":"\u6807\u51c66\u9009\u9879\u5361","ratio":"1.000000","sort":6,"add_time":1781423342,"up_time":1781423342},{"id":11,"pid":0,"name":"\u6807\u51c67\u9009\u9879\u5361","ratio":"1.000000","sort":7,"add_time":1781423342,"up_time":1781423342},{"id":12,"pid":0,"name":"\u6807\u51c68\u9009\u9879\u5361","ratio":"1.000000","sort":8,"add_time":1781423342,"up_time":1781423342},{"id":13,"pid":0,"name":"\u6807\u51c69\u9009\u9879\u5361","ratio":"1.000000","sort":9,"add_time":1781423342,"up_time":1781423342},{"id":14,"pid":0,"name":"\u6807\u51c610\u9009\u9879\u5361","ratio":"1.000000","sort":10,"add_time":1781423342,"up_time":1781423342}]}}

[ 2026-06-14T15:49:47+08:00 ] ::1 /Home/Goods/plate_conts_blankr.html
INFO: [ app_init ] --START--
INFO: Run Behavior\BuildLiteBehavior [ RunTime:0.000006s ]
INFO: [ app_init ] --END-- [ RunTime:0.000063s ]
INFO: [ app_begin ] --START--
INFO: Run Behavior\ReadHtmlCacheBehavior [ RunTime:0.000044s ]
INFO: [ app_begin ] --END-- [ RunTime:0.000081s ]
SQL: SHOW COLUMNS FROM `plate_conts_blank` [ RunTime:0.0065s ]
SQL: SHOW COLUMNS FROM `plate_conts_logs` [ RunTime:0.0033s ]
SQL: SHOW COLUMNS FROM `plate_conts_logsr` [ RunTime:0.0058s ]
SQL: SELECT * FROM `plate_conts_blank` WHERE `id` = 1739 LIMIT 1   [ RunTime:0.0016s ]
SQL: SELECT * FROM `plate_conts_logs` WHERE `blank_id` = 1739 ORDER BY number asc,id asc  [ RunTime:0.0037s ]
SQL: SELECT `key_0` FROM `plate_conts_logs` WHERE `blank_id` = 1739 GROUP BY key_0 LIMIT 1   [ RunTime:0.0010s ]
SQL: SELECT `key_1` FROM `plate_conts_logs` WHERE `blank_id` = 1739 GROUP BY key_1 LIMIT 1   [ RunTime:0.0011s ]
SQL: SELECT `key_2` FROM `plate_conts_logs` WHERE `blank_id` = 1739 GROUP BY key_2 LIMIT 1   [ RunTime:0.0006s ]
SQL: SELECT `key_3` FROM `plate_conts_logs` WHERE `blank_id` = 1739 GROUP BY key_3 LIMIT 1   [ RunTime:0.0006s ]
SQL: SELECT `key_4` FROM `plate_conts_logs` WHERE `blank_id` = 1739 GROUP BY key_4 LIMIT 1   [ RunTime:0.0007s ]
SQL: SELECT `key_5` FROM `plate_conts_logs` WHERE `blank_id` = 1739 GROUP BY key_5 LIMIT 1   [ RunTime:0.0013s ]
SQL: SELECT `key_6` FROM `plate_conts_logs` WHERE `blank_id` = 1739 GROUP BY key_6 LIMIT 1   [ RunTime:0.0008s ]
SQL: SELECT `key_7` FROM `plate_conts_logs` WHERE `blank_id` = 1739 GROUP BY key_7 LIMIT 1   [ RunTime:0.0004s ]
NOTIC: [2] Trying to access array offset on value of type null /Users/gangliu/data/catdesk_workspace/yilan/App/Home/Controller/GoodsController.class.php 第 788 行.
NOTIC: [2] Trying to access array offset on value of type null /Users/gangliu/data/catdesk_workspace/yilan/App/Home/Controller/GoodsController.class.php 第 788 行.
NOTIC: [2] Trying to access array offset on value of type null /Users/gangliu/data/catdesk_workspace/yilan/App/Home/Controller/GoodsController.class.php 第 788 行.
NOTIC: [2] Trying to access array offset on value of type null /Users/gangliu/data/catdesk_workspace/yilan/App/Home/Controller/GoodsController.class.php 第 789 行.
NOTIC: [2] Trying to access array offset on value of type null /Users/gangliu/data/catdesk_workspace/yilan/App/Home/Controller/GoodsController.class.php 第 789 行.
NOTIC: [2] Trying to access array offset on value of type null /Users/gangliu/data/catdesk_workspace/yilan/App/Home/Controller/GoodsController.class.php 第 790 行.
NOTIC: [2] Trying to access array offset on value of type null /Users/gangliu/data/catdesk_workspace/yilan/App/Home/Controller/GoodsController.class.php 第 790 行.
NOTIC: [2] Trying to access array offset on value of type null /Users/gangliu/data/catdesk_workspace/yilan/App/Home/Controller/GoodsController.class.php 第 790 行.
SQL: SHOW COLUMNS FROM `new_tax` [ RunTime:0.0037s ]
SQL: SELECT * FROM `new_tax` WHERE `is_del` = 1  [ RunTime:0.0023s ]
SQL: SHOW COLUMNS FROM `plate_conts_price` [ RunTime:0.0032s ]
SQL: SELECT * FROM `plate_conts_price` WHERE `blank_id` = 1739 AND `is_del` = 1 ORDER BY sort asc, id asc  [ RunTime:0.0013s ]
SQL: SELECT * FROM `plate_conts_blank` WHERE `pid` = 1 AND `status` = 1 ORDER BY cat_index asc  [ RunTime:0.0009s ]
SQL: SHOW COLUMNS FROM `plate_conts_blank_group` [ RunTime:0.0022s ]
SQL: SELECT * FROM `plate_conts_blank_group` WHERE `pid` = 0 ORDER BY sort asc, id asc  [ RunTime:0.0008s ]
ERR: {"status":1,"msg":"\u83b7\u53d6\u6210\u529f","data":{"info":{"id":1739,"pid":1,"group_id":4,"catname":"\u5546\u54c1","cat_index":1,"source":["6a2bd1928b6ed.png"],"sorts":0,"gimage":"6a2bcd01617ca.png","gnames":"\u94dc\u82af\u4ea4\u8054\u805a\u4e59\u70ef\u7edd\u7f18\u805a\u6c2f\u4e59\u70ef\u62a4\u5957\u963b\u71c3\u7535\u7f06\u3010\u4e5d\u6298\u6807\u51c6\u3011","up_a":"0.0","down_a":"0.0","up_b":"0.0","down_b":"0.0","up_c":"0.0","down_c":"0.0","up_d":"0.0","down_d":"0.0","up_e":"0.0","down_e":"0.0","up_f":"0.0","down_f":"0.0","ticket_nor":3,"ticket_person":11,"status":1,"uptimes":1781256594,"times":1781095065,"new_tax_id":1},"key":{"keya":null,"keyb":null,"keyc":null,"keyd":null,"keye":null,"keyf":null,"keyg":null,"keyh":null},"list":[],"tax_list":[{"id":1,"pid":0,"name":"\u7535\u529b\u7535\u7f06\u7a0e\u7387\u53d1\u7968","alias_name":"","normal_tax":"3.00","special_tax":"11.00","status":1,"is_del":1,"add_time":0,"up_time":0},{"id":2,"pid":0,"name":"\u5bb6\u88c5\u7535\u7ebf\u7a0e\u7387","alias_name":"","normal_tax":"3.00","special_tax":"10.00","status":1,"is_del":1,"add_time":0,"up_time":0},{"id":3,"pid":0,"name":"\u521a\u6027\u9632\u706b\u7535\u7f06\u7a0e\u7387","alias_name":"","normal_tax":"3.00","special_tax":"9.00","status":1,"is_del":1,"add_time":0,"up_time":0},{"id":9,"pid":0,"name":"\u6a61\u5957\u7535\u7f06\u7a0e\u7387","alias_name":"","normal_tax":"3.00","special_tax":"11.00","status":1,"is_del":1,"add_time":0,"up_time":0},{"id":10,"pid":0,"name":"\u77ff\u7528\u6a61\u80f6\u7535\u7f06\u7a0e\u7387","alias_name":"","normal_tax":"4.00","special_tax":"12.00","status":1,"is_del":1,"add_time":0,"up_time":0}],"price_list":[],"all_blanks":[{"id":1738,"pid":1,"group_id":3,"catname":"\u5546\u54c1","cat_index":1,"source":"[\"6a2bd1928b6ed.png\"]","sorts":0,"gimage":"6a2bcd01617ca.png","gnames":"\u94dc\u82af\u4ea4\u8054\u805a\u4e59\u70ef\u7edd\u7f18\u805a\u6c2f\u4e59\u70ef\u62a4\u5957\u963b\u71c3\u7535\u7f06\u3010\u4e5d\u6298\u6807\u51c6\u3011","up_a":"0.0","down_a":"0.0","up_b":"0.0","down_b":"0.0","up_c":"0.0","down_c":"0.0","up_d":"0.0","down_d":"0.0","up_e":"0.0","down_e":"0.0","up_f":"0.0","down_f":"0.0","ticket_nor":3,"ticket_person":11,"status":1,"uptimes":1781256594,"times":1781095065,"new_tax_id":1},{"id":1739,"pid":1,"group_id":4,"catname":"\u5546\u54c1","cat_index":1,"source":"[\"6a2bd1928b6ed.png\"]","sorts":0,"gimage":"6a2bcd01617ca.png","gnames":"\u94dc\u82af\u4ea4\u8054\u805a\u4e59\u70ef\u7edd\u7f18\u805a\u6c2f\u4e59\u70ef\u62a4\u5957\u963b\u71c3\u7535\u7f06\u3010\u4e5d\u6298\u6807\u51c6\u3011","up_a":"0.0","down_a":"0.0","up_b":"0.0","down_b":"0.0","up_c":"0.0","down_c":"0.0","up_d":"0.0","down_d":"0.0","up_e":"0.0","down_e":"0.0","up_f":"0.0","down_f":"0.0","ticket_nor":3,"ticket_person":11,"status":1,"uptimes":1781256594,"times":1781095065,"new_tax_id":1},{"id":1557,"pid":1,"group_id":3,"catname":"\u4e5d\u6298\u6807\u51c6","cat_index":2,"source":"[\"677187340b61b.png\"]","sorts":0,"gimage":"677187340b3d7.png","gnames":"\u94dc\u82af\u4ea4\u8054\u805a\u4e59\u70ef\u7edd\u7f18\u805a\u6c2f\u4e59\u70ef\u62a4\u5957\u963b\u71c3\u7535\u7f06\u3010\u4e5d\u6298\u6807\u51c6\u3011","up_a":"0.0","down_a":"0.0","up_b":"0.0","down_b":"0.0","up_c":"0.0","down_c":"0.0","up_d":"0.0","down_d":"0.0","up_e":"0.0","down_e":"0.0","up_f":"0.0","down_f":"0.0","ticket_nor":3,"ticket_person":11,"status":1,"uptimes":1781095113,"times":1735489364,"new_tax_id":1},{"id":1740,"pid":1,"group_id":4,"catname":"\u4e5d\u6298\u6807\u51c6","cat_index":2,"source":"[\"677187340b61b.png\"]","sorts":null,"gimage":"677187340b3d7.png","gnames":"\u94dc\u82af\u4ea4\u8054\u805a\u4e59\u70ef\u7edd\u7f18\u805a\u6c2f\u4e59\u70ef\u62a4\u5957\u963b\u71c3\u7535\u7f06\u3010\u4e5d\u6298\u6807\u51c6\u3011","up_a":"0.0","down_a":"0.0","up_b":"0.0","down_b":"0.0","up_c":"0.0","down_c":"0.0","up_d":"0.0","down_d":"0.0","up_e":"0.0","down_e":"0.0","up_f":"0.0","down_f":"0.0","ticket_nor":3,"ticket_person":11,"status":1,"uptimes":1781228972,"times":1781228972,"new_tax_id":1},{"id":1558,"pid":1,"group_id":3,"catname":"\u516b\u6298\u6807\u51c6","cat_index":3,"source":"[\"677187340b61b.png\"]","sorts":0,"gimage":"677187340b3d7.png","gnames":"\u94dc\u82af\u4ea4\u8054\u805a\u4e59\u70ef\u7edd\u7f18\u805a\u6c2f\u4e59\u70ef\u62a4\u5957\u963b\u71c3\u7535\u7f06\u3010\u4e5d\u6298\u6807\u51c6\u3011","up_a":"0.0","down_a":"0.0","up_b":"0.0","down_b":"0.0","up_c":"0.0","down_c":"0.0","up_d":"0.0","down_d":"0.0","up_e":"0.0","down_e":"0.0","up_f":"0.0","down_f":"0.0","ticket_nor":3,"ticket_person":11,"status":1,"uptimes":1781096265,"times":1735490732,"new_tax_id":1},{"id":1741,"pid":1,"group_id":4,"catname":"\u516b\u6298\u6807\u51c6","cat_index":3,"source":"[\"677187340b61b.png\"]","sorts":null,"gimage":"677187340b3d7.png","gnames":"\u94dc\u82af\u4ea4\u8054\u805a\u4e59\u70ef\u7edd\u7f18\u805a\u6c2f\u4e59\u70ef\u62a4\u5957\u963b\u71c3\u7535\u7f06\u3010\u4e5d\u6298\u6807\u51c6\u3011","up_a":"0.0","down_a":"0.0","up_b":"0.0","down_b":"0.0","up_c":"0.0","down_c":"0.0","up_d":"0.0","down_d":"0.0","up_e":"0.0","down_e":"0.0","up_f":"0.0","down_f":"0.0","ticket_nor":3,"ticket_person":11,"status":1,"uptimes":1781228972,"times":1781228972,"new_tax_id":1}],"group_list":[{"id":5,"pid":0,"name":"\u6807\u51c61\u9009\u9879\u5361","ratio":"1.000000","sort":1,"add_time":1781423342,"up_time":1781423342},{"id":6,"pid":0,"name":"\u6807\u51c62\u9009\u9879\u5361","ratio":"1.000000","sort":2,"add_time":1781423342,"up_time":1781423342},{"id":7,"pid":0,"name":"\u6807\u51c63\u9009\u9879\u5361","ratio":"1.000000","sort":3,"add_time":1781423342,"up_time":1781423342},{"id":8,"pid":0,"name":"\u6807\u51c64\u9009\u9879\u5361","ratio":"1.000000","sort":4,"add_time":1781423342,"up_time":1781423342},{"id":9,"pid":0,"name":"\u6807\u51c65\u9009\u9879\u5361","ratio":"1.000000","sort":5,"add_time":1781423342,"up_time":1781423342},{"id":10,"pid":0,"name":"\u6807\u51c66\u9009\u9879\u5361","ratio":"1.000000","sort":6,"add_time":1781423342,"up_time":1781423342},{"id":11,"pid":0,"name":"\u6807\u51c67\u9009\u9879\u5361","ratio":"1.000000","sort":7,"add_time":1781423342,"up_time":1781423342},{"id":12,"pid":0,"name":"\u6807\u51c68\u9009\u9879\u5361","ratio":"1.000000","sort":8,"add_time":1781423342,"up_time":1781423342},{"id":13,"pid":0,"name":"\u6807\u51c69\u9009\u9879\u5361","ratio":"1.000000","sort":9,"add_time":1781423342,"up_time":1781423342},{"id":14,"pid":0,"name":"\u6807\u51c610\u9009\u9879\u5361","ratio":"1.000000","sort":10,"add_time":1781423342,"up_time":1781423342}]}}

[ 2026-06-14T15:49:49+08:00 ] ::1 /Home/Goods/plate_conts_blankr.html
INFO: [ app_init ] --START--
INFO: Run Behavior\BuildLiteBehavior [ RunTime:0.000004s ]
INFO: [ app_init ] --END-- [ RunTime:0.000039s ]
INFO: [ app_begin ] --START--
INFO: Run Behavior\ReadHtmlCacheBehavior [ RunTime:0.000037s ]
INFO: [ app_begin ] --END-- [ RunTime:0.000067s ]
SQL: SHOW COLUMNS FROM `plate_conts_blank` [ RunTime:0.0478s ]
SQL: SHOW COLUMNS FROM `plate_conts_logs` [ RunTime:0.0029s ]
SQL: SHOW COLUMNS FROM `plate_conts_logsr` [ RunTime:0.0047s ]
SQL: SELECT * FROM `plate_conts_blank` WHERE `id` = 1557 LIMIT 1   [ RunTime:0.0008s ]
SQL: SELECT * FROM `plate_conts_logs` WHERE `blank_id` = 1557 ORDER BY number asc,id asc  [ RunTime:0.0022s ]
SQL: SELECT `key_0` FROM `plate_conts_logs` WHERE `blank_id` = 1557 GROUP BY key_0 LIMIT 1   [ RunTime:0.0008s ]
SQL: SELECT `key_1` FROM `plate_conts_logs` WHERE `blank_id` = 1557 GROUP BY key_1 LIMIT 1   [ RunTime:0.0006s ]
SQL: SELECT `key_2` FROM `plate_conts_logs` WHERE `blank_id` = 1557 GROUP BY key_2 LIMIT 1   [ RunTime:0.0009s ]
SQL: SELECT `key_3` FROM `plate_conts_logs` WHERE `blank_id` = 1557 GROUP BY key_3 LIMIT 1   [ RunTime:0.0005s ]
SQL: SELECT `key_4` FROM `plate_conts_logs` WHERE `blank_id` = 1557 GROUP BY key_4 LIMIT 1   [ RunTime:0.0004s ]
SQL: SELECT `key_5` FROM `plate_conts_logs` WHERE `blank_id` = 1557 GROUP BY key_5 LIMIT 1   [ RunTime:0.0002s ]
SQL: SELECT `key_6` FROM `plate_conts_logs` WHERE `blank_id` = 1557 GROUP BY key_6 LIMIT 1   [ RunTime:0.0002s ]
SQL: SELECT `key_7` FROM `plate_conts_logs` WHERE `blank_id` = 1557 GROUP BY key_7 LIMIT 1   [ RunTime:0.0003s ]
NOTIC: [2] Trying to access array offset on value of type null /Users/gangliu/data/catdesk_workspace/yilan/App/Home/Controller/GoodsController.class.php 第 788 行.
NOTIC: [2] Trying to access array offset on value of type null /Users/gangliu/data/catdesk_workspace/yilan/App/Home/Controller/GoodsController.class.php 第 788 行.
NOTIC: [2] Trying to access array offset on value of type null /Users/gangliu/data/catdesk_workspace/yilan/App/Home/Controller/GoodsController.class.php 第 788 行.
NOTIC: [2] Trying to access array offset on value of type null /Users/gangliu/data/catdesk_workspace/yilan/App/Home/Controller/GoodsController.class.php 第 789 行.
NOTIC: [2] Trying to access array offset on value of type null /Users/gangliu/data/catdesk_workspace/yilan/App/Home/Controller/GoodsController.class.php 第 789 行.
NOTIC: [2] Trying to access array offset on value of type null /Users/gangliu/data/catdesk_workspace/yilan/App/Home/Controller/GoodsController.class.php 第 790 行.
NOTIC: [2] Trying to access array offset on value of type null /Users/gangliu/data/catdesk_workspace/yilan/App/Home/Controller/GoodsController.class.php 第 790 行.
NOTIC: [2] Trying to access array offset on value of type null /Users/gangliu/data/catdesk_workspace/yilan/App/Home/Controller/GoodsController.class.php 第 790 行.
SQL: SHOW COLUMNS FROM `new_tax` [ RunTime:0.0074s ]
SQL: SELECT * FROM `new_tax` WHERE `is_del` = 1  [ RunTime:0.0019s ]
SQL: SHOW COLUMNS FROM `plate_conts_price` [ RunTime:0.0021s ]
SQL: SELECT * FROM `plate_conts_price` WHERE `blank_id` = 1557 AND `is_del` = 1 ORDER BY sort asc, id asc  [ RunTime:0.0007s ]
SQL: SELECT * FROM `plate_conts_blank` WHERE `pid` = 1 AND `status` = 1 ORDER BY cat_index asc  [ RunTime:0.0004s ]
SQL: SHOW COLUMNS FROM `plate_conts_blank_group` [ RunTime:0.0019s ]
SQL: SELECT * FROM `plate_conts_blank_group` WHERE `pid` = 0 ORDER BY sort asc, id asc  [ RunTime:0.0009s ]
ERR: {"status":1,"msg":"\u83b7\u53d6\u6210\u529f","data":{"info":{"id":1557,"pid":1,"group_id":3,"catname":"\u4e5d\u6298\u6807\u51c6","cat_index":2,"source":["677187340b61b.png"],"sorts":0,"gimage":"677187340b3d7.png","gnames":"\u94dc\u82af\u4ea4\u8054\u805a\u4e59\u70ef\u7edd\u7f18\u805a\u6c2f\u4e59\u70ef\u62a4\u5957\u963b\u71c3\u7535\u7f06\u3010\u4e5d\u6298\u6807\u51c6\u3011","up_a":"0.0","down_a":"0.0","up_b":"0.0","down_b":"0.0","up_c":"0.0","down_c":"0.0","up_d":"0.0","down_d":"0.0","up_e":"0.0","down_e":"0.0","up_f":"0.0","down_f":"0.0","ticket_nor":3,"ticket_person":11,"status":1,"uptimes":1781095113,"times":1735489364,"new_tax_id":1},"key":{"keya":null,"keyb":null,"keyc":null,"keyd":null,"keye":null,"keyf":null,"keyg":null,"keyh":null},"list":[],"tax_list":[{"id":1,"pid":0,"name":"\u7535\u529b\u7535\u7f06\u7a0e\u7387\u53d1\u7968","alias_name":"","normal_tax":"3.00","special_tax":"11.00","status":1,"is_del":1,"add_time":0,"up_time":0},{"id":2,"pid":0,"name":"\u5bb6\u88c5\u7535\u7ebf\u7a0e\u7387","alias_name":"","normal_tax":"3.00","special_tax":"10.00","status":1,"is_del":1,"add_time":0,"up_time":0},{"id":3,"pid":0,"name":"\u521a\u6027\u9632\u706b\u7535\u7f06\u7a0e\u7387","alias_name":"","normal_tax":"3.00","special_tax":"9.00","status":1,"is_del":1,"add_time":0,"up_time":0},{"id":9,"pid":0,"name":"\u6a61\u5957\u7535\u7f06\u7a0e\u7387","alias_name":"","normal_tax":"3.00","special_tax":"11.00","status":1,"is_del":1,"add_time":0,"up_time":0},{"id":10,"pid":0,"name":"\u77ff\u7528\u6a61\u80f6\u7535\u7f06\u7a0e\u7387","alias_name":"","normal_tax":"4.00","special_tax":"12.00","status":1,"is_del":1,"add_time":0,"up_time":0}],"price_list":[{"id":2651,"plate_conts_id":1,"new_cate_one_id":1,"new_cate_two_id":355,"new_cate_three_id":356,"name":"\u94dc\u82af\u5bfc\u4f53","ratio":"0.90","sort":1000,"is_del":1,"cat_index":2,"blank_id":1557},{"id":2652,"plate_conts_id":1,"new_cate_one_id":1,"new_cate_two_id":355,"new_cate_three_id":362,"name":"\u8f90\u7167\u4ea4\u8054\u7edd\u7f18","ratio":"1.00","sort":1000,"is_del":1,"cat_index":2,"blank_id":1557},{"id":2653,"plate_conts_id":1,"new_cate_one_id":1,"new_cate_two_id":355,"new_cate_three_id":371,"name":"PVC\u62a4\u5957","ratio":"1.00","sort":1000,"is_del":1,"cat_index":2,"blank_id":1557}],"all_blanks":[{"id":1738,"pid":1,"group_id":3,"catname":"\u5546\u54c1","cat_index":1,"source":"[\"6a2bd1928b6ed.png\"]","sorts":0,"gimage":"6a2bcd01617ca.png","gnames":"\u94dc\u82af\u4ea4\u8054\u805a\u4e59\u70ef\u7edd\u7f18\u805a\u6c2f\u4e59\u70ef\u62a4\u5957\u963b\u71c3\u7535\u7f06\u3010\u4e5d\u6298\u6807\u51c6\u3011","up_a":"0.0","down_a":"0.0","up_b":"0.0","down_b":"0.0","up_c":"0.0","down_c":"0.0","up_d":"0.0","down_d":"0.0","up_e":"0.0","down_e":"0.0","up_f":"0.0","down_f":"0.0","ticket_nor":3,"ticket_person":11,"status":1,"uptimes":1781256594,"times":1781095065,"new_tax_id":1},{"id":1739,"pid":1,"group_id":4,"catname":"\u5546\u54c1","cat_index":1,"source":"[\"6a2bd1928b6ed.png\"]","sorts":0,"gimage":"6a2bcd01617ca.png","gnames":"\u94dc\u82af\u4ea4\u8054\u805a\u4e59\u70ef\u7edd\u7f18\u805a\u6c2f\u4e59\u70ef\u62a4\u5957\u963b\u71c3\u7535\u7f06\u3010\u4e5d\u6298\u6807\u51c6\u3011","up_a":"0.0","down_a":"0.0","up_b":"0.0","down_b":"0.0","up_c":"0.0","down_c":"0.0","up_d":"0.0","down_d":"0.0","up_e":"0.0","down_e":"0.0","up_f":"0.0","down_f":"0.0","ticket_nor":3,"ticket_person":11,"status":1,"uptimes":1781256594,"times":1781095065,"new_tax_id":1},{"id":1557,"pid":1,"group_id":3,"catname":"\u4e5d\u6298\u6807\u51c6","cat_index":2,"source":"[\"677187340b61b.png\"]","sorts":0,"gimage":"677187340b3d7.png","gnames":"\u94dc\u82af\u4ea4\u8054\u805a\u4e59\u70ef\u7edd\u7f18\u805a\u6c2f\u4e59\u70ef\u62a4\u5957\u963b\u71c3\u7535\u7f06\u3010\u4e5d\u6298\u6807\u51c6\u3011","up_a":"0.0","down_a":"0.0","up_b":"0.0","down_b":"0.0","up_c":"0.0","down_c":"0.0","up_d":"0.0","down_d":"0.0","up_e":"0.0","down_e":"0.0","up_f":"0.0","down_f":"0.0","ticket_nor":3,"ticket_person":11,"status":1,"uptimes":1781095113,"times":1735489364,"new_tax_id":1},{"id":1740,"pid":1,"group_id":4,"catname":"\u4e5d\u6298\u6807\u51c6","cat_index":2,"source":"[\"677187340b61b.png\"]","sorts":null,"gimage":"677187340b3d7.png","gnames":"\u94dc\u82af\u4ea4\u8054\u805a\u4e59\u70ef\u7edd\u7f18\u805a\u6c2f\u4e59\u70ef\u62a4\u5957\u963b\u71c3\u7535\u7f06\u3010\u4e5d\u6298\u6807\u51c6\u3011","up_a":"0.0","down_a":"0.0","up_b":"0.0","down_b":"0.0","up_c":"0.0","down_c":"0.0","up_d":"0.0","down_d":"0.0","up_e":"0.0","down_e":"0.0","up_f":"0.0","down_f":"0.0","ticket_nor":3,"ticket_person":11,"status":1,"uptimes":1781228972,"times":1781228972,"new_tax_id":1},{"id":1558,"pid":1,"group_id":3,"catname":"\u516b\u6298\u6807\u51c6","cat_index":3,"source":"[\"677187340b61b.png\"]","sorts":0,"gimage":"677187340b3d7.png","gnames":"\u94dc\u82af\u4ea4\u8054\u805a\u4e59\u70ef\u7edd\u7f18\u805a\u6c2f\u4e59\u70ef\u62a4\u5957\u963b\u71c3\u7535\u7f06\u3010\u4e5d\u6298\u6807\u51c6\u3011","up_a":"0.0","down_a":"0.0","up_b":"0.0","down_b":"0.0","up_c":"0.0","down_c":"0.0","up_d":"0.0","down_d":"0.0","up_e":"0.0","down_e":"0.0","up_f":"0.0","down_f":"0.0","ticket_nor":3,"ticket_person":11,"status":1,"uptimes":1781096265,"times":1735490732,"new_tax_id":1},{"id":1741,"pid":1,"group_id":4,"catname":"\u516b\u6298\u6807\u51c6","cat_index":3,"source":"[\"677187340b61b.png\"]","sorts":null,"gimage":"677187340b3d7.png","gnames":"\u94dc\u82af\u4ea4\u8054\u805a\u4e59\u70ef\u7edd\u7f18\u805a\u6c2f\u4e59\u70ef\u62a4\u5957\u963b\u71c3\u7535\u7f06\u3010\u4e5d\u6298\u6807\u51c6\u3011","up_a":"0.0","down_a":"0.0","up_b":"0.0","down_b":"0.0","up_c":"0.0","down_c":"0.0","up_d":"0.0","down_d":"0.0","up_e":"0.0","down_e":"0.0","up_f":"0.0","down_f":"0.0","ticket_nor":3,"ticket_person":11,"status":1,"uptimes":1781228972,"times":1781228972,"new_tax_id":1}],"group_list":[{"id":5,"pid":0,"name":"\u6807\u51c61\u9009\u9879\u5361","ratio":"1.000000","sort":1,"add_time":1781423342,"up_time":1781423342},{"id":6,"pid":0,"name":"\u6807\u51c62\u9009\u9879\u5361","ratio":"1.000000","sort":2,"add_time":1781423342,"up_time":1781423342},{"id":7,"pid":0,"name":"\u6807\u51c63\u9009\u9879\u5361","ratio":"1.000000","sort":3,"add_time":1781423342,"up_time":1781423342},{"id":8,"pid":0,"name":"\u6807\u51c64\u9009\u9879\u5361","ratio":"1.000000","sort":4,"add_time":1781423342,"up_time":1781423342},{"id":9,"pid":0,"name":"\u6807\u51c65\u9009\u9879\u5361","ratio":"1.000000","sort":5,"add_time":1781423342,"up_time":1781423342},{"id":10,"pid":0,"name":"\u6807\u51c66\u9009\u9879\u5361","ratio":"1.000000","sort":6,"add_time":1781423342,"up_time":1781423342},{"id":11,"pid":0,"name":"\u6807\u51c67\u9009\u9879\u5361","ratio":"1.000000","sort":7,"add_time":1781423342,"up_time":1781423342},{"id":12,"pid":0,"name":"\u6807\u51c68\u9009\u9879\u5361","ratio":"1.000000","sort":8,"add_time":1781423342,"up_time":1781423342},{"id":13,"pid":0,"name":"\u6807\u51c69\u9009\u9879\u5361","ratio":"1.000000","sort":9,"add_time":1781423342,"up_time":1781423342},{"id":14,"pid":0,"name":"\u6807\u51c610\u9009\u9879\u5361","ratio":"1.000000","sort":10,"add_time":1781423342,"up_time":1781423342}]}}

[ 2026-06-14T15:49:50+08:00 ] ::1 /Home/Goods/plate_conts_blankr.html
INFO: [ app_init ] --START--
INFO: Run Behavior\BuildLiteBehavior [ RunTime:0.000007s ]
INFO: [ app_init ] --END-- [ RunTime:0.000089s ]
INFO: [ app_begin ] --START--
INFO: Run Behavior\ReadHtmlCacheBehavior [ RunTime:0.000517s ]
INFO: [ app_begin ] --END-- [ RunTime:0.000984s ]
SQL: SHOW COLUMNS FROM `plate_conts_blank` [ RunTime:0.0042s ]
SQL: SHOW COLUMNS FROM `plate_conts_logs` [ RunTime:0.0031s ]
SQL: SHOW COLUMNS FROM `plate_conts_logsr` [ RunTime:0.0032s ]
SQL: SELECT * FROM `plate_conts_blank` WHERE `id` = 1558 LIMIT 1   [ RunTime:0.0011s ]
SQL: SELECT * FROM `plate_conts_logs` WHERE `blank_id` = 1558 ORDER BY number asc,id asc  [ RunTime:0.0012s ]
SQL: SELECT `key_0` FROM `plate_conts_logs` WHERE `blank_id` = 1558 GROUP BY key_0 LIMIT 1   [ RunTime:0.0004s ]
SQL: SELECT `key_1` FROM `plate_conts_logs` WHERE `blank_id` = 1558 GROUP BY key_1 LIMIT 1   [ RunTime:0.0004s ]
SQL: SELECT `key_2` FROM `plate_conts_logs` WHERE `blank_id` = 1558 GROUP BY key_2 LIMIT 1   [ RunTime:0.0004s ]
SQL: SELECT `key_3` FROM `plate_conts_logs` WHERE `blank_id` = 1558 GROUP BY key_3 LIMIT 1   [ RunTime:0.0007s ]
SQL: SELECT `key_4` FROM `plate_conts_logs` WHERE `blank_id` = 1558 GROUP BY key_4 LIMIT 1   [ RunTime:0.0002s ]
SQL: SELECT `key_5` FROM `plate_conts_logs` WHERE `blank_id` = 1558 GROUP BY key_5 LIMIT 1   [ RunTime:0.0002s ]
SQL: SELECT `key_6` FROM `plate_conts_logs` WHERE `blank_id` = 1558 GROUP BY key_6 LIMIT 1   [ RunTime:0.0003s ]
SQL: SELECT `key_7` FROM `plate_conts_logs` WHERE `blank_id` = 1558 GROUP BY key_7 LIMIT 1   [ RunTime:0.0003s ]
NOTIC: [2] Trying to access array offset on value of type null /Users/gangliu/data/catdesk_workspace/yilan/App/Home/Controller/GoodsController.class.php 第 788 行.
NOTIC: [2] Trying to access array offset on value of type null /Users/gangliu/data/catdesk_workspace/yilan/App/Home/Controller/GoodsController.class.php 第 788 行.
NOTIC: [2] Trying to access array offset on value of type null /Users/gangliu/data/catdesk_workspace/yilan/App/Home/Controller/GoodsController.class.php 第 788 行.
NOTIC: [2] Trying to access array offset on value of type null /Users/gangliu/data/catdesk_workspace/yilan/App/Home/Controller/GoodsController.class.php 第 789 行.
NOTIC: [2] Trying to access array offset on value of type null /Users/gangliu/data/catdesk_workspace/yilan/App/Home/Controller/GoodsController.class.php 第 789 行.
NOTIC: [2] Trying to access array offset on value of type null /Users/gangliu/data/catdesk_workspace/yilan/App/Home/Controller/GoodsController.class.php 第 790 行.
NOTIC: [2] Trying to access array offset on value of type null /Users/gangliu/data/catdesk_workspace/yilan/App/Home/Controller/GoodsController.class.php 第 790 行.
NOTIC: [2] Trying to access array offset on value of type null /Users/gangliu/data/catdesk_workspace/yilan/App/Home/Controller/GoodsController.class.php 第 790 行.
SQL: SHOW COLUMNS FROM `new_tax` [ RunTime:0.0030s ]
SQL: SELECT * FROM `new_tax` WHERE `is_del` = 1  [ RunTime:0.0016s ]
SQL: SHOW COLUMNS FROM `plate_conts_price` [ RunTime:0.0024s ]
SQL: SELECT * FROM `plate_conts_price` WHERE `blank_id` = 1558 AND `is_del` = 1 ORDER BY sort asc, id asc  [ RunTime:0.0015s ]
SQL: SELECT * FROM `plate_conts_blank` WHERE `pid` = 1 AND `status` = 1 ORDER BY cat_index asc  [ RunTime:0.0014s ]
SQL: SHOW COLUMNS FROM `plate_conts_blank_group` [ RunTime:0.0042s ]
SQL: SELECT * FROM `plate_conts_blank_group` WHERE `pid` = 0 ORDER BY sort asc, id asc  [ RunTime:0.0019s ]
ERR: {"status":1,"msg":"\u83b7\u53d6\u6210\u529f","data":{"info":{"id":1558,"pid":1,"group_id":3,"catname":"\u516b\u6298\u6807\u51c6","cat_index":3,"source":["677187340b61b.png"],"sorts":0,"gimage":"677187340b3d7.png","gnames":"\u94dc\u82af\u4ea4\u8054\u805a\u4e59\u70ef\u7edd\u7f18\u805a\u6c2f\u4e59\u70ef\u62a4\u5957\u963b\u71c3\u7535\u7f06\u3010\u4e5d\u6298\u6807\u51c6\u3011","up_a":"0.0","down_a":"0.0","up_b":"0.0","down_b":"0.0","up_c":"0.0","down_c":"0.0","up_d":"0.0","down_d":"0.0","up_e":"0.0","down_e":"0.0","up_f":"0.0","down_f":"0.0","ticket_nor":3,"ticket_person":11,"status":1,"uptimes":1781096265,"times":1735490732,"new_tax_id":1},"key":{"keya":null,"keyb":null,"keyc":null,"keyd":null,"keye":null,"keyf":null,"keyg":null,"keyh":null},"list":[],"tax_list":[{"id":1,"pid":0,"name":"\u7535\u529b\u7535\u7f06\u7a0e\u7387\u53d1\u7968","alias_name":"","normal_tax":"3.00","special_tax":"11.00","status":1,"is_del":1,"add_time":0,"up_time":0},{"id":2,"pid":0,"name":"\u5bb6\u88c5\u7535\u7ebf\u7a0e\u7387","alias_name":"","normal_tax":"3.00","special_tax":"10.00","status":1,"is_del":1,"add_time":0,"up_time":0},{"id":3,"pid":0,"name":"\u521a\u6027\u9632\u706b\u7535\u7f06\u7a0e\u7387","alias_name":"","normal_tax":"3.00","special_tax":"9.00","status":1,"is_del":1,"add_time":0,"up_time":0},{"id":9,"pid":0,"name":"\u6a61\u5957\u7535\u7f06\u7a0e\u7387","alias_name":"","normal_tax":"3.00","special_tax":"11.00","status":1,"is_del":1,"add_time":0,"up_time":0},{"id":10,"pid":0,"name":"\u77ff\u7528\u6a61\u80f6\u7535\u7f06\u7a0e\u7387","alias_name":"","normal_tax":"4.00","special_tax":"12.00","status":1,"is_del":1,"add_time":0,"up_time":0}],"price_list":[{"id":2654,"plate_conts_id":1,"new_cate_one_id":1,"new_cate_two_id":355,"new_cate_three_id":356,"name":"\u94dc\u82af\u5bfc\u4f53","ratio":"0.80","sort":1000,"is_del":1,"cat_index":3,"blank_id":1558},{"id":2655,"plate_conts_id":1,"new_cate_one_id":1,"new_cate_two_id":355,"new_cate_three_id":362,"name":"\u8f90\u7167\u4ea4\u8054\u7edd\u7f18","ratio":"1.00","sort":1000,"is_del":1,"cat_index":3,"blank_id":1558},{"id":2656,"plate_conts_id":1,"new_cate_one_id":1,"new_cate_two_id":355,"new_cate_three_id":371,"name":"PVC\u62a4\u5957","ratio":"1.00","sort":1000,"is_del":1,"cat_index":3,"blank_id":1558},{"id":7815,"plate_conts_id":1,"new_cate_one_id":1,"new_cate_two_id":355,"new_cate_three_id":356,"name":"\u94dc\u82af\u5bfc\u4f53","ratio":"0.90","sort":1000,"is_del":1,"cat_index":3,"blank_id":1558},{"id":7816,"plate_conts_id":1,"new_cate_one_id":1,"new_cate_two_id":355,"new_cate_three_id":362,"name":"\u8f90\u7167\u4ea4\u8054\u7edd\u7f18","ratio":"1.00","sort":1000,"is_del":1,"cat_index":3,"blank_id":1558}],"all_blanks":[{"id":1738,"pid":1,"group_id":3,"catname":"\u5546\u54c1","cat_index":1,"source":"[\"6a2bd1928b6ed.png\"]","sorts":0,"gimage":"6a2bcd01617ca.png","gnames":"\u94dc\u82af\u4ea4\u8054\u805a\u4e59\u70ef\u7edd\u7f18\u805a\u6c2f\u4e59\u70ef\u62a4\u5957\u963b\u71c3\u7535\u7f06\u3010\u4e5d\u6298\u6807\u51c6\u3011","up_a":"0.0","down_a":"0.0","up_b":"0.0","down_b":"0.0","up_c":"0.0","down_c":"0.0","up_d":"0.0","down_d":"0.0","up_e":"0.0","down_e":"0.0","up_f":"0.0","down_f":"0.0","ticket_nor":3,"ticket_person":11,"status":1,"uptimes":1781256594,"times":1781095065,"new_tax_id":1},{"id":1739,"pid":1,"group_id":4,"catname":"\u5546\u54c1","cat_index":1,"source":"[\"6a2bd1928b6ed.png\"]","sorts":0,"gimage":"6a2bcd01617ca.png","gnames":"\u94dc\u82af\u4ea4\u8054\u805a\u4e59\u70ef\u7edd\u7f18\u805a\u6c2f\u4e59\u70ef\u62a4\u5957\u963b\u71c3\u7535\u7f06\u3010\u4e5d\u6298\u6807\u51c6\u3011","up_a":"0.0","down_a":"0.0","up_b":"0.0","down_b":"0.0","up_c":"0.0","down_c":"0.0","up_d":"0.0","down_d":"0.0","up_e":"0.0","down_e":"0.0","up_f":"0.0","down_f":"0.0","ticket_nor":3,"ticket_person":11,"status":1,"uptimes":1781256594,"times":1781095065,"new_tax_id":1},{"id":1557,"pid":1,"group_id":3,"catname":"\u4e5d\u6298\u6807\u51c6","cat_index":2,"source":"[\"677187340b61b.png\"]","sorts":0,"gimage":"677187340b3d7.png","gnames":"\u94dc\u82af\u4ea4\u8054\u805a\u4e59\u70ef\u7edd\u7f18\u805a\u6c2f\u4e59\u70ef\u62a4\u5957\u963b\u71c3\u7535\u7f06\u3010\u4e5d\u6298\u6807\u51c6\u3011","up_a":"0.0","down_a":"0.0","up_b":"0.0","down_b":"0.0","up_c":"0.0","down_c":"0.0","up_d":"0.0","down_d":"0.0","up_e":"0.0","down_e":"0.0","up_f":"0.0","down_f":"0.0","ticket_nor":3,"ticket_person":11,"status":1,"uptimes":1781095113,"times":1735489364,"new_tax_id":1},{"id":1740,"pid":1,"group_id":4,"catname":"\u4e5d\u6298\u6807\u51c6","cat_index":2,"source":"[\"677187340b61b.png\"]","sorts":null,"gimage":"677187340b3d7.png","gnames":"\u94dc\u82af\u4ea4\u8054\u805a\u4e59\u70ef\u7edd\u7f18\u805a\u6c2f\u4e59\u70ef\u62a4\u5957\u963b\u71c3\u7535\u7f06\u3010\u4e5d\u6298\u6807\u51c6\u3011","up_a":"0.0","down_a":"0.0","up_b":"0.0","down_b":"0.0","up_c":"0.0","down_c":"0.0","up_d":"0.0","down_d":"0.0","up_e":"0.0","down_e":"0.0","up_f":"0.0","down_f":"0.0","ticket_nor":3,"ticket_person":11,"status":1,"uptimes":1781228972,"times":1781228972,"new_tax_id":1},{"id":1558,"pid":1,"group_id":3,"catname":"\u516b\u6298\u6807\u51c6","cat_index":3,"source":"[\"677187340b61b.png\"]","sorts":0,"gimage":"677187340b3d7.png","gnames":"\u94dc\u82af\u4ea4\u8054\u805a\u4e59\u70ef\u7edd\u7f18\u805a\u6c2f\u4e59\u70ef\u62a4\u5957\u963b\u71c3\u7535\u7f06\u3010\u4e5d\u6298\u6807\u51c6\u3011","up_a":"0.0","down_a":"0.0","up_b":"0.0","down_b":"0.0","up_c":"0.0","down_c":"0.0","up_d":"0.0","down_d":"0.0","up_e":"0.0","down_e":"0.0","up_f":"0.0","down_f":"0.0","ticket_nor":3,"ticket_person":11,"status":1,"uptimes":1781096265,"times":1735490732,"new_tax_id":1},{"id":1741,"pid":1,"group_id":4,"catname":"\u516b\u6298\u6807\u51c6","cat_index":3,"source":"[\"677187340b61b.png\"]","sorts":null,"gimage":"677187340b3d7.png","gnames":"\u94dc\u82af\u4ea4\u8054\u805a\u4e59\u70ef\u7edd\u7f18\u805a\u6c2f\u4e59\u70ef\u62a4\u5957\u963b\u71c3\u7535\u7f06\u3010\u4e5d\u6298\u6807\u51c6\u3011","up_a":"0.0","down_a":"0.0","up_b":"0.0","down_b":"0.0","up_c":"0.0","down_c":"0.0","up_d":"0.0","down_d":"0.0","up_e":"0.0","down_e":"0.0","up_f":"0.0","down_f":"0.0","ticket_nor":3,"ticket_person":11,"status":1,"uptimes":1781228972,"times":1781228972,"new_tax_id":1}],"group_list":[{"id":5,"pid":0,"name":"\u6807\u51c61\u9009\u9879\u5361","ratio":"1.000000","sort":1,"add_time":1781423342,"up_time":1781423342},{"id":6,"pid":0,"name":"\u6807\u51c62\u9009\u9879\u5361","ratio":"1.000000","sort":2,"add_time":1781423342,"up_time":1781423342},{"id":7,"pid":0,"name":"\u6807\u51c63\u9009\u9879\u5361","ratio":"1.000000","sort":3,"add_time":1781423342,"up_time":1781423342},{"id":8,"pid":0,"name":"\u6807\u51c64\u9009\u9879\u5361","ratio":"1.000000","sort":4,"add_time":1781423342,"up_time":1781423342},{"id":9,"pid":0,"name":"\u6807\u51c65\u9009\u9879\u5361","ratio":"1.000000","sort":5,"add_time":1781423342,"up_time":1781423342},{"id":10,"pid":0,"name":"\u6807\u51c66\u9009\u9879\u5361","ratio":"1.000000","sort":6,"add_time":1781423342,"up_time":1781423342},{"id":11,"pid":0,"name":"\u6807\u51c67\u9009\u9879\u5361","ratio":"1.000000","sort":7,"add_time":1781423342,"up_time":1781423342},{"id":12,"pid":0,"name":"\u6807\u51c68\u9009\u9879\u5361","ratio":"1.000000","sort":8,"add_time":1781423342,"up_time":1781423342},{"id":13,"pid":0,"name":"\u6807\u51c69\u9009\u9879\u5361","ratio":"1.000000","sort":9,"add_time":1781423342,"up_time":1781423342},{"id":14,"pid":0,"name":"\u6807\u51c610\u9009\u9879\u5361","ratio":"1.000000","sort":10,"add_time":1781423342,"up_time":1781423342}]}}

[ 2026-06-14T15:49:54+08:00 ] ::1 /Home/goodsPrice/priceEditGet.html
INFO: [ app_init ] --START--
INFO: Run Behavior\BuildLiteBehavior [ RunTime:0.000014s ]
INFO: [ app_init ] --END-- [ RunTime:0.000111s ]
INFO: [ app_begin ] --START--
INFO: Run Behavior\ReadHtmlCacheBehavior [ RunTime:0.000049s ]
INFO: [ app_begin ] --END-- [ RunTime:0.000081s ]
SQL: SHOW COLUMNS FROM `plate_conts_price` [ RunTime:0.0039s ]
SQL: SELECT * FROM `plate_conts_price` WHERE `id` = 2654 LIMIT 1   [ RunTime:0.0016s ]
ERR: {"status":1,"msg":"\u83b7\u53d6\u6210\u529f","data":{"info":{"id":2654,"plate_conts_id":1,"new_cate_one_id":1,"new_cate_two_id":355,"new_cate_three_id":356,"name":"\u94dc\u82af\u5bfc\u4f53","ratio":0.8,"sort":1000,"is_del":1,"cat_index":3,"blank_id":1558}}}

[ 2026-06-14T15:49:54+08:00 ] ::1 /Home/goodsPrice/priceCateList.html
INFO: [ app_init ] --START--
INFO: Run Behavior\BuildLiteBehavior [ RunTime:0.000013s ]
INFO: [ app_init ] --END-- [ RunTime:0.000206s ]
INFO: [ app_begin ] --START--
INFO: Run Behavior\ReadHtmlCacheBehavior [ RunTime:0.000046s ]
INFO: [ app_begin ] --END-- [ RunTime:0.000089s ]
SQL: SHOW COLUMNS FROM `new_cate` [ RunTime:0.0051s ]
SQL: SELECT * FROM `new_cate` WHERE `pid` = 0  [ RunTime:0.0084s ]
ERR: {"status":1,"msg":"\u83b7\u53d6\u6210\u529f","data":{"cate_list":[{"id":1,"pid":0,"name":"01-\u30101KV-3KV\u3011\u7535\u7f06\u7cfb\u5217\u6750\u6599","alias_name":"","one_id":0,"two_id":0,"level":1,"status":1,"is_del":1,"add_time":0,"up_time":0,"price":"99.0000","new_label_id":5},{"id":2,"pid":0,"name":"02-\u4e2d\u9ad8\u538b\u7535\u7f06\u677f\u5757\u6750\u6599","alias_name":"","one_id":0,"two_id":0,"level":1,"status":1,"is_del":1,"add_time":0,"up_time":0,"price":"0.0000","new_label_id":0},{"id":244,"pid":0,"name":"03-\u5bb6\u88c5\u5f31\u7535\u677f\u5757","alias_name":"","one_id":0,"two_id":0,"level":1,"status":1,"is_del":1,"add_time":0,"up_time":0,"price":"0.0000","new_label_id":0},{"id":309,"pid":0,"name":"04-\u63a7\u5236\u7535\u7f06\u7cfb\u5217\u6750\u6599","alias_name":"","one_id":0,"two_id":0,"level":1,"status":1,"is_del":1,"add_time":0,"up_time":0,"price":"0.0000","new_label_id":0},{"id":694,"pid":0,"name":"05-\u6a61\u80f6\u7c7b\u7535\u7f06\u6750\u6599","alias_name":"","one_id":0,"two_id":0,"level":1,"status":1,"is_del":1,"add_time":0,"up_time":0,"price":"0.0000","new_label_id":0},{"id":835,"pid":0,"name":"06-\u67b6\u7a7a\u7535\u7f06\u7cfb\u5217","alias_name":"","one_id":0,"two_id":0,"level":1,"status":1,"is_del":1,"add_time":0,"up_time":0,"price":"0.0000","new_label_id":0},{"id":900,"pid":0,"name":"07-\u901a\u4fe1\u7535\u7f06\u7cfb\u5217","alias_name":"","one_id":0,"two_id":0,"level":1,"status":1,"is_del":1,"add_time":0,"up_time":0,"price":"0.0000","new_label_id":0}],"level":1}}

[ 2026-06-14T15:49:54+08:00 ] ::1 /Home/goodsPrice/priceCateList.html
INFO: [ app_init ] --START--
INFO: Run Behavior\BuildLiteBehavior [ RunTime:0.000004s ]
INFO: [ app_init ] --END-- [ RunTime:0.000039s ]
INFO: [ app_begin ] --START--
INFO: Run Behavior\ReadHtmlCacheBehavior [ RunTime:0.000030s ]
INFO: [ app_begin ] --END-- [ RunTime:0.000047s ]
SQL: SHOW COLUMNS FROM `new_cate` [ RunTime:0.0061s ]
SQL: SELECT * FROM `new_cate` WHERE `id` = 1 LIMIT 1   [ RunTime:0.0030s ]
SQL: SELECT * FROM `new_cate` WHERE `pid` = 1  [ RunTime:0.0011s ]
ERR: {"status":1,"msg":"\u83b7\u53d6\u6210\u529f","data":{"cate_list":[{"id":355,"pid":1,"name":"\u4f4e\u538b\u7535\u7f06\u6750\u6599-1KV","alias_name":"","one_id":0,"two_id":0,"level":2,"status":1,"is_del":1,"add_time":0,"up_time":0,"price":"0.0000","new_label_id":0},{"id":376,"pid":1,"name":"\u9632\u706b\u7535\u7f06\u6750\u6599-1KV","alias_name":"","one_id":0,"two_id":0,"level":2,"status":1,"is_del":1,"add_time":0,"up_time":0,"price":"0.0000","new_label_id":0},{"id":393,"pid":1,"name":"\u53d8\u9891\u7535\u7f06\u6750\u6599-1KV","alias_name":"","one_id":0,"two_id":0,"level":2,"status":1,"is_del":1,"add_time":0,"up_time":0,"price":"0.0000","new_label_id":0},{"id":423,"pid":1,"name":"\u4f4e\u538b\u7535\u7f06\u6750\u6599-3KV","alias_name":"","one_id":0,"two_id":0,"level":2,"status":1,"is_del":1,"add_time":0,"up_time":0,"price":"0.0000","new_label_id":0},{"id":424,"pid":1,"name":"\u53d8\u9891\u7535\u7f06\u6750\u6599-3KV","alias_name":"","one_id":0,"two_id":0,"level":2,"status":1,"is_del":1,"add_time":0,"up_time":0,"price":"0.0000","new_label_id":0},{"id":837,"pid":1,"name":"\u67b6\u7a7a\u7535\u7f06\u6750\u6599\u5217\u8868","alias_name":"","one_id":0,"two_id":0,"level":2,"status":1,"is_del":1,"add_time":0,"up_time":0,"price":"0.0000","new_label_id":0}],"level":2}}

[ 2026-06-14T15:49:54+08:00 ] ::1 /Home/goodsPrice/priceCateList.html
INFO: [ app_init ] --START--
INFO: Run Behavior\BuildLiteBehavior [ RunTime:0.000009s ]
INFO: [ app_init ] --END-- [ RunTime:0.000079s ]
INFO: [ app_begin ] --START--
INFO: Run Behavior\ReadHtmlCacheBehavior [ RunTime:0.000098s ]
INFO: [ app_begin ] --END-- [ RunTime:0.000156s ]
SQL: SHOW COLUMNS FROM `new_cate` [ RunTime:0.0034s ]
SQL: SELECT * FROM `new_cate` WHERE `id` = 355 LIMIT 1   [ RunTime:0.0032s ]
SQL: SELECT * FROM `new_cate` WHERE `pid` = 355  [ RunTime:0.0010s ]
ERR: {"status":1,"msg":"\u83b7\u53d6\u6210\u529f","data":{"cate_list":[{"id":356,"pid":355,"name":"01-1KV-\u94dc\u82af\u5bfc\u4f53-\u786c\u82af","alias_name":"","one_id":0,"two_id":0,"level":3,"status":1,"is_del":1,"add_time":0,"up_time":0,"price":"16.2000","new_label_id":205},{"id":357,"pid":355,"name":"02-1KV-\u94dc\u82af\u5bfc\u4f53-\u8f6f\u82af","alias_name":"","one_id":0,"two_id":0,"level":3,"status":1,"is_del":1,"add_time":0,"up_time":0,"price":"102.9600","new_label_id":96},{"id":358,"pid":355,"name":"03-1KV-\u94dd\u82af\u5bfc\u4f53-\u786c\u82af","alias_name":"","one_id":0,"two_id":0,"level":3,"status":1,"is_del":1,"add_time":0,"up_time":0,"price":"23.0000","new_label_id":51},{"id":359,"pid":355,"name":"04-1KV-\u94dc\u5305\u94dd\u5bfc\u4f53-\u786c\u82af","alias_name":"","one_id":0,"two_id":0,"level":3,"status":1,"is_del":1,"add_time":0,"up_time":0,"price":"31.5900","new_label_id":121},{"id":360,"pid":355,"name":"05-1KV-\u8010\u706b\u4e91\u6bcd\u91cd\u91cf-\u666e\u901a","alias_name":"","one_id":0,"two_id":0,"level":3,"status":1,"is_del":1,"add_time":0,"up_time":0,"price":"38.0000","new_label_id":94},{"id":361,"pid":355,"name":"06-1KV-PVC\u7edd\u7f18\u91cd\u91cf","alias_name":"","one_id":0,"two_id":0,"level":3,"status":1,"is_del":1,"add_time":0,"up_time":0,"price":"7.5000","new_label_id":74},{"id":362,"pid":355,"name":"07-1KV-\u8f90\u7167\u4ea4\u8054\u91cd\u91cf","alias_name":"","one_id":0,"two_id":0,"level":3,"status":1,"is_del":1,"add_time":0,"up_time":0,"price":"12.0000","new_label_id":27},{"id":363,"pid":355,"name":"08-1KV-\u4f4e\u70df\u65e0\u5364\u7edd\u7f18\u91cd\u91cf","alias_name":"","one_id":0,"two_id":0,"level":3,"status":1,"is_del":1,"add_time":0,"up_time":0,"price":"15.2400","new_label_id":125},{"id":364,"pid":355,"name":"09-1KV-\u94e0\u88c5\u94a2\u5e26\u91cd\u91cf-\u5355\u82af\u4e0d\u9508\u94a2","alias_name":"","one_id":0,"two_id":0,"level":3,"status":1,"is_del":1,"add_time":0,"up_time":0,"price":"10.5000","new_label_id":106},{"id":365,"pid":355,"name":"10-1KV-\u94e0\u88c5\u94a2\u5e26\u91cd\u91cf-\u591a\u82af\u94a2\u5e26","alias_name":"","one_id":0,"two_id":0,"level":3,"status":1,"is_del":1,"add_time":0,"up_time":0,"price":"4.2000","new_label_id":105},{"id":366,"pid":355,"name":"11-1KV-\u94e0\u88c5\u94a2\u4e1d\u91cd\u91cf-\u5355\u82af\u7ec6\u94dd\u4e1d","alias_name":"","one_id":0,"two_id":0,"level":3,"status":1,"is_del":1,"add_time":0,"up_time":0,"price":"23.0000","new_label_id":51},{"id":367,"pid":355,"name":"12-1KV-\u94e0\u88c5\u94a2\u4e1d\u91cd\u91cf-\u591a\u82af\u7ec6\u94a2\u4e1d","alias_name":"","one_id":0,"two_id":0,"level":3,"status":1,"is_del":1,"add_time":0,"up_time":0,"price":"4.5300","new_label_id":107},{"id":368,"pid":355,"name":"13-1KV-\u94e0\u88c5\u94a2\u4e1d\u91cd\u91cf-\u5355\u82af\u7c97\u94dd\u4e1d","alias_name":"","one_id":0,"two_id":0,"level":3,"status":1,"is_del":1,"add_time":0,"up_time":0,"price":"23.0000","new_label_id":51},{"id":369,"pid":355,"name":"14-1KV-\u94e0\u88c5\u94a2\u4e1d\u91cd\u91cf-\u591a\u82af\u7c97\u94a2\u4e1d","alias_name":"","one_id":0,"two_id":0,"level":3,"status":1,"is_del":1,"add_time":0,"up_time":0,"price":"4.5300","new_label_id":107},{"id":370,"pid":355,"name":"15-1KV-\u8fde\u9501\u94e0\u88c5\u91cd\u91cf-\u8fde\u9501\u94dd\u5e26","alias_name":"","one_id":0,"two_id":0,"level":3,"status":1,"is_del":1,"add_time":0,"up_time":0,"price":"24.1500","new_label_id":97},{"id":371,"pid":355,"name":"16-1KV-PVC\u62a4\u5957\u91cd\u91cf-\u666e\u901a\u578b","alias_name":"","one_id":0,"two_id":0,"level":3,"status":1,"is_del":1,"add_time":0,"up_time":0,"price":"7.0000","new_label_id":109},{"id":372,"pid":355,"name":"17-1KV-PVC\u62a4\u5957\u91cd\u91cf-\u94a2\u5e26\u578b","alias_name":"","one_id":0,"two_id":0,"level":3,"status":1,"is_del":1,"add_time":0,"up_time":0,"price":"7.0000","new_label_id":109},{"id":373,"pid":355,"name":"18-1KV-PVC\u62a4\u5957\u91cd\u91cf-\u7ec6\u94a2\u4e1d\u578b","alias_name":"","one_id":0,"two_id":0,"level":3,"status":1,"is_del":1,"add_time":0,"up_time":0,"price":"7.0000","new_label_id":109},{"id":374,"pid":355,"name":"19-1KV-PVC\u62a4\u5957\u91cd\u91cf-\u7c97\u94a2\u4e1d\u578b","alias_name":"","one_id":0,"two_id":0,"level":3,"status":1,"is_del":1,"add_time":0,"up_time":0,"price":"7.0000","new_label_id":109},{"id":375,"pid":355,"name":"20-1KV-PVC\u8fde\u9501\u94e0\u88c5\u62a4\u5957\u91cd\u91cf-\u8fde\u9501\u578b","alias_name":"","one_id":0,"two_id":0,"level":3,"status":1,"is_del":1,"add_time":0,"up_time":0,"price":"7.0000","new_label_id":109},{"id":420,"pid":355,"name":"21-1KV-\u4f4e\u70df\u65e0\u5364\u62a4\u5957\u91cd\u91cf-\u666e\u901a\u578b","alias_name":"","one_id":0,"two_id":0,"level":3,"status":1,"is_del":1,"add_time":0,"up_time":0,"price":"8.1900","new_label_id":110},{"id":421,"pid":355,"name":"22-1KV-\u4f4e\u70df\u65e0\u5364\u62a4\u5957\u91cd\u91cf-\u94a2\u5e26\u578b","alias_name":"","one_id":0,"two_id":0,"level":3,"status":1,"is_del":1,"add_time":0,"up_time":0,"price":"8.1900","new_label_id":110},{"id":422,"pid":355,"name":"23-1KV-\u94dd\u5408\u91d1\u5bfc\u4f53","alias_name":"","one_id":0,"two_id":0,"level":3,"status":1,"is_del":1,"add_time":0,"up_time":0,"price":"24.1500","new_label_id":97}],"level":3}}

[ 2026-06-14T15:49:57+08:00 ] ::1 /Home/Goods/plate_conts_blankr.html
INFO: [ app_init ] --START--
INFO: Run Behavior\BuildLiteBehavior [ RunTime:0.000014s ]
INFO: [ app_init ] --END-- [ RunTime:0.000105s ]
INFO: [ app_begin ] --START--
INFO: Run Behavior\ReadHtmlCacheBehavior [ RunTime:0.000108s ]
INFO: [ app_begin ] --END-- [ RunTime:0.000197s ]
SQL: SHOW COLUMNS FROM `plate_conts_blank` [ RunTime:0.0042s ]
SQL: SHOW COLUMNS FROM `plate_conts_logs` [ RunTime:0.0039s ]
SQL: SHOW COLUMNS FROM `plate_conts_logsr` [ RunTime:0.0023s ]
SQL: SELECT * FROM `plate_conts_blank` WHERE `id` = 1738 LIMIT 1   [ RunTime:0.0019s ]
SQL: SELECT * FROM `plate_conts_logs` WHERE `blank_id` = 1738 ORDER BY number asc,id asc  [ RunTime:0.0012s ]
SQL: SELECT `key_0` FROM `plate_conts_logs` WHERE `blank_id` = 1738 GROUP BY key_0 LIMIT 1   [ RunTime:0.0005s ]
SQL: SELECT `key_1` FROM `plate_conts_logs` WHERE `blank_id` = 1738 GROUP BY key_1 LIMIT 1   [ RunTime:0.0003s ]
SQL: SELECT `key_2` FROM `plate_conts_logs` WHERE `blank_id` = 1738 GROUP BY key_2 LIMIT 1   [ RunTime:0.0003s ]
SQL: SELECT `key_3` FROM `plate_conts_logs` WHERE `blank_id` = 1738 GROUP BY key_3 LIMIT 1   [ RunTime:0.0017s ]
SQL: SELECT `key_4` FROM `plate_conts_logs` WHERE `blank_id` = 1738 GROUP BY key_4 LIMIT 1   [ RunTime:0.0013s ]
SQL: SELECT `key_5` FROM `plate_conts_logs` WHERE `blank_id` = 1738 GROUP BY key_5 LIMIT 1   [ RunTime:0.0008s ]
SQL: SELECT `key_6` FROM `plate_conts_logs` WHERE `blank_id` = 1738 GROUP BY key_6 LIMIT 1   [ RunTime:0.0009s ]
SQL: SELECT `key_7` FROM `plate_conts_logs` WHERE `blank_id` = 1738 GROUP BY key_7 LIMIT 1   [ RunTime:0.0004s ]
SQL: SHOW COLUMNS FROM `new_tax` [ RunTime:0.0026s ]
SQL: SELECT * FROM `new_tax` WHERE `is_del` = 1  [ RunTime:0.0027s ]
SQL: SHOW COLUMNS FROM `plate_conts_price` [ RunTime:0.0031s ]
SQL: SELECT * FROM `plate_conts_price` WHERE `blank_id` = 1738 AND `is_del` = 1 ORDER BY sort asc, id asc  [ RunTime:0.0021s ]
SQL: SELECT * FROM `plate_conts_blank` WHERE `pid` = 1 AND `status` = 1 ORDER BY cat_index asc  [ RunTime:0.0010s ]
SQL: SHOW COLUMNS FROM `plate_conts_blank_group` [ RunTime:0.0027s ]
SQL: SELECT * FROM `plate_conts_blank_group` WHERE `pid` = 0 ORDER BY sort asc, id asc  [ RunTime:0.0009s ]
ERR: {"status":1,"msg":"\u83b7\u53d6\u6210\u529f","data":{"info":{"id":1738,"pid":1,"group_id":3,"catname":"\u5546\u54c1","cat_index":1,"source":["6a2bd1928b6ed.png"],"sorts":0,"gimage":"6a2bcd01617ca.png","gnames":"\u94dc\u82af\u4ea4\u8054\u805a\u4e59\u70ef\u7edd\u7f18\u805a\u6c2f\u4e59\u70ef\u62a4\u5957\u963b\u71c3\u7535\u7f06\u3010\u4e5d\u6298\u6807\u51c6\u3011","up_a":"0.0","down_a":"0.0","up_b":"0.0","down_b":"0.0","up_c":"0.0","down_c":"0.0","up_d":"0.0","down_d":"0.0","up_e":"0.0","down_e":"0.0","up_f":"0.0","down_f":"0.0","ticket_nor":3,"ticket_person":11,"status":1,"uptimes":1781256594,"times":1781095065,"new_tax_id":1},"key":{"keya":"\u4f9b\u8d27\u65b9\u5f0f","keyb":"\u8d28\u91cf\u6807\u51c6","keyc":"\u6267\u884c\u6807\u51c6","keyd":"\u8d77\u8ba2\u6570\u91cf","keye":"\u8ba1\u91cf\u5355\u4f4d","keyf":"\u4ea7\u54c1\u578b\u53f7","keyg":"\u7535\u538b\u7b49\u7ea7","keyh":"\u4ea7\u54c1\u89c4\u683c"},"list":[{"id":1397848,"pid":1,"cat_index":1,"blank_id":1738,"ptype":2,"source":null,"gnames":null,"sorts":1,"key_0":"\u4f9b\u8d27\u65b9\u5f0f","value_0":"\u5de5\u5382\u751f\u4ea7","key_1":"\u8d28\u91cf\u6807\u51c6","value_1":"\u56fd\u7f51\u6807\u51c6","key_2":"\u6267\u884c\u6807\u51c6","value_2":"GB\/TGWD-2023","price":"3.24","dratio":"1.060","market":"3.43","trans":"7\u5929\u5185\u53d1\u8d27","ticket_nor":null,"ticket_person":null,"status":1,"uptimes":1781255055,"times":1781255049,"number":1,"key_3":"\u8d77\u8ba2\u6570\u91cf","value_3":"500\u7c73","key_4":"\u8ba1\u91cf\u5355\u4f4d","value_4":"\u7c73","key_5":"\u4ea7\u54c1\u578b\u53f7","value_5":"ZC-YJV","key_6":"\u7535\u538b\u7b49\u7ea7","value_6":"0.6\/1KV","key_7":"\u4ea7\u54c1\u89c4\u683c","value_7":"1\u00d710"}],"tax_list":[{"id":1,"pid":0,"name":"\u7535\u529b\u7535\u7f06\u7a0e\u7387\u53d1\u7968","alias_name":"","normal_tax":"3.00","special_tax":"11.00","status":1,"is_del":1,"add_time":0,"up_time":0},{"id":2,"pid":0,"name":"\u5bb6\u88c5\u7535\u7ebf\u7a0e\u7387","alias_name":"","normal_tax":"3.00","special_tax":"10.00","status":1,"is_del":1,"add_time":0,"up_time":0},{"id":3,"pid":0,"name":"\u521a\u6027\u9632\u706b\u7535\u7f06\u7a0e\u7387","alias_name":"","normal_tax":"3.00","special_tax":"9.00","status":1,"is_del":1,"add_time":0,"up_time":0},{"id":9,"pid":0,"name":"\u6a61\u5957\u7535\u7f06\u7a0e\u7387","alias_name":"","normal_tax":"3.00","special_tax":"11.00","status":1,"is_del":1,"add_time":0,"up_time":0},{"id":10,"pid":0,"name":"\u77ff\u7528\u6a61\u80f6\u7535\u7f06\u7a0e\u7387","alias_name":"","normal_tax":"4.00","special_tax":"12.00","status":1,"is_del":1,"add_time":0,"up_time":0}],"price_list":[{"id":2648,"plate_conts_id":1,"new_cate_one_id":1,"new_cate_two_id":355,"new_cate_three_id":356,"name":"\u94dc\u82af\u5bfc\u4f53","ratio":"1.00","sort":1000,"is_del":1,"cat_index":1,"blank_id":1738},{"id":2649,"plate_conts_id":1,"new_cate_one_id":1,"new_cate_two_id":355,"new_cate_three_id":362,"name":"\u8f90\u7167\u4ea4\u8054\u7edd\u7f18","ratio":"1.00","sort":1000,"is_del":1,"cat_index":1,"blank_id":1738},{"id":2650,"plate_conts_id":1,"new_cate_one_id":1,"new_cate_two_id":355,"new_cate_three_id":371,"name":"PVC\u62a4\u5957","ratio":"1.00","sort":1000,"is_del":1,"cat_index":1,"blank_id":1738},{"id":7812,"plate_conts_id":1,"new_cate_one_id":1,"new_cate_two_id":355,"new_cate_three_id":356,"name":"\u94dc\u82af\u5bfc\u4f53","ratio":"0.90","sort":1000,"is_del":1,"cat_index":1,"blank_id":1738},{"id":7813,"plate_conts_id":1,"new_cate_one_id":1,"new_cate_two_id":355,"new_cate_three_id":362,"name":"\u8f90\u7167\u4ea4\u8054\u7edd\u7f18","ratio":"1.00","sort":1000,"is_del":1,"cat_index":1,"blank_id":1738}],"all_blanks":[{"id":1738,"pid":1,"group_id":3,"catname":"\u5546\u54c1","cat_index":1,"source":"[\"6a2bd1928b6ed.png\"]","sorts":0,"gimage":"6a2bcd01617ca.png","gnames":"\u94dc\u82af\u4ea4\u8054\u805a\u4e59\u70ef\u7edd\u7f18\u805a\u6c2f\u4e59\u70ef\u62a4\u5957\u963b\u71c3\u7535\u7f06\u3010\u4e5d\u6298\u6807\u51c6\u3011","up_a":"0.0","down_a":"0.0","up_b":"0.0","down_b":"0.0","up_c":"0.0","down_c":"0.0","up_d":"0.0","down_d":"0.0","up_e":"0.0","down_e":"0.0","up_f":"0.0","down_f":"0.0","ticket_nor":3,"ticket_person":11,"status":1,"uptimes":1781256594,"times":1781095065,"new_tax_id":1},{"id":1739,"pid":1,"group_id":4,"catname":"\u5546\u54c1","cat_index":1,"source":"[\"6a2bd1928b6ed.png\"]","sorts":0,"gimage":"6a2bcd01617ca.png","gnames":"\u94dc\u82af\u4ea4\u8054\u805a\u4e59\u70ef\u7edd\u7f18\u805a\u6c2f\u4e59\u70ef\u62a4\u5957\u963b\u71c3\u7535\u7f06\u3010\u4e5d\u6298\u6807\u51c6\u3011","up_a":"0.0","down_a":"0.0","up_b":"0.0","down_b":"0.0","up_c":"0.0","down_c":"0.0","up_d":"0.0","down_d":"0.0","up_e":"0.0","down_e":"0.0","up_f":"0.0","down_f":"0.0","ticket_nor":3,"ticket_person":11,"status":1,"uptimes":1781256594,"times":1781095065,"new_tax_id":1},{"id":1557,"pid":1,"group_id":3,"catname":"\u4e5d\u6298\u6807\u51c6","cat_index":2,"source":"[\"677187340b61b.png\"]","sorts":0,"gimage":"677187340b3d7.png","gnames":"\u94dc\u82af\u4ea4\u8054\u805a\u4e59\u70ef\u7edd\u7f18\u805a\u6c2f\u4e59\u70ef\u62a4\u5957\u963b\u71c3\u7535\u7f06\u3010\u4e5d\u6298\u6807\u51c6\u3011","up_a":"0.0","down_a":"0.0","up_b":"0.0","down_b":"0.0","up_c":"0.0","down_c":"0.0","up_d":"0.0","down_d":"0.0","up_e":"0.0","down_e":"0.0","up_f":"0.0","down_f":"0.0","ticket_nor":3,"ticket_person":11,"status":1,"uptimes":1781095113,"times":1735489364,"new_tax_id":1},{"id":1740,"pid":1,"group_id":4,"catname":"\u4e5d\u6298\u6807\u51c6","cat_index":2,"source":"[\"677187340b61b.png\"]","sorts":null,"gimage":"677187340b3d7.png","gnames":"\u94dc\u82af\u4ea4\u8054\u805a\u4e59\u70ef\u7edd\u7f18\u805a\u6c2f\u4e59\u70ef\u62a4\u5957\u963b\u71c3\u7535\u7f06\u3010\u4e5d\u6298\u6807\u51c6\u3011","up_a":"0.0","down_a":"0.0","up_b":"0.0","down_b":"0.0","up_c":"0.0","down_c":"0.0","up_d":"0.0","down_d":"0.0","up_e":"0.0","down_e":"0.0","up_f":"0.0","down_f":"0.0","ticket_nor":3,"ticket_person":11,"status":1,"uptimes":1781228972,"times":1781228972,"new_tax_id":1},{"id":1558,"pid":1,"group_id":3,"catname":"\u516b\u6298\u6807\u51c6","cat_index":3,"source":"[\"677187340b61b.png\"]","sorts":0,"gimage":"677187340b3d7.png","gnames":"\u94dc\u82af\u4ea4\u8054\u805a\u4e59\u70ef\u7edd\u7f18\u805a\u6c2f\u4e59\u70ef\u62a4\u5957\u963b\u71c3\u7535\u7f06\u3010\u4e5d\u6298\u6807\u51c6\u3011","up_a":"0.0","down_a":"0.0","up_b":"0.0","down_b":"0.0","up_c":"0.0","down_c":"0.0","up_d":"0.0","down_d":"0.0","up_e":"0.0","down_e":"0.0","up_f":"0.0","down_f":"0.0","ticket_nor":3,"ticket_person":11,"status":1,"uptimes":1781096265,"times":1735490732,"new_tax_id":1},{"id":1741,"pid":1,"group_id":4,"catname":"\u516b\u6298\u6807\u51c6","cat_index":3,"source":"[\"677187340b61b.png\"]","sorts":null,"gimage":"677187340b3d7.png","gnames":"\u94dc\u82af\u4ea4\u8054\u805a\u4e59\u70ef\u7edd\u7f18\u805a\u6c2f\u4e59\u70ef\u62a4\u5957\u963b\u71c3\u7535\u7f06\u3010\u4e5d\u6298\u6807\u51c6\u3011","up_a":"0.0","down_a":"0.0","up_b":"0.0","down_b":"0.0","up_c":"0.0","down_c":"0.0","up_d":"0.0","down_d":"0.0","up_e":"0.0","down_e":"0.0","up_f":"0.0","down_f":"0.0","ticket_nor":3,"ticket_person":11,"status":1,"uptimes":1781228972,"times":1781228972,"new_tax_id":1}],"group_list":[{"id":5,"pid":0,"name":"\u6807\u51c61\u9009\u9879\u5361","ratio":"1.000000","sort":1,"add_time":1781423342,"up_time":1781423342},{"id":6,"pid":0,"name":"\u6807\u51c62\u9009\u9879\u5361","ratio":"1.000000","sort":2,"add_time":1781423342,"up_time":1781423342},{"id":7,"pid":0,"name":"\u6807\u51c63\u9009\u9879\u5361","ratio":"1.000000","sort":3,"add_time":1781423342,"up_time":1781423342},{"id":8,"pid":0,"name":"\u6807\u51c64\u9009\u9879\u5361","ratio":"1.000000","sort":4,"add_time":1781423342,"up_time":1781423342},{"id":9,"pid":0,"name":"\u6807\u51c65\u9009\u9879\u5361","ratio":"1.000000","sort":5,"add_time":1781423342,"up_time":1781423342},{"id":10,"pid":0,"name":"\u6807\u51c66\u9009\u9879\u5361","ratio":"1.000000","sort":6,"add_time":1781423342,"up_time":1781423342},{"id":11,"pid":0,"name":"\u6807\u51c67\u9009\u9879\u5361","ratio":"1.000000","sort":7,"add_time":1781423342,"up_time":1781423342},{"id":12,"pid":0,"name":"\u6807\u51c68\u9009\u9879\u5361","ratio":"1.000000","sort":8,"add_time":1781423342,"up_time":1781423342},{"id":13,"pid":0,"name":"\u6807\u51c69\u9009\u9879\u5361","ratio":"1.000000","sort":9,"add_time":1781423342,"up_time":1781423342},{"id":14,"pid":0,"name":"\u6807\u51c610\u9009\u9879\u5361","ratio":"1.000000","sort":10,"add_time":1781423342,"up_time":1781423342}]}}

[ 2026-06-14T15:53:52+08:00 ] ::1 /Home/Goods/plate_conts_list/id/1.html
INFO: [ app_init ] --START--
INFO: Run Behavior\BuildLiteBehavior [ RunTime:0.000014s ]
INFO: [ app_init ] --END-- [ RunTime:0.001091s ]
INFO: [ app_begin ] --START--
INFO: Run Behavior\ReadHtmlCacheBehavior [ RunTime:0.000034s ]
INFO: [ app_begin ] --END-- [ RunTime:0.000049s ]
SQL: SHOW COLUMNS FROM `plate_conts` [ RunTime:0.0249s ]
SQL: SHOW COLUMNS FROM `sys_tmps` [ RunTime:0.0057s ]
SQL: SELECT * FROM `plate_conts` WHERE `id` = 1 LIMIT 1   [ RunTime:0.0019s ]
SQL: SELECT * FROM `sys_tmps` WHERE `types` = 2 ORDER BY id desc  [ RunTime:0.0021s ]
INFO: [ view_parse ] --START--
INFO: [ template_filter ] --START--
INFO: Run Behavior\ContentReplaceBehavior [ RunTime:0.000303s ]
INFO: [ template_filter ] --END-- [ RunTime:0.000352s ]
INFO: Run Behavior\ParseTemplateBehavior [ RunTime:0.017414s ]
INFO: [ view_parse ] --END-- [ RunTime:0.017463s ]
INFO: [ view_filter ] --START--
INFO: Run Behavior\WriteHtmlCacheBehavior [ RunTime:0.000066s ]
INFO: [ view_filter ] --END-- [ RunTime:0.000076s ]
INFO: [ app_end ] --START--
INFO: Run Behavior\ShowPageTraceBehavior [ RunTime:0.000061s ]
INFO: [ app_end ] --END-- [ RunTime:0.000079s ]

[ 2026-06-14T15:53:52+08:00 ] ::1 /Home/Goods/plate_conts_blankr.html
INFO: [ app_init ] --START--
INFO: Run Behavior\BuildLiteBehavior [ RunTime:0.000004s ]
INFO: [ app_init ] --END-- [ RunTime:0.000065s ]
INFO: [ app_begin ] --START--
INFO: Run Behavior\ReadHtmlCacheBehavior [ RunTime:0.000015s ]
INFO: [ app_begin ] --END-- [ RunTime:0.000028s ]
SQL: SHOW COLUMNS FROM `plate_conts_blank` [ RunTime:0.0039s ]
SQL: SHOW COLUMNS FROM `plate_conts_logs` [ RunTime:0.0042s ]
SQL: SHOW COLUMNS FROM `plate_conts_logsr` [ RunTime:0.0022s ]
SQL: SELECT * FROM `plate_conts_blank` WHERE `pid` = 1 AND `cat_index` = 1 LIMIT 1   [ RunTime:0.0100s ]
SQL: SELECT * FROM `plate_conts_logs` WHERE `blank_id` = 1739 ORDER BY number asc,id asc  [ RunTime:0.0017s ]
SQL: SELECT `key_0` FROM `plate_conts_logs` WHERE `blank_id` = 1739 GROUP BY key_0 LIMIT 1   [ RunTime:0.0015s ]
SQL: SELECT `key_1` FROM `plate_conts_logs` WHERE `blank_id` = 1739 GROUP BY key_1 LIMIT 1   [ RunTime:0.0019s ]
SQL: SELECT `key_2` FROM `plate_conts_logs` WHERE `blank_id` = 1739 GROUP BY key_2 LIMIT 1   [ RunTime:0.0128s ]
SQL: SELECT `key_3` FROM `plate_conts_logs` WHERE `blank_id` = 1739 GROUP BY key_3 LIMIT 1   [ RunTime:0.0165s ]
SQL: SELECT `key_4` FROM `plate_conts_logs` WHERE `blank_id` = 1739 GROUP BY key_4 LIMIT 1   [ RunTime:0.0024s ]
SQL: SELECT `key_5` FROM `plate_conts_logs` WHERE `blank_id` = 1739 GROUP BY key_5 LIMIT 1   [ RunTime:0.0027s ]
SQL: SELECT `key_6` FROM `plate_conts_logs` WHERE `blank_id` = 1739 GROUP BY key_6 LIMIT 1   [ RunTime:0.0022s ]
SQL: SELECT `key_7` FROM `plate_conts_logs` WHERE `blank_id` = 1739 GROUP BY key_7 LIMIT 1   [ RunTime:0.0043s ]
NOTIC: [2] Trying to access array offset on value of type null /Users/gangliu/data/catdesk_workspace/yilan/App/Home/Controller/GoodsController.class.php 第 788 行.
NOTIC: [2] Trying to access array offset on value of type null /Users/gangliu/data/catdesk_workspace/yilan/App/Home/Controller/GoodsController.class.php 第 788 行.
NOTIC: [2] Trying to access array offset on value of type null /Users/gangliu/data/catdesk_workspace/yilan/App/Home/Controller/GoodsController.class.php 第 788 行.
NOTIC: [2] Trying to access array offset on value of type null /Users/gangliu/data/catdesk_workspace/yilan/App/Home/Controller/GoodsController.class.php 第 789 行.
NOTIC: [2] Trying to access array offset on value of type null /Users/gangliu/data/catdesk_workspace/yilan/App/Home/Controller/GoodsController.class.php 第 789 行.
NOTIC: [2] Trying to access array offset on value of type null /Users/gangliu/data/catdesk_workspace/yilan/App/Home/Controller/GoodsController.class.php 第 790 行.
NOTIC: [2] Trying to access array offset on value of type null /Users/gangliu/data/catdesk_workspace/yilan/App/Home/Controller/GoodsController.class.php 第 790 行.
NOTIC: [2] Trying to access array offset on value of type null /Users/gangliu/data/catdesk_workspace/yilan/App/Home/Controller/GoodsController.class.php 第 790 行.
SQL: SHOW COLUMNS FROM `new_tax` [ RunTime:0.0046s ]
SQL: SELECT * FROM `new_tax` WHERE `is_del` = 1  [ RunTime:0.0011s ]
SQL: SHOW COLUMNS FROM `plate_conts_price` [ RunTime:0.0030s ]
SQL: SELECT * FROM `plate_conts_price` WHERE `blank_id` = 1739 AND `is_del` = 1 ORDER BY sort asc, id asc  [ RunTime:0.0013s ]
SQL: SELECT * FROM `plate_conts_blank` WHERE `pid` = 1 AND `status` = 1 ORDER BY cat_index asc  [ RunTime:0.0030s ]
SQL: SHOW COLUMNS FROM `plate_conts_blank_group` [ RunTime:0.0080s ]
SQL: SELECT * FROM `plate_conts_blank_group` WHERE `pid` = 0 ORDER BY sort asc, id asc  [ RunTime:0.0020s ]
ERR: {"status":1,"msg":"\u83b7\u53d6\u6210\u529f","data":{"info":{"id":1739,"pid":1,"group_id":5,"catname":"\u5546\u54c1","cat_index":1,"source":["6a2bd1928b6ed.png"],"sorts":0,"gimage":"6a2bcd01617ca.png","gnames":"\u94dc\u82af\u4ea4\u8054\u805a\u4e59\u70ef\u7edd\u7f18\u805a\u6c2f\u4e59\u70ef\u62a4\u5957\u963b\u71c3\u7535\u7f06\u3010\u4e5d\u6298\u6807\u51c6\u3011","up_a":"0.0","down_a":"0.0","up_b":"0.0","down_b":"0.0","up_c":"0.0","down_c":"0.0","up_d":"0.0","down_d":"0.0","up_e":"0.0","down_e":"0.0","up_f":"0.0","down_f":"0.0","ticket_nor":3,"ticket_person":11,"status":1,"uptimes":1781256594,"times":1781095065,"new_tax_id":1},"key":{"keya":null,"keyb":null,"keyc":null,"keyd":null,"keye":null,"keyf":null,"keyg":null,"keyh":null},"list":[],"tax_list":[{"id":1,"pid":0,"name":"\u7535\u529b\u7535\u7f06\u7a0e\u7387\u53d1\u7968","alias_name":"","normal_tax":"3.00","special_tax":"11.00","status":1,"is_del":1,"add_time":0,"up_time":0},{"id":2,"pid":0,"name":"\u5bb6\u88c5\u7535\u7ebf\u7a0e\u7387","alias_name":"","normal_tax":"3.00","special_tax":"10.00","status":1,"is_del":1,"add_time":0,"up_time":0},{"id":3,"pid":0,"name":"\u521a\u6027\u9632\u706b\u7535\u7f06\u7a0e\u7387","alias_name":"","normal_tax":"3.00","special_tax":"9.00","status":1,"is_del":1,"add_time":0,"up_time":0},{"id":9,"pid":0,"name":"\u6a61\u5957\u7535\u7f06\u7a0e\u7387","alias_name":"","normal_tax":"3.00","special_tax":"11.00","status":1,"is_del":1,"add_time":0,"up_time":0},{"id":10,"pid":0,"name":"\u77ff\u7528\u6a61\u80f6\u7535\u7f06\u7a0e\u7387","alias_name":"","normal_tax":"4.00","special_tax":"12.00","status":1,"is_del":1,"add_time":0,"up_time":0}],"price_list":[],"all_blanks":[{"id":1739,"pid":1,"group_id":5,"catname":"\u5546\u54c1","cat_index":1,"source":"[\"6a2bd1928b6ed.png\"]","sorts":0,"gimage":"6a2bcd01617ca.png","gnames":"\u94dc\u82af\u4ea4\u8054\u805a\u4e59\u70ef\u7edd\u7f18\u805a\u6c2f\u4e59\u70ef\u62a4\u5957\u963b\u71c3\u7535\u7f06\u3010\u4e5d\u6298\u6807\u51c6\u3011","up_a":"0.0","down_a":"0.0","up_b":"0.0","down_b":"0.0","up_c":"0.0","down_c":"0.0","up_d":"0.0","down_d":"0.0","up_e":"0.0","down_e":"0.0","up_f":"0.0","down_f":"0.0","ticket_nor":3,"ticket_person":11,"status":1,"uptimes":1781256594,"times":1781095065,"new_tax_id":1},{"id":1740,"pid":1,"group_id":5,"catname":"\u4e5d\u6298\u6807\u51c6","cat_index":2,"source":"[\"677187340b61b.png\"]","sorts":null,"gimage":"677187340b3d7.png","gnames":"\u94dc\u82af\u4ea4\u8054\u805a\u4e59\u70ef\u7edd\u7f18\u805a\u6c2f\u4e59\u70ef\u62a4\u5957\u963b\u71c3\u7535\u7f06\u3010\u4e5d\u6298\u6807\u51c6\u3011","up_a":"0.0","down_a":"0.0","up_b":"0.0","down_b":"0.0","up_c":"0.0","down_c":"0.0","up_d":"0.0","down_d":"0.0","up_e":"0.0","down_e":"0.0","up_f":"0.0","down_f":"0.0","ticket_nor":3,"ticket_person":11,"status":1,"uptimes":1781228972,"times":1781228972,"new_tax_id":1},{"id":1741,"pid":1,"group_id":5,"catname":"\u516b\u6298\u6807\u51c6","cat_index":3,"source":"[\"677187340b61b.png\"]","sorts":null,"gimage":"677187340b3d7.png","gnames":"\u94dc\u82af\u4ea4\u8054\u805a\u4e59\u70ef\u7edd\u7f18\u805a\u6c2f\u4e59\u70ef\u62a4\u5957\u963b\u71c3\u7535\u7f06\u3010\u4e5d\u6298\u6807\u51c6\u3011","up_a":"0.0","down_a":"0.0","up_b":"0.0","down_b":"0.0","up_c":"0.0","down_c":"0.0","up_d":"0.0","down_d":"0.0","up_e":"0.0","down_e":"0.0","up_f":"0.0","down_f":"0.0","ticket_nor":3,"ticket_person":11,"status":1,"uptimes":1781228972,"times":1781228972,"new_tax_id":1}],"group_list":[{"id":5,"pid":0,"name":"\u6807\u51c61\u9009\u9879\u5361","ratio":"1.000000","sort":1,"add_time":1781423342,"up_time":1781423342},{"id":6,"pid":0,"name":"\u6807\u51c62\u9009\u9879\u5361","ratio":"1.000000","sort":2,"add_time":1781423342,"up_time":1781423342},{"id":7,"pid":0,"name":"\u6807\u51c63\u9009\u9879\u5361","ratio":"1.000000","sort":3,"add_time":1781423342,"up_time":1781423342},{"id":8,"pid":0,"name":"\u6807\u51c64\u9009\u9879\u5361","ratio":"1.000000","sort":4,"add_time":1781423342,"up_time":1781423342},{"id":9,"pid":0,"name":"\u6807\u51c65\u9009\u9879\u5361","ratio":"1.000000","sort":5,"add_time":1781423342,"up_time":1781423342},{"id":10,"pid":0,"name":"\u6807\u51c66\u9009\u9879\u5361","ratio":"1.000000","sort":6,"add_time":1781423342,"up_time":1781423342},{"id":11,"pid":0,"name":"\u6807\u51c67\u9009\u9879\u5361","ratio":"1.000000","sort":7,"add_time":1781423342,"up_time":1781423342},{"id":12,"pid":0,"name":"\u6807\u51c68\u9009\u9879\u5361","ratio":"1.000000","sort":8,"add_time":1781423342,"up_time":1781423342},{"id":13,"pid":0,"name":"\u6807\u51c69\u9009\u9879\u5361","ratio":"1.000000","sort":9,"add_time":1781423342,"up_time":1781423342},{"id":14,"pid":0,"name":"\u6807\u51c610\u9009\u9879\u5361","ratio":"1.000000","sort":10,"add_time":1781423342,"up_time":1781423342}]}}

[ 2026-06-14T15:53:56+08:00 ] ::1 /Home/Goods/plate_conts_blankr.html
INFO: [ app_init ] --START--
INFO: Run Behavior\BuildLiteBehavior [ RunTime:0.000027s ]
INFO: [ app_init ] --END-- [ RunTime:0.000135s ]
INFO: [ app_begin ] --START--
INFO: Run Behavior\ReadHtmlCacheBehavior [ RunTime:0.000060s ]
INFO: [ app_begin ] --END-- [ RunTime:0.000099s ]
SQL: SHOW COLUMNS FROM `plate_conts_blank` [ RunTime:0.0383s ]
SQL: SHOW COLUMNS FROM `plate_conts_logs` [ RunTime:0.0726s ]
SQL: SHOW COLUMNS FROM `plate_conts_logsr` [ RunTime:0.0316s ]
SQL: SELECT * FROM `plate_conts_blank` WHERE `id` = 1739 LIMIT 1   [ RunTime:0.0010s ]
SQL: SELECT * FROM `plate_conts_logs` WHERE `blank_id` = 1739 ORDER BY number asc,id asc  [ RunTime:0.0008s ]
SQL: SELECT `key_0` FROM `plate_conts_logs` WHERE `blank_id` = 1739 GROUP BY key_0 LIMIT 1   [ RunTime:0.0007s ]
SQL: SELECT `key_1` FROM `plate_conts_logs` WHERE `blank_id` = 1739 GROUP BY key_1 LIMIT 1   [ RunTime:0.0007s ]
SQL: SELECT `key_2` FROM `plate_conts_logs` WHERE `blank_id` = 1739 GROUP BY key_2 LIMIT 1   [ RunTime:0.0007s ]
SQL: SELECT `key_3` FROM `plate_conts_logs` WHERE `blank_id` = 1739 GROUP BY key_3 LIMIT 1   [ RunTime:0.0005s ]
SQL: SELECT `key_4` FROM `plate_conts_logs` WHERE `blank_id` = 1739 GROUP BY key_4 LIMIT 1   [ RunTime:0.0447s ]
SQL: SELECT `key_5` FROM `plate_conts_logs` WHERE `blank_id` = 1739 GROUP BY key_5 LIMIT 1   [ RunTime:0.0009s ]
SQL: SELECT `key_6` FROM `plate_conts_logs` WHERE `blank_id` = 1739 GROUP BY key_6 LIMIT 1   [ RunTime:0.0007s ]
SQL: SELECT `key_7` FROM `plate_conts_logs` WHERE `blank_id` = 1739 GROUP BY key_7 LIMIT 1   [ RunTime:0.0004s ]
NOTIC: [2] Trying to access array offset on value of type null /Users/gangliu/data/catdesk_workspace/yilan/App/Home/Controller/GoodsController.class.php 第 788 行.
NOTIC: [2] Trying to access array offset on value of type null /Users/gangliu/data/catdesk_workspace/yilan/App/Home/Controller/GoodsController.class.php 第 788 行.
NOTIC: [2] Trying to access array offset on value of type null /Users/gangliu/data/catdesk_workspace/yilan/App/Home/Controller/GoodsController.class.php 第 788 行.
NOTIC: [2] Trying to access array offset on value of type null /Users/gangliu/data/catdesk_workspace/yilan/App/Home/Controller/GoodsController.class.php 第 789 行.
NOTIC: [2] Trying to access array offset on value of type null /Users/gangliu/data/catdesk_workspace/yilan/App/Home/Controller/GoodsController.class.php 第 789 行.
NOTIC: [2] Trying to access array offset on value of type null /Users/gangliu/data/catdesk_workspace/yilan/App/Home/Controller/GoodsController.class.php 第 790 行.
NOTIC: [2] Trying to access array offset on value of type null /Users/gangliu/data/catdesk_workspace/yilan/App/Home/Controller/GoodsController.class.php 第 790 行.
NOTIC: [2] Trying to access array offset on value of type null /Users/gangliu/data/catdesk_workspace/yilan/App/Home/Controller/GoodsController.class.php 第 790 行.
SQL: SHOW COLUMNS FROM `new_tax` [ RunTime:0.0028s ]
SQL: SELECT * FROM `new_tax` WHERE `is_del` = 1  [ RunTime:0.0010s ]
SQL: SHOW COLUMNS FROM `plate_conts_price` [ RunTime:0.0031s ]
SQL: SELECT * FROM `plate_conts_price` WHERE `blank_id` = 1739 AND `is_del` = 1 ORDER BY sort asc, id asc  [ RunTime:0.0011s ]
SQL: SELECT * FROM `plate_conts_blank` WHERE `pid` = 1 AND `status` = 1 ORDER BY cat_index asc  [ RunTime:0.0010s ]
SQL: SHOW COLUMNS FROM `plate_conts_blank_group` [ RunTime:0.0457s ]
SQL: SELECT * FROM `plate_conts_blank_group` WHERE `pid` = 0 ORDER BY sort asc, id asc  [ RunTime:0.0012s ]
ERR: {"status":1,"msg":"\u83b7\u53d6\u6210\u529f","data":{"info":{"id":1739,"pid":1,"group_id":5,"catname":"\u5546\u54c1","cat_index":1,"source":["6a2bd1928b6ed.png"],"sorts":0,"gimage":"6a2bcd01617ca.png","gnames":"\u94dc\u82af\u4ea4\u8054\u805a\u4e59\u70ef\u7edd\u7f18\u805a\u6c2f\u4e59\u70ef\u62a4\u5957\u963b\u71c3\u7535\u7f06\u3010\u4e5d\u6298\u6807\u51c6\u3011","up_a":"0.0","down_a":"0.0","up_b":"0.0","down_b":"0.0","up_c":"0.0","down_c":"0.0","up_d":"0.0","down_d":"0.0","up_e":"0.0","down_e":"0.0","up_f":"0.0","down_f":"0.0","ticket_nor":3,"ticket_person":11,"status":1,"uptimes":1781256594,"times":1781095065,"new_tax_id":1},"key":{"keya":null,"keyb":null,"keyc":null,"keyd":null,"keye":null,"keyf":null,"keyg":null,"keyh":null},"list":[],"tax_list":[{"id":1,"pid":0,"name":"\u7535\u529b\u7535\u7f06\u7a0e\u7387\u53d1\u7968","alias_name":"","normal_tax":"3.00","special_tax":"11.00","status":1,"is_del":1,"add_time":0,"up_time":0},{"id":2,"pid":0,"name":"\u5bb6\u88c5\u7535\u7ebf\u7a0e\u7387","alias_name":"","normal_tax":"3.00","special_tax":"10.00","status":1,"is_del":1,"add_time":0,"up_time":0},{"id":3,"pid":0,"name":"\u521a\u6027\u9632\u706b\u7535\u7f06\u7a0e\u7387","alias_name":"","normal_tax":"3.00","special_tax":"9.00","status":1,"is_del":1,"add_time":0,"up_time":0},{"id":9,"pid":0,"name":"\u6a61\u5957\u7535\u7f06\u7a0e\u7387","alias_name":"","normal_tax":"3.00","special_tax":"11.00","status":1,"is_del":1,"add_time":0,"up_time":0},{"id":10,"pid":0,"name":"\u77ff\u7528\u6a61\u80f6\u7535\u7f06\u7a0e\u7387","alias_name":"","normal_tax":"4.00","special_tax":"12.00","status":1,"is_del":1,"add_time":0,"up_time":0}],"price_list":[],"all_blanks":[{"id":1739,"pid":1,"group_id":5,"catname":"\u5546\u54c1","cat_index":1,"source":"[\"6a2bd1928b6ed.png\"]","sorts":0,"gimage":"6a2bcd01617ca.png","gnames":"\u94dc\u82af\u4ea4\u8054\u805a\u4e59\u70ef\u7edd\u7f18\u805a\u6c2f\u4e59\u70ef\u62a4\u5957\u963b\u71c3\u7535\u7f06\u3010\u4e5d\u6298\u6807\u51c6\u3011","up_a":"0.0","down_a":"0.0","up_b":"0.0","down_b":"0.0","up_c":"0.0","down_c":"0.0","up_d":"0.0","down_d":"0.0","up_e":"0.0","down_e":"0.0","up_f":"0.0","down_f":"0.0","ticket_nor":3,"ticket_person":11,"status":1,"uptimes":1781256594,"times":1781095065,"new_tax_id":1},{"id":1740,"pid":1,"group_id":5,"catname":"\u4e5d\u6298\u6807\u51c6","cat_index":2,"source":"[\"677187340b61b.png\"]","sorts":null,"gimage":"677187340b3d7.png","gnames":"\u94dc\u82af\u4ea4\u8054\u805a\u4e59\u70ef\u7edd\u7f18\u805a\u6c2f\u4e59\u70ef\u62a4\u5957\u963b\u71c3\u7535\u7f06\u3010\u4e5d\u6298\u6807\u51c6\u3011","up_a":"0.0","down_a":"0.0","up_b":"0.0","down_b":"0.0","up_c":"0.0","down_c":"0.0","up_d":"0.0","down_d":"0.0","up_e":"0.0","down_e":"0.0","up_f":"0.0","down_f":"0.0","ticket_nor":3,"ticket_person":11,"status":1,"uptimes":1781228972,"times":1781228972,"new_tax_id":1},{"id":1741,"pid":1,"group_id":5,"catname":"\u516b\u6298\u6807\u51c6","cat_index":3,"source":"[\"677187340b61b.png\"]","sorts":null,"gimage":"677187340b3d7.png","gnames":"\u94dc\u82af\u4ea4\u8054\u805a\u4e59\u70ef\u7edd\u7f18\u805a\u6c2f\u4e59\u70ef\u62a4\u5957\u963b\u71c3\u7535\u7f06\u3010\u4e5d\u6298\u6807\u51c6\u3011","up_a":"0.0","down_a":"0.0","up_b":"0.0","down_b":"0.0","up_c":"0.0","down_c":"0.0","up_d":"0.0","down_d":"0.0","up_e":"0.0","down_e":"0.0","up_f":"0.0","down_f":"0.0","ticket_nor":3,"ticket_person":11,"status":1,"uptimes":1781228972,"times":1781228972,"new_tax_id":1}],"group_list":[{"id":5,"pid":0,"name":"\u6807\u51c61\u9009\u9879\u5361","ratio":"1.000000","sort":1,"add_time":1781423342,"up_time":1781423342},{"id":6,"pid":0,"name":"\u6807\u51c62\u9009\u9879\u5361","ratio":"1.000000","sort":2,"add_time":1781423342,"up_time":1781423342},{"id":7,"pid":0,"name":"\u6807\u51c63\u9009\u9879\u5361","ratio":"1.000000","sort":3,"add_time":1781423342,"up_time":1781423342},{"id":8,"pid":0,"name":"\u6807\u51c64\u9009\u9879\u5361","ratio":"1.000000","sort":4,"add_time":1781423342,"up_time":1781423342},{"id":9,"pid":0,"name":"\u6807\u51c65\u9009\u9879\u5361","ratio":"1.000000","sort":5,"add_time":1781423342,"up_time":1781423342},{"id":10,"pid":0,"name":"\u6807\u51c66\u9009\u9879\u5361","ratio":"1.000000","sort":6,"add_time":1781423342,"up_time":1781423342},{"id":11,"pid":0,"name":"\u6807\u51c67\u9009\u9879\u5361","ratio":"1.000000","sort":7,"add_time":1781423342,"up_time":1781423342},{"id":12,"pid":0,"name":"\u6807\u51c68\u9009\u9879\u5361","ratio":"1.000000","sort":8,"add_time":1781423342,"up_time":1781423342},{"id":13,"pid":0,"name":"\u6807\u51c69\u9009\u9879\u5361","ratio":"1.000000","sort":9,"add_time":1781423342,"up_time":1781423342},{"id":14,"pid":0,"name":"\u6807\u51c610\u9009\u9879\u5361","ratio":"1.000000","sort":10,"add_time":1781423342,"up_time":1781423342}]}}

[ 2026-06-14T15:53:56+08:00 ] ::1 /Home/Goods/plate_conts_blankr.html
INFO: [ app_init ] --START--
INFO: Run Behavior\BuildLiteBehavior [ RunTime:0.000005s ]
INFO: [ app_init ] --END-- [ RunTime:0.000048s ]
INFO: [ app_begin ] --START--
INFO: Run Behavior\ReadHtmlCacheBehavior [ RunTime:0.000031s ]
INFO: [ app_begin ] --END-- [ RunTime:0.000058s ]
SQL: SHOW COLUMNS FROM `plate_conts_blank` [ RunTime:0.0034s ]
SQL: SHOW COLUMNS FROM `plate_conts_logs` [ RunTime:0.0032s ]
SQL: SHOW COLUMNS FROM `plate_conts_logsr` [ RunTime:0.0022s ]
SQL: SELECT * FROM `plate_conts_blank` WHERE `id` = 1739 LIMIT 1   [ RunTime:0.0008s ]
SQL: SELECT * FROM `plate_conts_logs` WHERE `blank_id` = 1739 ORDER BY number asc,id asc  [ RunTime:0.0018s ]
SQL: SELECT `key_0` FROM `plate_conts_logs` WHERE `blank_id` = 1739 GROUP BY key_0 LIMIT 1   [ RunTime:0.0012s ]
SQL: SELECT `key_1` FROM `plate_conts_logs` WHERE `blank_id` = 1739 GROUP BY key_1 LIMIT 1   [ RunTime:0.0009s ]
SQL: SELECT `key_2` FROM `plate_conts_logs` WHERE `blank_id` = 1739 GROUP BY key_2 LIMIT 1   [ RunTime:0.0007s ]
SQL: SELECT `key_3` FROM `plate_conts_logs` WHERE `blank_id` = 1739 GROUP BY key_3 LIMIT 1   [ RunTime:0.0009s ]
SQL: SELECT `key_4` FROM `plate_conts_logs` WHERE `blank_id` = 1739 GROUP BY key_4 LIMIT 1   [ RunTime:0.0006s ]
SQL: SELECT `key_5` FROM `plate_conts_logs` WHERE `blank_id` = 1739 GROUP BY key_5 LIMIT 1   [ RunTime:0.0006s ]
SQL: SELECT `key_6` FROM `plate_conts_logs` WHERE `blank_id` = 1739 GROUP BY key_6 LIMIT 1   [ RunTime:0.0005s ]
SQL: SELECT `key_7` FROM `plate_conts_logs` WHERE `blank_id` = 1739 GROUP BY key_7 LIMIT 1   [ RunTime:0.0005s ]
NOTIC: [2] Trying to access array offset on value of type null /Users/gangliu/data/catdesk_workspace/yilan/App/Home/Controller/GoodsController.class.php 第 788 行.
NOTIC: [2] Trying to access array offset on value of type null /Users/gangliu/data/catdesk_workspace/yilan/App/Home/Controller/GoodsController.class.php 第 788 行.
NOTIC: [2] Trying to access array offset on value of type null /Users/gangliu/data/catdesk_workspace/yilan/App/Home/Controller/GoodsController.class.php 第 788 行.
NOTIC: [2] Trying to access array offset on value of type null /Users/gangliu/data/catdesk_workspace/yilan/App/Home/Controller/GoodsController.class.php 第 789 行.
NOTIC: [2] Trying to access array offset on value of type null /Users/gangliu/data/catdesk_workspace/yilan/App/Home/Controller/GoodsController.class.php 第 789 行.
NOTIC: [2] Trying to access array offset on value of type null /Users/gangliu/data/catdesk_workspace/yilan/App/Home/Controller/GoodsController.class.php 第 790 行.
NOTIC: [2] Trying to access array offset on value of type null /Users/gangliu/data/catdesk_workspace/yilan/App/Home/Controller/GoodsController.class.php 第 790 行.
NOTIC: [2] Trying to access array offset on value of type null /Users/gangliu/data/catdesk_workspace/yilan/App/Home/Controller/GoodsController.class.php 第 790 行.
SQL: SHOW COLUMNS FROM `new_tax` [ RunTime:0.0028s ]
SQL: SELECT * FROM `new_tax` WHERE `is_del` = 1  [ RunTime:0.0013s ]
SQL: SHOW COLUMNS FROM `plate_conts_price` [ RunTime:0.0025s ]
SQL: SELECT * FROM `plate_conts_price` WHERE `blank_id` = 1739 AND `is_del` = 1 ORDER BY sort asc, id asc  [ RunTime:0.0008s ]
SQL: SELECT * FROM `plate_conts_blank` WHERE `pid` = 1 AND `status` = 1 ORDER BY cat_index asc  [ RunTime:0.0007s ]
SQL: SHOW COLUMNS FROM `plate_conts_blank_group` [ RunTime:0.0023s ]
SQL: SELECT * FROM `plate_conts_blank_group` WHERE `pid` = 0 ORDER BY sort asc, id asc  [ RunTime:0.0011s ]
ERR: {"status":1,"msg":"\u83b7\u53d6\u6210\u529f","data":{"info":{"id":1739,"pid":1,"group_id":5,"catname":"\u5546\u54c1","cat_index":1,"source":["6a2bd1928b6ed.png"],"sorts":0,"gimage":"6a2bcd01617ca.png","gnames":"\u94dc\u82af\u4ea4\u8054\u805a\u4e59\u70ef\u7edd\u7f18\u805a\u6c2f\u4e59\u70ef\u62a4\u5957\u963b\u71c3\u7535\u7f06\u3010\u4e5d\u6298\u6807\u51c6\u3011","up_a":"0.0","down_a":"0.0","up_b":"0.0","down_b":"0.0","up_c":"0.0","down_c":"0.0","up_d":"0.0","down_d":"0.0","up_e":"0.0","down_e":"0.0","up_f":"0.0","down_f":"0.0","ticket_nor":3,"ticket_person":11,"status":1,"uptimes":1781256594,"times":1781095065,"new_tax_id":1},"key":{"keya":null,"keyb":null,"keyc":null,"keyd":null,"keye":null,"keyf":null,"keyg":null,"keyh":null},"list":[],"tax_list":[{"id":1,"pid":0,"name":"\u7535\u529b\u7535\u7f06\u7a0e\u7387\u53d1\u7968","alias_name":"","normal_tax":"3.00","special_tax":"11.00","status":1,"is_del":1,"add_time":0,"up_time":0},{"id":2,"pid":0,"name":"\u5bb6\u88c5\u7535\u7ebf\u7a0e\u7387","alias_name":"","normal_tax":"3.00","special_tax":"10.00","status":1,"is_del":1,"add_time":0,"up_time":0},{"id":3,"pid":0,"name":"\u521a\u6027\u9632\u706b\u7535\u7f06\u7a0e\u7387","alias_name":"","normal_tax":"3.00","special_tax":"9.00","status":1,"is_del":1,"add_time":0,"up_time":0},{"id":9,"pid":0,"name":"\u6a61\u5957\u7535\u7f06\u7a0e\u7387","alias_name":"","normal_tax":"3.00","special_tax":"11.00","status":1,"is_del":1,"add_time":0,"up_time":0},{"id":10,"pid":0,"name":"\u77ff\u7528\u6a61\u80f6\u7535\u7f06\u7a0e\u7387","alias_name":"","normal_tax":"4.00","special_tax":"12.00","status":1,"is_del":1,"add_time":0,"up_time":0}],"price_list":[],"all_blanks":[{"id":1739,"pid":1,"group_id":5,"catname":"\u5546\u54c1","cat_index":1,"source":"[\"6a2bd1928b6ed.png\"]","sorts":0,"gimage":"6a2bcd01617ca.png","gnames":"\u94dc\u82af\u4ea4\u8054\u805a\u4e59\u70ef\u7edd\u7f18\u805a\u6c2f\u4e59\u70ef\u62a4\u5957\u963b\u71c3\u7535\u7f06\u3010\u4e5d\u6298\u6807\u51c6\u3011","up_a":"0.0","down_a":"0.0","up_b":"0.0","down_b":"0.0","up_c":"0.0","down_c":"0.0","up_d":"0.0","down_d":"0.0","up_e":"0.0","down_e":"0.0","up_f":"0.0","down_f":"0.0","ticket_nor":3,"ticket_person":11,"status":1,"uptimes":1781256594,"times":1781095065,"new_tax_id":1},{"id":1740,"pid":1,"group_id":5,"catname":"\u4e5d\u6298\u6807\u51c6","cat_index":2,"source":"[\"677187340b61b.png\"]","sorts":null,"gimage":"677187340b3d7.png","gnames":"\u94dc\u82af\u4ea4\u8054\u805a\u4e59\u70ef\u7edd\u7f18\u805a\u6c2f\u4e59\u70ef\u62a4\u5957\u963b\u71c3\u7535\u7f06\u3010\u4e5d\u6298\u6807\u51c6\u3011","up_a":"0.0","down_a":"0.0","up_b":"0.0","down_b":"0.0","up_c":"0.0","down_c":"0.0","up_d":"0.0","down_d":"0.0","up_e":"0.0","down_e":"0.0","up_f":"0.0","down_f":"0.0","ticket_nor":3,"ticket_person":11,"status":1,"uptimes":1781228972,"times":1781228972,"new_tax_id":1},{"id":1741,"pid":1,"group_id":5,"catname":"\u516b\u6298\u6807\u51c6","cat_index":3,"source":"[\"677187340b61b.png\"]","sorts":null,"gimage":"677187340b3d7.png","gnames":"\u94dc\u82af\u4ea4\u8054\u805a\u4e59\u70ef\u7edd\u7f18\u805a\u6c2f\u4e59\u70ef\u62a4\u5957\u963b\u71c3\u7535\u7f06\u3010\u4e5d\u6298\u6807\u51c6\u3011","up_a":"0.0","down_a":"0.0","up_b":"0.0","down_b":"0.0","up_c":"0.0","down_c":"0.0","up_d":"0.0","down_d":"0.0","up_e":"0.0","down_e":"0.0","up_f":"0.0","down_f":"0.0","ticket_nor":3,"ticket_person":11,"status":1,"uptimes":1781228972,"times":1781228972,"new_tax_id":1}],"group_list":[{"id":5,"pid":0,"name":"\u6807\u51c61\u9009\u9879\u5361","ratio":"1.000000","sort":1,"add_time":1781423342,"up_time":1781423342},{"id":6,"pid":0,"name":"\u6807\u51c62\u9009\u9879\u5361","ratio":"1.000000","sort":2,"add_time":1781423342,"up_time":1781423342},{"id":7,"pid":0,"name":"\u6807\u51c63\u9009\u9879\u5361","ratio":"1.000000","sort":3,"add_time":1781423342,"up_time":1781423342},{"id":8,"pid":0,"name":"\u6807\u51c64\u9009\u9879\u5361","ratio":"1.000000","sort":4,"add_time":1781423342,"up_time":1781423342},{"id":9,"pid":0,"name":"\u6807\u51c65\u9009\u9879\u5361","ratio":"1.000000","sort":5,"add_time":1781423342,"up_time":1781423342},{"id":10,"pid":0,"name":"\u6807\u51c66\u9009\u9879\u5361","ratio":"1.000000","sort":6,"add_time":1781423342,"up_time":1781423342},{"id":11,"pid":0,"name":"\u6807\u51c67\u9009\u9879\u5361","ratio":"1.000000","sort":7,"add_time":1781423342,"up_time":1781423342},{"id":12,"pid":0,"name":"\u6807\u51c68\u9009\u9879\u5361","ratio":"1.000000","sort":8,"add_time":1781423342,"up_time":1781423342},{"id":13,"pid":0,"name":"\u6807\u51c69\u9009\u9879\u5361","ratio":"1.000000","sort":9,"add_time":1781423342,"up_time":1781423342},{"id":14,"pid":0,"name":"\u6807\u51c610\u9009\u9879\u5361","ratio":"1.000000","sort":10,"add_time":1781423342,"up_time":1781423342}]}}

[ 2026-06-14T21:05:55+08:00 ] ::1 /Home/Goods/plate_conts_list/id/1.html
INFO: [ app_init ] --START--
INFO: Run Behavior\BuildLiteBehavior [ RunTime:0.000010s ]
INFO: [ app_init ] --END-- [ RunTime:0.003383s ]
INFO: [ app_begin ] --START--
INFO: Run Behavior\ReadHtmlCacheBehavior [ RunTime:0.000146s ]
INFO: [ app_begin ] --END-- [ RunTime:0.000183s ]
SQL: SHOW COLUMNS FROM `plate_conts` [ RunTime:0.0892s ]
SQL: SHOW COLUMNS FROM `sys_tmps` [ RunTime:0.0060s ]
SQL: SELECT * FROM `plate_conts` WHERE `id` = 1 LIMIT 1   [ RunTime:0.0097s ]
SQL: SELECT * FROM `sys_tmps` WHERE `types` = 2 ORDER BY id desc  [ RunTime:0.0055s ]
INFO: [ view_parse ] --START--
INFO: [ template_filter ] --START--
INFO: Run Behavior\ContentReplaceBehavior [ RunTime:0.000306s ]
INFO: [ template_filter ] --END-- [ RunTime:0.000385s ]
INFO: Run Behavior\ParseTemplateBehavior [ RunTime:0.020690s ]
INFO: [ view_parse ] --END-- [ RunTime:0.020759s ]
INFO: [ view_filter ] --START--
INFO: Run Behavior\WriteHtmlCacheBehavior [ RunTime:0.000127s ]
INFO: [ view_filter ] --END-- [ RunTime:0.000145s ]
INFO: [ app_end ] --START--
INFO: Run Behavior\ShowPageTraceBehavior [ RunTime:0.000070s ]
INFO: [ app_end ] --END-- [ RunTime:0.000078s ]

[ 2026-06-14T21:05:56+08:00 ] ::1 /Home/Goods/plate_conts_blankr.html
INFO: [ app_init ] --START--
INFO: Run Behavior\BuildLiteBehavior [ RunTime:0.000005s ]
INFO: [ app_init ] --END-- [ RunTime:0.000046s ]
INFO: [ app_begin ] --START--
INFO: Run Behavior\ReadHtmlCacheBehavior [ RunTime:0.000019s ]
INFO: [ app_begin ] --END-- [ RunTime:0.000035s ]
SQL: SHOW COLUMNS FROM `plate_conts_blank` [ RunTime:0.0326s ]
SQL: SHOW COLUMNS FROM `plate_conts_logs` [ RunTime:0.0096s ]
SQL: SHOW COLUMNS FROM `plate_conts_logsr` [ RunTime:0.0413s ]
SQL: SELECT * FROM `plate_conts_blank` WHERE `pid` = 1 AND `cat_index` = 1 LIMIT 1   [ RunTime:0.0478s ]
SQL: SELECT * FROM `plate_conts_logs` WHERE `blank_id` = 1739 ORDER BY number asc,id asc  [ RunTime:0.0075s ]
SQL: SELECT `key_0` FROM `plate_conts_logs` WHERE `blank_id` = 1739 GROUP BY key_0 LIMIT 1   [ RunTime:0.0015s ]
SQL: SELECT `key_1` FROM `plate_conts_logs` WHERE `blank_id` = 1739 GROUP BY key_1 LIMIT 1   [ RunTime:0.0006s ]
SQL: SELECT `key_2` FROM `plate_conts_logs` WHERE `blank_id` = 1739 GROUP BY key_2 LIMIT 1   [ RunTime:0.0004s ]
SQL: SELECT `key_3` FROM `plate_conts_logs` WHERE `blank_id` = 1739 GROUP BY key_3 LIMIT 1   [ RunTime:0.0008s ]
SQL: SELECT `key_4` FROM `plate_conts_logs` WHERE `blank_id` = 1739 GROUP BY key_4 LIMIT 1   [ RunTime:0.0006s ]
SQL: SELECT `key_5` FROM `plate_conts_logs` WHERE `blank_id` = 1739 GROUP BY key_5 LIMIT 1   [ RunTime:0.0006s ]
SQL: SELECT `key_6` FROM `plate_conts_logs` WHERE `blank_id` = 1739 GROUP BY key_6 LIMIT 1   [ RunTime:0.0006s ]
SQL: SELECT `key_7` FROM `plate_conts_logs` WHERE `blank_id` = 1739 GROUP BY key_7 LIMIT 1   [ RunTime:0.0005s ]
NOTIC: [2] Trying to access array offset on value of type null /Users/gangliu/data/catdesk_workspace/yilan/App/Home/Controller/GoodsController.class.php 第 788 行.
NOTIC: [2] Trying to access array offset on value of type null /Users/gangliu/data/catdesk_workspace/yilan/App/Home/Controller/GoodsController.class.php 第 788 行.
NOTIC: [2] Trying to access array offset on value of type null /Users/gangliu/data/catdesk_workspace/yilan/App/Home/Controller/GoodsController.class.php 第 788 行.
NOTIC: [2] Trying to access array offset on value of type null /Users/gangliu/data/catdesk_workspace/yilan/App/Home/Controller/GoodsController.class.php 第 789 行.
NOTIC: [2] Trying to access array offset on value of type null /Users/gangliu/data/catdesk_workspace/yilan/App/Home/Controller/GoodsController.class.php 第 789 行.
NOTIC: [2] Trying to access array offset on value of type null /Users/gangliu/data/catdesk_workspace/yilan/App/Home/Controller/GoodsController.class.php 第 790 行.
NOTIC: [2] Trying to access array offset on value of type null /Users/gangliu/data/catdesk_workspace/yilan/App/Home/Controller/GoodsController.class.php 第 790 行.
NOTIC: [2] Trying to access array offset on value of type null /Users/gangliu/data/catdesk_workspace/yilan/App/Home/Controller/GoodsController.class.php 第 790 行.
SQL: SHOW COLUMNS FROM `new_tax` [ RunTime:0.0110s ]
SQL: SELECT * FROM `new_tax` WHERE `is_del` = 1  [ RunTime:0.0020s ]
SQL: SHOW COLUMNS FROM `plate_conts_price` [ RunTime:0.0034s ]
SQL: SELECT * FROM `plate_conts_price` WHERE `blank_id` = 1739 AND `is_del` = 1 ORDER BY sort asc, id asc  [ RunTime:0.0018s ]
SQL: SELECT * FROM `plate_conts_blank` WHERE `pid` = 1 AND `status` = 1 ORDER BY cat_index asc  [ RunTime:0.0013s ]
SQL: SHOW COLUMNS FROM `plate_conts_blank_group` [ RunTime:0.0042s ]
SQL: SELECT * FROM `plate_conts_blank_group` WHERE `pid` = 0 ORDER BY sort asc, id asc  [ RunTime:0.0206s ]
ERR: {"status":1,"msg":"\u83b7\u53d6\u6210\u529f","data":{"info":{"id":1739,"pid":1,"group_id":5,"catname":"\u5546\u54c1","cat_index":1,"source":["6a2bd1928b6ed.png"],"sorts":0,"gimage":"6a2bcd01617ca.png","gnames":"\u94dc\u82af\u4ea4\u8054\u805a\u4e59\u70ef\u7edd\u7f18\u805a\u6c2f\u4e59\u70ef\u62a4\u5957\u963b\u71c3\u7535\u7f06\u3010\u4e5d\u6298\u6807\u51c6\u3011","up_a":"0.0","down_a":"0.0","up_b":"0.0","down_b":"0.0","up_c":"0.0","down_c":"0.0","up_d":"0.0","down_d":"0.0","up_e":"0.0","down_e":"0.0","up_f":"0.0","down_f":"0.0","ticket_nor":3,"ticket_person":11,"status":1,"uptimes":1781256594,"times":1781095065,"new_tax_id":1},"key":{"keya":null,"keyb":null,"keyc":null,"keyd":null,"keye":null,"keyf":null,"keyg":null,"keyh":null},"list":[],"tax_list":[{"id":1,"pid":0,"name":"\u7535\u529b\u7535\u7f06\u7a0e\u7387\u53d1\u7968","alias_name":"","normal_tax":"3.00","special_tax":"11.00","status":1,"is_del":1,"add_time":0,"up_time":0},{"id":2,"pid":0,"name":"\u5bb6\u88c5\u7535\u7ebf\u7a0e\u7387","alias_name":"","normal_tax":"3.00","special_tax":"10.00","status":1,"is_del":1,"add_time":0,"up_time":0},{"id":3,"pid":0,"name":"\u521a\u6027\u9632\u706b\u7535\u7f06\u7a0e\u7387","alias_name":"","normal_tax":"3.00","special_tax":"9.00","status":1,"is_del":1,"add_time":0,"up_time":0},{"id":9,"pid":0,"name":"\u6a61\u5957\u7535\u7f06\u7a0e\u7387","alias_name":"","normal_tax":"3.00","special_tax":"11.00","status":1,"is_del":1,"add_time":0,"up_time":0},{"id":10,"pid":0,"name":"\u77ff\u7528\u6a61\u80f6\u7535\u7f06\u7a0e\u7387","alias_name":"","normal_tax":"4.00","special_tax":"12.00","status":1,"is_del":1,"add_time":0,"up_time":0}],"price_list":[],"all_blanks":[{"id":1739,"pid":1,"group_id":5,"catname":"\u5546\u54c1","cat_index":1,"source":"[\"6a2bd1928b6ed.png\"]","sorts":0,"gimage":"6a2bcd01617ca.png","gnames":"\u94dc\u82af\u4ea4\u8054\u805a\u4e59\u70ef\u7edd\u7f18\u805a\u6c2f\u4e59\u70ef\u62a4\u5957\u963b\u71c3\u7535\u7f06\u3010\u4e5d\u6298\u6807\u51c6\u3011","up_a":"0.0","down_a":"0.0","up_b":"0.0","down_b":"0.0","up_c":"0.0","down_c":"0.0","up_d":"0.0","down_d":"0.0","up_e":"0.0","down_e":"0.0","up_f":"0.0","down_f":"0.0","ticket_nor":3,"ticket_person":11,"status":1,"uptimes":1781256594,"times":1781095065,"new_tax_id":1},{"id":1740,"pid":1,"group_id":5,"catname":"\u4e5d\u6298\u6807\u51c6","cat_index":2,"source":"[\"677187340b61b.png\"]","sorts":null,"gimage":"677187340b3d7.png","gnames":"\u94dc\u82af\u4ea4\u8054\u805a\u4e59\u70ef\u7edd\u7f18\u805a\u6c2f\u4e59\u70ef\u62a4\u5957\u963b\u71c3\u7535\u7f06\u3010\u4e5d\u6298\u6807\u51c6\u3011","up_a":"0.0","down_a":"0.0","up_b":"0.0","down_b":"0.0","up_c":"0.0","down_c":"0.0","up_d":"0.0","down_d":"0.0","up_e":"0.0","down_e":"0.0","up_f":"0.0","down_f":"0.0","ticket_nor":3,"ticket_person":11,"status":1,"uptimes":1781228972,"times":1781228972,"new_tax_id":1},{"id":1741,"pid":1,"group_id":5,"catname":"\u516b\u6298\u6807\u51c6","cat_index":3,"source":"[\"677187340b61b.png\"]","sorts":null,"gimage":"677187340b3d7.png","gnames":"\u94dc\u82af\u4ea4\u8054\u805a\u4e59\u70ef\u7edd\u7f18\u805a\u6c2f\u4e59\u70ef\u62a4\u5957\u963b\u71c3\u7535\u7f06\u3010\u4e5d\u6298\u6807\u51c6\u3011","up_a":"0.0","down_a":"0.0","up_b":"0.0","down_b":"0.0","up_c":"0.0","down_c":"0.0","up_d":"0.0","down_d":"0.0","up_e":"0.0","down_e":"0.0","up_f":"0.0","down_f":"0.0","ticket_nor":3,"ticket_person":11,"status":1,"uptimes":1781228972,"times":1781228972,"new_tax_id":1}],"group_list":[{"id":5,"pid":0,"name":"\u6807\u51c61\u9009\u9879\u5361","ratio":"1.000000","sort":1,"add_time":1781423342,"up_time":1781423342},{"id":6,"pid":0,"name":"\u6807\u51c62\u9009\u9879\u5361","ratio":"1.000000","sort":2,"add_time":1781423342,"up_time":1781423342},{"id":7,"pid":0,"name":"\u6807\u51c63\u9009\u9879\u5361","ratio":"1.000000","sort":3,"add_time":1781423342,"up_time":1781423342},{"id":8,"pid":0,"name":"\u6807\u51c64\u9009\u9879\u5361","ratio":"1.000000","sort":4,"add_time":1781423342,"up_time":1781423342},{"id":9,"pid":0,"name":"\u6807\u51c65\u9009\u9879\u5361","ratio":"1.000000","sort":5,"add_time":1781423342,"up_time":1781423342},{"id":10,"pid":0,"name":"\u6807\u51c66\u9009\u9879\u5361","ratio":"1.000000","sort":6,"add_time":1781423342,"up_time":1781423342},{"id":11,"pid":0,"name":"\u6807\u51c67\u9009\u9879\u5361","ratio":"1.000000","sort":7,"add_time":1781423342,"up_time":1781423342},{"id":12,"pid":0,"name":"\u6807\u51c68\u9009\u9879\u5361","ratio":"1.000000","sort":8,"add_time":1781423342,"up_time":1781423342},{"id":13,"pid":0,"name":"\u6807\u51c69\u9009\u9879\u5361","ratio":"1.000000","sort":9,"add_time":1781423342,"up_time":1781423342},{"id":14,"pid":0,"name":"\u6807\u51c610\u9009\u9879\u5361","ratio":"1.000000","sort":10,"add_time":1781423342,"up_time":1781423342}]}}

[ 2026-06-14T22:19:40+08:00 ] ::1 /Home/Goods/plate_conts_list/id/1.html
INFO: [ app_init ] --START--
INFO: Run Behavior\BuildLiteBehavior [ RunTime:0.000015s ]
INFO: [ app_init ] --END-- [ RunTime:0.004793s ]
INFO: [ app_begin ] --START--
INFO: Run Behavior\ReadHtmlCacheBehavior [ RunTime:0.000129s ]
INFO: [ app_begin ] --END-- [ RunTime:0.000156s ]
SQL: SHOW COLUMNS FROM `plate_conts` [ RunTime:0.0219s ]
SQL: SHOW COLUMNS FROM `sys_tmps` [ RunTime:0.0059s ]
SQL: SELECT * FROM `plate_conts` WHERE `id` = 1 LIMIT 1   [ RunTime:0.0061s ]
SQL: SELECT * FROM `sys_tmps` WHERE `types` = 2 ORDER BY id desc  [ RunTime:0.0063s ]
INFO: [ view_parse ] --START--
INFO: [ template_filter ] --START--
INFO: Run Behavior\ContentReplaceBehavior [ RunTime:0.000214s ]
INFO: [ template_filter ] --END-- [ RunTime:0.000263s ]
INFO: Run Behavior\ParseTemplateBehavior [ RunTime:0.024895s ]
INFO: [ view_parse ] --END-- [ RunTime:0.024929s ]
INFO: [ view_filter ] --START--
INFO: Run Behavior\WriteHtmlCacheBehavior [ RunTime:0.000088s ]
INFO: [ view_filter ] --END-- [ RunTime:0.000101s ]
INFO: [ app_end ] --START--
INFO: Run Behavior\ShowPageTraceBehavior [ RunTime:0.000310s ]
INFO: [ app_end ] --END-- [ RunTime:0.000319s ]

[ 2026-06-14T22:19:41+08:00 ] ::1 /Home/Goods/plate_conts_blankr.html
INFO: [ app_init ] --START--
INFO: Run Behavior\BuildLiteBehavior [ RunTime:0.000004s ]
INFO: [ app_init ] --END-- [ RunTime:0.000037s ]
INFO: [ app_begin ] --START--
INFO: Run Behavior\ReadHtmlCacheBehavior [ RunTime:0.000014s ]
INFO: [ app_begin ] --END-- [ RunTime:0.000030s ]
SQL: SHOW COLUMNS FROM `plate_conts_blank` [ RunTime:0.0783s ]
SQL: SHOW COLUMNS FROM `plate_conts_logs` [ RunTime:0.0074s ]
SQL: SHOW COLUMNS FROM `plate_conts_logsr` [ RunTime:0.0186s ]
SQL: SELECT * FROM `plate_conts_blank` WHERE `pid` = 1 AND `cat_index` = 1 LIMIT 1   [ RunTime:0.0790s ]
SQL: SELECT * FROM `plate_conts_logs` WHERE `blank_id` = 1739 ORDER BY number asc,id asc  [ RunTime:0.0132s ]
SQL: SELECT `key_0` FROM `plate_conts_logs` WHERE `blank_id` = 1739 GROUP BY key_0 LIMIT 1   [ RunTime:0.0031s ]
SQL: SELECT `key_1` FROM `plate_conts_logs` WHERE `blank_id` = 1739 GROUP BY key_1 LIMIT 1   [ RunTime:0.0031s ]
SQL: SELECT `key_2` FROM `plate_conts_logs` WHERE `blank_id` = 1739 GROUP BY key_2 LIMIT 1   [ RunTime:0.0012s ]
SQL: SELECT `key_3` FROM `plate_conts_logs` WHERE `blank_id` = 1739 GROUP BY key_3 LIMIT 1   [ RunTime:0.0009s ]
SQL: SELECT `key_4` FROM `plate_conts_logs` WHERE `blank_id` = 1739 GROUP BY key_4 LIMIT 1   [ RunTime:0.0009s ]
SQL: SELECT `key_5` FROM `plate_conts_logs` WHERE `blank_id` = 1739 GROUP BY key_5 LIMIT 1   [ RunTime:0.0011s ]
SQL: SELECT `key_6` FROM `plate_conts_logs` WHERE `blank_id` = 1739 GROUP BY key_6 LIMIT 1   [ RunTime:0.0008s ]
SQL: SELECT `key_7` FROM `plate_conts_logs` WHERE `blank_id` = 1739 GROUP BY key_7 LIMIT 1   [ RunTime:0.0012s ]
NOTIC: [2] Trying to access array offset on value of type null /Users/gangliu/data/catdesk_workspace/yilan/App/Home/Controller/GoodsController.class.php 第 788 行.
NOTIC: [2] Trying to access array offset on value of type null /Users/gangliu/data/catdesk_workspace/yilan/App/Home/Controller/GoodsController.class.php 第 788 行.
NOTIC: [2] Trying to access array offset on value of type null /Users/gangliu/data/catdesk_workspace/yilan/App/Home/Controller/GoodsController.class.php 第 788 行.
NOTIC: [2] Trying to access array offset on value of type null /Users/gangliu/data/catdesk_workspace/yilan/App/Home/Controller/GoodsController.class.php 第 789 行.
NOTIC: [2] Trying to access array offset on value of type null /Users/gangliu/data/catdesk_workspace/yilan/App/Home/Controller/GoodsController.class.php 第 789 行.
NOTIC: [2] Trying to access array offset on value of type null /Users/gangliu/data/catdesk_workspace/yilan/App/Home/Controller/GoodsController.class.php 第 790 行.
NOTIC: [2] Trying to access array offset on value of type null /Users/gangliu/data/catdesk_workspace/yilan/App/Home/Controller/GoodsController.class.php 第 790 行.
NOTIC: [2] Trying to access array offset on value of type null /Users/gangliu/data/catdesk_workspace/yilan/App/Home/Controller/GoodsController.class.php 第 790 行.
SQL: SHOW COLUMNS FROM `new_tax` [ RunTime:0.0045s ]
SQL: SELECT * FROM `new_tax` WHERE `is_del` = 1  [ RunTime:0.0040s ]
SQL: SHOW COLUMNS FROM `plate_conts_price` [ RunTime:0.0025s ]
SQL: SELECT * FROM `plate_conts_price` WHERE `blank_id` = 1739 AND `is_del` = 1 ORDER BY sort asc, id asc  [ RunTime:0.0044s ]
SQL: SELECT * FROM `plate_conts_blank` WHERE `pid` = 1 AND `status` = 1 ORDER BY cat_index asc  [ RunTime:0.0012s ]
SQL: SHOW COLUMNS FROM `plate_conts_blank_group` [ RunTime:0.0065s ]
SQL: SELECT * FROM `plate_conts_blank_group` WHERE `pid` = 0 ORDER BY sort asc, id asc  [ RunTime:0.0245s ]
ERR: {"status":1,"msg":"\u83b7\u53d6\u6210\u529f","data":{"info":{"id":1739,"pid":1,"group_id":5,"catname":"\u5546\u54c1","cat_index":1,"source":["6a2bd1928b6ed.png"],"sorts":0,"gimage":"6a2bcd01617ca.png","gnames":"\u94dc\u82af\u4ea4\u8054\u805a\u4e59\u70ef\u7edd\u7f18\u805a\u6c2f\u4e59\u70ef\u62a4\u5957\u963b\u71c3\u7535\u7f06\u3010\u4e5d\u6298\u6807\u51c6\u3011","up_a":"0.0","down_a":"0.0","up_b":"0.0","down_b":"0.0","up_c":"0.0","down_c":"0.0","up_d":"0.0","down_d":"0.0","up_e":"0.0","down_e":"0.0","up_f":"0.0","down_f":"0.0","ticket_nor":3,"ticket_person":11,"status":1,"uptimes":1781256594,"times":1781095065,"new_tax_id":1},"key":{"keya":null,"keyb":null,"keyc":null,"keyd":null,"keye":null,"keyf":null,"keyg":null,"keyh":null},"list":[],"tax_list":[{"id":1,"pid":0,"name":"\u7535\u529b\u7535\u7f06\u7a0e\u7387\u53d1\u7968","alias_name":"","normal_tax":"3.00","special_tax":"11.00","status":1,"is_del":1,"add_time":0,"up_time":0},{"id":2,"pid":0,"name":"\u5bb6\u88c5\u7535\u7ebf\u7a0e\u7387","alias_name":"","normal_tax":"3.00","special_tax":"10.00","status":1,"is_del":1,"add_time":0,"up_time":0},{"id":3,"pid":0,"name":"\u521a\u6027\u9632\u706b\u7535\u7f06\u7a0e\u7387","alias_name":"","normal_tax":"3.00","special_tax":"9.00","status":1,"is_del":1,"add_time":0,"up_time":0},{"id":9,"pid":0,"name":"\u6a61\u5957\u7535\u7f06\u7a0e\u7387","alias_name":"","normal_tax":"3.00","special_tax":"11.00","status":1,"is_del":1,"add_time":0,"up_time":0},{"id":10,"pid":0,"name":"\u77ff\u7528\u6a61\u80f6\u7535\u7f06\u7a0e\u7387","alias_name":"","normal_tax":"4.00","special_tax":"12.00","status":1,"is_del":1,"add_time":0,"up_time":0}],"price_list":[],"all_blanks":[{"id":1739,"pid":1,"group_id":5,"catname":"\u5546\u54c1","cat_index":1,"source":"[\"6a2bd1928b6ed.png\"]","sorts":0,"gimage":"6a2bcd01617ca.png","gnames":"\u94dc\u82af\u4ea4\u8054\u805a\u4e59\u70ef\u7edd\u7f18\u805a\u6c2f\u4e59\u70ef\u62a4\u5957\u963b\u71c3\u7535\u7f06\u3010\u4e5d\u6298\u6807\u51c6\u3011","up_a":"0.0","down_a":"0.0","up_b":"0.0","down_b":"0.0","up_c":"0.0","down_c":"0.0","up_d":"0.0","down_d":"0.0","up_e":"0.0","down_e":"0.0","up_f":"0.0","down_f":"0.0","ticket_nor":3,"ticket_person":11,"status":1,"uptimes":1781256594,"times":1781095065,"new_tax_id":1},{"id":1740,"pid":1,"group_id":5,"catname":"\u4e5d\u6298\u6807\u51c6","cat_index":2,"source":"[\"677187340b61b.png\"]","sorts":null,"gimage":"677187340b3d7.png","gnames":"\u94dc\u82af\u4ea4\u8054\u805a\u4e59\u70ef\u7edd\u7f18\u805a\u6c2f\u4e59\u70ef\u62a4\u5957\u963b\u71c3\u7535\u7f06\u3010\u4e5d\u6298\u6807\u51c6\u3011","up_a":"0.0","down_a":"0.0","up_b":"0.0","down_b":"0.0","up_c":"0.0","down_c":"0.0","up_d":"0.0","down_d":"0.0","up_e":"0.0","down_e":"0.0","up_f":"0.0","down_f":"0.0","ticket_nor":3,"ticket_person":11,"status":1,"uptimes":1781228972,"times":1781228972,"new_tax_id":1},{"id":1741,"pid":1,"group_id":5,"catname":"\u516b\u6298\u6807\u51c6","cat_index":3,"source":"[\"677187340b61b.png\"]","sorts":null,"gimage":"677187340b3d7.png","gnames":"\u94dc\u82af\u4ea4\u8054\u805a\u4e59\u70ef\u7edd\u7f18\u805a\u6c2f\u4e59\u70ef\u62a4\u5957\u963b\u71c3\u7535\u7f06\u3010\u4e5d\u6298\u6807\u51c6\u3011","up_a":"0.0","down_a":"0.0","up_b":"0.0","down_b":"0.0","up_c":"0.0","down_c":"0.0","up_d":"0.0","down_d":"0.0","up_e":"0.0","down_e":"0.0","up_f":"0.0","down_f":"0.0","ticket_nor":3,"ticket_person":11,"status":1,"uptimes":1781228972,"times":1781228972,"new_tax_id":1}],"group_list":[{"id":1,"pid":0,"name":"\u6807\u51c61\u9009\u9879\u5361","ratio":"1.000000","sort":1,"add_time":1781435857,"up_time":1781435857},{"id":5,"pid":0,"name":"\u6807\u51c61\u9009\u9879\u5361","ratio":"1.000000","sort":1,"add_time":1781423342,"up_time":1781423342},{"id":2,"pid":0,"name":"\u6807\u51c62\u9009\u9879\u5361","ratio":"1.000000","sort":2,"add_time":1781435857,"up_time":1781435857},{"id":6,"pid":0,"name":"\u6807\u51c62\u9009\u9879\u5361","ratio":"1.000000","sort":2,"add_time":1781423342,"up_time":1781423342},{"id":7,"pid":0,"name":"\u6807\u51c63\u9009\u9879\u5361","ratio":"1.000000","sort":3,"add_time":1781423342,"up_time":1781423342},{"id":8,"pid":0,"name":"\u6807\u51c64\u9009\u9879\u5361","ratio":"1.000000","sort":4,"add_time":1781423342,"up_time":1781423342},{"id":9,"pid":0,"name":"\u6807\u51c65\u9009\u9879\u5361","ratio":"1.000000","sort":5,"add_time":1781423342,"up_time":1781423342},{"id":10,"pid":0,"name":"\u6807\u51c66\u9009\u9879\u5361","ratio":"1.000000","sort":6,"add_time":1781423342,"up_time":1781423342},{"id":11,"pid":0,"name":"\u6807\u51c67\u9009\u9879\u5361","ratio":"1.000000","sort":7,"add_time":1781423342,"up_time":1781423342},{"id":12,"pid":0,"name":"\u6807\u51c68\u9009\u9879\u5361","ratio":"1.000000","sort":8,"add_time":1781423342,"up_time":1781423342},{"id":13,"pid":0,"name":"\u6807\u51c69\u9009\u9879\u5361","ratio":"1.000000","sort":9,"add_time":1781423342,"up_time":1781423342},{"id":14,"pid":0,"name":"\u6807\u51c610\u9009\u9879\u5361","ratio":"1.000000","sort":10,"add_time":1781423342,"up_time":1781423342}]}}

[ 2026-06-14T22:19:46+08:00 ] ::1 /Home/Goods/plate_conts_list/id/1.html
INFO: [ app_init ] --START--
INFO: Run Behavior\BuildLiteBehavior [ RunTime:0.000007s ]
INFO: [ app_init ] --END-- [ RunTime:0.000072s ]
INFO: [ app_begin ] --START--
INFO: Run Behavior\ReadHtmlCacheBehavior [ RunTime:0.000057s ]
INFO: [ app_begin ] --END-- [ RunTime:0.000097s ]
SQL: SHOW COLUMNS FROM `plate_conts` [ RunTime:0.0032s ]
SQL: SHOW COLUMNS FROM `sys_tmps` [ RunTime:0.0031s ]
SQL: SELECT * FROM `plate_conts` WHERE `id` = 1 LIMIT 1   [ RunTime:0.0009s ]
SQL: SELECT * FROM `sys_tmps` WHERE `types` = 2 ORDER BY id desc  [ RunTime:0.0008s ]
INFO: [ view_parse ] --START--
INFO: [ template_filter ] --START--
INFO: Run Behavior\ContentReplaceBehavior [ RunTime:0.000270s ]
INFO: [ template_filter ] --END-- [ RunTime:0.000326s ]
INFO: Run Behavior\ParseTemplateBehavior [ RunTime:0.009234s ]
INFO: [ view_parse ] --END-- [ RunTime:0.009290s ]
INFO: [ view_filter ] --START--
INFO: Run Behavior\WriteHtmlCacheBehavior [ RunTime:0.000083s ]
INFO: [ view_filter ] --END-- [ RunTime:0.000097s ]
INFO: [ app_end ] --START--
INFO: Run Behavior\ShowPageTraceBehavior [ RunTime:0.000031s ]
INFO: [ app_end ] --END-- [ RunTime:0.000041s ]

[ 2026-06-14T22:19:47+08:00 ] ::1 /Home/Goods/plate_conts_blankr.html
INFO: [ app_init ] --START--
INFO: Run Behavior\BuildLiteBehavior [ RunTime:0.000005s ]
INFO: [ app_init ] --END-- [ RunTime:0.000073s ]
INFO: [ app_begin ] --START--
INFO: Run Behavior\ReadHtmlCacheBehavior [ RunTime:0.000022s ]
INFO: [ app_begin ] --END-- [ RunTime:0.000038s ]
SQL: SHOW COLUMNS FROM `plate_conts_blank` [ RunTime:0.0083s ]
SQL: SHOW COLUMNS FROM `plate_conts_logs` [ RunTime:0.0042s ]
SQL: SHOW COLUMNS FROM `plate_conts_logsr` [ RunTime:0.0030s ]
SQL: SELECT * FROM `plate_conts_blank` WHERE `pid` = 1 AND `cat_index` = 1 LIMIT 1   [ RunTime:0.0018s ]
SQL: SELECT * FROM `plate_conts_logs` WHERE `blank_id` = 1739 ORDER BY number asc,id asc  [ RunTime:0.0168s ]
SQL: SELECT `key_0` FROM `plate_conts_logs` WHERE `blank_id` = 1739 GROUP BY key_0 LIMIT 1   [ RunTime:0.0014s ]
SQL: SELECT `key_1` FROM `plate_conts_logs` WHERE `blank_id` = 1739 GROUP BY key_1 LIMIT 1   [ RunTime:0.0012s ]
SQL: SELECT `key_2` FROM `plate_conts_logs` WHERE `blank_id` = 1739 GROUP BY key_2 LIMIT 1   [ RunTime:0.0006s ]
SQL: SELECT `key_3` FROM `plate_conts_logs` WHERE `blank_id` = 1739 GROUP BY key_3 LIMIT 1   [ RunTime:0.0069s ]
SQL: SELECT `key_4` FROM `plate_conts_logs` WHERE `blank_id` = 1739 GROUP BY key_4 LIMIT 1   [ RunTime:0.0015s ]
SQL: SELECT `key_5` FROM `plate_conts_logs` WHERE `blank_id` = 1739 GROUP BY key_5 LIMIT 1   [ RunTime:0.0010s ]
SQL: SELECT `key_6` FROM `plate_conts_logs` WHERE `blank_id` = 1739 GROUP BY key_6 LIMIT 1   [ RunTime:0.0008s ]
SQL: SELECT `key_7` FROM `plate_conts_logs` WHERE `blank_id` = 1739 GROUP BY key_7 LIMIT 1   [ RunTime:0.0010s ]
NOTIC: [2] Trying to access array offset on value of type null /Users/gangliu/data/catdesk_workspace/yilan/App/Home/Controller/GoodsController.class.php 第 788 行.
NOTIC: [2] Trying to access array offset on value of type null /Users/gangliu/data/catdesk_workspace/yilan/App/Home/Controller/GoodsController.class.php 第 788 行.
NOTIC: [2] Trying to access array offset on value of type null /Users/gangliu/data/catdesk_workspace/yilan/App/Home/Controller/GoodsController.class.php 第 788 行.
NOTIC: [2] Trying to access array offset on value of type null /Users/gangliu/data/catdesk_workspace/yilan/App/Home/Controller/GoodsController.class.php 第 789 行.
NOTIC: [2] Trying to access array offset on value of type null /Users/gangliu/data/catdesk_workspace/yilan/App/Home/Controller/GoodsController.class.php 第 789 行.
NOTIC: [2] Trying to access array offset on value of type null /Users/gangliu/data/catdesk_workspace/yilan/App/Home/Controller/GoodsController.class.php 第 790 行.
NOTIC: [2] Trying to access array offset on value of type null /Users/gangliu/data/catdesk_workspace/yilan/App/Home/Controller/GoodsController.class.php 第 790 行.
NOTIC: [2] Trying to access array offset on value of type null /Users/gangliu/data/catdesk_workspace/yilan/App/Home/Controller/GoodsController.class.php 第 790 行.
SQL: SHOW COLUMNS FROM `new_tax` [ RunTime:0.0029s ]
SQL: SELECT * FROM `new_tax` WHERE `is_del` = 1  [ RunTime:0.0014s ]
SQL: SHOW COLUMNS FROM `plate_conts_price` [ RunTime:0.0022s ]
SQL: SELECT * FROM `plate_conts_price` WHERE `blank_id` = 1739 AND `is_del` = 1 ORDER BY sort asc, id asc  [ RunTime:0.0058s ]
SQL: SELECT * FROM `plate_conts_blank` WHERE `pid` = 1 AND `status` = 1 ORDER BY cat_index asc  [ RunTime:0.0027s ]
SQL: SHOW COLUMNS FROM `plate_conts_blank_group` [ RunTime:0.0101s ]
SQL: SELECT * FROM `plate_conts_blank_group` WHERE `pid` = 0 ORDER BY sort asc, id asc  [ RunTime:0.0338s ]
ERR: {"status":1,"msg":"\u83b7\u53d6\u6210\u529f","data":{"info":{"id":1739,"pid":1,"group_id":5,"catname":"\u5546\u54c1","cat_index":1,"source":["6a2bd1928b6ed.png"],"sorts":0,"gimage":"6a2bcd01617ca.png","gnames":"\u94dc\u82af\u4ea4\u8054\u805a\u4e59\u70ef\u7edd\u7f18\u805a\u6c2f\u4e59\u70ef\u62a4\u5957\u963b\u71c3\u7535\u7f06\u3010\u4e5d\u6298\u6807\u51c6\u3011","up_a":"0.0","down_a":"0.0","up_b":"0.0","down_b":"0.0","up_c":"0.0","down_c":"0.0","up_d":"0.0","down_d":"0.0","up_e":"0.0","down_e":"0.0","up_f":"0.0","down_f":"0.0","ticket_nor":3,"ticket_person":11,"status":1,"uptimes":1781256594,"times":1781095065,"new_tax_id":1},"key":{"keya":null,"keyb":null,"keyc":null,"keyd":null,"keye":null,"keyf":null,"keyg":null,"keyh":null},"list":[],"tax_list":[{"id":1,"pid":0,"name":"\u7535\u529b\u7535\u7f06\u7a0e\u7387\u53d1\u7968","alias_name":"","normal_tax":"3.00","special_tax":"11.00","status":1,"is_del":1,"add_time":0,"up_time":0},{"id":2,"pid":0,"name":"\u5bb6\u88c5\u7535\u7ebf\u7a0e\u7387","alias_name":"","normal_tax":"3.00","special_tax":"10.00","status":1,"is_del":1,"add_time":0,"up_time":0},{"id":3,"pid":0,"name":"\u521a\u6027\u9632\u706b\u7535\u7f06\u7a0e\u7387","alias_name":"","normal_tax":"3.00","special_tax":"9.00","status":1,"is_del":1,"add_time":0,"up_time":0},{"id":9,"pid":0,"name":"\u6a61\u5957\u7535\u7f06\u7a0e\u7387","alias_name":"","normal_tax":"3.00","special_tax":"11.00","status":1,"is_del":1,"add_time":0,"up_time":0},{"id":10,"pid":0,"name":"\u77ff\u7528\u6a61\u80f6\u7535\u7f06\u7a0e\u7387","alias_name":"","normal_tax":"4.00","special_tax":"12.00","status":1,"is_del":1,"add_time":0,"up_time":0}],"price_list":[],"all_blanks":[{"id":1739,"pid":1,"group_id":5,"catname":"\u5546\u54c1","cat_index":1,"source":"[\"6a2bd1928b6ed.png\"]","sorts":0,"gimage":"6a2bcd01617ca.png","gnames":"\u94dc\u82af\u4ea4\u8054\u805a\u4e59\u70ef\u7edd\u7f18\u805a\u6c2f\u4e59\u70ef\u62a4\u5957\u963b\u71c3\u7535\u7f06\u3010\u4e5d\u6298\u6807\u51c6\u3011","up_a":"0.0","down_a":"0.0","up_b":"0.0","down_b":"0.0","up_c":"0.0","down_c":"0.0","up_d":"0.0","down_d":"0.0","up_e":"0.0","down_e":"0.0","up_f":"0.0","down_f":"0.0","ticket_nor":3,"ticket_person":11,"status":1,"uptimes":1781256594,"times":1781095065,"new_tax_id":1},{"id":1740,"pid":1,"group_id":5,"catname":"\u4e5d\u6298\u6807\u51c6","cat_index":2,"source":"[\"677187340b61b.png\"]","sorts":null,"gimage":"677187340b3d7.png","gnames":"\u94dc\u82af\u4ea4\u8054\u805a\u4e59\u70ef\u7edd\u7f18\u805a\u6c2f\u4e59\u70ef\u62a4\u5957\u963b\u71c3\u7535\u7f06\u3010\u4e5d\u6298\u6807\u51c6\u3011","up_a":"0.0","down_a":"0.0","up_b":"0.0","down_b":"0.0","up_c":"0.0","down_c":"0.0","up_d":"0.0","down_d":"0.0","up_e":"0.0","down_e":"0.0","up_f":"0.0","down_f":"0.0","ticket_nor":3,"ticket_person":11,"status":1,"uptimes":1781228972,"times":1781228972,"new_tax_id":1},{"id":1741,"pid":1,"group_id":5,"catname":"\u516b\u6298\u6807\u51c6","cat_index":3,"source":"[\"677187340b61b.png\"]","sorts":null,"gimage":"677187340b3d7.png","gnames":"\u94dc\u82af\u4ea4\u8054\u805a\u4e59\u70ef\u7edd\u7f18\u805a\u6c2f\u4e59\u70ef\u62a4\u5957\u963b\u71c3\u7535\u7f06\u3010\u4e5d\u6298\u6807\u51c6\u3011","up_a":"0.0","down_a":"0.0","up_b":"0.0","down_b":"0.0","up_c":"0.0","down_c":"0.0","up_d":"0.0","down_d":"0.0","up_e":"0.0","down_e":"0.0","up_f":"0.0","down_f":"0.0","ticket_nor":3,"ticket_person":11,"status":1,"uptimes":1781228972,"times":1781228972,"new_tax_id":1}],"group_list":[{"id":1,"pid":0,"name":"\u6807\u51c61\u9009\u9879\u5361","ratio":"1.000000","sort":1,"add_time":1781435857,"up_time":1781435857},{"id":5,"pid":0,"name":"\u6807\u51c61\u9009\u9879\u5361","ratio":"1.000000","sort":1,"add_time":1781423342,"up_time":1781423342},{"id":2,"pid":0,"name":"\u6807\u51c62\u9009\u9879\u5361","ratio":"1.000000","sort":2,"add_time":1781435857,"up_time":1781435857},{"id":6,"pid":0,"name":"\u6807\u51c62\u9009\u9879\u5361","ratio":"1.000000","sort":2,"add_time":1781423342,"up_time":1781423342},{"id":7,"pid":0,"name":"\u6807\u51c63\u9009\u9879\u5361","ratio":"1.000000","sort":3,"add_time":1781423342,"up_time":1781423342},{"id":8,"pid":0,"name":"\u6807\u51c64\u9009\u9879\u5361","ratio":"1.000000","sort":4,"add_time":1781423342,"up_time":1781423342},{"id":9,"pid":0,"name":"\u6807\u51c65\u9009\u9879\u5361","ratio":"1.000000","sort":5,"add_time":1781423342,"up_time":1781423342},{"id":10,"pid":0,"name":"\u6807\u51c66\u9009\u9879\u5361","ratio":"1.000000","sort":6,"add_time":1781423342,"up_time":1781423342},{"id":11,"pid":0,"name":"\u6807\u51c67\u9009\u9879\u5361","ratio":"1.000000","sort":7,"add_time":1781423342,"up_time":1781423342},{"id":12,"pid":0,"name":"\u6807\u51c68\u9009\u9879\u5361","ratio":"1.000000","sort":8,"add_time":1781423342,"up_time":1781423342},{"id":13,"pid":0,"name":"\u6807\u51c69\u9009\u9879\u5361","ratio":"1.000000","sort":9,"add_time":1781423342,"up_time":1781423342},{"id":14,"pid":0,"name":"\u6807\u51c610\u9009\u9879\u5361","ratio":"1.000000","sort":10,"add_time":1781423342,"up_time":1781423342}]}}

[ 2026-06-14T22:45:30+08:00 ] ::1 /Home/Goods/plate_conts_list/id/1.html
INFO: [ app_init ] --START--
INFO: Run Behavior\BuildLiteBehavior [ RunTime:0.000013s ]
INFO: [ app_init ] --END-- [ RunTime:0.000531s ]
INFO: [ app_begin ] --START--
INFO: Run Behavior\ReadHtmlCacheBehavior [ RunTime:0.000036s ]
INFO: [ app_begin ] --END-- [ RunTime:0.000050s ]
SQL: SHOW COLUMNS FROM `plate_conts` [ RunTime:0.1943s ]
SQL: SHOW COLUMNS FROM `sys_tmps` [ RunTime:0.0165s ]
SQL: SELECT * FROM `plate_conts` WHERE `id` = 1 LIMIT 1   [ RunTime:0.0158s ]
SQL: SELECT * FROM `sys_tmps` WHERE `types` = 2 ORDER BY id desc  [ RunTime:0.0169s ]
INFO: [ view_parse ] --START--
INFO: [ template_filter ] --START--
INFO: Run Behavior\ContentReplaceBehavior [ RunTime:0.000210s ]
INFO: [ template_filter ] --END-- [ RunTime:0.000246s ]
INFO: Run Behavior\ParseTemplateBehavior [ RunTime:0.018798s ]
INFO: [ view_parse ] --END-- [ RunTime:0.018844s ]
INFO: [ view_filter ] --START--
INFO: Run Behavior\WriteHtmlCacheBehavior [ RunTime:0.000162s ]
INFO: [ view_filter ] --END-- [ RunTime:0.000215s ]
INFO: [ app_end ] --START--
INFO: Run Behavior\ShowPageTraceBehavior [ RunTime:0.000178s ]
INFO: [ app_end ] --END-- [ RunTime:0.000286s ]

[ 2026-06-14T22:45:31+08:00 ] ::1 /Home/Goods/plate_conts_blankr.html
INFO: [ app_init ] --START--
INFO: Run Behavior\BuildLiteBehavior [ RunTime:0.000004s ]
INFO: [ app_init ] --END-- [ RunTime:0.000043s ]
INFO: [ app_begin ] --START--
INFO: Run Behavior\ReadHtmlCacheBehavior [ RunTime:0.000032s ]
INFO: [ app_begin ] --END-- [ RunTime:0.000062s ]
SQL: SHOW COLUMNS FROM `plate_conts_blank` [ RunTime:0.0075s ]
SQL: SHOW COLUMNS FROM `plate_conts_logs` [ RunTime:0.0112s ]
SQL: SHOW COLUMNS FROM `plate_conts_logsr` [ RunTime:0.0540s ]
SQL: SELECT * FROM `plate_conts_blank` WHERE `pid` = 1 AND `cat_index` = 1 LIMIT 1   [ RunTime:0.0410s ]
SQL: SELECT * FROM `plate_conts_logs` WHERE `blank_id` = 1739 ORDER BY number asc,id asc  [ RunTime:0.0553s ]
SQL: SELECT `key_0` FROM `plate_conts_logs` WHERE `blank_id` = 1739 GROUP BY key_0 LIMIT 1   [ RunTime:0.0035s ]
SQL: SELECT `key_1` FROM `plate_conts_logs` WHERE `blank_id` = 1739 GROUP BY key_1 LIMIT 1   [ RunTime:0.0117s ]
SQL: SELECT `key_2` FROM `plate_conts_logs` WHERE `blank_id` = 1739 GROUP BY key_2 LIMIT 1   [ RunTime:0.0047s ]
SQL: SELECT `key_3` FROM `plate_conts_logs` WHERE `blank_id` = 1739 GROUP BY key_3 LIMIT 1   [ RunTime:0.0070s ]
SQL: SELECT `key_4` FROM `plate_conts_logs` WHERE `blank_id` = 1739 GROUP BY key_4 LIMIT 1   [ RunTime:0.0032s ]
SQL: SELECT `key_5` FROM `plate_conts_logs` WHERE `blank_id` = 1739 GROUP BY key_5 LIMIT 1   [ RunTime:0.0025s ]
SQL: SELECT `key_6` FROM `plate_conts_logs` WHERE `blank_id` = 1739 GROUP BY key_6 LIMIT 1   [ RunTime:0.0016s ]
SQL: SELECT `key_7` FROM `plate_conts_logs` WHERE `blank_id` = 1739 GROUP BY key_7 LIMIT 1   [ RunTime:0.0026s ]
NOTIC: [2] Trying to access array offset on value of type null /Users/gangliu/data/catdesk_workspace/yilan/App/Home/Controller/GoodsController.class.php 第 793 行.
NOTIC: [2] Trying to access array offset on value of type null /Users/gangliu/data/catdesk_workspace/yilan/App/Home/Controller/GoodsController.class.php 第 793 行.
NOTIC: [2] Trying to access array offset on value of type null /Users/gangliu/data/catdesk_workspace/yilan/App/Home/Controller/GoodsController.class.php 第 793 行.
NOTIC: [2] Trying to access array offset on value of type null /Users/gangliu/data/catdesk_workspace/yilan/App/Home/Controller/GoodsController.class.php 第 794 行.
NOTIC: [2] Trying to access array offset on value of type null /Users/gangliu/data/catdesk_workspace/yilan/App/Home/Controller/GoodsController.class.php 第 794 行.
NOTIC: [2] Trying to access array offset on value of type null /Users/gangliu/data/catdesk_workspace/yilan/App/Home/Controller/GoodsController.class.php 第 795 行.
NOTIC: [2] Trying to access array offset on value of type null /Users/gangliu/data/catdesk_workspace/yilan/App/Home/Controller/GoodsController.class.php 第 795 行.
NOTIC: [2] Trying to access array offset on value of type null /Users/gangliu/data/catdesk_workspace/yilan/App/Home/Controller/GoodsController.class.php 第 795 行.
SQL: SHOW COLUMNS FROM `new_tax` [ RunTime:0.0082s ]
SQL: SELECT * FROM `new_tax` WHERE `is_del` = 1  [ RunTime:0.0189s ]
SQL: SHOW COLUMNS FROM `plate_conts_price` [ RunTime:0.0038s ]
SQL: SELECT * FROM `plate_conts_price` WHERE `blank_id` = 1739 AND `is_del` = 1 ORDER BY sort asc, id asc  [ RunTime:0.0034s ]
SQL: SELECT * FROM `plate_conts_blank` WHERE `pid` = 1 AND `status` = 1 ORDER BY cat_index asc  [ RunTime:0.0013s ]
SQL: SHOW COLUMNS FROM `plate_conts_blank_group` [ RunTime:0.0043s ]
SQL: SELECT * FROM `plate_conts_blank_group` WHERE `pid` = 0 ORDER BY sort asc, id asc  [ RunTime:0.0071s ]
ERR: {"status":1,"msg":"\u83b7\u53d6\u6210\u529f","data":{"info":{"id":1739,"pid":1,"group_id":5,"catname":"\u5546\u54c1","cat_index":1,"source":["6a2bd1928b6ed.png"],"sorts":0,"gimage":"6a2bcd01617ca.png","gnames":"\u94dc\u82af\u4ea4\u8054\u805a\u4e59\u70ef\u7edd\u7f18\u805a\u6c2f\u4e59\u70ef\u62a4\u5957\u963b\u71c3\u7535\u7f06\u3010\u4e5d\u6298\u6807\u51c6\u3011","up_a":"0.0","down_a":"0.0","up_b":"0.0","down_b":"0.0","up_c":"0.0","down_c":"0.0","up_d":"0.0","down_d":"0.0","up_e":"0.0","down_e":"0.0","up_f":"0.0","down_f":"0.0","ticket_nor":3,"ticket_person":11,"status":1,"uptimes":1781256594,"times":1781095065,"new_tax_id":1},"key":{"keya":null,"keyb":null,"keyc":null,"keyd":null,"keye":null,"keyf":null,"keyg":null,"keyh":null},"list":[],"tax_list":[{"id":1,"pid":0,"name":"\u7535\u529b\u7535\u7f06\u7a0e\u7387\u53d1\u7968","alias_name":"","normal_tax":"3.00","special_tax":"11.00","status":1,"is_del":1,"add_time":0,"up_time":0},{"id":2,"pid":0,"name":"\u5bb6\u88c5\u7535\u7ebf\u7a0e\u7387","alias_name":"","normal_tax":"3.00","special_tax":"10.00","status":1,"is_del":1,"add_time":0,"up_time":0},{"id":3,"pid":0,"name":"\u521a\u6027\u9632\u706b\u7535\u7f06\u7a0e\u7387","alias_name":"","normal_tax":"3.00","special_tax":"9.00","status":1,"is_del":1,"add_time":0,"up_time":0},{"id":9,"pid":0,"name":"\u6a61\u5957\u7535\u7f06\u7a0e\u7387","alias_name":"","normal_tax":"3.00","special_tax":"11.00","status":1,"is_del":1,"add_time":0,"up_time":0},{"id":10,"pid":0,"name":"\u77ff\u7528\u6a61\u80f6\u7535\u7f06\u7a0e\u7387","alias_name":"","normal_tax":"4.00","special_tax":"12.00","status":1,"is_del":1,"add_time":0,"up_time":0}],"price_list":[],"all_blanks":[{"id":1739,"pid":1,"group_id":5,"catname":"\u5546\u54c1","cat_index":1,"source":"[\"6a2bd1928b6ed.png\"]","sorts":0,"gimage":"6a2bcd01617ca.png","gnames":"\u94dc\u82af\u4ea4\u8054\u805a\u4e59\u70ef\u7edd\u7f18\u805a\u6c2f\u4e59\u70ef\u62a4\u5957\u963b\u71c3\u7535\u7f06\u3010\u4e5d\u6298\u6807\u51c6\u3011","up_a":"0.0","down_a":"0.0","up_b":"0.0","down_b":"0.0","up_c":"0.0","down_c":"0.0","up_d":"0.0","down_d":"0.0","up_e":"0.0","down_e":"0.0","up_f":"0.0","down_f":"0.0","ticket_nor":3,"ticket_person":11,"status":1,"uptimes":1781256594,"times":1781095065,"new_tax_id":1},{"id":1740,"pid":1,"group_id":5,"catname":"\u4e5d\u6298\u6807\u51c6","cat_index":2,"source":"[\"677187340b61b.png\"]","sorts":null,"gimage":"677187340b3d7.png","gnames":"\u94dc\u82af\u4ea4\u8054\u805a\u4e59\u70ef\u7edd\u7f18\u805a\u6c2f\u4e59\u70ef\u62a4\u5957\u963b\u71c3\u7535\u7f06\u3010\u4e5d\u6298\u6807\u51c6\u3011","up_a":"0.0","down_a":"0.0","up_b":"0.0","down_b":"0.0","up_c":"0.0","down_c":"0.0","up_d":"0.0","down_d":"0.0","up_e":"0.0","down_e":"0.0","up_f":"0.0","down_f":"0.0","ticket_nor":3,"ticket_person":11,"status":1,"uptimes":1781228972,"times":1781228972,"new_tax_id":1},{"id":1741,"pid":1,"group_id":5,"catname":"\u516b\u6298\u6807\u51c6","cat_index":3,"source":"[\"677187340b61b.png\"]","sorts":null,"gimage":"677187340b3d7.png","gnames":"\u94dc\u82af\u4ea4\u8054\u805a\u4e59\u70ef\u7edd\u7f18\u805a\u6c2f\u4e59\u70ef\u62a4\u5957\u963b\u71c3\u7535\u7f06\u3010\u4e5d\u6298\u6807\u51c6\u3011","up_a":"0.0","down_a":"0.0","up_b":"0.0","down_b":"0.0","up_c":"0.0","down_c":"0.0","up_d":"0.0","down_d":"0.0","up_e":"0.0","down_e":"0.0","up_f":"0.0","down_f":"0.0","ticket_nor":3,"ticket_person":11,"status":1,"uptimes":1781228972,"times":1781228972,"new_tax_id":1}],"group_list":[{"id":1,"pid":0,"name":"\u6807\u51c61\u9009\u9879\u5361","ratio":"1.000000","sort":1,"add_time":1781435857,"up_time":1781435857},{"id":5,"pid":0,"name":"\u6807\u51c61\u9009\u9879\u5361","ratio":"1.000000","sort":1,"add_time":1781423342,"up_time":1781423342},{"id":2,"pid":0,"name":"\u6807\u51c62\u9009\u9879\u5361","ratio":"1.000000","sort":2,"add_time":1781435857,"up_time":1781435857},{"id":6,"pid":0,"name":"\u6807\u51c62\u9009\u9879\u5361","ratio":"1.000000","sort":2,"add_time":1781423342,"up_time":1781423342},{"id":7,"pid":0,"name":"\u6807\u51c63\u9009\u9879\u5361","ratio":"1.000000","sort":3,"add_time":1781423342,"up_time":1781423342},{"id":8,"pid":0,"name":"\u6807\u51c64\u9009\u9879\u5361","ratio":"1.000000","sort":4,"add_time":1781423342,"up_time":1781423342},{"id":9,"pid":0,"name":"\u6807\u51c65\u9009\u9879\u5361","ratio":"1.000000","sort":5,"add_time":1781423342,"up_time":1781423342},{"id":10,"pid":0,"name":"\u6807\u51c66\u9009\u9879\u5361","ratio":"1.000000","sort":6,"add_time":1781423342,"up_time":1781423342},{"id":11,"pid":0,"name":"\u6807\u51c67\u9009\u9879\u5361","ratio":"1.000000","sort":7,"add_time":1781423342,"up_time":1781423342},{"id":12,"pid":0,"name":"\u6807\u51c68\u9009\u9879\u5361","ratio":"1.000000","sort":8,"add_time":1781423342,"up_time":1781423342},{"id":13,"pid":0,"name":"\u6807\u51c69\u9009\u9879\u5361","ratio":"1.000000","sort":9,"add_time":1781423342,"up_time":1781423342},{"id":14,"pid":0,"name":"\u6807\u51c610\u9009\u9879\u5361","ratio":"1.000000","sort":10,"add_time":1781423342,"up_time":1781423342}]}}

[ 2026-06-14T22:53:06+08:00 ] ::1 /Home/NewLabel/index.html
INFO: [ app_init ] --START--
INFO: Run Behavior\BuildLiteBehavior [ RunTime:0.000110s ]
INFO: [ app_init ] --END-- [ RunTime:0.002019s ]
INFO: [ app_begin ] --START--
INFO: Run Behavior\ReadHtmlCacheBehavior [ RunTime:0.001400s ]
INFO: [ app_begin ] --END-- [ RunTime:0.001490s ]

[ 2026-06-14T22:53:06+08:00 ] ::1 /Home/Index/index.html
INFO: [ app_init ] --START--
INFO: Run Behavior\BuildLiteBehavior [ RunTime:0.000006s ]
INFO: [ app_init ] --END-- [ RunTime:0.000046s ]
INFO: [ app_begin ] --START--
INFO: Run Behavior\ReadHtmlCacheBehavior [ RunTime:0.000039s ]
INFO: [ app_begin ] --END-- [ RunTime:0.000080s ]
INFO: [ view_parse ] --START--
INFO: [ template_filter ] --START--
INFO: Run Behavior\ContentReplaceBehavior [ RunTime:0.000137s ]
INFO: [ template_filter ] --END-- [ RunTime:0.000180s ]
INFO: Run Behavior\ParseTemplateBehavior [ RunTime:0.021292s ]
INFO: [ view_parse ] --END-- [ RunTime:0.021461s ]
INFO: [ view_filter ] --START--
INFO: Run Behavior\WriteHtmlCacheBehavior [ RunTime:0.000126s ]
INFO: [ view_filter ] --END-- [ RunTime:0.000146s ]
INFO: [ app_end ] --START--
INFO: Run Behavior\ShowPageTraceBehavior [ RunTime:0.000182s ]
INFO: [ app_end ] --END-- [ RunTime:0.000208s ]

[ 2026-06-14T23:11:02+08:00 ] ::1 /Home/Goods/plate_conts_blankr.html
INFO: [ app_init ] --START--
INFO: Run Behavior\BuildLiteBehavior [ RunTime:0.000012s ]
INFO: [ app_init ] --END-- [ RunTime:0.000516s ]
INFO: [ app_begin ] --START--
INFO: Run Behavior\ReadHtmlCacheBehavior [ RunTime:0.000091s ]
INFO: [ app_begin ] --END-- [ RunTime:0.000126s ]
SQL: SHOW COLUMNS FROM `plate_conts_blank` [ RunTime:0.0386s ]
SQL: SHOW COLUMNS FROM `plate_conts_logs` [ RunTime:0.0047s ]
SQL: SHOW COLUMNS FROM `plate_conts_logsr` [ RunTime:0.0041s ]
SQL: SELECT * FROM `plate_conts_blank` WHERE `id` = 1739 LIMIT 1   [ RunTime:0.0026s ]
SQL: SELECT * FROM `plate_conts_logs` WHERE `blank_id` = 1739 ORDER BY number asc,id asc  [ RunTime:0.0036s ]
SQL: SELECT `key_0` FROM `plate_conts_logs` WHERE `blank_id` = 1739 GROUP BY key_0 LIMIT 1   [ RunTime:0.0013s ]
SQL: SELECT `key_1` FROM `plate_conts_logs` WHERE `blank_id` = 1739 GROUP BY key_1 LIMIT 1   [ RunTime:0.0006s ]
SQL: SELECT `key_2` FROM `plate_conts_logs` WHERE `blank_id` = 1739 GROUP BY key_2 LIMIT 1   [ RunTime:0.0007s ]
SQL: SELECT `key_3` FROM `plate_conts_logs` WHERE `blank_id` = 1739 GROUP BY key_3 LIMIT 1   [ RunTime:0.0005s ]
SQL: SELECT `key_4` FROM `plate_conts_logs` WHERE `blank_id` = 1739 GROUP BY key_4 LIMIT 1   [ RunTime:0.0007s ]
SQL: SELECT `key_5` FROM `plate_conts_logs` WHERE `blank_id` = 1739 GROUP BY key_5 LIMIT 1   [ RunTime:0.0008s ]
SQL: SELECT `key_6` FROM `plate_conts_logs` WHERE `blank_id` = 1739 GROUP BY key_6 LIMIT 1   [ RunTime:0.0007s ]
SQL: SELECT `key_7` FROM `plate_conts_logs` WHERE `blank_id` = 1739 GROUP BY key_7 LIMIT 1   [ RunTime:0.0005s ]
NOTIC: [2] Trying to access array offset on value of type null /Users/gangliu/data/catdesk_workspace/yilan/App/Home/Controller/GoodsController.class.php 第 793 行.
NOTIC: [2] Trying to access array offset on value of type null /Users/gangliu/data/catdesk_workspace/yilan/App/Home/Controller/GoodsController.class.php 第 793 行.
NOTIC: [2] Trying to access array offset on value of type null /Users/gangliu/data/catdesk_workspace/yilan/App/Home/Controller/GoodsController.class.php 第 793 行.
NOTIC: [2] Trying to access array offset on value of type null /Users/gangliu/data/catdesk_workspace/yilan/App/Home/Controller/GoodsController.class.php 第 794 行.
NOTIC: [2] Trying to access array offset on value of type null /Users/gangliu/data/catdesk_workspace/yilan/App/Home/Controller/GoodsController.class.php 第 794 行.
NOTIC: [2] Trying to access array offset on value of type null /Users/gangliu/data/catdesk_workspace/yilan/App/Home/Controller/GoodsController.class.php 第 795 行.
NOTIC: [2] Trying to access array offset on value of type null /Users/gangliu/data/catdesk_workspace/yilan/App/Home/Controller/GoodsController.class.php 第 795 行.
NOTIC: [2] Trying to access array offset on value of type null /Users/gangliu/data/catdesk_workspace/yilan/App/Home/Controller/GoodsController.class.php 第 795 行.
SQL: SHOW COLUMNS FROM `new_tax` [ RunTime:0.0039s ]
SQL: SELECT * FROM `new_tax` WHERE `is_del` = 1  [ RunTime:0.0030s ]
SQL: SHOW COLUMNS FROM `plate_conts_price` [ RunTime:0.0034s ]
SQL: SELECT * FROM `plate_conts_price` WHERE `blank_id` = 1739 AND `is_del` = 1 ORDER BY sort asc, id asc  [ RunTime:0.0030s ]
SQL: SELECT * FROM `plate_conts_blank` WHERE `pid` = 1 AND `status` = 1 ORDER BY cat_index asc  [ RunTime:0.0011s ]
SQL: SHOW COLUMNS FROM `plate_conts_blank_group` [ RunTime:0.0037s ]
SQL: SELECT * FROM `plate_conts_blank_group` WHERE `pid` = 0 ORDER BY sort asc, id asc  [ RunTime:0.0043s ]
ERR: {"status":1,"msg":"\u83b7\u53d6\u6210\u529f","data":{"info":{"id":1739,"pid":1,"group_id":5,"catname":"\u5546\u54c1","cat_index":1,"source":["6a2bd1928b6ed.png"],"sorts":0,"gimage":"6a2bcd01617ca.png","gnames":"\u94dc\u82af\u4ea4\u8054\u805a\u4e59\u70ef\u7edd\u7f18\u805a\u6c2f\u4e59\u70ef\u62a4\u5957\u963b\u71c3\u7535\u7f06\u3010\u4e5d\u6298\u6807\u51c6\u3011","up_a":"0.0","down_a":"0.0","up_b":"0.0","down_b":"0.0","up_c":"0.0","down_c":"0.0","up_d":"0.0","down_d":"0.0","up_e":"0.0","down_e":"0.0","up_f":"0.0","down_f":"0.0","ticket_nor":3,"ticket_person":11,"status":1,"uptimes":1781256594,"times":1781095065,"new_tax_id":1},"key":{"keya":null,"keyb":null,"keyc":null,"keyd":null,"keye":null,"keyf":null,"keyg":null,"keyh":null},"list":[],"tax_list":[{"id":1,"pid":0,"name":"\u7535\u529b\u7535\u7f06\u7a0e\u7387\u53d1\u7968","alias_name":"","normal_tax":"3.00","special_tax":"11.00","status":1,"is_del":1,"add_time":0,"up_time":0},{"id":2,"pid":0,"name":"\u5bb6\u88c5\u7535\u7ebf\u7a0e\u7387","alias_name":"","normal_tax":"3.00","special_tax":"10.00","status":1,"is_del":1,"add_time":0,"up_time":0},{"id":3,"pid":0,"name":"\u521a\u6027\u9632\u706b\u7535\u7f06\u7a0e\u7387","alias_name":"","normal_tax":"3.00","special_tax":"9.00","status":1,"is_del":1,"add_time":0,"up_time":0},{"id":9,"pid":0,"name":"\u6a61\u5957\u7535\u7f06\u7a0e\u7387","alias_name":"","normal_tax":"3.00","special_tax":"11.00","status":1,"is_del":1,"add_time":0,"up_time":0},{"id":10,"pid":0,"name":"\u77ff\u7528\u6a61\u80f6\u7535\u7f06\u7a0e\u7387","alias_name":"","normal_tax":"4.00","special_tax":"12.00","status":1,"is_del":1,"add_time":0,"up_time":0}],"price_list":[],"all_blanks":[{"id":1739,"pid":1,"group_id":5,"catname":"\u5546\u54c1","cat_index":1,"source":"[\"6a2bd1928b6ed.png\"]","sorts":0,"gimage":"6a2bcd01617ca.png","gnames":"\u94dc\u82af\u4ea4\u8054\u805a\u4e59\u70ef\u7edd\u7f18\u805a\u6c2f\u4e59\u70ef\u62a4\u5957\u963b\u71c3\u7535\u7f06\u3010\u4e5d\u6298\u6807\u51c6\u3011","up_a":"0.0","down_a":"0.0","up_b":"0.0","down_b":"0.0","up_c":"0.0","down_c":"0.0","up_d":"0.0","down_d":"0.0","up_e":"0.0","down_e":"0.0","up_f":"0.0","down_f":"0.0","ticket_nor":3,"ticket_person":11,"status":1,"uptimes":1781256594,"times":1781095065,"new_tax_id":1},{"id":1740,"pid":1,"group_id":5,"catname":"\u4e5d\u6298\u6807\u51c6","cat_index":2,"source":"[\"677187340b61b.png\"]","sorts":null,"gimage":"677187340b3d7.png","gnames":"\u94dc\u82af\u4ea4\u8054\u805a\u4e59\u70ef\u7edd\u7f18\u805a\u6c2f\u4e59\u70ef\u62a4\u5957\u963b\u71c3\u7535\u7f06\u3010\u4e5d\u6298\u6807\u51c6\u3011","up_a":"0.0","down_a":"0.0","up_b":"0.0","down_b":"0.0","up_c":"0.0","down_c":"0.0","up_d":"0.0","down_d":"0.0","up_e":"0.0","down_e":"0.0","up_f":"0.0","down_f":"0.0","ticket_nor":3,"ticket_person":11,"status":1,"uptimes":1781228972,"times":1781228972,"new_tax_id":1},{"id":1741,"pid":1,"group_id":5,"catname":"\u516b\u6298\u6807\u51c6","cat_index":3,"source":"[\"677187340b61b.png\"]","sorts":null,"gimage":"677187340b3d7.png","gnames":"\u94dc\u82af\u4ea4\u8054\u805a\u4e59\u70ef\u7edd\u7f18\u805a\u6c2f\u4e59\u70ef\u62a4\u5957\u963b\u71c3\u7535\u7f06\u3010\u4e5d\u6298\u6807\u51c6\u3011","up_a":"0.0","down_a":"0.0","up_b":"0.0","down_b":"0.0","up_c":"0.0","down_c":"0.0","up_d":"0.0","down_d":"0.0","up_e":"0.0","down_e":"0.0","up_f":"0.0","down_f":"0.0","ticket_nor":3,"ticket_person":11,"status":1,"uptimes":1781228972,"times":1781228972,"new_tax_id":1}],"group_list":[{"id":1,"pid":0,"name":"\u6807\u51c61\u9009\u9879\u5361","ratio":"1.000000","sort":1,"add_time":1781435857,"up_time":1781435857},{"id":5,"pid":0,"name":"\u6807\u51c61\u9009\u9879\u5361","ratio":"1.000000","sort":1,"add_time":1781423342,"up_time":1781423342},{"id":2,"pid":0,"name":"\u6807\u51c62\u9009\u9879\u5361","ratio":"1.000000","sort":2,"add_time":1781435857,"up_time":1781435857},{"id":6,"pid":0,"name":"\u6807\u51c62\u9009\u9879\u5361","ratio":"1.000000","sort":2,"add_time":1781423342,"up_time":1781423342},{"id":7,"pid":0,"name":"\u6807\u51c63\u9009\u9879\u5361","ratio":"1.000000","sort":3,"add_time":1781423342,"up_time":1781423342},{"id":8,"pid":0,"name":"\u6807\u51c64\u9009\u9879\u5361","ratio":"1.000000","sort":4,"add_time":1781423342,"up_time":1781423342},{"id":9,"pid":0,"name":"\u6807\u51c65\u9009\u9879\u5361","ratio":"1.000000","sort":5,"add_time":1781423342,"up_time":1781423342},{"id":10,"pid":0,"name":"\u6807\u51c66\u9009\u9879\u5361","ratio":"1.000000","sort":6,"add_time":1781423342,"up_time":1781423342},{"id":11,"pid":0,"name":"\u6807\u51c67\u9009\u9879\u5361","ratio":"1.000000","sort":7,"add_time":1781423342,"up_time":1781423342},{"id":12,"pid":0,"name":"\u6807\u51c68\u9009\u9879\u5361","ratio":"1.000000","sort":8,"add_time":1781423342,"up_time":1781423342},{"id":13,"pid":0,"name":"\u6807\u51c69\u9009\u9879\u5361","ratio":"1.000000","sort":9,"add_time":1781423342,"up_time":1781423342},{"id":14,"pid":0,"name":"\u6807\u51c610\u9009\u9879\u5361","ratio":"1.000000","sort":10,"add_time":1781423342,"up_time":1781423342}]}}

[ 2026-06-14T23:11:06+08:00 ] ::1 /Home/Goods/plate_conts_blankr.html
INFO: [ app_init ] --START--
INFO: Run Behavior\BuildLiteBehavior [ RunTime:0.000009s ]
INFO: [ app_init ] --END-- [ RunTime:0.000085s ]
INFO: [ app_begin ] --START--
INFO: Run Behavior\ReadHtmlCacheBehavior [ RunTime:0.000041s ]
INFO: [ app_begin ] --END-- [ RunTime:0.000074s ]
SQL: SHOW COLUMNS FROM `plate_conts_blank` [ RunTime:0.0168s ]
SQL: SHOW COLUMNS FROM `plate_conts_logs` [ RunTime:0.0065s ]
SQL: SHOW COLUMNS FROM `plate_conts_logsr` [ RunTime:0.1214s ]
SQL: SELECT * FROM `plate_conts_blank` WHERE `id` = 1739 LIMIT 1   [ RunTime:0.0011s ]
SQL: SELECT * FROM `plate_conts_logs` WHERE `blank_id` = 1739 ORDER BY number asc,id asc  [ RunTime:0.0455s ]
SQL: SELECT `key_0` FROM `plate_conts_logs` WHERE `blank_id` = 1739 GROUP BY key_0 LIMIT 1   [ RunTime:0.0019s ]
SQL: SELECT `key_1` FROM `plate_conts_logs` WHERE `blank_id` = 1739 GROUP BY key_1 LIMIT 1   [ RunTime:0.0015s ]
SQL: SELECT `key_2` FROM `plate_conts_logs` WHERE `blank_id` = 1739 GROUP BY key_2 LIMIT 1   [ RunTime:0.0014s ]
SQL: SELECT `key_3` FROM `plate_conts_logs` WHERE `blank_id` = 1739 GROUP BY key_3 LIMIT 1   [ RunTime:0.0020s ]
SQL: SELECT `key_4` FROM `plate_conts_logs` WHERE `blank_id` = 1739 GROUP BY key_4 LIMIT 1   [ RunTime:0.0014s ]
SQL: SELECT `key_5` FROM `plate_conts_logs` WHERE `blank_id` = 1739 GROUP BY key_5 LIMIT 1   [ RunTime:0.0011s ]
SQL: SELECT `key_6` FROM `plate_conts_logs` WHERE `blank_id` = 1739 GROUP BY key_6 LIMIT 1   [ RunTime:0.0009s ]
SQL: SELECT `key_7` FROM `plate_conts_logs` WHERE `blank_id` = 1739 GROUP BY key_7 LIMIT 1   [ RunTime:0.0015s ]
NOTIC: [2] Trying to access array offset on value of type null /Users/gangliu/data/catdesk_workspace/yilan/App/Home/Controller/GoodsController.class.php 第 793 行.
NOTIC: [2] Trying to access array offset on value of type null /Users/gangliu/data/catdesk_workspace/yilan/App/Home/Controller/GoodsController.class.php 第 793 行.
NOTIC: [2] Trying to access array offset on value of type null /Users/gangliu/data/catdesk_workspace/yilan/App/Home/Controller/GoodsController.class.php 第 793 行.
NOTIC: [2] Trying to access array offset on value of type null /Users/gangliu/data/catdesk_workspace/yilan/App/Home/Controller/GoodsController.class.php 第 794 行.
NOTIC: [2] Trying to access array offset on value of type null /Users/gangliu/data/catdesk_workspace/yilan/App/Home/Controller/GoodsController.class.php 第 794 行.
NOTIC: [2] Trying to access array offset on value of type null /Users/gangliu/data/catdesk_workspace/yilan/App/Home/Controller/GoodsController.class.php 第 795 行.
NOTIC: [2] Trying to access array offset on value of type null /Users/gangliu/data/catdesk_workspace/yilan/App/Home/Controller/GoodsController.class.php 第 795 行.
NOTIC: [2] Trying to access array offset on value of type null /Users/gangliu/data/catdesk_workspace/yilan/App/Home/Controller/GoodsController.class.php 第 795 行.
SQL: SHOW COLUMNS FROM `new_tax` [ RunTime:0.0456s ]
SQL: SELECT * FROM `new_tax` WHERE `is_del` = 1  [ RunTime:0.0689s ]
SQL: SHOW COLUMNS FROM `plate_conts_price` [ RunTime:0.0031s ]
SQL: SELECT * FROM `plate_conts_price` WHERE `blank_id` = 1739 AND `is_del` = 1 ORDER BY sort asc, id asc  [ RunTime:0.0228s ]
SQL: SELECT * FROM `plate_conts_blank` WHERE `pid` = 1 AND `status` = 1 ORDER BY cat_index asc  [ RunTime:0.0007s ]
SQL: SHOW COLUMNS FROM `plate_conts_blank_group` [ RunTime:0.0019s ]
SQL: SELECT * FROM `plate_conts_blank_group` WHERE `pid` = 0 ORDER BY sort asc, id asc  [ RunTime:0.0007s ]
ERR: {"status":1,"msg":"\u83b7\u53d6\u6210\u529f","data":{"info":{"id":1739,"pid":1,"group_id":5,"catname":"\u5546\u54c1","cat_index":1,"source":["6a2bd1928b6ed.png"],"sorts":0,"gimage":"6a2bcd01617ca.png","gnames":"\u94dc\u82af\u4ea4\u8054\u805a\u4e59\u70ef\u7edd\u7f18\u805a\u6c2f\u4e59\u70ef\u62a4\u5957\u963b\u71c3\u7535\u7f06\u3010\u4e5d\u6298\u6807\u51c6\u3011","up_a":"0.0","down_a":"0.0","up_b":"0.0","down_b":"0.0","up_c":"0.0","down_c":"0.0","up_d":"0.0","down_d":"0.0","up_e":"0.0","down_e":"0.0","up_f":"0.0","down_f":"0.0","ticket_nor":3,"ticket_person":11,"status":1,"uptimes":1781256594,"times":1781095065,"new_tax_id":1},"key":{"keya":null,"keyb":null,"keyc":null,"keyd":null,"keye":null,"keyf":null,"keyg":null,"keyh":null},"list":[],"tax_list":[{"id":1,"pid":0,"name":"\u7535\u529b\u7535\u7f06\u7a0e\u7387\u53d1\u7968","alias_name":"","normal_tax":"3.00","special_tax":"11.00","status":1,"is_del":1,"add_time":0,"up_time":0},{"id":2,"pid":0,"name":"\u5bb6\u88c5\u7535\u7ebf\u7a0e\u7387","alias_name":"","normal_tax":"3.00","special_tax":"10.00","status":1,"is_del":1,"add_time":0,"up_time":0},{"id":3,"pid":0,"name":"\u521a\u6027\u9632\u706b\u7535\u7f06\u7a0e\u7387","alias_name":"","normal_tax":"3.00","special_tax":"9.00","status":1,"is_del":1,"add_time":0,"up_time":0},{"id":9,"pid":0,"name":"\u6a61\u5957\u7535\u7f06\u7a0e\u7387","alias_name":"","normal_tax":"3.00","special_tax":"11.00","status":1,"is_del":1,"add_time":0,"up_time":0},{"id":10,"pid":0,"name":"\u77ff\u7528\u6a61\u80f6\u7535\u7f06\u7a0e\u7387","alias_name":"","normal_tax":"4.00","special_tax":"12.00","status":1,"is_del":1,"add_time":0,"up_time":0}],"price_list":[],"all_blanks":[{"id":1739,"pid":1,"group_id":5,"catname":"\u5546\u54c1","cat_index":1,"source":"[\"6a2bd1928b6ed.png\"]","sorts":0,"gimage":"6a2bcd01617ca.png","gnames":"\u94dc\u82af\u4ea4\u8054\u805a\u4e59\u70ef\u7edd\u7f18\u805a\u6c2f\u4e59\u70ef\u62a4\u5957\u963b\u71c3\u7535\u7f06\u3010\u4e5d\u6298\u6807\u51c6\u3011","up_a":"0.0","down_a":"0.0","up_b":"0.0","down_b":"0.0","up_c":"0.0","down_c":"0.0","up_d":"0.0","down_d":"0.0","up_e":"0.0","down_e":"0.0","up_f":"0.0","down_f":"0.0","ticket_nor":3,"ticket_person":11,"status":1,"uptimes":1781256594,"times":1781095065,"new_tax_id":1},{"id":1740,"pid":1,"group_id":5,"catname":"\u4e5d\u6298\u6807\u51c6","cat_index":2,"source":"[\"677187340b61b.png\"]","sorts":null,"gimage":"677187340b3d7.png","gnames":"\u94dc\u82af\u4ea4\u8054\u805a\u4e59\u70ef\u7edd\u7f18\u805a\u6c2f\u4e59\u70ef\u62a4\u5957\u963b\u71c3\u7535\u7f06\u3010\u4e5d\u6298\u6807\u51c6\u3011","up_a":"0.0","down_a":"0.0","up_b":"0.0","down_b":"0.0","up_c":"0.0","down_c":"0.0","up_d":"0.0","down_d":"0.0","up_e":"0.0","down_e":"0.0","up_f":"0.0","down_f":"0.0","ticket_nor":3,"ticket_person":11,"status":1,"uptimes":1781228972,"times":1781228972,"new_tax_id":1},{"id":1741,"pid":1,"group_id":5,"catname":"\u516b\u6298\u6807\u51c6","cat_index":3,"source":"[\"677187340b61b.png\"]","sorts":null,"gimage":"677187340b3d7.png","gnames":"\u94dc\u82af\u4ea4\u8054\u805a\u4e59\u70ef\u7edd\u7f18\u805a\u6c2f\u4e59\u70ef\u62a4\u5957\u963b\u71c3\u7535\u7f06\u3010\u4e5d\u6298\u6807\u51c6\u3011","up_a":"0.0","down_a":"0.0","up_b":"0.0","down_b":"0.0","up_c":"0.0","down_c":"0.0","up_d":"0.0","down_d":"0.0","up_e":"0.0","down_e":"0.0","up_f":"0.0","down_f":"0.0","ticket_nor":3,"ticket_person":11,"status":1,"uptimes":1781228972,"times":1781228972,"new_tax_id":1}],"group_list":[{"id":1,"pid":0,"name":"\u6807\u51c61\u9009\u9879\u5361","ratio":"1.000000","sort":1,"add_time":1781435857,"up_time":1781435857},{"id":5,"pid":0,"name":"\u6807\u51c61\u9009\u9879\u5361","ratio":"1.000000","sort":1,"add_time":1781423342,"up_time":1781423342},{"id":2,"pid":0,"name":"\u6807\u51c62\u9009\u9879\u5361","ratio":"1.000000","sort":2,"add_time":1781435857,"up_time":1781435857},{"id":6,"pid":0,"name":"\u6807\u51c62\u9009\u9879\u5361","ratio":"1.000000","sort":2,"add_time":1781423342,"up_time":1781423342},{"id":7,"pid":0,"name":"\u6807\u51c63\u9009\u9879\u5361","ratio":"1.000000","sort":3,"add_time":1781423342,"up_time":1781423342},{"id":8,"pid":0,"name":"\u6807\u51c64\u9009\u9879\u5361","ratio":"1.000000","sort":4,"add_time":1781423342,"up_time":1781423342},{"id":9,"pid":0,"name":"\u6807\u51c65\u9009\u9879\u5361","ratio":"1.000000","sort":5,"add_time":1781423342,"up_time":1781423342},{"id":10,"pid":0,"name":"\u6807\u51c66\u9009\u9879\u5361","ratio":"1.000000","sort":6,"add_time":1781423342,"up_time":1781423342},{"id":11,"pid":0,"name":"\u6807\u51c67\u9009\u9879\u5361","ratio":"1.000000","sort":7,"add_time":1781423342,"up_time":1781423342},{"id":12,"pid":0,"name":"\u6807\u51c68\u9009\u9879\u5361","ratio":"1.000000","sort":8,"add_time":1781423342,"up_time":1781423342},{"id":13,"pid":0,"name":"\u6807\u51c69\u9009\u9879\u5361","ratio":"1.000000","sort":9,"add_time":1781423342,"up_time":1781423342},{"id":14,"pid":0,"name":"\u6807\u51c610\u9009\u9879\u5361","ratio":"1.000000","sort":10,"add_time":1781423342,"up_time":1781423342}]}}

[ 2026-06-14T23:11:13+08:00 ] ::1 /Home/Goods/plate_conts_blankr.html
INFO: [ app_init ] --START--
INFO: Run Behavior\BuildLiteBehavior [ RunTime:0.000013s ]
INFO: [ app_init ] --END-- [ RunTime:0.000112s ]
INFO: [ app_begin ] --START--
INFO: Run Behavior\ReadHtmlCacheBehavior [ RunTime:0.000038s ]
INFO: [ app_begin ] --END-- [ RunTime:0.000100s ]
SQL: SHOW COLUMNS FROM `plate_conts_blank` [ RunTime:0.0999s ]
SQL: SHOW COLUMNS FROM `plate_conts_logs` [ RunTime:0.0048s ]
SQL: SHOW COLUMNS FROM `plate_conts_logsr` [ RunTime:0.0038s ]
SQL: SELECT * FROM `plate_conts_blank` WHERE `id` = 1739 LIMIT 1   [ RunTime:0.0014s ]
SQL: SELECT * FROM `plate_conts_logs` WHERE `blank_id` = 1739 ORDER BY number asc,id asc  [ RunTime:0.0009s ]
SQL: SELECT `key_0` FROM `plate_conts_logs` WHERE `blank_id` = 1739 GROUP BY key_0 LIMIT 1   [ RunTime:0.0022s ]
SQL: SELECT `key_1` FROM `plate_conts_logs` WHERE `blank_id` = 1739 GROUP BY key_1 LIMIT 1   [ RunTime:0.0023s ]
SQL: SELECT `key_2` FROM `plate_conts_logs` WHERE `blank_id` = 1739 GROUP BY key_2 LIMIT 1   [ RunTime:0.0012s ]
SQL: SELECT `key_3` FROM `plate_conts_logs` WHERE `blank_id` = 1739 GROUP BY key_3 LIMIT 1   [ RunTime:0.0010s ]
SQL: SELECT `key_4` FROM `plate_conts_logs` WHERE `blank_id` = 1739 GROUP BY key_4 LIMIT 1   [ RunTime:0.0016s ]
SQL: SELECT `key_5` FROM `plate_conts_logs` WHERE `blank_id` = 1739 GROUP BY key_5 LIMIT 1   [ RunTime:0.0008s ]
SQL: SELECT `key_6` FROM `plate_conts_logs` WHERE `blank_id` = 1739 GROUP BY key_6 LIMIT 1   [ RunTime:0.0006s ]
SQL: SELECT `key_7` FROM `plate_conts_logs` WHERE `blank_id` = 1739 GROUP BY key_7 LIMIT 1   [ RunTime:0.0007s ]
NOTIC: [2] Trying to access array offset on value of type null /Users/gangliu/data/catdesk_workspace/yilan/App/Home/Controller/GoodsController.class.php 第 793 行.
NOTIC: [2] Trying to access array offset on value of type null /Users/gangliu/data/catdesk_workspace/yilan/App/Home/Controller/GoodsController.class.php 第 793 行.
NOTIC: [2] Trying to access array offset on value of type null /Users/gangliu/data/catdesk_workspace/yilan/App/Home/Controller/GoodsController.class.php 第 793 行.
NOTIC: [2] Trying to access array offset on value of type null /Users/gangliu/data/catdesk_workspace/yilan/App/Home/Controller/GoodsController.class.php 第 794 行.
NOTIC: [2] Trying to access array offset on value of type null /Users/gangliu/data/catdesk_workspace/yilan/App/Home/Controller/GoodsController.class.php 第 794 行.
NOTIC: [2] Trying to access array offset on value of type null /Users/gangliu/data/catdesk_workspace/yilan/App/Home/Controller/GoodsController.class.php 第 795 行.
NOTIC: [2] Trying to access array offset on value of type null /Users/gangliu/data/catdesk_workspace/yilan/App/Home/Controller/GoodsController.class.php 第 795 行.
NOTIC: [2] Trying to access array offset on value of type null /Users/gangliu/data/catdesk_workspace/yilan/App/Home/Controller/GoodsController.class.php 第 795 行.
SQL: SHOW COLUMNS FROM `new_tax` [ RunTime:0.0034s ]
SQL: SELECT * FROM `new_tax` WHERE `is_del` = 1  [ RunTime:0.0023s ]
SQL: SHOW COLUMNS FROM `plate_conts_price` [ RunTime:0.0033s ]
SQL: SELECT * FROM `plate_conts_price` WHERE `blank_id` = 1739 AND `is_del` = 1 ORDER BY sort asc, id asc  [ RunTime:0.0016s ]
SQL: SELECT * FROM `plate_conts_blank` WHERE `pid` = 1 AND `status` = 1 ORDER BY cat_index asc  [ RunTime:0.0010s ]
SQL: SHOW COLUMNS FROM `plate_conts_blank_group` [ RunTime:0.0044s ]
SQL: SELECT * FROM `plate_conts_blank_group` WHERE `pid` = 0 ORDER BY sort asc, id asc  [ RunTime:0.0014s ]
ERR: {"status":1,"msg":"\u83b7\u53d6\u6210\u529f","data":{"info":{"id":1739,"pid":1,"group_id":5,"catname":"\u5546\u54c1","cat_index":1,"source":["6a2bd1928b6ed.png"],"sorts":0,"gimage":"6a2bcd01617ca.png","gnames":"\u94dc\u82af\u4ea4\u8054\u805a\u4e59\u70ef\u7edd\u7f18\u805a\u6c2f\u4e59\u70ef\u62a4\u5957\u963b\u71c3\u7535\u7f06\u3010\u4e5d\u6298\u6807\u51c6\u3011","up_a":"0.0","down_a":"0.0","up_b":"0.0","down_b":"0.0","up_c":"0.0","down_c":"0.0","up_d":"0.0","down_d":"0.0","up_e":"0.0","down_e":"0.0","up_f":"0.0","down_f":"0.0","ticket_nor":3,"ticket_person":11,"status":1,"uptimes":1781256594,"times":1781095065,"new_tax_id":1},"key":{"keya":null,"keyb":null,"keyc":null,"keyd":null,"keye":null,"keyf":null,"keyg":null,"keyh":null},"list":[],"tax_list":[{"id":1,"pid":0,"name":"\u7535\u529b\u7535\u7f06\u7a0e\u7387\u53d1\u7968","alias_name":"","normal_tax":"3.00","special_tax":"11.00","status":1,"is_del":1,"add_time":0,"up_time":0},{"id":2,"pid":0,"name":"\u5bb6\u88c5\u7535\u7ebf\u7a0e\u7387","alias_name":"","normal_tax":"3.00","special_tax":"10.00","status":1,"is_del":1,"add_time":0,"up_time":0},{"id":3,"pid":0,"name":"\u521a\u6027\u9632\u706b\u7535\u7f06\u7a0e\u7387","alias_name":"","normal_tax":"3.00","special_tax":"9.00","status":1,"is_del":1,"add_time":0,"up_time":0},{"id":9,"pid":0,"name":"\u6a61\u5957\u7535\u7f06\u7a0e\u7387","alias_name":"","normal_tax":"3.00","special_tax":"11.00","status":1,"is_del":1,"add_time":0,"up_time":0},{"id":10,"pid":0,"name":"\u77ff\u7528\u6a61\u80f6\u7535\u7f06\u7a0e\u7387","alias_name":"","normal_tax":"4.00","special_tax":"12.00","status":1,"is_del":1,"add_time":0,"up_time":0}],"price_list":[],"all_blanks":[{"id":1739,"pid":1,"group_id":5,"catname":"\u5546\u54c1","cat_index":1,"source":"[\"6a2bd1928b6ed.png\"]","sorts":0,"gimage":"6a2bcd01617ca.png","gnames":"\u94dc\u82af\u4ea4\u8054\u805a\u4e59\u70ef\u7edd\u7f18\u805a\u6c2f\u4e59\u70ef\u62a4\u5957\u963b\u71c3\u7535\u7f06\u3010\u4e5d\u6298\u6807\u51c6\u3011","up_a":"0.0","down_a":"0.0","up_b":"0.0","down_b":"0.0","up_c":"0.0","down_c":"0.0","up_d":"0.0","down_d":"0.0","up_e":"0.0","down_e":"0.0","up_f":"0.0","down_f":"0.0","ticket_nor":3,"ticket_person":11,"status":1,"uptimes":1781256594,"times":1781095065,"new_tax_id":1},{"id":1740,"pid":1,"group_id":5,"catname":"\u4e5d\u6298\u6807\u51c6","cat_index":2,"source":"[\"677187340b61b.png\"]","sorts":null,"gimage":"677187340b3d7.png","gnames":"\u94dc\u82af\u4ea4\u8054\u805a\u4e59\u70ef\u7edd\u7f18\u805a\u6c2f\u4e59\u70ef\u62a4\u5957\u963b\u71c3\u7535\u7f06\u3010\u4e5d\u6298\u6807\u51c6\u3011","up_a":"0.0","down_a":"0.0","up_b":"0.0","down_b":"0.0","up_c":"0.0","down_c":"0.0","up_d":"0.0","down_d":"0.0","up_e":"0.0","down_e":"0.0","up_f":"0.0","down_f":"0.0","ticket_nor":3,"ticket_person":11,"status":1,"uptimes":1781228972,"times":1781228972,"new_tax_id":1},{"id":1741,"pid":1,"group_id":5,"catname":"\u516b\u6298\u6807\u51c6","cat_index":3,"source":"[\"677187340b61b.png\"]","sorts":null,"gimage":"677187340b3d7.png","gnames":"\u94dc\u82af\u4ea4\u8054\u805a\u4e59\u70ef\u7edd\u7f18\u805a\u6c2f\u4e59\u70ef\u62a4\u5957\u963b\u71c3\u7535\u7f06\u3010\u4e5d\u6298\u6807\u51c6\u3011","up_a":"0.0","down_a":"0.0","up_b":"0.0","down_b":"0.0","up_c":"0.0","down_c":"0.0","up_d":"0.0","down_d":"0.0","up_e":"0.0","down_e":"0.0","up_f":"0.0","down_f":"0.0","ticket_nor":3,"ticket_person":11,"status":1,"uptimes":1781228972,"times":1781228972,"new_tax_id":1}],"group_list":[{"id":1,"pid":0,"name":"\u6807\u51c61\u9009\u9879\u5361","ratio":"1.000000","sort":1,"add_time":1781435857,"up_time":1781435857},{"id":5,"pid":0,"name":"\u6807\u51c61\u9009\u9879\u5361","ratio":"1.000000","sort":1,"add_time":1781423342,"up_time":1781423342},{"id":2,"pid":0,"name":"\u6807\u51c62\u9009\u9879\u5361","ratio":"1.000000","sort":2,"add_time":1781435857,"up_time":1781435857},{"id":6,"pid":0,"name":"\u6807\u51c62\u9009\u9879\u5361","ratio":"1.000000","sort":2,"add_time":1781423342,"up_time":1781423342},{"id":7,"pid":0,"name":"\u6807\u51c63\u9009\u9879\u5361","ratio":"1.000000","sort":3,"add_time":1781423342,"up_time":1781423342},{"id":8,"pid":0,"name":"\u6807\u51c64\u9009\u9879\u5361","ratio":"1.000000","sort":4,"add_time":1781423342,"up_time":1781423342},{"id":9,"pid":0,"name":"\u6807\u51c65\u9009\u9879\u5361","ratio":"1.000000","sort":5,"add_time":1781423342,"up_time":1781423342},{"id":10,"pid":0,"name":"\u6807\u51c66\u9009\u9879\u5361","ratio":"1.000000","sort":6,"add_time":1781423342,"up_time":1781423342},{"id":11,"pid":0,"name":"\u6807\u51c67\u9009\u9879\u5361","ratio":"1.000000","sort":7,"add_time":1781423342,"up_time":1781423342},{"id":12,"pid":0,"name":"\u6807\u51c68\u9009\u9879\u5361","ratio":"1.000000","sort":8,"add_time":1781423342,"up_time":1781423342},{"id":13,"pid":0,"name":"\u6807\u51c69\u9009\u9879\u5361","ratio":"1.000000","sort":9,"add_time":1781423342,"up_time":1781423342},{"id":14,"pid":0,"name":"\u6807\u51c610\u9009\u9879\u5361","ratio":"1.000000","sort":10,"add_time":1781423342,"up_time":1781423342}]}}

[ 2026-06-14T23:11:15+08:00 ] ::1 /Home/Goods/plate_conts_blankr.html
INFO: [ app_init ] --START--
INFO: Run Behavior\BuildLiteBehavior [ RunTime:0.000004s ]
INFO: [ app_init ] --END-- [ RunTime:0.000042s ]
INFO: [ app_begin ] --START--
INFO: Run Behavior\ReadHtmlCacheBehavior [ RunTime:0.000038s ]
INFO: [ app_begin ] --END-- [ RunTime:0.000065s ]
SQL: SHOW COLUMNS FROM `plate_conts_blank` [ RunTime:0.0108s ]
SQL: SHOW COLUMNS FROM `plate_conts_logs` [ RunTime:0.0083s ]
SQL: SHOW COLUMNS FROM `plate_conts_logsr` [ RunTime:0.0045s ]
SQL: SELECT * FROM `plate_conts_blank` WHERE `id` = 1739 LIMIT 1   [ RunTime:0.0043s ]
SQL: SELECT * FROM `plate_conts_logs` WHERE `blank_id` = 1739 ORDER BY number asc,id asc  [ RunTime:0.0051s ]
SQL: SELECT `key_0` FROM `plate_conts_logs` WHERE `blank_id` = 1739 GROUP BY key_0 LIMIT 1   [ RunTime:0.0010s ]
SQL: SELECT `key_1` FROM `plate_conts_logs` WHERE `blank_id` = 1739 GROUP BY key_1 LIMIT 1   [ RunTime:0.0006s ]
SQL: SELECT `key_2` FROM `plate_conts_logs` WHERE `blank_id` = 1739 GROUP BY key_2 LIMIT 1   [ RunTime:0.0005s ]
SQL: SELECT `key_3` FROM `plate_conts_logs` WHERE `blank_id` = 1739 GROUP BY key_3 LIMIT 1   [ RunTime:0.0005s ]
SQL: SELECT `key_4` FROM `plate_conts_logs` WHERE `blank_id` = 1739 GROUP BY key_4 LIMIT 1   [ RunTime:0.0016s ]
SQL: SELECT `key_5` FROM `plate_conts_logs` WHERE `blank_id` = 1739 GROUP BY key_5 LIMIT 1   [ RunTime:0.0008s ]
SQL: SELECT `key_6` FROM `plate_conts_logs` WHERE `blank_id` = 1739 GROUP BY key_6 LIMIT 1   [ RunTime:0.0012s ]
SQL: SELECT `key_7` FROM `plate_conts_logs` WHERE `blank_id` = 1739 GROUP BY key_7 LIMIT 1   [ RunTime:0.0010s ]
NOTIC: [2] Trying to access array offset on value of type null /Users/gangliu/data/catdesk_workspace/yilan/App/Home/Controller/GoodsController.class.php 第 793 行.
NOTIC: [2] Trying to access array offset on value of type null /Users/gangliu/data/catdesk_workspace/yilan/App/Home/Controller/GoodsController.class.php 第 793 行.
NOTIC: [2] Trying to access array offset on value of type null /Users/gangliu/data/catdesk_workspace/yilan/App/Home/Controller/GoodsController.class.php 第 793 行.
NOTIC: [2] Trying to access array offset on value of type null /Users/gangliu/data/catdesk_workspace/yilan/App/Home/Controller/GoodsController.class.php 第 794 行.
NOTIC: [2] Trying to access array offset on value of type null /Users/gangliu/data/catdesk_workspace/yilan/App/Home/Controller/GoodsController.class.php 第 794 行.
NOTIC: [2] Trying to access array offset on value of type null /Users/gangliu/data/catdesk_workspace/yilan/App/Home/Controller/GoodsController.class.php 第 795 行.
NOTIC: [2] Trying to access array offset on value of type null /Users/gangliu/data/catdesk_workspace/yilan/App/Home/Controller/GoodsController.class.php 第 795 行.
NOTIC: [2] Trying to access array offset on value of type null /Users/gangliu/data/catdesk_workspace/yilan/App/Home/Controller/GoodsController.class.php 第 795 行.
SQL: SHOW COLUMNS FROM `new_tax` [ RunTime:0.0025s ]
SQL: SELECT * FROM `new_tax` WHERE `is_del` = 1  [ RunTime:0.0028s ]
SQL: SHOW COLUMNS FROM `plate_conts_price` [ RunTime:0.0042s ]
SQL: SELECT * FROM `plate_conts_price` WHERE `blank_id` = 1739 AND `is_del` = 1 ORDER BY sort asc, id asc  [ RunTime:0.0033s ]
SQL: SELECT * FROM `plate_conts_blank` WHERE `pid` = 1 AND `status` = 1 ORDER BY cat_index asc  [ RunTime:0.0016s ]
SQL: SHOW COLUMNS FROM `plate_conts_blank_group` [ RunTime:0.0024s ]
SQL: SELECT * FROM `plate_conts_blank_group` WHERE `pid` = 0 ORDER BY sort asc, id asc  [ RunTime:0.0021s ]
ERR: {"status":1,"msg":"\u83b7\u53d6\u6210\u529f","data":{"info":{"id":1739,"pid":1,"group_id":5,"catname":"\u5546\u54c1","cat_index":1,"source":["6a2bd1928b6ed.png"],"sorts":0,"gimage":"6a2bcd01617ca.png","gnames":"\u94dc\u82af\u4ea4\u8054\u805a\u4e59\u70ef\u7edd\u7f18\u805a\u6c2f\u4e59\u70ef\u62a4\u5957\u963b\u71c3\u7535\u7f06\u3010\u4e5d\u6298\u6807\u51c6\u3011","up_a":"0.0","down_a":"0.0","up_b":"0.0","down_b":"0.0","up_c":"0.0","down_c":"0.0","up_d":"0.0","down_d":"0.0","up_e":"0.0","down_e":"0.0","up_f":"0.0","down_f":"0.0","ticket_nor":3,"ticket_person":11,"status":1,"uptimes":1781256594,"times":1781095065,"new_tax_id":1},"key":{"keya":null,"keyb":null,"keyc":null,"keyd":null,"keye":null,"keyf":null,"keyg":null,"keyh":null},"list":[],"tax_list":[{"id":1,"pid":0,"name":"\u7535\u529b\u7535\u7f06\u7a0e\u7387\u53d1\u7968","alias_name":"","normal_tax":"3.00","special_tax":"11.00","status":1,"is_del":1,"add_time":0,"up_time":0},{"id":2,"pid":0,"name":"\u5bb6\u88c5\u7535\u7ebf\u7a0e\u7387","alias_name":"","normal_tax":"3.00","special_tax":"10.00","status":1,"is_del":1,"add_time":0,"up_time":0},{"id":3,"pid":0,"name":"\u521a\u6027\u9632\u706b\u7535\u7f06\u7a0e\u7387","alias_name":"","normal_tax":"3.00","special_tax":"9.00","status":1,"is_del":1,"add_time":0,"up_time":0},{"id":9,"pid":0,"name":"\u6a61\u5957\u7535\u7f06\u7a0e\u7387","alias_name":"","normal_tax":"3.00","special_tax":"11.00","status":1,"is_del":1,"add_time":0,"up_time":0},{"id":10,"pid":0,"name":"\u77ff\u7528\u6a61\u80f6\u7535\u7f06\u7a0e\u7387","alias_name":"","normal_tax":"4.00","special_tax":"12.00","status":1,"is_del":1,"add_time":0,"up_time":0}],"price_list":[],"all_blanks":[{"id":1739,"pid":1,"group_id":5,"catname":"\u5546\u54c1","cat_index":1,"source":"[\"6a2bd1928b6ed.png\"]","sorts":0,"gimage":"6a2bcd01617ca.png","gnames":"\u94dc\u82af\u4ea4\u8054\u805a\u4e59\u70ef\u7edd\u7f18\u805a\u6c2f\u4e59\u70ef\u62a4\u5957\u963b\u71c3\u7535\u7f06\u3010\u4e5d\u6298\u6807\u51c6\u3011","up_a":"0.0","down_a":"0.0","up_b":"0.0","down_b":"0.0","up_c":"0.0","down_c":"0.0","up_d":"0.0","down_d":"0.0","up_e":"0.0","down_e":"0.0","up_f":"0.0","down_f":"0.0","ticket_nor":3,"ticket_person":11,"status":1,"uptimes":1781256594,"times":1781095065,"new_tax_id":1},{"id":1740,"pid":1,"group_id":5,"catname":"\u4e5d\u6298\u6807\u51c6","cat_index":2,"source":"[\"677187340b61b.png\"]","sorts":null,"gimage":"677187340b3d7.png","gnames":"\u94dc\u82af\u4ea4\u8054\u805a\u4e59\u70ef\u7edd\u7f18\u805a\u6c2f\u4e59\u70ef\u62a4\u5957\u963b\u71c3\u7535\u7f06\u3010\u4e5d\u6298\u6807\u51c6\u3011","up_a":"0.0","down_a":"0.0","up_b":"0.0","down_b":"0.0","up_c":"0.0","down_c":"0.0","up_d":"0.0","down_d":"0.0","up_e":"0.0","down_e":"0.0","up_f":"0.0","down_f":"0.0","ticket_nor":3,"ticket_person":11,"status":1,"uptimes":1781228972,"times":1781228972,"new_tax_id":1},{"id":1741,"pid":1,"group_id":5,"catname":"\u516b\u6298\u6807\u51c6","cat_index":3,"source":"[\"677187340b61b.png\"]","sorts":null,"gimage":"677187340b3d7.png","gnames":"\u94dc\u82af\u4ea4\u8054\u805a\u4e59\u70ef\u7edd\u7f18\u805a\u6c2f\u4e59\u70ef\u62a4\u5957\u963b\u71c3\u7535\u7f06\u3010\u4e5d\u6298\u6807\u51c6\u3011","up_a":"0.0","down_a":"0.0","up_b":"0.0","down_b":"0.0","up_c":"0.0","down_c":"0.0","up_d":"0.0","down_d":"0.0","up_e":"0.0","down_e":"0.0","up_f":"0.0","down_f":"0.0","ticket_nor":3,"ticket_person":11,"status":1,"uptimes":1781228972,"times":1781228972,"new_tax_id":1}],"group_list":[{"id":1,"pid":0,"name":"\u6807\u51c61\u9009\u9879\u5361","ratio":"1.000000","sort":1,"add_time":1781435857,"up_time":1781435857},{"id":5,"pid":0,"name":"\u6807\u51c61\u9009\u9879\u5361","ratio":"1.000000","sort":1,"add_time":1781423342,"up_time":1781423342},{"id":2,"pid":0,"name":"\u6807\u51c62\u9009\u9879\u5361","ratio":"1.000000","sort":2,"add_time":1781435857,"up_time":1781435857},{"id":6,"pid":0,"name":"\u6807\u51c62\u9009\u9879\u5361","ratio":"1.000000","sort":2,"add_time":1781423342,"up_time":1781423342},{"id":7,"pid":0,"name":"\u6807\u51c63\u9009\u9879\u5361","ratio":"1.000000","sort":3,"add_time":1781423342,"up_time":1781423342},{"id":8,"pid":0,"name":"\u6807\u51c64\u9009\u9879\u5361","ratio":"1.000000","sort":4,"add_time":1781423342,"up_time":1781423342},{"id":9,"pid":0,"name":"\u6807\u51c65\u9009\u9879\u5361","ratio":"1.000000","sort":5,"add_time":1781423342,"up_time":1781423342},{"id":10,"pid":0,"name":"\u6807\u51c66\u9009\u9879\u5361","ratio":"1.000000","sort":6,"add_time":1781423342,"up_time":1781423342},{"id":11,"pid":0,"name":"\u6807\u51c67\u9009\u9879\u5361","ratio":"1.000000","sort":7,"add_time":1781423342,"up_time":1781423342},{"id":12,"pid":0,"name":"\u6807\u51c68\u9009\u9879\u5361","ratio":"1.000000","sort":8,"add_time":1781423342,"up_time":1781423342},{"id":13,"pid":0,"name":"\u6807\u51c69\u9009\u9879\u5361","ratio":"1.000000","sort":9,"add_time":1781423342,"up_time":1781423342},{"id":14,"pid":0,"name":"\u6807\u51c610\u9009\u9879\u5361","ratio":"1.000000","sort":10,"add_time":1781423342,"up_time":1781423342}]}}

[ 2026-06-14T23:11:26+08:00 ] ::1 /Home/Goods/plate_conts_blankr.html
INFO: [ app_init ] --START--
INFO: Run Behavior\BuildLiteBehavior [ RunTime:0.000011s ]
INFO: [ app_init ] --END-- [ RunTime:0.000142s ]
INFO: [ app_begin ] --START--
INFO: Run Behavior\ReadHtmlCacheBehavior [ RunTime:0.000044s ]
INFO: [ app_begin ] --END-- [ RunTime:0.000091s ]
SQL: SHOW COLUMNS FROM `plate_conts_blank` [ RunTime:0.0080s ]
SQL: SHOW COLUMNS FROM `plate_conts_logs` [ RunTime:0.0180s ]
SQL: SHOW COLUMNS FROM `plate_conts_logsr` [ RunTime:0.0027s ]
SQL: SELECT * FROM `plate_conts_blank` WHERE `id` = 1739 LIMIT 1   [ RunTime:0.0024s ]
SQL: SELECT * FROM `plate_conts_logs` WHERE `blank_id` = 1739 ORDER BY number asc,id asc  [ RunTime:0.0130s ]
SQL: SELECT `key_0` FROM `plate_conts_logs` WHERE `blank_id` = 1739 GROUP BY key_0 LIMIT 1   [ RunTime:0.0006s ]
SQL: SELECT `key_1` FROM `plate_conts_logs` WHERE `blank_id` = 1739 GROUP BY key_1 LIMIT 1   [ RunTime:0.0017s ]
SQL: SELECT `key_2` FROM `plate_conts_logs` WHERE `blank_id` = 1739 GROUP BY key_2 LIMIT 1   [ RunTime:0.0014s ]
SQL: SELECT `key_3` FROM `plate_conts_logs` WHERE `blank_id` = 1739 GROUP BY key_3 LIMIT 1   [ RunTime:0.0009s ]
SQL: SELECT `key_4` FROM `plate_conts_logs` WHERE `blank_id` = 1739 GROUP BY key_4 LIMIT 1   [ RunTime:0.0007s ]
SQL: SELECT `key_5` FROM `plate_conts_logs` WHERE `blank_id` = 1739 GROUP BY key_5 LIMIT 1   [ RunTime:0.0008s ]
SQL: SELECT `key_6` FROM `plate_conts_logs` WHERE `blank_id` = 1739 GROUP BY key_6 LIMIT 1   [ RunTime:0.0013s ]
SQL: SELECT `key_7` FROM `plate_conts_logs` WHERE `blank_id` = 1739 GROUP BY key_7 LIMIT 1   [ RunTime:0.0012s ]
NOTIC: [2] Trying to access array offset on value of type null /Users/gangliu/data/catdesk_workspace/yilan/App/Home/Controller/GoodsController.class.php 第 793 行.
NOTIC: [2] Trying to access array offset on value of type null /Users/gangliu/data/catdesk_workspace/yilan/App/Home/Controller/GoodsController.class.php 第 793 行.
NOTIC: [2] Trying to access array offset on value of type null /Users/gangliu/data/catdesk_workspace/yilan/App/Home/Controller/GoodsController.class.php 第 793 行.
NOTIC: [2] Trying to access array offset on value of type null /Users/gangliu/data/catdesk_workspace/yilan/App/Home/Controller/GoodsController.class.php 第 794 行.
NOTIC: [2] Trying to access array offset on value of type null /Users/gangliu/data/catdesk_workspace/yilan/App/Home/Controller/GoodsController.class.php 第 794 行.
NOTIC: [2] Trying to access array offset on value of type null /Users/gangliu/data/catdesk_workspace/yilan/App/Home/Controller/GoodsController.class.php 第 795 行.
NOTIC: [2] Trying to access array offset on value of type null /Users/gangliu/data/catdesk_workspace/yilan/App/Home/Controller/GoodsController.class.php 第 795 行.
NOTIC: [2] Trying to access array offset on value of type null /Users/gangliu/data/catdesk_workspace/yilan/App/Home/Controller/GoodsController.class.php 第 795 行.
SQL: SHOW COLUMNS FROM `new_tax` [ RunTime:0.0037s ]
SQL: SELECT * FROM `new_tax` WHERE `is_del` = 1  [ RunTime:0.0020s ]
SQL: SHOW COLUMNS FROM `plate_conts_price` [ RunTime:0.0049s ]
SQL: SELECT * FROM `plate_conts_price` WHERE `blank_id` = 1739 AND `is_del` = 1 ORDER BY sort asc, id asc  [ RunTime:0.0013s ]
SQL: SELECT * FROM `plate_conts_blank` WHERE `pid` = 1 AND `status` = 1 ORDER BY cat_index asc  [ RunTime:0.0013s ]
SQL: SHOW COLUMNS FROM `plate_conts_blank_group` [ RunTime:0.0037s ]
SQL: SELECT * FROM `plate_conts_blank_group` WHERE `pid` = 0 ORDER BY sort asc, id asc  [ RunTime:0.0031s ]
ERR: {"status":1,"msg":"\u83b7\u53d6\u6210\u529f","data":{"info":{"id":1739,"pid":1,"group_id":5,"catname":"\u5546\u54c1","cat_index":1,"source":["6a2bd1928b6ed.png"],"sorts":0,"gimage":"6a2bcd01617ca.png","gnames":"\u94dc\u82af\u4ea4\u8054\u805a\u4e59\u70ef\u7edd\u7f18\u805a\u6c2f\u4e59\u70ef\u62a4\u5957\u963b\u71c3\u7535\u7f06\u3010\u4e5d\u6298\u6807\u51c6\u3011","up_a":"0.0","down_a":"0.0","up_b":"0.0","down_b":"0.0","up_c":"0.0","down_c":"0.0","up_d":"0.0","down_d":"0.0","up_e":"0.0","down_e":"0.0","up_f":"0.0","down_f":"0.0","ticket_nor":3,"ticket_person":11,"status":1,"uptimes":1781256594,"times":1781095065,"new_tax_id":1},"key":{"keya":null,"keyb":null,"keyc":null,"keyd":null,"keye":null,"keyf":null,"keyg":null,"keyh":null},"list":[],"tax_list":[{"id":1,"pid":0,"name":"\u7535\u529b\u7535\u7f06\u7a0e\u7387\u53d1\u7968","alias_name":"","normal_tax":"3.00","special_tax":"11.00","status":1,"is_del":1,"add_time":0,"up_time":0},{"id":2,"pid":0,"name":"\u5bb6\u88c5\u7535\u7ebf\u7a0e\u7387","alias_name":"","normal_tax":"3.00","special_tax":"10.00","status":1,"is_del":1,"add_time":0,"up_time":0},{"id":3,"pid":0,"name":"\u521a\u6027\u9632\u706b\u7535\u7f06\u7a0e\u7387","alias_name":"","normal_tax":"3.00","special_tax":"9.00","status":1,"is_del":1,"add_time":0,"up_time":0},{"id":9,"pid":0,"name":"\u6a61\u5957\u7535\u7f06\u7a0e\u7387","alias_name":"","normal_tax":"3.00","special_tax":"11.00","status":1,"is_del":1,"add_time":0,"up_time":0},{"id":10,"pid":0,"name":"\u77ff\u7528\u6a61\u80f6\u7535\u7f06\u7a0e\u7387","alias_name":"","normal_tax":"4.00","special_tax":"12.00","status":1,"is_del":1,"add_time":0,"up_time":0}],"price_list":[],"all_blanks":[{"id":1739,"pid":1,"group_id":5,"catname":"\u5546\u54c1","cat_index":1,"source":"[\"6a2bd1928b6ed.png\"]","sorts":0,"gimage":"6a2bcd01617ca.png","gnames":"\u94dc\u82af\u4ea4\u8054\u805a\u4e59\u70ef\u7edd\u7f18\u805a\u6c2f\u4e59\u70ef\u62a4\u5957\u963b\u71c3\u7535\u7f06\u3010\u4e5d\u6298\u6807\u51c6\u3011","up_a":"0.0","down_a":"0.0","up_b":"0.0","down_b":"0.0","up_c":"0.0","down_c":"0.0","up_d":"0.0","down_d":"0.0","up_e":"0.0","down_e":"0.0","up_f":"0.0","down_f":"0.0","ticket_nor":3,"ticket_person":11,"status":1,"uptimes":1781256594,"times":1781095065,"new_tax_id":1},{"id":1740,"pid":1,"group_id":5,"catname":"\u4e5d\u6298\u6807\u51c6","cat_index":2,"source":"[\"677187340b61b.png\"]","sorts":null,"gimage":"677187340b3d7.png","gnames":"\u94dc\u82af\u4ea4\u8054\u805a\u4e59\u70ef\u7edd\u7f18\u805a\u6c2f\u4e59\u70ef\u62a4\u5957\u963b\u71c3\u7535\u7f06\u3010\u4e5d\u6298\u6807\u51c6\u3011","up_a":"0.0","down_a":"0.0","up_b":"0.0","down_b":"0.0","up_c":"0.0","down_c":"0.0","up_d":"0.0","down_d":"0.0","up_e":"0.0","down_e":"0.0","up_f":"0.0","down_f":"0.0","ticket_nor":3,"ticket_person":11,"status":1,"uptimes":1781228972,"times":1781228972,"new_tax_id":1},{"id":1741,"pid":1,"group_id":5,"catname":"\u516b\u6298\u6807\u51c6","cat_index":3,"source":"[\"677187340b61b.png\"]","sorts":null,"gimage":"677187340b3d7.png","gnames":"\u94dc\u82af\u4ea4\u8054\u805a\u4e59\u70ef\u7edd\u7f18\u805a\u6c2f\u4e59\u70ef\u62a4\u5957\u963b\u71c3\u7535\u7f06\u3010\u4e5d\u6298\u6807\u51c6\u3011","up_a":"0.0","down_a":"0.0","up_b":"0.0","down_b":"0.0","up_c":"0.0","down_c":"0.0","up_d":"0.0","down_d":"0.0","up_e":"0.0","down_e":"0.0","up_f":"0.0","down_f":"0.0","ticket_nor":3,"ticket_person":11,"status":1,"uptimes":1781228972,"times":1781228972,"new_tax_id":1}],"group_list":[{"id":1,"pid":0,"name":"\u6807\u51c61\u9009\u9879\u5361","ratio":"1.000000","sort":1,"add_time":1781435857,"up_time":1781435857},{"id":5,"pid":0,"name":"\u6807\u51c61\u9009\u9879\u5361","ratio":"1.000000","sort":1,"add_time":1781423342,"up_time":1781423342},{"id":2,"pid":0,"name":"\u6807\u51c62\u9009\u9879\u5361","ratio":"1.000000","sort":2,"add_time":1781435857,"up_time":1781435857},{"id":6,"pid":0,"name":"\u6807\u51c62\u9009\u9879\u5361","ratio":"1.000000","sort":2,"add_time":1781423342,"up_time":1781423342},{"id":7,"pid":0,"name":"\u6807\u51c63\u9009\u9879\u5361","ratio":"1.000000","sort":3,"add_time":1781423342,"up_time":1781423342},{"id":8,"pid":0,"name":"\u6807\u51c64\u9009\u9879\u5361","ratio":"1.000000","sort":4,"add_time":1781423342,"up_time":1781423342},{"id":9,"pid":0,"name":"\u6807\u51c65\u9009\u9879\u5361","ratio":"1.000000","sort":5,"add_time":1781423342,"up_time":1781423342},{"id":10,"pid":0,"name":"\u6807\u51c66\u9009\u9879\u5361","ratio":"1.000000","sort":6,"add_time":1781423342,"up_time":1781423342},{"id":11,"pid":0,"name":"\u6807\u51c67\u9009\u9879\u5361","ratio":"1.000000","sort":7,"add_time":1781423342,"up_time":1781423342},{"id":12,"pid":0,"name":"\u6807\u51c68\u9009\u9879\u5361","ratio":"1.000000","sort":8,"add_time":1781423342,"up_time":1781423342},{"id":13,"pid":0,"name":"\u6807\u51c69\u9009\u9879\u5361","ratio":"1.000000","sort":9,"add_time":1781423342,"up_time":1781423342},{"id":14,"pid":0,"name":"\u6807\u51c610\u9009\u9879\u5361","ratio":"1.000000","sort":10,"add_time":1781423342,"up_time":1781423342}]}}

[ 2026-06-14T23:11:30+08:00 ] ::1 /Home/Goods/plate_conts_blankr.html
INFO: [ app_init ] --START--
INFO: Run Behavior\BuildLiteBehavior [ RunTime:0.000009s ]
INFO: [ app_init ] --END-- [ RunTime:0.000077s ]
INFO: [ app_begin ] --START--
INFO: Run Behavior\ReadHtmlCacheBehavior [ RunTime:0.000047s ]
INFO: [ app_begin ] --END-- [ RunTime:0.000105s ]
SQL: SHOW COLUMNS FROM `plate_conts_blank` [ RunTime:0.0186s ]
SQL: SHOW COLUMNS FROM `plate_conts_logs` [ RunTime:0.0054s ]
SQL: SHOW COLUMNS FROM `plate_conts_logsr` [ RunTime:0.0070s ]
SQL: SELECT * FROM `plate_conts_blank` WHERE `id` = 1739 LIMIT 1   [ RunTime:0.0023s ]
SQL: SELECT * FROM `plate_conts_logs` WHERE `blank_id` = 1739 ORDER BY number asc,id asc  [ RunTime:0.0015s ]
SQL: SELECT `key_0` FROM `plate_conts_logs` WHERE `blank_id` = 1739 GROUP BY key_0 LIMIT 1   [ RunTime:0.0007s ]
SQL: SELECT `key_1` FROM `plate_conts_logs` WHERE `blank_id` = 1739 GROUP BY key_1 LIMIT 1   [ RunTime:0.0006s ]
SQL: SELECT `key_2` FROM `plate_conts_logs` WHERE `blank_id` = 1739 GROUP BY key_2 LIMIT 1   [ RunTime:0.0004s ]
SQL: SELECT `key_3` FROM `plate_conts_logs` WHERE `blank_id` = 1739 GROUP BY key_3 LIMIT 1   [ RunTime:0.0004s ]
SQL: SELECT `key_4` FROM `plate_conts_logs` WHERE `blank_id` = 1739 GROUP BY key_4 LIMIT 1   [ RunTime:0.0004s ]
SQL: SELECT `key_5` FROM `plate_conts_logs` WHERE `blank_id` = 1739 GROUP BY key_5 LIMIT 1   [ RunTime:0.0004s ]
SQL: SELECT `key_6` FROM `plate_conts_logs` WHERE `blank_id` = 1739 GROUP BY key_6 LIMIT 1   [ RunTime:0.0004s ]
SQL: SELECT `key_7` FROM `plate_conts_logs` WHERE `blank_id` = 1739 GROUP BY key_7 LIMIT 1   [ RunTime:0.0004s ]
NOTIC: [2] Trying to access array offset on value of type null /Users/gangliu/data/catdesk_workspace/yilan/App/Home/Controller/GoodsController.class.php 第 793 行.
NOTIC: [2] Trying to access array offset on value of type null /Users/gangliu/data/catdesk_workspace/yilan/App/Home/Controller/GoodsController.class.php 第 793 行.
NOTIC: [2] Trying to access array offset on value of type null /Users/gangliu/data/catdesk_workspace/yilan/App/Home/Controller/GoodsController.class.php 第 793 行.
NOTIC: [2] Trying to access array offset on value of type null /Users/gangliu/data/catdesk_workspace/yilan/App/Home/Controller/GoodsController.class.php 第 794 行.
NOTIC: [2] Trying to access array offset on value of type null /Users/gangliu/data/catdesk_workspace/yilan/App/Home/Controller/GoodsController.class.php 第 794 行.
NOTIC: [2] Trying to access array offset on value of type null /Users/gangliu/data/catdesk_workspace/yilan/App/Home/Controller/GoodsController.class.php 第 795 行.
NOTIC: [2] Trying to access array offset on value of type null /Users/gangliu/data/catdesk_workspace/yilan/App/Home/Controller/GoodsController.class.php 第 795 行.
NOTIC: [2] Trying to access array offset on value of type null /Users/gangliu/data/catdesk_workspace/yilan/App/Home/Controller/GoodsController.class.php 第 795 行.
SQL: SHOW COLUMNS FROM `new_tax` [ RunTime:0.0032s ]
SQL: SELECT * FROM `new_tax` WHERE `is_del` = 1  [ RunTime:0.0017s ]
SQL: SHOW COLUMNS FROM `plate_conts_price` [ RunTime:0.0029s ]
SQL: SELECT * FROM `plate_conts_price` WHERE `blank_id` = 1739 AND `is_del` = 1 ORDER BY sort asc, id asc  [ RunTime:0.0011s ]
SQL: SELECT * FROM `plate_conts_blank` WHERE `pid` = 1 AND `status` = 1 ORDER BY cat_index asc  [ RunTime:0.0004s ]
SQL: SHOW COLUMNS FROM `plate_conts_blank_group` [ RunTime:0.0031s ]
SQL: SELECT * FROM `plate_conts_blank_group` WHERE `pid` = 0 ORDER BY sort asc, id asc  [ RunTime:0.0011s ]
ERR: {"status":1,"msg":"\u83b7\u53d6\u6210\u529f","data":{"info":{"id":1739,"pid":1,"group_id":5,"catname":"\u5546\u54c1","cat_index":1,"source":["6a2bd1928b6ed.png"],"sorts":0,"gimage":"6a2bcd01617ca.png","gnames":"\u94dc\u82af\u4ea4\u8054\u805a\u4e59\u70ef\u7edd\u7f18\u805a\u6c2f\u4e59\u70ef\u62a4\u5957\u963b\u71c3\u7535\u7f06\u3010\u4e5d\u6298\u6807\u51c6\u3011","up_a":"0.0","down_a":"0.0","up_b":"0.0","down_b":"0.0","up_c":"0.0","down_c":"0.0","up_d":"0.0","down_d":"0.0","up_e":"0.0","down_e":"0.0","up_f":"0.0","down_f":"0.0","ticket_nor":3,"ticket_person":11,"status":1,"uptimes":1781256594,"times":1781095065,"new_tax_id":1},"key":{"keya":null,"keyb":null,"keyc":null,"keyd":null,"keye":null,"keyf":null,"keyg":null,"keyh":null},"list":[],"tax_list":[{"id":1,"pid":0,"name":"\u7535\u529b\u7535\u7f06\u7a0e\u7387\u53d1\u7968","alias_name":"","normal_tax":"3.00","special_tax":"11.00","status":1,"is_del":1,"add_time":0,"up_time":0},{"id":2,"pid":0,"name":"\u5bb6\u88c5\u7535\u7ebf\u7a0e\u7387","alias_name":"","normal_tax":"3.00","special_tax":"10.00","status":1,"is_del":1,"add_time":0,"up_time":0},{"id":3,"pid":0,"name":"\u521a\u6027\u9632\u706b\u7535\u7f06\u7a0e\u7387","alias_name":"","normal_tax":"3.00","special_tax":"9.00","status":1,"is_del":1,"add_time":0,"up_time":0},{"id":9,"pid":0,"name":"\u6a61\u5957\u7535\u7f06\u7a0e\u7387","alias_name":"","normal_tax":"3.00","special_tax":"11.00","status":1,"is_del":1,"add_time":0,"up_time":0},{"id":10,"pid":0,"name":"\u77ff\u7528\u6a61\u80f6\u7535\u7f06\u7a0e\u7387","alias_name":"","normal_tax":"4.00","special_tax":"12.00","status":1,"is_del":1,"add_time":0,"up_time":0}],"price_list":[],"all_blanks":[{"id":1739,"pid":1,"group_id":5,"catname":"\u5546\u54c1","cat_index":1,"source":"[\"6a2bd1928b6ed.png\"]","sorts":0,"gimage":"6a2bcd01617ca.png","gnames":"\u94dc\u82af\u4ea4\u8054\u805a\u4e59\u70ef\u7edd\u7f18\u805a\u6c2f\u4e59\u70ef\u62a4\u5957\u963b\u71c3\u7535\u7f06\u3010\u4e5d\u6298\u6807\u51c6\u3011","up_a":"0.0","down_a":"0.0","up_b":"0.0","down_b":"0.0","up_c":"0.0","down_c":"0.0","up_d":"0.0","down_d":"0.0","up_e":"0.0","down_e":"0.0","up_f":"0.0","down_f":"0.0","ticket_nor":3,"ticket_person":11,"status":1,"uptimes":1781256594,"times":1781095065,"new_tax_id":1},{"id":1740,"pid":1,"group_id":5,"catname":"\u4e5d\u6298\u6807\u51c6","cat_index":2,"source":"[\"677187340b61b.png\"]","sorts":null,"gimage":"677187340b3d7.png","gnames":"\u94dc\u82af\u4ea4\u8054\u805a\u4e59\u70ef\u7edd\u7f18\u805a\u6c2f\u4e59\u70ef\u62a4\u5957\u963b\u71c3\u7535\u7f06\u3010\u4e5d\u6298\u6807\u51c6\u3011","up_a":"0.0","down_a":"0.0","up_b":"0.0","down_b":"0.0","up_c":"0.0","down_c":"0.0","up_d":"0.0","down_d":"0.0","up_e":"0.0","down_e":"0.0","up_f":"0.0","down_f":"0.0","ticket_nor":3,"ticket_person":11,"status":1,"uptimes":1781228972,"times":1781228972,"new_tax_id":1},{"id":1741,"pid":1,"group_id":5,"catname":"\u516b\u6298\u6807\u51c6","cat_index":3,"source":"[\"677187340b61b.png\"]","sorts":null,"gimage":"677187340b3d7.png","gnames":"\u94dc\u82af\u4ea4\u8054\u805a\u4e59\u70ef\u7edd\u7f18\u805a\u6c2f\u4e59\u70ef\u62a4\u5957\u963b\u71c3\u7535\u7f06\u3010\u4e5d\u6298\u6807\u51c6\u3011","up_a":"0.0","down_a":"0.0","up_b":"0.0","down_b":"0.0","up_c":"0.0","down_c":"0.0","up_d":"0.0","down_d":"0.0","up_e":"0.0","down_e":"0.0","up_f":"0.0","down_f":"0.0","ticket_nor":3,"ticket_person":11,"status":1,"uptimes":1781228972,"times":1781228972,"new_tax_id":1}],"group_list":[{"id":1,"pid":0,"name":"\u6807\u51c61\u9009\u9879\u5361","ratio":"1.000000","sort":1,"add_time":1781435857,"up_time":1781435857},{"id":5,"pid":0,"name":"\u6807\u51c61\u9009\u9879\u5361","ratio":"1.000000","sort":1,"add_time":1781423342,"up_time":1781423342},{"id":2,"pid":0,"name":"\u6807\u51c62\u9009\u9879\u5361","ratio":"1.000000","sort":2,"add_time":1781435857,"up_time":1781435857},{"id":6,"pid":0,"name":"\u6807\u51c62\u9009\u9879\u5361","ratio":"1.000000","sort":2,"add_time":1781423342,"up_time":1781423342},{"id":7,"pid":0,"name":"\u6807\u51c63\u9009\u9879\u5361","ratio":"1.000000","sort":3,"add_time":1781423342,"up_time":1781423342},{"id":8,"pid":0,"name":"\u6807\u51c64\u9009\u9879\u5361","ratio":"1.000000","sort":4,"add_time":1781423342,"up_time":1781423342},{"id":9,"pid":0,"name":"\u6807\u51c65\u9009\u9879\u5361","ratio":"1.000000","sort":5,"add_time":1781423342,"up_time":1781423342},{"id":10,"pid":0,"name":"\u6807\u51c66\u9009\u9879\u5361","ratio":"1.000000","sort":6,"add_time":1781423342,"up_time":1781423342},{"id":11,"pid":0,"name":"\u6807\u51c67\u9009\u9879\u5361","ratio":"1.000000","sort":7,"add_time":1781423342,"up_time":1781423342},{"id":12,"pid":0,"name":"\u6807\u51c68\u9009\u9879\u5361","ratio":"1.000000","sort":8,"add_time":1781423342,"up_time":1781423342},{"id":13,"pid":0,"name":"\u6807\u51c69\u9009\u9879\u5361","ratio":"1.000000","sort":9,"add_time":1781423342,"up_time":1781423342},{"id":14,"pid":0,"name":"\u6807\u51c610\u9009\u9879\u5361","ratio":"1.000000","sort":10,"add_time":1781423342,"up_time":1781423342}]}}

[ 2026-06-14T23:25:28+08:00 ] ::1 /Home/Goods/liner.html
INFO: [ app_init ] --START--
INFO: Run Behavior\BuildLiteBehavior [ RunTime:0.000012s ]
INFO: [ app_init ] --END-- [ RunTime:0.003809s ]
INFO: [ app_begin ] --START--
INFO: Run Behavior\ReadHtmlCacheBehavior [ RunTime:0.000048s ]
INFO: [ app_begin ] --END-- [ RunTime:0.000078s ]
SQL: SHOW COLUMNS FROM `plate_types` [ RunTime:0.3491s ]
SQL: SELECT COUNT(*) AS tp_count FROM `plate_types` WHERE `types` = 1 LIMIT 1   [ RunTime:0.0826s ]
SQL: SELECT * FROM `plate_types` WHERE `types` = 1 ORDER BY sorts asc,id asc LIMIT 0,10   [ RunTime:0.0036s ]
INFO: [ view_parse ] --START--
INFO: [ template_filter ] --START--
INFO: Run Behavior\ContentReplaceBehavior [ RunTime:0.000094s ]
INFO: [ template_filter ] --END-- [ RunTime:0.000334s ]
INFO: Run Behavior\ParseTemplateBehavior [ RunTime:0.012156s ]
INFO: [ view_parse ] --END-- [ RunTime:0.012199s ]
INFO: [ view_filter ] --START--
INFO: Run Behavior\WriteHtmlCacheBehavior [ RunTime:0.000057s ]
INFO: [ view_filter ] --END-- [ RunTime:0.000065s ]
INFO: [ app_end ] --START--
INFO: Run Behavior\ShowPageTraceBehavior [ RunTime:0.000042s ]
INFO: [ app_end ] --END-- [ RunTime:0.000051s ]

[ 2026-06-14T23:25:31+08:00 ] ::1 /Home/Goods/plate_infos/id/1.html
INFO: [ app_init ] --START--
INFO: Run Behavior\BuildLiteBehavior [ RunTime:0.000015s ]
INFO: [ app_init ] --END-- [ RunTime:0.000201s ]
INFO: [ app_begin ] --START--
INFO: Run Behavior\ReadHtmlCacheBehavior [ RunTime:0.000045s ]
INFO: [ app_begin ] --END-- [ RunTime:0.000099s ]
SQL: SHOW COLUMNS FROM `plate_types` [ RunTime:0.2234s ]
SQL: SHOW COLUMNS FROM `plate` [ RunTime:0.0030s ]
SQL: SELECT * FROM `plate_types` WHERE `id` = 1 LIMIT 1   [ RunTime:0.0618s ]
SQL: SELECT COUNT(*) AS tp_count FROM `plate` WHERE `pid` = 1 LIMIT 1   [ RunTime:0.2469s ]
SQL: SELECT * FROM `plate` WHERE `pid` = 1 ORDER BY sorts desc,id asc LIMIT 0,10   [ RunTime:0.0020s ]
INFO: [ view_parse ] --START--
INFO: [ template_filter ] --START--
INFO: Run Behavior\ContentReplaceBehavior [ RunTime:0.000133s ]
INFO: [ template_filter ] --END-- [ RunTime:0.000178s ]
INFO: Run Behavior\ParseTemplateBehavior [ RunTime:0.007664s ]
INFO: [ view_parse ] --END-- [ RunTime:0.007719s ]
INFO: [ view_filter ] --START--
INFO: Run Behavior\WriteHtmlCacheBehavior [ RunTime:0.000108s ]
INFO: [ view_filter ] --END-- [ RunTime:0.000125s ]
INFO: [ app_end ] --START--
INFO: Run Behavior\ShowPageTraceBehavior [ RunTime:0.000043s ]
INFO: [ app_end ] --END-- [ RunTime:0.000059s ]

[ 2026-06-14T23:25:34+08:00 ] ::1 /Home/Goods/plate_conts/id/1.html
INFO: [ app_init ] --START--
INFO: Run Behavior\BuildLiteBehavior [ RunTime:0.000011s ]
INFO: [ app_init ] --END-- [ RunTime:0.000097s ]
INFO: [ app_begin ] --START--
INFO: Run Behavior\ReadHtmlCacheBehavior [ RunTime:0.000047s ]
INFO: [ app_begin ] --END-- [ RunTime:0.000077s ]
SQL: SHOW COLUMNS FROM `plate` [ RunTime:0.0180s ]
SQL: SHOW COLUMNS FROM `plate_conts` [ RunTime:0.0037s ]
SQL: SHOW COLUMNS FROM `shops` [ RunTime:0.0082s ]
SQL: SHOW COLUMNS FROM `plate_cats` [ RunTime:0.0048s ]
SQL: SELECT * FROM `plate` WHERE `id` = 1 LIMIT 1   [ RunTime:0.0040s ]
SQL: SELECT COUNT(*) AS tp_count FROM `plate_conts` WHERE `pid` = 1 LIMIT 1   [ RunTime:0.0066s ]
SQL: SELECT * FROM `plate_conts` WHERE `pid` = 1 ORDER BY sorts desc,id asc LIMIT 0,10   [ RunTime:0.0059s ]
SQL: SELECT * FROM `shops` WHERE `status` = 1  [ RunTime:0.0050s ]
SQL: SELECT * FROM `plate_cats` WHERE `status` = 1  [ RunTime:0.0039s ]
INFO: [ view_parse ] --START--
INFO: [ template_filter ] --START--
INFO: Run Behavior\ContentReplaceBehavior [ RunTime:0.000134s ]
INFO: [ template_filter ] --END-- [ RunTime:0.000172s ]
NOTIC: [2] Undefined array key "type_id" /Users/gangliu/data/catdesk_workspace/yilan/App/Runtime/Cache/Home/f779fc1e4f0cf62fc1952b382b9a55ae.php 第 176 行.
NOTIC: [2] Undefined variable $catid /Users/gangliu/data/catdesk_workspace/yilan/App/Runtime/Cache/Home/f779fc1e4f0cf62fc1952b382b9a55ae.php 第 223 行.
SQL: SELECT * FROM `plate_cats` WHERE `id` = 217 LIMIT 1   [ RunTime:0.0018s ]
NOTIC: [2] Undefined variable $show_type /Users/gangliu/data/catdesk_workspace/yilan/App/Runtime/Cache/Home/f779fc1e4f0cf62fc1952b382b9a55ae.php 第 227 行.
NOTIC: [2] Undefined variable $catid /Users/gangliu/data/catdesk_workspace/yilan/App/Runtime/Cache/Home/f779fc1e4f0cf62fc1952b382b9a55ae.php 第 223 行.
SQL: SELECT * FROM `plate_cats` WHERE `id` = 217 LIMIT 1   [ RunTime:0.0011s ]
NOTIC: [2] Undefined variable $show_type /Users/gangliu/data/catdesk_workspace/yilan/App/Runtime/Cache/Home/f779fc1e4f0cf62fc1952b382b9a55ae.php 第 227 行.
NOTIC: [2] Undefined variable $catid /Users/gangliu/data/catdesk_workspace/yilan/App/Runtime/Cache/Home/f779fc1e4f0cf62fc1952b382b9a55ae.php 第 223 行.
SQL: SELECT * FROM `plate_cats` WHERE `id` = 217 LIMIT 1   [ RunTime:0.0006s ]
NOTIC: [2] Undefined variable $show_type /Users/gangliu/data/catdesk_workspace/yilan/App/Runtime/Cache/Home/f779fc1e4f0cf62fc1952b382b9a55ae.php 第 227 行.
NOTIC: [2] Undefined variable $catid /Users/gangliu/data/catdesk_workspace/yilan/App/Runtime/Cache/Home/f779fc1e4f0cf62fc1952b382b9a55ae.php 第 223 行.
SQL: SELECT * FROM `plate_cats` WHERE `id` = 217 LIMIT 1   [ RunTime:0.0005s ]
NOTIC: [2] Undefined variable $show_type /Users/gangliu/data/catdesk_workspace/yilan/App/Runtime/Cache/Home/f779fc1e4f0cf62fc1952b382b9a55ae.php 第 227 行.
NOTIC: [2] Undefined variable $catid /Users/gangliu/data/catdesk_workspace/yilan/App/Runtime/Cache/Home/f779fc1e4f0cf62fc1952b382b9a55ae.php 第 223 行.
SQL: SELECT * FROM `plate_cats` WHERE `id` = 217 LIMIT 1   [ RunTime:0.0005s ]
NOTIC: [2] Undefined variable $show_type /Users/gangliu/data/catdesk_workspace/yilan/App/Runtime/Cache/Home/f779fc1e4f0cf62fc1952b382b9a55ae.php 第 227 行.
NOTIC: [2] Undefined variable $catid /Users/gangliu/data/catdesk_workspace/yilan/App/Runtime/Cache/Home/f779fc1e4f0cf62fc1952b382b9a55ae.php 第 223 行.
SQL: SELECT * FROM `plate_cats` WHERE `id` = 217 LIMIT 1   [ RunTime:0.0007s ]
NOTIC: [2] Undefined variable $show_type /Users/gangliu/data/catdesk_workspace/yilan/App/Runtime/Cache/Home/f779fc1e4f0cf62fc1952b382b9a55ae.php 第 227 行.
NOTIC: [2] Undefined variable $catid /Users/gangliu/data/catdesk_workspace/yilan/App/Runtime/Cache/Home/f779fc1e4f0cf62fc1952b382b9a55ae.php 第 223 行.
SQL: SELECT * FROM `plate_cats` WHERE `id` = 217 LIMIT 1   [ RunTime:0.0006s ]
NOTIC: [2] Undefined variable $show_type /Users/gangliu/data/catdesk_workspace/yilan/App/Runtime/Cache/Home/f779fc1e4f0cf62fc1952b382b9a55ae.php 第 227 行.
NOTIC: [2] Undefined variable $catid /Users/gangliu/data/catdesk_workspace/yilan/App/Runtime/Cache/Home/f779fc1e4f0cf62fc1952b382b9a55ae.php 第 223 行.
SQL: SELECT * FROM `plate_cats` WHERE `id` = 217 LIMIT 1   [ RunTime:0.0005s ]
NOTIC: [2] Undefined variable $show_type /Users/gangliu/data/catdesk_workspace/yilan/App/Runtime/Cache/Home/f779fc1e4f0cf62fc1952b382b9a55ae.php 第 227 行.
NOTIC: [2] Undefined variable $catid /Users/gangliu/data/catdesk_workspace/yilan/App/Runtime/Cache/Home/f779fc1e4f0cf62fc1952b382b9a55ae.php 第 223 行.
SQL: SELECT * FROM `plate_cats` WHERE `id` = 217 LIMIT 1   [ RunTime:0.0007s ]
NOTIC: [2] Undefined variable $show_type /Users/gangliu/data/catdesk_workspace/yilan/App/Runtime/Cache/Home/f779fc1e4f0cf62fc1952b382b9a55ae.php 第 227 行.
NOTIC: [2] Undefined variable $catid /Users/gangliu/data/catdesk_workspace/yilan/App/Runtime/Cache/Home/f779fc1e4f0cf62fc1952b382b9a55ae.php 第 223 行.
SQL: SELECT * FROM `plate_cats` WHERE `id` = 217 LIMIT 1   [ RunTime:0.0007s ]
NOTIC: [2] Undefined variable $show_type /Users/gangliu/data/catdesk_workspace/yilan/App/Runtime/Cache/Home/f779fc1e4f0cf62fc1952b382b9a55ae.php 第 227 行.
INFO: Run Behavior\ParseTemplateBehavior [ RunTime:0.023946s ]
INFO: [ view_parse ] --END-- [ RunTime:0.023971s ]
INFO: [ view_filter ] --START--
INFO: Run Behavior\WriteHtmlCacheBehavior [ RunTime:0.000080s ]
INFO: [ view_filter ] --END-- [ RunTime:0.000090s ]
INFO: [ app_end ] --START--
INFO: Run Behavior\ShowPageTraceBehavior [ RunTime:0.000066s ]
INFO: [ app_end ] --END-- [ RunTime:0.000079s ]

[ 2026-06-14T23:25:40+08:00 ] ::1 /Home/Goods/plate_conts_list/id/1.html
INFO: [ app_init ] --START--
INFO: Run Behavior\BuildLiteBehavior [ RunTime:0.000012s ]
INFO: [ app_init ] --END-- [ RunTime:0.000130s ]
INFO: [ app_begin ] --START--
INFO: Run Behavior\ReadHtmlCacheBehavior [ RunTime:0.000062s ]
INFO: [ app_begin ] --END-- [ RunTime:0.000097s ]
SQL: SHOW COLUMNS FROM `plate_conts` [ RunTime:0.0089s ]
SQL: SHOW COLUMNS FROM `sys_tmps` [ RunTime:0.0039s ]
SQL: SELECT * FROM `plate_conts` WHERE `id` = 1 LIMIT 1   [ RunTime:0.0018s ]
SQL: SELECT * FROM `sys_tmps` WHERE `types` = 2 ORDER BY id desc  [ RunTime:0.0020s ]
INFO: [ view_parse ] --START--
INFO: [ template_filter ] --START--
INFO: Run Behavior\ContentReplaceBehavior [ RunTime:0.000323s ]
INFO: [ template_filter ] --END-- [ RunTime:0.000380s ]
INFO: Run Behavior\ParseTemplateBehavior [ RunTime:0.011682s ]
INFO: [ view_parse ] --END-- [ RunTime:0.011740s ]
INFO: [ view_filter ] --START--
INFO: Run Behavior\WriteHtmlCacheBehavior [ RunTime:0.000123s ]
INFO: [ view_filter ] --END-- [ RunTime:0.000180s ]
INFO: [ app_end ] --START--
INFO: Run Behavior\ShowPageTraceBehavior [ RunTime:0.000069s ]
INFO: [ app_end ] --END-- [ RunTime:0.000100s ]

[ 2026-06-14T23:25:40+08:00 ] ::1 /Home/Goods/plate_conts_blankr.html
INFO: [ app_init ] --START--
INFO: Run Behavior\BuildLiteBehavior [ RunTime:0.000006s ]
INFO: [ app_init ] --END-- [ RunTime:0.000054s ]
INFO: [ app_begin ] --START--
INFO: Run Behavior\ReadHtmlCacheBehavior [ RunTime:0.000043s ]
INFO: [ app_begin ] --END-- [ RunTime:0.000080s ]
SQL: SHOW COLUMNS FROM `plate_conts_blank` [ RunTime:0.0071s ]
SQL: SHOW COLUMNS FROM `plate_conts_logs` [ RunTime:0.0049s ]
SQL: SHOW COLUMNS FROM `plate_conts_logsr` [ RunTime:0.0036s ]
SQL: SELECT * FROM `plate_conts_blank` WHERE `pid` = 1 AND `cat_index` = 1 LIMIT 1   [ RunTime:0.0031s ]
SQL: SELECT * FROM `plate_conts_logs` WHERE `blank_id` = 1739 ORDER BY number asc,id asc  [ RunTime:0.0198s ]
SQL: SELECT `key_0` FROM `plate_conts_logs` WHERE `blank_id` = 1739 GROUP BY key_0 LIMIT 1   [ RunTime:0.0046s ]
SQL: SELECT `key_1` FROM `plate_conts_logs` WHERE `blank_id` = 1739 GROUP BY key_1 LIMIT 1   [ RunTime:0.0037s ]
SQL: SELECT `key_2` FROM `plate_conts_logs` WHERE `blank_id` = 1739 GROUP BY key_2 LIMIT 1   [ RunTime:0.0029s ]
SQL: SELECT `key_3` FROM `plate_conts_logs` WHERE `blank_id` = 1739 GROUP BY key_3 LIMIT 1   [ RunTime:0.0025s ]
SQL: SELECT `key_4` FROM `plate_conts_logs` WHERE `blank_id` = 1739 GROUP BY key_4 LIMIT 1   [ RunTime:0.0016s ]
SQL: SELECT `key_5` FROM `plate_conts_logs` WHERE `blank_id` = 1739 GROUP BY key_5 LIMIT 1   [ RunTime:0.0015s ]
SQL: SELECT `key_6` FROM `plate_conts_logs` WHERE `blank_id` = 1739 GROUP BY key_6 LIMIT 1   [ RunTime:0.0011s ]
SQL: SELECT `key_7` FROM `plate_conts_logs` WHERE `blank_id` = 1739 GROUP BY key_7 LIMIT 1   [ RunTime:0.0011s ]
NOTIC: [2] Trying to access array offset on value of type null /Users/gangliu/data/catdesk_workspace/yilan/App/Home/Controller/GoodsController.class.php 第 793 行.
NOTIC: [2] Trying to access array offset on value of type null /Users/gangliu/data/catdesk_workspace/yilan/App/Home/Controller/GoodsController.class.php 第 793 行.
NOTIC: [2] Trying to access array offset on value of type null /Users/gangliu/data/catdesk_workspace/yilan/App/Home/Controller/GoodsController.class.php 第 793 行.
NOTIC: [2] Trying to access array offset on value of type null /Users/gangliu/data/catdesk_workspace/yilan/App/Home/Controller/GoodsController.class.php 第 794 行.
NOTIC: [2] Trying to access array offset on value of type null /Users/gangliu/data/catdesk_workspace/yilan/App/Home/Controller/GoodsController.class.php 第 794 行.
NOTIC: [2] Trying to access array offset on value of type null /Users/gangliu/data/catdesk_workspace/yilan/App/Home/Controller/GoodsController.class.php 第 795 行.
NOTIC: [2] Trying to access array offset on value of type null /Users/gangliu/data/catdesk_workspace/yilan/App/Home/Controller/GoodsController.class.php 第 795 行.
NOTIC: [2] Trying to access array offset on value of type null /Users/gangliu/data/catdesk_workspace/yilan/App/Home/Controller/GoodsController.class.php 第 795 行.
SQL: SHOW COLUMNS FROM `new_tax` [ RunTime:0.0032s ]
SQL: SELECT * FROM `new_tax` WHERE `is_del` = 1  [ RunTime:0.0221s ]
SQL: SHOW COLUMNS FROM `plate_conts_price` [ RunTime:0.0460s ]
SQL: SELECT * FROM `plate_conts_price` WHERE `blank_id` = 1739 AND `is_del` = 1 ORDER BY sort asc, id asc  [ RunTime:0.0073s ]
SQL: SELECT * FROM `plate_conts_blank` WHERE `pid` = 1 AND `status` = 1 ORDER BY cat_index asc  [ RunTime:0.0014s ]
SQL: SHOW COLUMNS FROM `plate_conts_blank_group` [ RunTime:0.0032s ]
SQL: SELECT * FROM `plate_conts_blank_group` WHERE `pid` = 0 ORDER BY sort asc, id asc  [ RunTime:0.0014s ]
ERR: {"status":1,"msg":"\u83b7\u53d6\u6210\u529f","data":{"info":{"id":1739,"pid":1,"group_id":5,"catname":"\u5546\u54c1","cat_index":1,"source":["6a2bd1928b6ed.png"],"sorts":0,"gimage":"6a2bcd01617ca.png","gnames":"\u94dc\u82af\u4ea4\u8054\u805a\u4e59\u70ef\u7edd\u7f18\u805a\u6c2f\u4e59\u70ef\u62a4\u5957\u963b\u71c3\u7535\u7f06\u3010\u4e5d\u6298\u6807\u51c6\u3011","up_a":"0.0","down_a":"0.0","up_b":"0.0","down_b":"0.0","up_c":"0.0","down_c":"0.0","up_d":"0.0","down_d":"0.0","up_e":"0.0","down_e":"0.0","up_f":"0.0","down_f":"0.0","ticket_nor":3,"ticket_person":11,"status":1,"uptimes":1781256594,"times":1781095065,"new_tax_id":1},"key":{"keya":null,"keyb":null,"keyc":null,"keyd":null,"keye":null,"keyf":null,"keyg":null,"keyh":null},"list":[],"tax_list":[{"id":1,"pid":0,"name":"\u7535\u529b\u7535\u7f06\u7a0e\u7387\u53d1\u7968","alias_name":"","normal_tax":"3.00","special_tax":"11.00","status":1,"is_del":1,"add_time":0,"up_time":0},{"id":2,"pid":0,"name":"\u5bb6\u88c5\u7535\u7ebf\u7a0e\u7387","alias_name":"","normal_tax":"3.00","special_tax":"10.00","status":1,"is_del":1,"add_time":0,"up_time":0},{"id":3,"pid":0,"name":"\u521a\u6027\u9632\u706b\u7535\u7f06\u7a0e\u7387","alias_name":"","normal_tax":"3.00","special_tax":"9.00","status":1,"is_del":1,"add_time":0,"up_time":0},{"id":9,"pid":0,"name":"\u6a61\u5957\u7535\u7f06\u7a0e\u7387","alias_name":"","normal_tax":"3.00","special_tax":"11.00","status":1,"is_del":1,"add_time":0,"up_time":0},{"id":10,"pid":0,"name":"\u77ff\u7528\u6a61\u80f6\u7535\u7f06\u7a0e\u7387","alias_name":"","normal_tax":"4.00","special_tax":"12.00","status":1,"is_del":1,"add_time":0,"up_time":0}],"price_list":[],"all_blanks":[{"id":1739,"pid":1,"group_id":5,"catname":"\u5546\u54c1","cat_index":1,"source":"[\"6a2bd1928b6ed.png\"]","sorts":0,"gimage":"6a2bcd01617ca.png","gnames":"\u94dc\u82af\u4ea4\u8054\u805a\u4e59\u70ef\u7edd\u7f18\u805a\u6c2f\u4e59\u70ef\u62a4\u5957\u963b\u71c3\u7535\u7f06\u3010\u4e5d\u6298\u6807\u51c6\u3011","up_a":"0.0","down_a":"0.0","up_b":"0.0","down_b":"0.0","up_c":"0.0","down_c":"0.0","up_d":"0.0","down_d":"0.0","up_e":"0.0","down_e":"0.0","up_f":"0.0","down_f":"0.0","ticket_nor":3,"ticket_person":11,"status":1,"uptimes":1781256594,"times":1781095065,"new_tax_id":1},{"id":1740,"pid":1,"group_id":5,"catname":"\u4e5d\u6298\u6807\u51c6","cat_index":2,"source":"[\"677187340b61b.png\"]","sorts":null,"gimage":"677187340b3d7.png","gnames":"\u94dc\u82af\u4ea4\u8054\u805a\u4e59\u70ef\u7edd\u7f18\u805a\u6c2f\u4e59\u70ef\u62a4\u5957\u963b\u71c3\u7535\u7f06\u3010\u4e5d\u6298\u6807\u51c6\u3011","up_a":"0.0","down_a":"0.0","up_b":"0.0","down_b":"0.0","up_c":"0.0","down_c":"0.0","up_d":"0.0","down_d":"0.0","up_e":"0.0","down_e":"0.0","up_f":"0.0","down_f":"0.0","ticket_nor":3,"ticket_person":11,"status":1,"uptimes":1781228972,"times":1781228972,"new_tax_id":1},{"id":1741,"pid":1,"group_id":5,"catname":"\u516b\u6298\u6807\u51c6","cat_index":3,"source":"[\"677187340b61b.png\"]","sorts":null,"gimage":"677187340b3d7.png","gnames":"\u94dc\u82af\u4ea4\u8054\u805a\u4e59\u70ef\u7edd\u7f18\u805a\u6c2f\u4e59\u70ef\u62a4\u5957\u963b\u71c3\u7535\u7f06\u3010\u4e5d\u6298\u6807\u51c6\u3011","up_a":"0.0","down_a":"0.0","up_b":"0.0","down_b":"0.0","up_c":"0.0","down_c":"0.0","up_d":"0.0","down_d":"0.0","up_e":"0.0","down_e":"0.0","up_f":"0.0","down_f":"0.0","ticket_nor":3,"ticket_person":11,"status":1,"uptimes":1781228972,"times":1781228972,"new_tax_id":1}],"group_list":[{"id":1,"pid":0,"name":"\u6807\u51c61\u9009\u9879\u5361","ratio":"1.000000","sort":1,"add_time":1781435857,"up_time":1781435857},{"id":5,"pid":0,"name":"\u6807\u51c61\u9009\u9879\u5361","ratio":"1.000000","sort":1,"add_time":1781423342,"up_time":1781423342},{"id":2,"pid":0,"name":"\u6807\u51c62\u9009\u9879\u5361","ratio":"1.000000","sort":2,"add_time":1781435857,"up_time":1781435857},{"id":6,"pid":0,"name":"\u6807\u51c62\u9009\u9879\u5361","ratio":"1.000000","sort":2,"add_time":1781423342,"up_time":1781423342},{"id":7,"pid":0,"name":"\u6807\u51c63\u9009\u9879\u5361","ratio":"1.000000","sort":3,"add_time":1781423342,"up_time":1781423342},{"id":8,"pid":0,"name":"\u6807\u51c64\u9009\u9879\u5361","ratio":"1.000000","sort":4,"add_time":1781423342,"up_time":1781423342},{"id":9,"pid":0,"name":"\u6807\u51c65\u9009\u9879\u5361","ratio":"1.000000","sort":5,"add_time":1781423342,"up_time":1781423342},{"id":10,"pid":0,"name":"\u6807\u51c66\u9009\u9879\u5361","ratio":"1.000000","sort":6,"add_time":1781423342,"up_time":1781423342},{"id":11,"pid":0,"name":"\u6807\u51c67\u9009\u9879\u5361","ratio":"1.000000","sort":7,"add_time":1781423342,"up_time":1781423342},{"id":12,"pid":0,"name":"\u6807\u51c68\u9009\u9879\u5361","ratio":"1.000000","sort":8,"add_time":1781423342,"up_time":1781423342},{"id":13,"pid":0,"name":"\u6807\u51c69\u9009\u9879\u5361","ratio":"1.000000","sort":9,"add_time":1781423342,"up_time":1781423342},{"id":14,"pid":0,"name":"\u6807\u51c610\u9009\u9879\u5361","ratio":"1.000000","sort":10,"add_time":1781423342,"up_time":1781423342}]}}

[ 2026-06-14T23:25:47+08:00 ] ::1 /Home/Goods/plate_conts_blankr.html
INFO: [ app_init ] --START--
INFO: Run Behavior\BuildLiteBehavior [ RunTime:0.000008s ]
INFO: [ app_init ] --END-- [ RunTime:0.000104s ]
INFO: [ app_begin ] --START--
INFO: Run Behavior\ReadHtmlCacheBehavior [ RunTime:0.000039s ]
INFO: [ app_begin ] --END-- [ RunTime:0.000064s ]
SQL: SHOW COLUMNS FROM `plate_conts_blank` [ RunTime:0.0055s ]
SQL: SHOW COLUMNS FROM `plate_conts_logs` [ RunTime:0.0033s ]
SQL: SHOW COLUMNS FROM `plate_conts_logsr` [ RunTime:0.0038s ]
SQL: SELECT * FROM `plate_conts_blank` WHERE `id` = 1739 LIMIT 1   [ RunTime:0.0011s ]
SQL: SELECT * FROM `plate_conts_logs` WHERE `blank_id` = 1739 ORDER BY number asc,id asc  [ RunTime:0.0010s ]
SQL: SELECT `key_0` FROM `plate_conts_logs` WHERE `blank_id` = 1739 GROUP BY key_0 LIMIT 1   [ RunTime:0.0008s ]
SQL: SELECT `key_1` FROM `plate_conts_logs` WHERE `blank_id` = 1739 GROUP BY key_1 LIMIT 1   [ RunTime:0.0005s ]
SQL: SELECT `key_2` FROM `plate_conts_logs` WHERE `blank_id` = 1739 GROUP BY key_2 LIMIT 1   [ RunTime:0.0004s ]
SQL: SELECT `key_3` FROM `plate_conts_logs` WHERE `blank_id` = 1739 GROUP BY key_3 LIMIT 1   [ RunTime:0.0008s ]
SQL: SELECT `key_4` FROM `plate_conts_logs` WHERE `blank_id` = 1739 GROUP BY key_4 LIMIT 1   [ RunTime:0.0022s ]
SQL: SELECT `key_5` FROM `plate_conts_logs` WHERE `blank_id` = 1739 GROUP BY key_5 LIMIT 1   [ RunTime:0.0012s ]
SQL: SELECT `key_6` FROM `plate_conts_logs` WHERE `blank_id` = 1739 GROUP BY key_6 LIMIT 1   [ RunTime:0.0007s ]
SQL: SELECT `key_7` FROM `plate_conts_logs` WHERE `blank_id` = 1739 GROUP BY key_7 LIMIT 1   [ RunTime:0.0008s ]
NOTIC: [2] Trying to access array offset on value of type null /Users/gangliu/data/catdesk_workspace/yilan/App/Home/Controller/GoodsController.class.php 第 793 行.
NOTIC: [2] Trying to access array offset on value of type null /Users/gangliu/data/catdesk_workspace/yilan/App/Home/Controller/GoodsController.class.php 第 793 行.
NOTIC: [2] Trying to access array offset on value of type null /Users/gangliu/data/catdesk_workspace/yilan/App/Home/Controller/GoodsController.class.php 第 793 行.
NOTIC: [2] Trying to access array offset on value of type null /Users/gangliu/data/catdesk_workspace/yilan/App/Home/Controller/GoodsController.class.php 第 794 行.
NOTIC: [2] Trying to access array offset on value of type null /Users/gangliu/data/catdesk_workspace/yilan/App/Home/Controller/GoodsController.class.php 第 794 行.
NOTIC: [2] Trying to access array offset on value of type null /Users/gangliu/data/catdesk_workspace/yilan/App/Home/Controller/GoodsController.class.php 第 795 行.
NOTIC: [2] Trying to access array offset on value of type null /Users/gangliu/data/catdesk_workspace/yilan/App/Home/Controller/GoodsController.class.php 第 795 行.
NOTIC: [2] Trying to access array offset on value of type null /Users/gangliu/data/catdesk_workspace/yilan/App/Home/Controller/GoodsController.class.php 第 795 行.
SQL: SHOW COLUMNS FROM `new_tax` [ RunTime:0.0049s ]
SQL: SELECT * FROM `new_tax` WHERE `is_del` = 1  [ RunTime:0.0013s ]
SQL: SHOW COLUMNS FROM `plate_conts_price` [ RunTime:0.0027s ]
SQL: SELECT * FROM `plate_conts_price` WHERE `blank_id` = 1739 AND `is_del` = 1 ORDER BY sort asc, id asc  [ RunTime:0.0014s ]
SQL: SELECT * FROM `plate_conts_blank` WHERE `pid` = 1 AND `status` = 1 ORDER BY cat_index asc  [ RunTime:0.0014s ]
SQL: SHOW COLUMNS FROM `plate_conts_blank_group` [ RunTime:0.0046s ]
SQL: SELECT * FROM `plate_conts_blank_group` WHERE `pid` = 0 ORDER BY sort asc, id asc  [ RunTime:0.0012s ]
ERR: {"status":1,"msg":"\u83b7\u53d6\u6210\u529f","data":{"info":{"id":1739,"pid":1,"group_id":5,"catname":"\u5546\u54c1","cat_index":1,"source":["6a2bd1928b6ed.png"],"sorts":0,"gimage":"6a2bcd01617ca.png","gnames":"\u94dc\u82af\u4ea4\u8054\u805a\u4e59\u70ef\u7edd\u7f18\u805a\u6c2f\u4e59\u70ef\u62a4\u5957\u963b\u71c3\u7535\u7f06\u3010\u4e5d\u6298\u6807\u51c6\u3011","up_a":"0.0","down_a":"0.0","up_b":"0.0","down_b":"0.0","up_c":"0.0","down_c":"0.0","up_d":"0.0","down_d":"0.0","up_e":"0.0","down_e":"0.0","up_f":"0.0","down_f":"0.0","ticket_nor":3,"ticket_person":11,"status":1,"uptimes":1781256594,"times":1781095065,"new_tax_id":1},"key":{"keya":null,"keyb":null,"keyc":null,"keyd":null,"keye":null,"keyf":null,"keyg":null,"keyh":null},"list":[],"tax_list":[{"id":1,"pid":0,"name":"\u7535\u529b\u7535\u7f06\u7a0e\u7387\u53d1\u7968","alias_name":"","normal_tax":"3.00","special_tax":"11.00","status":1,"is_del":1,"add_time":0,"up_time":0},{"id":2,"pid":0,"name":"\u5bb6\u88c5\u7535\u7ebf\u7a0e\u7387","alias_name":"","normal_tax":"3.00","special_tax":"10.00","status":1,"is_del":1,"add_time":0,"up_time":0},{"id":3,"pid":0,"name":"\u521a\u6027\u9632\u706b\u7535\u7f06\u7a0e\u7387","alias_name":"","normal_tax":"3.00","special_tax":"9.00","status":1,"is_del":1,"add_time":0,"up_time":0},{"id":9,"pid":0,"name":"\u6a61\u5957\u7535\u7f06\u7a0e\u7387","alias_name":"","normal_tax":"3.00","special_tax":"11.00","status":1,"is_del":1,"add_time":0,"up_time":0},{"id":10,"pid":0,"name":"\u77ff\u7528\u6a61\u80f6\u7535\u7f06\u7a0e\u7387","alias_name":"","normal_tax":"4.00","special_tax":"12.00","status":1,"is_del":1,"add_time":0,"up_time":0}],"price_list":[],"all_blanks":[{"id":1739,"pid":1,"group_id":5,"catname":"\u5546\u54c1","cat_index":1,"source":"[\"6a2bd1928b6ed.png\"]","sorts":0,"gimage":"6a2bcd01617ca.png","gnames":"\u94dc\u82af\u4ea4\u8054\u805a\u4e59\u70ef\u7edd\u7f18\u805a\u6c2f\u4e59\u70ef\u62a4\u5957\u963b\u71c3\u7535\u7f06\u3010\u4e5d\u6298\u6807\u51c6\u3011","up_a":"0.0","down_a":"0.0","up_b":"0.0","down_b":"0.0","up_c":"0.0","down_c":"0.0","up_d":"0.0","down_d":"0.0","up_e":"0.0","down_e":"0.0","up_f":"0.0","down_f":"0.0","ticket_nor":3,"ticket_person":11,"status":1,"uptimes":1781256594,"times":1781095065,"new_tax_id":1},{"id":1740,"pid":1,"group_id":5,"catname":"\u4e5d\u6298\u6807\u51c6","cat_index":2,"source":"[\"677187340b61b.png\"]","sorts":null,"gimage":"677187340b3d7.png","gnames":"\u94dc\u82af\u4ea4\u8054\u805a\u4e59\u70ef\u7edd\u7f18\u805a\u6c2f\u4e59\u70ef\u62a4\u5957\u963b\u71c3\u7535\u7f06\u3010\u4e5d\u6298\u6807\u51c6\u3011","up_a":"0.0","down_a":"0.0","up_b":"0.0","down_b":"0.0","up_c":"0.0","down_c":"0.0","up_d":"0.0","down_d":"0.0","up_e":"0.0","down_e":"0.0","up_f":"0.0","down_f":"0.0","ticket_nor":3,"ticket_person":11,"status":1,"uptimes":1781228972,"times":1781228972,"new_tax_id":1},{"id":1741,"pid":1,"group_id":5,"catname":"\u516b\u6298\u6807\u51c6","cat_index":3,"source":"[\"677187340b61b.png\"]","sorts":null,"gimage":"677187340b3d7.png","gnames":"\u94dc\u82af\u4ea4\u8054\u805a\u4e59\u70ef\u7edd\u7f18\u805a\u6c2f\u4e59\u70ef\u62a4\u5957\u963b\u71c3\u7535\u7f06\u3010\u4e5d\u6298\u6807\u51c6\u3011","up_a":"0.0","down_a":"0.0","up_b":"0.0","down_b":"0.0","up_c":"0.0","down_c":"0.0","up_d":"0.0","down_d":"0.0","up_e":"0.0","down_e":"0.0","up_f":"0.0","down_f":"0.0","ticket_nor":3,"ticket_person":11,"status":1,"uptimes":1781228972,"times":1781228972,"new_tax_id":1}],"group_list":[{"id":1,"pid":0,"name":"\u6807\u51c61\u9009\u9879\u5361","ratio":"1.000000","sort":1,"add_time":1781435857,"up_time":1781435857},{"id":5,"pid":0,"name":"\u6807\u51c61\u9009\u9879\u5361","ratio":"1.000000","sort":1,"add_time":1781423342,"up_time":1781423342},{"id":2,"pid":0,"name":"\u6807\u51c62\u9009\u9879\u5361","ratio":"1.000000","sort":2,"add_time":1781435857,"up_time":1781435857},{"id":6,"pid":0,"name":"\u6807\u51c62\u9009\u9879\u5361","ratio":"1.000000","sort":2,"add_time":1781423342,"up_time":1781423342},{"id":7,"pid":0,"name":"\u6807\u51c63\u9009\u9879\u5361","ratio":"1.000000","sort":3,"add_time":1781423342,"up_time":1781423342},{"id":8,"pid":0,"name":"\u6807\u51c64\u9009\u9879\u5361","ratio":"1.000000","sort":4,"add_time":1781423342,"up_time":1781423342},{"id":9,"pid":0,"name":"\u6807\u51c65\u9009\u9879\u5361","ratio":"1.000000","sort":5,"add_time":1781423342,"up_time":1781423342},{"id":10,"pid":0,"name":"\u6807\u51c66\u9009\u9879\u5361","ratio":"1.000000","sort":6,"add_time":1781423342,"up_time":1781423342},{"id":11,"pid":0,"name":"\u6807\u51c67\u9009\u9879\u5361","ratio":"1.000000","sort":7,"add_time":1781423342,"up_time":1781423342},{"id":12,"pid":0,"name":"\u6807\u51c68\u9009\u9879\u5361","ratio":"1.000000","sort":8,"add_time":1781423342,"up_time":1781423342},{"id":13,"pid":0,"name":"\u6807\u51c69\u9009\u9879\u5361","ratio":"1.000000","sort":9,"add_time":1781423342,"up_time":1781423342},{"id":14,"pid":0,"name":"\u6807\u51c610\u9009\u9879\u5361","ratio":"1.000000","sort":10,"add_time":1781423342,"up_time":1781423342}]}}

[ 2026-06-14T23:25:53+08:00 ] ::1 /Home/Goods/plate_conts_blankr.html
INFO: [ app_init ] --START--
INFO: Run Behavior\BuildLiteBehavior [ RunTime:0.000021s ]
INFO: [ app_init ] --END-- [ RunTime:0.000116s ]
INFO: [ app_begin ] --START--
INFO: Run Behavior\ReadHtmlCacheBehavior [ RunTime:0.000034s ]
INFO: [ app_begin ] --END-- [ RunTime:0.000056s ]
SQL: SHOW COLUMNS FROM `plate_conts_blank` [ RunTime:0.0058s ]
SQL: SHOW COLUMNS FROM `plate_conts_logs` [ RunTime:0.0040s ]
SQL: SHOW COLUMNS FROM `plate_conts_logsr` [ RunTime:0.0034s ]
SQL: SELECT * FROM `plate_conts_blank` WHERE `id` = 1739 LIMIT 1   [ RunTime:0.0010s ]
SQL: SELECT * FROM `plate_conts_logs` WHERE `blank_id` = 1739 ORDER BY number asc,id asc  [ RunTime:0.0008s ]
SQL: SELECT `key_0` FROM `plate_conts_logs` WHERE `blank_id` = 1739 GROUP BY key_0 LIMIT 1   [ RunTime:0.0004s ]
SQL: SELECT `key_1` FROM `plate_conts_logs` WHERE `blank_id` = 1739 GROUP BY key_1 LIMIT 1   [ RunTime:0.0005s ]
SQL: SELECT `key_2` FROM `plate_conts_logs` WHERE `blank_id` = 1739 GROUP BY key_2 LIMIT 1   [ RunTime:0.0004s ]
SQL: SELECT `key_3` FROM `plate_conts_logs` WHERE `blank_id` = 1739 GROUP BY key_3 LIMIT 1   [ RunTime:0.0006s ]
SQL: SELECT `key_4` FROM `plate_conts_logs` WHERE `blank_id` = 1739 GROUP BY key_4 LIMIT 1   [ RunTime:0.0003s ]
SQL: SELECT `key_5` FROM `plate_conts_logs` WHERE `blank_id` = 1739 GROUP BY key_5 LIMIT 1   [ RunTime:0.0004s ]
SQL: SELECT `key_6` FROM `plate_conts_logs` WHERE `blank_id` = 1739 GROUP BY key_6 LIMIT 1   [ RunTime:0.0004s ]
SQL: SELECT `key_7` FROM `plate_conts_logs` WHERE `blank_id` = 1739 GROUP BY key_7 LIMIT 1   [ RunTime:0.0004s ]
NOTIC: [2] Trying to access array offset on value of type null /Users/gangliu/data/catdesk_workspace/yilan/App/Home/Controller/GoodsController.class.php 第 793 行.
NOTIC: [2] Trying to access array offset on value of type null /Users/gangliu/data/catdesk_workspace/yilan/App/Home/Controller/GoodsController.class.php 第 793 行.
NOTIC: [2] Trying to access array offset on value of type null /Users/gangliu/data/catdesk_workspace/yilan/App/Home/Controller/GoodsController.class.php 第 793 行.
NOTIC: [2] Trying to access array offset on value of type null /Users/gangliu/data/catdesk_workspace/yilan/App/Home/Controller/GoodsController.class.php 第 794 行.
NOTIC: [2] Trying to access array offset on value of type null /Users/gangliu/data/catdesk_workspace/yilan/App/Home/Controller/GoodsController.class.php 第 794 行.
NOTIC: [2] Trying to access array offset on value of type null /Users/gangliu/data/catdesk_workspace/yilan/App/Home/Controller/GoodsController.class.php 第 795 行.
NOTIC: [2] Trying to access array offset on value of type null /Users/gangliu/data/catdesk_workspace/yilan/App/Home/Controller/GoodsController.class.php 第 795 行.
NOTIC: [2] Trying to access array offset on value of type null /Users/gangliu/data/catdesk_workspace/yilan/App/Home/Controller/GoodsController.class.php 第 795 行.
SQL: SHOW COLUMNS FROM `new_tax` [ RunTime:0.0049s ]
SQL: SELECT * FROM `new_tax` WHERE `is_del` = 1  [ RunTime:0.0012s ]
SQL: SHOW COLUMNS FROM `plate_conts_price` [ RunTime:0.0031s ]
SQL: SELECT * FROM `plate_conts_price` WHERE `blank_id` = 1739 AND `is_del` = 1 ORDER BY sort asc, id asc  [ RunTime:0.0014s ]
SQL: SELECT * FROM `plate_conts_blank` WHERE `pid` = 1 AND `status` = 1 ORDER BY cat_index asc  [ RunTime:0.0012s ]
SQL: SHOW COLUMNS FROM `plate_conts_blank_group` [ RunTime:0.0033s ]
SQL: SELECT * FROM `plate_conts_blank_group` WHERE `pid` = 0 ORDER BY sort asc, id asc  [ RunTime:0.0013s ]
ERR: {"status":1,"msg":"\u83b7\u53d6\u6210\u529f","data":{"info":{"id":1739,"pid":1,"group_id":5,"catname":"\u5546\u54c1","cat_index":1,"source":["6a2bd1928b6ed.png"],"sorts":0,"gimage":"6a2bcd01617ca.png","gnames":"\u94dc\u82af\u4ea4\u8054\u805a\u4e59\u70ef\u7edd\u7f18\u805a\u6c2f\u4e59\u70ef\u62a4\u5957\u963b\u71c3\u7535\u7f06\u3010\u4e5d\u6298\u6807\u51c6\u3011","up_a":"0.0","down_a":"0.0","up_b":"0.0","down_b":"0.0","up_c":"0.0","down_c":"0.0","up_d":"0.0","down_d":"0.0","up_e":"0.0","down_e":"0.0","up_f":"0.0","down_f":"0.0","ticket_nor":3,"ticket_person":11,"status":1,"uptimes":1781256594,"times":1781095065,"new_tax_id":1},"key":{"keya":null,"keyb":null,"keyc":null,"keyd":null,"keye":null,"keyf":null,"keyg":null,"keyh":null},"list":[],"tax_list":[{"id":1,"pid":0,"name":"\u7535\u529b\u7535\u7f06\u7a0e\u7387\u53d1\u7968","alias_name":"","normal_tax":"3.00","special_tax":"11.00","status":1,"is_del":1,"add_time":0,"up_time":0},{"id":2,"pid":0,"name":"\u5bb6\u88c5\u7535\u7ebf\u7a0e\u7387","alias_name":"","normal_tax":"3.00","special_tax":"10.00","status":1,"is_del":1,"add_time":0,"up_time":0},{"id":3,"pid":0,"name":"\u521a\u6027\u9632\u706b\u7535\u7f06\u7a0e\u7387","alias_name":"","normal_tax":"3.00","special_tax":"9.00","status":1,"is_del":1,"add_time":0,"up_time":0},{"id":9,"pid":0,"name":"\u6a61\u5957\u7535\u7f06\u7a0e\u7387","alias_name":"","normal_tax":"3.00","special_tax":"11.00","status":1,"is_del":1,"add_time":0,"up_time":0},{"id":10,"pid":0,"name":"\u77ff\u7528\u6a61\u80f6\u7535\u7f06\u7a0e\u7387","alias_name":"","normal_tax":"4.00","special_tax":"12.00","status":1,"is_del":1,"add_time":0,"up_time":0}],"price_list":[],"all_blanks":[{"id":1739,"pid":1,"group_id":5,"catname":"\u5546\u54c1","cat_index":1,"source":"[\"6a2bd1928b6ed.png\"]","sorts":0,"gimage":"6a2bcd01617ca.png","gnames":"\u94dc\u82af\u4ea4\u8054\u805a\u4e59\u70ef\u7edd\u7f18\u805a\u6c2f\u4e59\u70ef\u62a4\u5957\u963b\u71c3\u7535\u7f06\u3010\u4e5d\u6298\u6807\u51c6\u3011","up_a":"0.0","down_a":"0.0","up_b":"0.0","down_b":"0.0","up_c":"0.0","down_c":"0.0","up_d":"0.0","down_d":"0.0","up_e":"0.0","down_e":"0.0","up_f":"0.0","down_f":"0.0","ticket_nor":3,"ticket_person":11,"status":1,"uptimes":1781256594,"times":1781095065,"new_tax_id":1},{"id":1740,"pid":1,"group_id":5,"catname":"\u4e5d\u6298\u6807\u51c6","cat_index":2,"source":"[\"677187340b61b.png\"]","sorts":null,"gimage":"677187340b3d7.png","gnames":"\u94dc\u82af\u4ea4\u8054\u805a\u4e59\u70ef\u7edd\u7f18\u805a\u6c2f\u4e59\u70ef\u62a4\u5957\u963b\u71c3\u7535\u7f06\u3010\u4e5d\u6298\u6807\u51c6\u3011","up_a":"0.0","down_a":"0.0","up_b":"0.0","down_b":"0.0","up_c":"0.0","down_c":"0.0","up_d":"0.0","down_d":"0.0","up_e":"0.0","down_e":"0.0","up_f":"0.0","down_f":"0.0","ticket_nor":3,"ticket_person":11,"status":1,"uptimes":1781228972,"times":1781228972,"new_tax_id":1},{"id":1741,"pid":1,"group_id":5,"catname":"\u516b\u6298\u6807\u51c6","cat_index":3,"source":"[\"677187340b61b.png\"]","sorts":null,"gimage":"677187340b3d7.png","gnames":"\u94dc\u82af\u4ea4\u8054\u805a\u4e59\u70ef\u7edd\u7f18\u805a\u6c2f\u4e59\u70ef\u62a4\u5957\u963b\u71c3\u7535\u7f06\u3010\u4e5d\u6298\u6807\u51c6\u3011","up_a":"0.0","down_a":"0.0","up_b":"0.0","down_b":"0.0","up_c":"0.0","down_c":"0.0","up_d":"0.0","down_d":"0.0","up_e":"0.0","down_e":"0.0","up_f":"0.0","down_f":"0.0","ticket_nor":3,"ticket_person":11,"status":1,"uptimes":1781228972,"times":1781228972,"new_tax_id":1}],"group_list":[{"id":1,"pid":0,"name":"\u6807\u51c61\u9009\u9879\u5361","ratio":"1.000000","sort":1,"add_time":1781435857,"up_time":1781435857},{"id":5,"pid":0,"name":"\u6807\u51c61\u9009\u9879\u5361","ratio":"1.000000","sort":1,"add_time":1781423342,"up_time":1781423342},{"id":2,"pid":0,"name":"\u6807\u51c62\u9009\u9879\u5361","ratio":"1.000000","sort":2,"add_time":1781435857,"up_time":1781435857},{"id":6,"pid":0,"name":"\u6807\u51c62\u9009\u9879\u5361","ratio":"1.000000","sort":2,"add_time":1781423342,"up_time":1781423342},{"id":7,"pid":0,"name":"\u6807\u51c63\u9009\u9879\u5361","ratio":"1.000000","sort":3,"add_time":1781423342,"up_time":1781423342},{"id":8,"pid":0,"name":"\u6807\u51c64\u9009\u9879\u5361","ratio":"1.000000","sort":4,"add_time":1781423342,"up_time":1781423342},{"id":9,"pid":0,"name":"\u6807\u51c65\u9009\u9879\u5361","ratio":"1.000000","sort":5,"add_time":1781423342,"up_time":1781423342},{"id":10,"pid":0,"name":"\u6807\u51c66\u9009\u9879\u5361","ratio":"1.000000","sort":6,"add_time":1781423342,"up_time":1781423342},{"id":11,"pid":0,"name":"\u6807\u51c67\u9009\u9879\u5361","ratio":"1.000000","sort":7,"add_time":1781423342,"up_time":1781423342},{"id":12,"pid":0,"name":"\u6807\u51c68\u9009\u9879\u5361","ratio":"1.000000","sort":8,"add_time":1781423342,"up_time":1781423342},{"id":13,"pid":0,"name":"\u6807\u51c69\u9009\u9879\u5361","ratio":"1.000000","sort":9,"add_time":1781423342,"up_time":1781423342},{"id":14,"pid":0,"name":"\u6807\u51c610\u9009\u9879\u5361","ratio":"1.000000","sort":10,"add_time":1781423342,"up_time":1781423342}]}}

[ 2026-06-14T23:25:55+08:00 ] ::1 /Home/Goods/plate_conts_blankr.html
INFO: [ app_init ] --START--
INFO: Run Behavior\BuildLiteBehavior [ RunTime:0.000007s ]
INFO: [ app_init ] --END-- [ RunTime:0.000065s ]
INFO: [ app_begin ] --START--
INFO: Run Behavior\ReadHtmlCacheBehavior [ RunTime:0.000037s ]
INFO: [ app_begin ] --END-- [ RunTime:0.000068s ]
SQL: SHOW COLUMNS FROM `plate_conts_blank` [ RunTime:0.0048s ]
SQL: SHOW COLUMNS FROM `plate_conts_logs` [ RunTime:0.0058s ]
SQL: SHOW COLUMNS FROM `plate_conts_logsr` [ RunTime:0.0031s ]
SQL: SELECT * FROM `plate_conts_blank` WHERE `id` = 1739 LIMIT 1   [ RunTime:0.0021s ]
SQL: SELECT * FROM `plate_conts_logs` WHERE `blank_id` = 1739 ORDER BY number asc,id asc  [ RunTime:0.0014s ]
SQL: SELECT `key_0` FROM `plate_conts_logs` WHERE `blank_id` = 1739 GROUP BY key_0 LIMIT 1   [ RunTime:0.0010s ]
SQL: SELECT `key_1` FROM `plate_conts_logs` WHERE `blank_id` = 1739 GROUP BY key_1 LIMIT 1   [ RunTime:0.0016s ]
SQL: SELECT `key_2` FROM `plate_conts_logs` WHERE `blank_id` = 1739 GROUP BY key_2 LIMIT 1   [ RunTime:0.0011s ]
SQL: SELECT `key_3` FROM `plate_conts_logs` WHERE `blank_id` = 1739 GROUP BY key_3 LIMIT 1   [ RunTime:0.0009s ]
SQL: SELECT `key_4` FROM `plate_conts_logs` WHERE `blank_id` = 1739 GROUP BY key_4 LIMIT 1   [ RunTime:0.0006s ]
SQL: SELECT `key_5` FROM `plate_conts_logs` WHERE `blank_id` = 1739 GROUP BY key_5 LIMIT 1   [ RunTime:0.0005s ]
SQL: SELECT `key_6` FROM `plate_conts_logs` WHERE `blank_id` = 1739 GROUP BY key_6 LIMIT 1   [ RunTime:0.0006s ]
SQL: SELECT `key_7` FROM `plate_conts_logs` WHERE `blank_id` = 1739 GROUP BY key_7 LIMIT 1   [ RunTime:0.0007s ]
NOTIC: [2] Trying to access array offset on value of type null /Users/gangliu/data/catdesk_workspace/yilan/App/Home/Controller/GoodsController.class.php 第 793 行.
NOTIC: [2] Trying to access array offset on value of type null /Users/gangliu/data/catdesk_workspace/yilan/App/Home/Controller/GoodsController.class.php 第 793 行.
NOTIC: [2] Trying to access array offset on value of type null /Users/gangliu/data/catdesk_workspace/yilan/App/Home/Controller/GoodsController.class.php 第 793 行.
NOTIC: [2] Trying to access array offset on value of type null /Users/gangliu/data/catdesk_workspace/yilan/App/Home/Controller/GoodsController.class.php 第 794 行.
NOTIC: [2] Trying to access array offset on value of type null /Users/gangliu/data/catdesk_workspace/yilan/App/Home/Controller/GoodsController.class.php 第 794 行.
NOTIC: [2] Trying to access array offset on value of type null /Users/gangliu/data/catdesk_workspace/yilan/App/Home/Controller/GoodsController.class.php 第 795 行.
NOTIC: [2] Trying to access array offset on value of type null /Users/gangliu/data/catdesk_workspace/yilan/App/Home/Controller/GoodsController.class.php 第 795 行.
NOTIC: [2] Trying to access array offset on value of type null /Users/gangliu/data/catdesk_workspace/yilan/App/Home/Controller/GoodsController.class.php 第 795 行.
SQL: SHOW COLUMNS FROM `new_tax` [ RunTime:0.0021s ]
SQL: SELECT * FROM `new_tax` WHERE `is_del` = 1  [ RunTime:0.0020s ]
SQL: SHOW COLUMNS FROM `plate_conts_price` [ RunTime:0.0029s ]
SQL: SELECT * FROM `plate_conts_price` WHERE `blank_id` = 1739 AND `is_del` = 1 ORDER BY sort asc, id asc  [ RunTime:0.0019s ]
SQL: SELECT * FROM `plate_conts_blank` WHERE `pid` = 1 AND `status` = 1 ORDER BY cat_index asc  [ RunTime:0.0006s ]
SQL: SHOW COLUMNS FROM `plate_conts_blank_group` [ RunTime:0.0025s ]
SQL: SELECT * FROM `plate_conts_blank_group` WHERE `pid` = 0 ORDER BY sort asc, id asc  [ RunTime:0.0013s ]
ERR: {"status":1,"msg":"\u83b7\u53d6\u6210\u529f","data":{"info":{"id":1739,"pid":1,"group_id":5,"catname":"\u5546\u54c1","cat_index":1,"source":["6a2bd1928b6ed.png"],"sorts":0,"gimage":"6a2bcd01617ca.png","gnames":"\u94dc\u82af\u4ea4\u8054\u805a\u4e59\u70ef\u7edd\u7f18\u805a\u6c2f\u4e59\u70ef\u62a4\u5957\u963b\u71c3\u7535\u7f06\u3010\u4e5d\u6298\u6807\u51c6\u3011","up_a":"0.0","down_a":"0.0","up_b":"0.0","down_b":"0.0","up_c":"0.0","down_c":"0.0","up_d":"0.0","down_d":"0.0","up_e":"0.0","down_e":"0.0","up_f":"0.0","down_f":"0.0","ticket_nor":3,"ticket_person":11,"status":1,"uptimes":1781256594,"times":1781095065,"new_tax_id":1},"key":{"keya":null,"keyb":null,"keyc":null,"keyd":null,"keye":null,"keyf":null,"keyg":null,"keyh":null},"list":[],"tax_list":[{"id":1,"pid":0,"name":"\u7535\u529b\u7535\u7f06\u7a0e\u7387\u53d1\u7968","alias_name":"","normal_tax":"3.00","special_tax":"11.00","status":1,"is_del":1,"add_time":0,"up_time":0},{"id":2,"pid":0,"name":"\u5bb6\u88c5\u7535\u7ebf\u7a0e\u7387","alias_name":"","normal_tax":"3.00","special_tax":"10.00","status":1,"is_del":1,"add_time":0,"up_time":0},{"id":3,"pid":0,"name":"\u521a\u6027\u9632\u706b\u7535\u7f06\u7a0e\u7387","alias_name":"","normal_tax":"3.00","special_tax":"9.00","status":1,"is_del":1,"add_time":0,"up_time":0},{"id":9,"pid":0,"name":"\u6a61\u5957\u7535\u7f06\u7a0e\u7387","alias_name":"","normal_tax":"3.00","special_tax":"11.00","status":1,"is_del":1,"add_time":0,"up_time":0},{"id":10,"pid":0,"name":"\u77ff\u7528\u6a61\u80f6\u7535\u7f06\u7a0e\u7387","alias_name":"","normal_tax":"4.00","special_tax":"12.00","status":1,"is_del":1,"add_time":0,"up_time":0}],"price_list":[],"all_blanks":[{"id":1739,"pid":1,"group_id":5,"catname":"\u5546\u54c1","cat_index":1,"source":"[\"6a2bd1928b6ed.png\"]","sorts":0,"gimage":"6a2bcd01617ca.png","gnames":"\u94dc\u82af\u4ea4\u8054\u805a\u4e59\u70ef\u7edd\u7f18\u805a\u6c2f\u4e59\u70ef\u62a4\u5957\u963b\u71c3\u7535\u7f06\u3010\u4e5d\u6298\u6807\u51c6\u3011","up_a":"0.0","down_a":"0.0","up_b":"0.0","down_b":"0.0","up_c":"0.0","down_c":"0.0","up_d":"0.0","down_d":"0.0","up_e":"0.0","down_e":"0.0","up_f":"0.0","down_f":"0.0","ticket_nor":3,"ticket_person":11,"status":1,"uptimes":1781256594,"times":1781095065,"new_tax_id":1},{"id":1740,"pid":1,"group_id":5,"catname":"\u4e5d\u6298\u6807\u51c6","cat_index":2,"source":"[\"677187340b61b.png\"]","sorts":null,"gimage":"677187340b3d7.png","gnames":"\u94dc\u82af\u4ea4\u8054\u805a\u4e59\u70ef\u7edd\u7f18\u805a\u6c2f\u4e59\u70ef\u62a4\u5957\u963b\u71c3\u7535\u7f06\u3010\u4e5d\u6298\u6807\u51c6\u3011","up_a":"0.0","down_a":"0.0","up_b":"0.0","down_b":"0.0","up_c":"0.0","down_c":"0.0","up_d":"0.0","down_d":"0.0","up_e":"0.0","down_e":"0.0","up_f":"0.0","down_f":"0.0","ticket_nor":3,"ticket_person":11,"status":1,"uptimes":1781228972,"times":1781228972,"new_tax_id":1},{"id":1741,"pid":1,"group_id":5,"catname":"\u516b\u6298\u6807\u51c6","cat_index":3,"source":"[\"677187340b61b.png\"]","sorts":null,"gimage":"677187340b3d7.png","gnames":"\u94dc\u82af\u4ea4\u8054\u805a\u4e59\u70ef\u7edd\u7f18\u805a\u6c2f\u4e59\u70ef\u62a4\u5957\u963b\u71c3\u7535\u7f06\u3010\u4e5d\u6298\u6807\u51c6\u3011","up_a":"0.0","down_a":"0.0","up_b":"0.0","down_b":"0.0","up_c":"0.0","down_c":"0.0","up_d":"0.0","down_d":"0.0","up_e":"0.0","down_e":"0.0","up_f":"0.0","down_f":"0.0","ticket_nor":3,"ticket_person":11,"status":1,"uptimes":1781228972,"times":1781228972,"new_tax_id":1}],"group_list":[{"id":1,"pid":0,"name":"\u6807\u51c61\u9009\u9879\u5361","ratio":"1.000000","sort":1,"add_time":1781435857,"up_time":1781435857},{"id":5,"pid":0,"name":"\u6807\u51c61\u9009\u9879\u5361","ratio":"1.000000","sort":1,"add_time":1781423342,"up_time":1781423342},{"id":2,"pid":0,"name":"\u6807\u51c62\u9009\u9879\u5361","ratio":"1.000000","sort":2,"add_time":1781435857,"up_time":1781435857},{"id":6,"pid":0,"name":"\u6807\u51c62\u9009\u9879\u5361","ratio":"1.000000","sort":2,"add_time":1781423342,"up_time":1781423342},{"id":7,"pid":0,"name":"\u6807\u51c63\u9009\u9879\u5361","ratio":"1.000000","sort":3,"add_time":1781423342,"up_time":1781423342},{"id":8,"pid":0,"name":"\u6807\u51c64\u9009\u9879\u5361","ratio":"1.000000","sort":4,"add_time":1781423342,"up_time":1781423342},{"id":9,"pid":0,"name":"\u6807\u51c65\u9009\u9879\u5361","ratio":"1.000000","sort":5,"add_time":1781423342,"up_time":1781423342},{"id":10,"pid":0,"name":"\u6807\u51c66\u9009\u9879\u5361","ratio":"1.000000","sort":6,"add_time":1781423342,"up_time":1781423342},{"id":11,"pid":0,"name":"\u6807\u51c67\u9009\u9879\u5361","ratio":"1.000000","sort":7,"add_time":1781423342,"up_time":1781423342},{"id":12,"pid":0,"name":"\u6807\u51c68\u9009\u9879\u5361","ratio":"1.000000","sort":8,"add_time":1781423342,"up_time":1781423342},{"id":13,"pid":0,"name":"\u6807\u51c69\u9009\u9879\u5361","ratio":"1.000000","sort":9,"add_time":1781423342,"up_time":1781423342},{"id":14,"pid":0,"name":"\u6807\u51c610\u9009\u9879\u5361","ratio":"1.000000","sort":10,"add_time":1781423342,"up_time":1781423342}]}}

