[ 2026-06-15T16:37:33+08:00 ] ::1 /Home/NewLabel/index.html
INFO: [ app_init ] --START--
INFO: Run Behavior\BuildLiteBehavior [ RunTime:0.000009s ]
INFO: [ app_init ] --END-- [ RunTime:0.001747s ]
INFO: [ app_begin ] --START--
INFO: Run Behavior\ReadHtmlCacheBehavior [ RunTime:0.000035s ]
INFO: [ app_begin ] --END-- [ RunTime:0.000057s ]
SQL: SHOW COLUMNS FROM `new_label` [ RunTime:0.0758s ]
SQL: SELECT * FROM `new_label` ORDER BY id asc  [ RunTime:0.0494s ]
INFO: [ view_parse ] --START--
INFO: [ template_filter ] --START--
INFO: Run Behavior\ContentReplaceBehavior [ RunTime:0.000104s ]
INFO: [ template_filter ] --END-- [ RunTime:0.000126s ]
INFO: Run Behavior\ParseTemplateBehavior [ RunTime:0.030613s ]
INFO: [ view_parse ] --END-- [ RunTime:0.030652s ]
INFO: [ view_filter ] --START--
INFO: Run Behavior\WriteHtmlCacheBehavior [ RunTime:0.000078s ]
INFO: [ view_filter ] --END-- [ RunTime:0.000086s ]
INFO: [ app_end ] --START--
INFO: Run Behavior\ShowPageTraceBehavior [ RunTime:0.000049s ]
INFO: [ app_end ] --END-- [ RunTime:0.000057s ]

[ 2026-06-15T16:37:36+08:00 ] ::1 /Home/Goods/liner.html
INFO: [ app_init ] --START--
INFO: Run Behavior\BuildLiteBehavior [ RunTime:0.000007s ]
INFO: [ app_init ] --END-- [ RunTime:0.000092s ]
INFO: [ app_begin ] --START--
INFO: Run Behavior\ReadHtmlCacheBehavior [ RunTime:0.000038s ]
INFO: [ app_begin ] --END-- [ RunTime:0.000063s ]
SQL: SHOW COLUMNS FROM `plate_types` [ RunTime:0.2774s ]
SQL: SELECT COUNT(*) AS tp_count FROM `plate_types` WHERE `types` = 1 LIMIT 1   [ RunTime:0.0070s ]
SQL: SELECT * FROM `plate_types` WHERE `types` = 1 ORDER BY sorts asc,id asc LIMIT 0,10   [ RunTime:0.0011s ]
INFO: [ view_parse ] --START--
INFO: [ template_filter ] --START--
INFO: Run Behavior\ContentReplaceBehavior [ RunTime:0.000036s ]
INFO: [ template_filter ] --END-- [ RunTime:0.000050s ]
INFO: Run Behavior\ParseTemplateBehavior [ RunTime:0.003430s ]
INFO: [ view_parse ] --END-- [ RunTime:0.003457s ]
INFO: [ view_filter ] --START--
INFO: Run Behavior\WriteHtmlCacheBehavior [ RunTime:0.000041s ]
INFO: [ view_filter ] --END-- [ RunTime:0.000047s ]
INFO: [ app_end ] --START--
INFO: Run Behavior\ShowPageTraceBehavior [ RunTime:0.000014s ]
INFO: [ app_end ] --END-- [ RunTime:0.000020s ]

[ 2026-06-15T16:37:55+08:00 ] ::1 /Home/Goods/plate_infos/id/1.html
INFO: [ app_init ] --START--
INFO: Run Behavior\BuildLiteBehavior [ RunTime:0.000016s ]
INFO: [ app_init ] --END-- [ RunTime:0.000229s ]
INFO: [ app_begin ] --START--
INFO: Run Behavior\ReadHtmlCacheBehavior [ RunTime:0.000098s ]
INFO: [ app_begin ] --END-- [ RunTime:0.000141s ]
SQL: SHOW COLUMNS FROM `plate_types` [ RunTime:0.0119s ]
SQL: SHOW COLUMNS FROM `plate` [ RunTime:0.0035s ]
SQL: SELECT * FROM `plate_types` WHERE `id` = 1 LIMIT 1   [ RunTime:0.0036s ]
SQL: SELECT COUNT(*) AS tp_count FROM `plate` WHERE `pid` = 1 LIMIT 1   [ RunTime:0.0035s ]
SQL: SELECT * FROM `plate` WHERE `pid` = 1 ORDER BY sorts desc,id asc LIMIT 0,10   [ RunTime:0.0047s ]
INFO: [ view_parse ] --START--
INFO: [ template_filter ] --START--
INFO: Run Behavior\ContentReplaceBehavior [ RunTime:0.000136s ]
INFO: [ template_filter ] --END-- [ RunTime:0.000177s ]
INFO: Run Behavior\ParseTemplateBehavior [ RunTime:0.013334s ]
INFO: [ view_parse ] --END-- [ RunTime:0.013385s ]
INFO: [ view_filter ] --START--
INFO: Run Behavior\WriteHtmlCacheBehavior [ RunTime:0.000089s ]
INFO: [ view_filter ] --END-- [ RunTime:0.000101s ]
INFO: [ app_end ] --START--
INFO: Run Behavior\ShowPageTraceBehavior [ RunTime:0.000054s ]
INFO: [ app_end ] --END-- [ RunTime:0.000067s ]

[ 2026-06-15T16:37:57+08:00 ] ::1 /Home/Goods/plate_conts/id/1.html
INFO: [ app_init ] --START--
INFO: Run Behavior\BuildLiteBehavior [ RunTime:0.000003s ]
INFO: [ app_init ] --END-- [ RunTime:0.000029s ]
INFO: [ app_begin ] --START--
INFO: Run Behavior\ReadHtmlCacheBehavior [ RunTime:0.000016s ]
INFO: [ app_begin ] --END-- [ RunTime:0.000030s ]
SQL: SHOW COLUMNS FROM `plate` [ RunTime:0.0050s ]
SQL: SHOW COLUMNS FROM `plate_conts` [ RunTime:0.0034s ]
SQL: SHOW COLUMNS FROM `shops` [ RunTime:0.0050s ]
SQL: SHOW COLUMNS FROM `plate_cats` [ RunTime:0.0024s ]
SQL: SELECT * FROM `plate` WHERE `id` = 1 LIMIT 1   [ RunTime:0.0035s ]
SQL: SELECT COUNT(*) AS tp_count FROM `plate_conts` WHERE `pid` = 1 LIMIT 1   [ RunTime:0.0055s ]
SQL: SELECT * FROM `plate_conts` WHERE `pid` = 1 ORDER BY sorts desc,id asc LIMIT 0,10   [ RunTime:0.0029s ]
SQL: SELECT * FROM `shops` WHERE `status` = 1  [ RunTime:0.0024s ]
SQL: SELECT * FROM `plate_cats` WHERE `status` = 1  [ RunTime:0.0035s ]
INFO: [ view_parse ] --START--
INFO: [ template_filter ] --START--
INFO: Run Behavior\ContentReplaceBehavior [ RunTime:0.000120s ]
INFO: [ template_filter ] --END-- [ RunTime:0.000152s ]
NOTIC: [2] Undefined array key "type_id" /Users/gangliu/data/catdesk_workspace/yilan/App/Runtime/Cache/Home/f779fc1e4f0cf62fc1952b382b9a55ae.php 第 176 行.
NOTIC: [2] Undefined variable $catid /Users/gangliu/data/catdesk_workspace/yilan/App/Runtime/Cache/Home/f779fc1e4f0cf62fc1952b382b9a55ae.php 第 223 行.
SQL: SELECT * FROM `plate_cats` WHERE `id` = 217 LIMIT 1   [ RunTime:0.0006s ]
NOTIC: [2] Undefined variable $show_type /Users/gangliu/data/catdesk_workspace/yilan/App/Runtime/Cache/Home/f779fc1e4f0cf62fc1952b382b9a55ae.php 第 227 行.
NOTIC: [2] Undefined variable $catid /Users/gangliu/data/catdesk_workspace/yilan/App/Runtime/Cache/Home/f779fc1e4f0cf62fc1952b382b9a55ae.php 第 223 行.
SQL: SELECT * FROM `plate_cats` WHERE `id` = 217 LIMIT 1   [ RunTime:0.0005s ]
NOTIC: [2] Undefined variable $show_type /Users/gangliu/data/catdesk_workspace/yilan/App/Runtime/Cache/Home/f779fc1e4f0cf62fc1952b382b9a55ae.php 第 227 行.
NOTIC: [2] Undefined variable $catid /Users/gangliu/data/catdesk_workspace/yilan/App/Runtime/Cache/Home/f779fc1e4f0cf62fc1952b382b9a55ae.php 第 223 行.
SQL: SELECT * FROM `plate_cats` WHERE `id` = 217 LIMIT 1   [ RunTime:0.0004s ]
NOTIC: [2] Undefined variable $show_type /Users/gangliu/data/catdesk_workspace/yilan/App/Runtime/Cache/Home/f779fc1e4f0cf62fc1952b382b9a55ae.php 第 227 行.
NOTIC: [2] Undefined variable $catid /Users/gangliu/data/catdesk_workspace/yilan/App/Runtime/Cache/Home/f779fc1e4f0cf62fc1952b382b9a55ae.php 第 223 行.
SQL: SELECT * FROM `plate_cats` WHERE `id` = 217 LIMIT 1   [ RunTime:0.0005s ]
NOTIC: [2] Undefined variable $show_type /Users/gangliu/data/catdesk_workspace/yilan/App/Runtime/Cache/Home/f779fc1e4f0cf62fc1952b382b9a55ae.php 第 227 行.
NOTIC: [2] Undefined variable $catid /Users/gangliu/data/catdesk_workspace/yilan/App/Runtime/Cache/Home/f779fc1e4f0cf62fc1952b382b9a55ae.php 第 223 行.
SQL: SELECT * FROM `plate_cats` WHERE `id` = 217 LIMIT 1   [ RunTime:0.0002s ]
NOTIC: [2] Undefined variable $show_type /Users/gangliu/data/catdesk_workspace/yilan/App/Runtime/Cache/Home/f779fc1e4f0cf62fc1952b382b9a55ae.php 第 227 行.
NOTIC: [2] Undefined variable $catid /Users/gangliu/data/catdesk_workspace/yilan/App/Runtime/Cache/Home/f779fc1e4f0cf62fc1952b382b9a55ae.php 第 223 行.
SQL: SELECT * FROM `plate_cats` WHERE `id` = 217 LIMIT 1   [ RunTime:0.0002s ]
NOTIC: [2] Undefined variable $show_type /Users/gangliu/data/catdesk_workspace/yilan/App/Runtime/Cache/Home/f779fc1e4f0cf62fc1952b382b9a55ae.php 第 227 行.
NOTIC: [2] Undefined variable $catid /Users/gangliu/data/catdesk_workspace/yilan/App/Runtime/Cache/Home/f779fc1e4f0cf62fc1952b382b9a55ae.php 第 223 行.
SQL: SELECT * FROM `plate_cats` WHERE `id` = 217 LIMIT 1   [ RunTime:0.0012s ]
NOTIC: [2] Undefined variable $show_type /Users/gangliu/data/catdesk_workspace/yilan/App/Runtime/Cache/Home/f779fc1e4f0cf62fc1952b382b9a55ae.php 第 227 行.
NOTIC: [2] Undefined variable $catid /Users/gangliu/data/catdesk_workspace/yilan/App/Runtime/Cache/Home/f779fc1e4f0cf62fc1952b382b9a55ae.php 第 223 行.
SQL: SELECT * FROM `plate_cats` WHERE `id` = 217 LIMIT 1   [ RunTime:0.0006s ]
NOTIC: [2] Undefined variable $show_type /Users/gangliu/data/catdesk_workspace/yilan/App/Runtime/Cache/Home/f779fc1e4f0cf62fc1952b382b9a55ae.php 第 227 行.
NOTIC: [2] Undefined variable $catid /Users/gangliu/data/catdesk_workspace/yilan/App/Runtime/Cache/Home/f779fc1e4f0cf62fc1952b382b9a55ae.php 第 223 行.
SQL: SELECT * FROM `plate_cats` WHERE `id` = 217 LIMIT 1   [ RunTime:0.0010s ]
NOTIC: [2] Undefined variable $show_type /Users/gangliu/data/catdesk_workspace/yilan/App/Runtime/Cache/Home/f779fc1e4f0cf62fc1952b382b9a55ae.php 第 227 行.
NOTIC: [2] Undefined variable $catid /Users/gangliu/data/catdesk_workspace/yilan/App/Runtime/Cache/Home/f779fc1e4f0cf62fc1952b382b9a55ae.php 第 223 行.
SQL: SELECT * FROM `plate_cats` WHERE `id` = 217 LIMIT 1   [ RunTime:0.0013s ]
NOTIC: [2] Undefined variable $show_type /Users/gangliu/data/catdesk_workspace/yilan/App/Runtime/Cache/Home/f779fc1e4f0cf62fc1952b382b9a55ae.php 第 227 行.
INFO: Run Behavior\ParseTemplateBehavior [ RunTime:0.017095s ]
INFO: [ view_parse ] --END-- [ RunTime:0.017114s ]
INFO: [ view_filter ] --START--
INFO: Run Behavior\WriteHtmlCacheBehavior [ RunTime:0.000058s ]
INFO: [ view_filter ] --END-- [ RunTime:0.000068s ]
INFO: [ app_end ] --START--
INFO: Run Behavior\ShowPageTraceBehavior [ RunTime:0.000021s ]
INFO: [ app_end ] --END-- [ RunTime:0.000031s ]

[ 2026-06-15T16:37:59+08:00 ] ::1 /Home/Goods/plate_conts_list/id/1.html
INFO: [ app_init ] --START--
INFO: Run Behavior\BuildLiteBehavior [ RunTime:0.000007s ]
INFO: [ app_init ] --END-- [ RunTime:0.000064s ]
INFO: [ app_begin ] --START--
INFO: Run Behavior\ReadHtmlCacheBehavior [ RunTime:0.000037s ]
INFO: [ app_begin ] --END-- [ RunTime:0.000059s ]
SQL: SHOW COLUMNS FROM `plate_conts` [ RunTime:0.0073s ]
SQL: SHOW COLUMNS FROM `sys_tmps` [ RunTime:0.0023s ]
SQL: SELECT * FROM `plate_conts` WHERE `id` = 1 LIMIT 1   [ RunTime:0.0006s ]
SQL: SELECT * FROM `sys_tmps` WHERE `types` = 2 ORDER BY id desc  [ RunTime:0.0027s ]
INFO: [ view_parse ] --START--
INFO: [ template_filter ] --START--
INFO: Run Behavior\ContentReplaceBehavior [ RunTime:0.000464s ]
INFO: [ template_filter ] --END-- [ RunTime:0.000505s ]
INFO: Run Behavior\ParseTemplateBehavior [ RunTime:0.010649s ]
INFO: [ view_parse ] --END-- [ RunTime:0.010684s ]
INFO: [ view_filter ] --START--
INFO: Run Behavior\WriteHtmlCacheBehavior [ RunTime:0.000063s ]
INFO: [ view_filter ] --END-- [ RunTime:0.000072s ]
INFO: [ app_end ] --START--
INFO: Run Behavior\ShowPageTraceBehavior [ RunTime:0.000026s ]
INFO: [ app_end ] --END-- [ RunTime:0.000035s ]

[ 2026-06-15T16:37:59+08:00 ] ::1 /Home/Goods/plate_conts_blankr.html
INFO: [ app_init ] --START--
INFO: Run Behavior\BuildLiteBehavior [ RunTime:0.000003s ]
INFO: [ app_init ] --END-- [ RunTime:0.000029s ]
INFO: [ app_begin ] --START--
INFO: Run Behavior\ReadHtmlCacheBehavior [ RunTime:0.000015s ]
INFO: [ app_begin ] --END-- [ RunTime:0.000026s ]
SQL: SHOW COLUMNS FROM `plate_conts_blank` [ RunTime:0.0085s ]
SQL: SHOW COLUMNS FROM `plate_conts_logs` [ RunTime:0.0085s ]
SQL: SHOW COLUMNS FROM `plate_conts_logsr` [ RunTime:0.0033s ]
SQL: SELECT * FROM `plate_conts_blank` WHERE `pid` = 1 AND `cat_index` = 1 LIMIT 1   [ RunTime:0.0037s ]
SQL: SELECT * FROM `plate_conts_logs` WHERE `blank_id` = 1739 ORDER BY number asc,id asc  [ RunTime:0.0035s ]
SQL: SELECT `key_0` FROM `plate_conts_logs` WHERE `blank_id` = 1739 GROUP BY key_0 LIMIT 1   [ RunTime:0.0013s ]
SQL: SELECT `key_1` FROM `plate_conts_logs` WHERE `blank_id` = 1739 GROUP BY key_1 LIMIT 1   [ RunTime:0.0006s ]
SQL: SELECT `key_2` FROM `plate_conts_logs` WHERE `blank_id` = 1739 GROUP BY key_2 LIMIT 1   [ RunTime:0.0003s ]
SQL: SELECT `key_3` FROM `plate_conts_logs` WHERE `blank_id` = 1739 GROUP BY key_3 LIMIT 1   [ RunTime:0.0002s ]
SQL: SELECT `key_4` FROM `plate_conts_logs` WHERE `blank_id` = 1739 GROUP BY key_4 LIMIT 1   [ RunTime:0.0002s ]
SQL: SELECT `key_5` FROM `plate_conts_logs` WHERE `blank_id` = 1739 GROUP BY key_5 LIMIT 1   [ RunTime:0.0004s ]
SQL: SELECT `key_6` FROM `plate_conts_logs` WHERE `blank_id` = 1739 GROUP BY key_6 LIMIT 1   [ RunTime:0.0004s ]
SQL: SELECT `key_7` FROM `plate_conts_logs` WHERE `blank_id` = 1739 GROUP BY key_7 LIMIT 1   [ RunTime:0.0004s ]
NOTIC: [2] Trying to access array offset on value of type null /Users/gangliu/data/catdesk_workspace/yilan/App/Home/Controller/GoodsController.class.php 第 793 行.
NOTIC: [2] Trying to access array offset on value of type null /Users/gangliu/data/catdesk_workspace/yilan/App/Home/Controller/GoodsController.class.php 第 793 行.
NOTIC: [2] Trying to access array offset on value of type null /Users/gangliu/data/catdesk_workspace/yilan/App/Home/Controller/GoodsController.class.php 第 793 行.
NOTIC: [2] Trying to access array offset on value of type null /Users/gangliu/data/catdesk_workspace/yilan/App/Home/Controller/GoodsController.class.php 第 794 行.
NOTIC: [2] Trying to access array offset on value of type null /Users/gangliu/data/catdesk_workspace/yilan/App/Home/Controller/GoodsController.class.php 第 794 行.
NOTIC: [2] Trying to access array offset on value of type null /Users/gangliu/data/catdesk_workspace/yilan/App/Home/Controller/GoodsController.class.php 第 795 行.
NOTIC: [2] Trying to access array offset on value of type null /Users/gangliu/data/catdesk_workspace/yilan/App/Home/Controller/GoodsController.class.php 第 795 行.
NOTIC: [2] Trying to access array offset on value of type null /Users/gangliu/data/catdesk_workspace/yilan/App/Home/Controller/GoodsController.class.php 第 795 行.
SQL: SHOW COLUMNS FROM `new_tax` [ RunTime:0.0015s ]
SQL: SELECT * FROM `new_tax` WHERE `is_del` = 1  [ RunTime:0.0018s ]
SQL: SHOW COLUMNS FROM `plate_conts_price` [ RunTime:0.0017s ]
SQL: SELECT * FROM `plate_conts_price` WHERE `blank_id` = 1739 AND `is_del` = 1 ORDER BY sort asc, id asc  [ RunTime:0.0009s ]
SQL: SELECT * FROM `plate_conts_blank` WHERE `pid` = 1 AND `status` = 1 ORDER BY cat_index asc  [ RunTime:0.0004s ]
SQL: SHOW COLUMNS FROM `plate_conts_blank_group` [ RunTime:0.0018s ]
SQL: SELECT * FROM `plate_conts_blank_group` WHERE `pid` = 0 ORDER BY sort asc, id asc  [ RunTime:0.0022s ]
ERR: {"status":1,"msg":"\u83b7\u53d6\u6210\u529f","data":{"info":{"id":1739,"pid":1,"group_id":5,"catname":"\u5546\u54c1","cat_index":1,"source":["6a2bd1928b6ed.png"],"sorts":0,"gimage":"6a2bcd01617ca.png","gnames":"\u94dc\u82af\u4ea4\u8054\u805a\u4e59\u70ef\u7edd\u7f18\u805a\u6c2f\u4e59\u70ef\u62a4\u5957\u963b\u71c3\u7535\u7f06\u3010\u4e5d\u6298\u6807\u51c6\u3011","up_a":"0.0","down_a":"0.0","up_b":"0.0","down_b":"0.0","up_c":"0.0","down_c":"0.0","up_d":"0.0","down_d":"0.0","up_e":"0.0","down_e":"0.0","up_f":"0.0","down_f":"0.0","ticket_nor":3,"ticket_person":11,"status":1,"uptimes":1781256594,"times":1781095065,"new_tax_id":1},"key":{"keya":null,"keyb":null,"keyc":null,"keyd":null,"keye":null,"keyf":null,"keyg":null,"keyh":null},"list":[],"tax_list":[{"id":1,"pid":0,"name":"\u7535\u529b\u7535\u7f06\u7a0e\u7387\u53d1\u7968","alias_name":"","normal_tax":"3.00","special_tax":"11.00","status":1,"is_del":1,"add_time":0,"up_time":0},{"id":2,"pid":0,"name":"\u5bb6\u88c5\u7535\u7ebf\u7a0e\u7387","alias_name":"","normal_tax":"3.00","special_tax":"10.00","status":1,"is_del":1,"add_time":0,"up_time":0},{"id":3,"pid":0,"name":"\u521a\u6027\u9632\u706b\u7535\u7f06\u7a0e\u7387","alias_name":"","normal_tax":"3.00","special_tax":"9.00","status":1,"is_del":1,"add_time":0,"up_time":0},{"id":9,"pid":0,"name":"\u6a61\u5957\u7535\u7f06\u7a0e\u7387","alias_name":"","normal_tax":"3.00","special_tax":"11.00","status":1,"is_del":1,"add_time":0,"up_time":0},{"id":10,"pid":0,"name":"\u77ff\u7528\u6a61\u80f6\u7535\u7f06\u7a0e\u7387","alias_name":"","normal_tax":"4.00","special_tax":"12.00","status":1,"is_del":1,"add_time":0,"up_time":0}],"price_list":[],"all_blanks":[{"id":1739,"pid":1,"group_id":5,"catname":"\u5546\u54c1","cat_index":1,"source":"[\"6a2bd1928b6ed.png\"]","sorts":0,"gimage":"6a2bcd01617ca.png","gnames":"\u94dc\u82af\u4ea4\u8054\u805a\u4e59\u70ef\u7edd\u7f18\u805a\u6c2f\u4e59\u70ef\u62a4\u5957\u963b\u71c3\u7535\u7f06\u3010\u4e5d\u6298\u6807\u51c6\u3011","up_a":"0.0","down_a":"0.0","up_b":"0.0","down_b":"0.0","up_c":"0.0","down_c":"0.0","up_d":"0.0","down_d":"0.0","up_e":"0.0","down_e":"0.0","up_f":"0.0","down_f":"0.0","ticket_nor":3,"ticket_person":11,"status":1,"uptimes":1781256594,"times":1781095065,"new_tax_id":1},{"id":1740,"pid":1,"group_id":5,"catname":"\u4e5d\u6298\u6807\u51c6","cat_index":2,"source":"[\"677187340b61b.png\"]","sorts":null,"gimage":"677187340b3d7.png","gnames":"\u94dc\u82af\u4ea4\u8054\u805a\u4e59\u70ef\u7edd\u7f18\u805a\u6c2f\u4e59\u70ef\u62a4\u5957\u963b\u71c3\u7535\u7f06\u3010\u4e5d\u6298\u6807\u51c6\u3011","up_a":"0.0","down_a":"0.0","up_b":"0.0","down_b":"0.0","up_c":"0.0","down_c":"0.0","up_d":"0.0","down_d":"0.0","up_e":"0.0","down_e":"0.0","up_f":"0.0","down_f":"0.0","ticket_nor":3,"ticket_person":11,"status":1,"uptimes":1781228972,"times":1781228972,"new_tax_id":1},{"id":1741,"pid":1,"group_id":5,"catname":"\u516b\u6298\u6807\u51c6","cat_index":3,"source":"[\"677187340b61b.png\"]","sorts":null,"gimage":"677187340b3d7.png","gnames":"\u94dc\u82af\u4ea4\u8054\u805a\u4e59\u70ef\u7edd\u7f18\u805a\u6c2f\u4e59\u70ef\u62a4\u5957\u963b\u71c3\u7535\u7f06\u3010\u4e5d\u6298\u6807\u51c6\u3011","up_a":"0.0","down_a":"0.0","up_b":"0.0","down_b":"0.0","up_c":"0.0","down_c":"0.0","up_d":"0.0","down_d":"0.0","up_e":"0.0","down_e":"0.0","up_f":"0.0","down_f":"0.0","ticket_nor":3,"ticket_person":11,"status":1,"uptimes":1781228972,"times":1781228972,"new_tax_id":1}],"group_list":[{"id":1,"pid":0,"name":"\u6807\u51c61\u9009\u9879\u5361","ratio":"1.000000","sort":1,"add_time":1781435857,"up_time":1781435857},{"id":5,"pid":0,"name":"\u6807\u51c61\u9009\u9879\u5361","ratio":"1.000000","sort":1,"add_time":1781423342,"up_time":1781423342},{"id":2,"pid":0,"name":"\u6807\u51c62\u9009\u9879\u5361","ratio":"1.000000","sort":2,"add_time":1781435857,"up_time":1781435857},{"id":6,"pid":0,"name":"\u6807\u51c62\u9009\u9879\u5361","ratio":"1.000000","sort":2,"add_time":1781423342,"up_time":1781423342},{"id":7,"pid":0,"name":"\u6807\u51c63\u9009\u9879\u5361","ratio":"1.000000","sort":3,"add_time":1781423342,"up_time":1781423342},{"id":8,"pid":0,"name":"\u6807\u51c64\u9009\u9879\u5361","ratio":"1.000000","sort":4,"add_time":1781423342,"up_time":1781423342},{"id":9,"pid":0,"name":"\u6807\u51c65\u9009\u9879\u5361","ratio":"1.000000","sort":5,"add_time":1781423342,"up_time":1781423342},{"id":10,"pid":0,"name":"\u6807\u51c66\u9009\u9879\u5361","ratio":"1.000000","sort":6,"add_time":1781423342,"up_time":1781423342},{"id":11,"pid":0,"name":"\u6807\u51c67\u9009\u9879\u5361","ratio":"1.000000","sort":7,"add_time":1781423342,"up_time":1781423342},{"id":12,"pid":0,"name":"\u6807\u51c68\u9009\u9879\u5361","ratio":"1.000000","sort":8,"add_time":1781423342,"up_time":1781423342},{"id":13,"pid":0,"name":"\u6807\u51c69\u9009\u9879\u5361","ratio":"1.000000","sort":9,"add_time":1781423342,"up_time":1781423342},{"id":14,"pid":0,"name":"\u6807\u51c610\u9009\u9879\u5361","ratio":"1.000000","sort":10,"add_time":1781423342,"up_time":1781423342}]}}

[ 2026-06-15T16:38:04+08:00 ] ::1 /Home/Goods/plate_conts_blankr.html
INFO: [ app_init ] --START--
INFO: Run Behavior\BuildLiteBehavior [ RunTime:0.000013s ]
INFO: [ app_init ] --END-- [ RunTime:0.000430s ]
INFO: [ app_begin ] --START--
INFO: Run Behavior\ReadHtmlCacheBehavior [ RunTime:0.000089s ]
INFO: [ app_begin ] --END-- [ RunTime:0.000319s ]
SQL: SHOW COLUMNS FROM `plate_conts_blank` [ RunTime:0.0101s ]
SQL: SHOW COLUMNS FROM `plate_conts_logs` [ RunTime:0.0041s ]
SQL: SHOW COLUMNS FROM `plate_conts_logsr` [ RunTime:0.0024s ]
SQL: SELECT * FROM `plate_conts_blank` WHERE `id` = 1739 LIMIT 1   [ RunTime:0.0097s ]
SQL: SELECT * FROM `plate_conts_logs` WHERE `blank_id` = 1739 ORDER BY number asc,id asc  [ RunTime:0.0018s ]
SQL: SELECT `key_0` FROM `plate_conts_logs` WHERE `blank_id` = 1739 GROUP BY key_0 LIMIT 1   [ RunTime:0.0007s ]
SQL: SELECT `key_1` FROM `plate_conts_logs` WHERE `blank_id` = 1739 GROUP BY key_1 LIMIT 1   [ RunTime:0.0009s ]
SQL: SELECT `key_2` FROM `plate_conts_logs` WHERE `blank_id` = 1739 GROUP BY key_2 LIMIT 1   [ RunTime:0.0010s ]
SQL: SELECT `key_3` FROM `plate_conts_logs` WHERE `blank_id` = 1739 GROUP BY key_3 LIMIT 1   [ RunTime:0.0007s ]
SQL: SELECT `key_4` FROM `plate_conts_logs` WHERE `blank_id` = 1739 GROUP BY key_4 LIMIT 1   [ RunTime:0.0007s ]
SQL: SELECT `key_5` FROM `plate_conts_logs` WHERE `blank_id` = 1739 GROUP BY key_5 LIMIT 1   [ RunTime:0.0010s ]
SQL: SELECT `key_6` FROM `plate_conts_logs` WHERE `blank_id` = 1739 GROUP BY key_6 LIMIT 1   [ RunTime:0.0028s ]
SQL: SELECT `key_7` FROM `plate_conts_logs` WHERE `blank_id` = 1739 GROUP BY key_7 LIMIT 1   [ RunTime:0.0011s ]
NOTIC: [2] Trying to access array offset on value of type null /Users/gangliu/data/catdesk_workspace/yilan/App/Home/Controller/GoodsController.class.php 第 793 行.
NOTIC: [2] Trying to access array offset on value of type null /Users/gangliu/data/catdesk_workspace/yilan/App/Home/Controller/GoodsController.class.php 第 793 行.
NOTIC: [2] Trying to access array offset on value of type null /Users/gangliu/data/catdesk_workspace/yilan/App/Home/Controller/GoodsController.class.php 第 793 行.
NOTIC: [2] Trying to access array offset on value of type null /Users/gangliu/data/catdesk_workspace/yilan/App/Home/Controller/GoodsController.class.php 第 794 行.
NOTIC: [2] Trying to access array offset on value of type null /Users/gangliu/data/catdesk_workspace/yilan/App/Home/Controller/GoodsController.class.php 第 794 行.
NOTIC: [2] Trying to access array offset on value of type null /Users/gangliu/data/catdesk_workspace/yilan/App/Home/Controller/GoodsController.class.php 第 795 行.
NOTIC: [2] Trying to access array offset on value of type null /Users/gangliu/data/catdesk_workspace/yilan/App/Home/Controller/GoodsController.class.php 第 795 行.
NOTIC: [2] Trying to access array offset on value of type null /Users/gangliu/data/catdesk_workspace/yilan/App/Home/Controller/GoodsController.class.php 第 795 行.
SQL: SHOW COLUMNS FROM `new_tax` [ RunTime:0.0057s ]
SQL: SELECT * FROM `new_tax` WHERE `is_del` = 1  [ RunTime:0.0006s ]
SQL: SHOW COLUMNS FROM `plate_conts_price` [ RunTime:0.0036s ]
SQL: SELECT * FROM `plate_conts_price` WHERE `blank_id` = 1739 AND `is_del` = 1 ORDER BY sort asc, id asc  [ RunTime:0.0010s ]
SQL: SELECT * FROM `plate_conts_blank` WHERE `pid` = 1 AND `status` = 1 ORDER BY cat_index asc  [ RunTime:0.0010s ]
SQL: SHOW COLUMNS FROM `plate_conts_blank_group` [ RunTime:0.0034s ]
SQL: SELECT * FROM `plate_conts_blank_group` WHERE `pid` = 0 ORDER BY sort asc, id asc  [ RunTime:0.0011s ]
ERR: {"status":1,"msg":"\u83b7\u53d6\u6210\u529f","data":{"info":{"id":1739,"pid":1,"group_id":5,"catname":"\u5546\u54c1","cat_index":1,"source":["6a2bd1928b6ed.png"],"sorts":0,"gimage":"6a2bcd01617ca.png","gnames":"\u94dc\u82af\u4ea4\u8054\u805a\u4e59\u70ef\u7edd\u7f18\u805a\u6c2f\u4e59\u70ef\u62a4\u5957\u963b\u71c3\u7535\u7f06\u3010\u4e5d\u6298\u6807\u51c6\u3011","up_a":"0.0","down_a":"0.0","up_b":"0.0","down_b":"0.0","up_c":"0.0","down_c":"0.0","up_d":"0.0","down_d":"0.0","up_e":"0.0","down_e":"0.0","up_f":"0.0","down_f":"0.0","ticket_nor":3,"ticket_person":11,"status":1,"uptimes":1781256594,"times":1781095065,"new_tax_id":1},"key":{"keya":null,"keyb":null,"keyc":null,"keyd":null,"keye":null,"keyf":null,"keyg":null,"keyh":null},"list":[],"tax_list":[{"id":1,"pid":0,"name":"\u7535\u529b\u7535\u7f06\u7a0e\u7387\u53d1\u7968","alias_name":"","normal_tax":"3.00","special_tax":"11.00","status":1,"is_del":1,"add_time":0,"up_time":0},{"id":2,"pid":0,"name":"\u5bb6\u88c5\u7535\u7ebf\u7a0e\u7387","alias_name":"","normal_tax":"3.00","special_tax":"10.00","status":1,"is_del":1,"add_time":0,"up_time":0},{"id":3,"pid":0,"name":"\u521a\u6027\u9632\u706b\u7535\u7f06\u7a0e\u7387","alias_name":"","normal_tax":"3.00","special_tax":"9.00","status":1,"is_del":1,"add_time":0,"up_time":0},{"id":9,"pid":0,"name":"\u6a61\u5957\u7535\u7f06\u7a0e\u7387","alias_name":"","normal_tax":"3.00","special_tax":"11.00","status":1,"is_del":1,"add_time":0,"up_time":0},{"id":10,"pid":0,"name":"\u77ff\u7528\u6a61\u80f6\u7535\u7f06\u7a0e\u7387","alias_name":"","normal_tax":"4.00","special_tax":"12.00","status":1,"is_del":1,"add_time":0,"up_time":0}],"price_list":[],"all_blanks":[{"id":1739,"pid":1,"group_id":5,"catname":"\u5546\u54c1","cat_index":1,"source":"[\"6a2bd1928b6ed.png\"]","sorts":0,"gimage":"6a2bcd01617ca.png","gnames":"\u94dc\u82af\u4ea4\u8054\u805a\u4e59\u70ef\u7edd\u7f18\u805a\u6c2f\u4e59\u70ef\u62a4\u5957\u963b\u71c3\u7535\u7f06\u3010\u4e5d\u6298\u6807\u51c6\u3011","up_a":"0.0","down_a":"0.0","up_b":"0.0","down_b":"0.0","up_c":"0.0","down_c":"0.0","up_d":"0.0","down_d":"0.0","up_e":"0.0","down_e":"0.0","up_f":"0.0","down_f":"0.0","ticket_nor":3,"ticket_person":11,"status":1,"uptimes":1781256594,"times":1781095065,"new_tax_id":1},{"id":1740,"pid":1,"group_id":5,"catname":"\u4e5d\u6298\u6807\u51c6","cat_index":2,"source":"[\"677187340b61b.png\"]","sorts":null,"gimage":"677187340b3d7.png","gnames":"\u94dc\u82af\u4ea4\u8054\u805a\u4e59\u70ef\u7edd\u7f18\u805a\u6c2f\u4e59\u70ef\u62a4\u5957\u963b\u71c3\u7535\u7f06\u3010\u4e5d\u6298\u6807\u51c6\u3011","up_a":"0.0","down_a":"0.0","up_b":"0.0","down_b":"0.0","up_c":"0.0","down_c":"0.0","up_d":"0.0","down_d":"0.0","up_e":"0.0","down_e":"0.0","up_f":"0.0","down_f":"0.0","ticket_nor":3,"ticket_person":11,"status":1,"uptimes":1781228972,"times":1781228972,"new_tax_id":1},{"id":1741,"pid":1,"group_id":5,"catname":"\u516b\u6298\u6807\u51c6","cat_index":3,"source":"[\"677187340b61b.png\"]","sorts":null,"gimage":"677187340b3d7.png","gnames":"\u94dc\u82af\u4ea4\u8054\u805a\u4e59\u70ef\u7edd\u7f18\u805a\u6c2f\u4e59\u70ef\u62a4\u5957\u963b\u71c3\u7535\u7f06\u3010\u4e5d\u6298\u6807\u51c6\u3011","up_a":"0.0","down_a":"0.0","up_b":"0.0","down_b":"0.0","up_c":"0.0","down_c":"0.0","up_d":"0.0","down_d":"0.0","up_e":"0.0","down_e":"0.0","up_f":"0.0","down_f":"0.0","ticket_nor":3,"ticket_person":11,"status":1,"uptimes":1781228972,"times":1781228972,"new_tax_id":1}],"group_list":[{"id":1,"pid":0,"name":"\u6807\u51c61\u9009\u9879\u5361","ratio":"1.000000","sort":1,"add_time":1781435857,"up_time":1781435857},{"id":5,"pid":0,"name":"\u6807\u51c61\u9009\u9879\u5361","ratio":"1.000000","sort":1,"add_time":1781423342,"up_time":1781423342},{"id":2,"pid":0,"name":"\u6807\u51c62\u9009\u9879\u5361","ratio":"1.000000","sort":2,"add_time":1781435857,"up_time":1781435857},{"id":6,"pid":0,"name":"\u6807\u51c62\u9009\u9879\u5361","ratio":"1.000000","sort":2,"add_time":1781423342,"up_time":1781423342},{"id":7,"pid":0,"name":"\u6807\u51c63\u9009\u9879\u5361","ratio":"1.000000","sort":3,"add_time":1781423342,"up_time":1781423342},{"id":8,"pid":0,"name":"\u6807\u51c64\u9009\u9879\u5361","ratio":"1.000000","sort":4,"add_time":1781423342,"up_time":1781423342},{"id":9,"pid":0,"name":"\u6807\u51c65\u9009\u9879\u5361","ratio":"1.000000","sort":5,"add_time":1781423342,"up_time":1781423342},{"id":10,"pid":0,"name":"\u6807\u51c66\u9009\u9879\u5361","ratio":"1.000000","sort":6,"add_time":1781423342,"up_time":1781423342},{"id":11,"pid":0,"name":"\u6807\u51c67\u9009\u9879\u5361","ratio":"1.000000","sort":7,"add_time":1781423342,"up_time":1781423342},{"id":12,"pid":0,"name":"\u6807\u51c68\u9009\u9879\u5361","ratio":"1.000000","sort":8,"add_time":1781423342,"up_time":1781423342},{"id":13,"pid":0,"name":"\u6807\u51c69\u9009\u9879\u5361","ratio":"1.000000","sort":9,"add_time":1781423342,"up_time":1781423342},{"id":14,"pid":0,"name":"\u6807\u51c610\u9009\u9879\u5361","ratio":"1.000000","sort":10,"add_time":1781423342,"up_time":1781423342}]}}

[ 2026-06-15T16:38:06+08:00 ] ::1 /Home/Goods/plate_conts_blankr.html
INFO: [ app_init ] --START--
INFO: Run Behavior\BuildLiteBehavior [ RunTime:0.000005s ]
INFO: [ app_init ] --END-- [ RunTime:0.000046s ]
INFO: [ app_begin ] --START--
INFO: Run Behavior\ReadHtmlCacheBehavior [ RunTime:0.000032s ]
INFO: [ app_begin ] --END-- [ RunTime:0.000058s ]
SQL: SHOW COLUMNS FROM `plate_conts_blank` [ RunTime:0.0047s ]
SQL: SHOW COLUMNS FROM `plate_conts_logs` [ RunTime:0.0022s ]
SQL: SHOW COLUMNS FROM `plate_conts_logsr` [ RunTime:0.0025s ]
SQL: SELECT * FROM `plate_conts_blank` WHERE `id` = 1740 LIMIT 1   [ RunTime:0.0005s ]
SQL: SELECT * FROM `plate_conts_logs` WHERE `blank_id` = 1740 ORDER BY number asc,id asc  [ RunTime:0.0019s ]
SQL: SELECT `key_0` FROM `plate_conts_logs` WHERE `blank_id` = 1740 GROUP BY key_0 LIMIT 1   [ RunTime:0.0004s ]
SQL: SELECT `key_1` FROM `plate_conts_logs` WHERE `blank_id` = 1740 GROUP BY key_1 LIMIT 1   [ RunTime:0.0008s ]
SQL: SELECT `key_2` FROM `plate_conts_logs` WHERE `blank_id` = 1740 GROUP BY key_2 LIMIT 1   [ RunTime:0.0002s ]
SQL: SELECT `key_3` FROM `plate_conts_logs` WHERE `blank_id` = 1740 GROUP BY key_3 LIMIT 1   [ RunTime:0.0002s ]
SQL: SELECT `key_4` FROM `plate_conts_logs` WHERE `blank_id` = 1740 GROUP BY key_4 LIMIT 1   [ RunTime:0.0002s ]
SQL: SELECT `key_5` FROM `plate_conts_logs` WHERE `blank_id` = 1740 GROUP BY key_5 LIMIT 1   [ RunTime:0.0002s ]
SQL: SELECT `key_6` FROM `plate_conts_logs` WHERE `blank_id` = 1740 GROUP BY key_6 LIMIT 1   [ RunTime:0.0002s ]
SQL: SELECT `key_7` FROM `plate_conts_logs` WHERE `blank_id` = 1740 GROUP BY key_7 LIMIT 1   [ RunTime:0.0002s ]
NOTIC: [2] Trying to access array offset on value of type null /Users/gangliu/data/catdesk_workspace/yilan/App/Home/Controller/GoodsController.class.php 第 793 行.
NOTIC: [2] Trying to access array offset on value of type null /Users/gangliu/data/catdesk_workspace/yilan/App/Home/Controller/GoodsController.class.php 第 793 行.
NOTIC: [2] Trying to access array offset on value of type null /Users/gangliu/data/catdesk_workspace/yilan/App/Home/Controller/GoodsController.class.php 第 793 行.
NOTIC: [2] Trying to access array offset on value of type null /Users/gangliu/data/catdesk_workspace/yilan/App/Home/Controller/GoodsController.class.php 第 794 行.
NOTIC: [2] Trying to access array offset on value of type null /Users/gangliu/data/catdesk_workspace/yilan/App/Home/Controller/GoodsController.class.php 第 794 行.
NOTIC: [2] Trying to access array offset on value of type null /Users/gangliu/data/catdesk_workspace/yilan/App/Home/Controller/GoodsController.class.php 第 795 行.
NOTIC: [2] Trying to access array offset on value of type null /Users/gangliu/data/catdesk_workspace/yilan/App/Home/Controller/GoodsController.class.php 第 795 行.
NOTIC: [2] Trying to access array offset on value of type null /Users/gangliu/data/catdesk_workspace/yilan/App/Home/Controller/GoodsController.class.php 第 795 行.
SQL: SHOW COLUMNS FROM `new_tax` [ RunTime:0.0018s ]
SQL: SELECT * FROM `new_tax` WHERE `is_del` = 1  [ RunTime:0.0010s ]
SQL: SHOW COLUMNS FROM `plate_conts_price` [ RunTime:0.0023s ]
SQL: SELECT * FROM `plate_conts_price` WHERE `blank_id` = 1740 AND `is_del` = 1 ORDER BY sort asc, id asc  [ RunTime:0.0005s ]
SQL: SELECT * FROM `plate_conts_blank` WHERE `pid` = 1 AND `status` = 1 ORDER BY cat_index asc  [ RunTime:0.0003s ]
SQL: SHOW COLUMNS FROM `plate_conts_blank_group` [ RunTime:0.0025s ]
SQL: SELECT * FROM `plate_conts_blank_group` WHERE `pid` = 0 ORDER BY sort asc, id asc  [ RunTime:0.0015s ]
ERR: {"status":1,"msg":"\u83b7\u53d6\u6210\u529f","data":{"info":{"id":1740,"pid":1,"group_id":5,"catname":"\u4e5d\u6298\u6807\u51c6","cat_index":2,"source":["677187340b61b.png"],"sorts":null,"gimage":"677187340b3d7.png","gnames":"\u94dc\u82af\u4ea4\u8054\u805a\u4e59\u70ef\u7edd\u7f18\u805a\u6c2f\u4e59\u70ef\u62a4\u5957\u963b\u71c3\u7535\u7f06\u3010\u4e5d\u6298\u6807\u51c6\u3011","up_a":"0.0","down_a":"0.0","up_b":"0.0","down_b":"0.0","up_c":"0.0","down_c":"0.0","up_d":"0.0","down_d":"0.0","up_e":"0.0","down_e":"0.0","up_f":"0.0","down_f":"0.0","ticket_nor":3,"ticket_person":11,"status":1,"uptimes":1781228972,"times":1781228972,"new_tax_id":1},"key":{"keya":null,"keyb":null,"keyc":null,"keyd":null,"keye":null,"keyf":null,"keyg":null,"keyh":null},"list":[],"tax_list":[{"id":1,"pid":0,"name":"\u7535\u529b\u7535\u7f06\u7a0e\u7387\u53d1\u7968","alias_name":"","normal_tax":"3.00","special_tax":"11.00","status":1,"is_del":1,"add_time":0,"up_time":0},{"id":2,"pid":0,"name":"\u5bb6\u88c5\u7535\u7ebf\u7a0e\u7387","alias_name":"","normal_tax":"3.00","special_tax":"10.00","status":1,"is_del":1,"add_time":0,"up_time":0},{"id":3,"pid":0,"name":"\u521a\u6027\u9632\u706b\u7535\u7f06\u7a0e\u7387","alias_name":"","normal_tax":"3.00","special_tax":"9.00","status":1,"is_del":1,"add_time":0,"up_time":0},{"id":9,"pid":0,"name":"\u6a61\u5957\u7535\u7f06\u7a0e\u7387","alias_name":"","normal_tax":"3.00","special_tax":"11.00","status":1,"is_del":1,"add_time":0,"up_time":0},{"id":10,"pid":0,"name":"\u77ff\u7528\u6a61\u80f6\u7535\u7f06\u7a0e\u7387","alias_name":"","normal_tax":"4.00","special_tax":"12.00","status":1,"is_del":1,"add_time":0,"up_time":0}],"price_list":[],"all_blanks":[{"id":1739,"pid":1,"group_id":5,"catname":"\u5546\u54c1","cat_index":1,"source":"[\"6a2bd1928b6ed.png\"]","sorts":0,"gimage":"6a2bcd01617ca.png","gnames":"\u94dc\u82af\u4ea4\u8054\u805a\u4e59\u70ef\u7edd\u7f18\u805a\u6c2f\u4e59\u70ef\u62a4\u5957\u963b\u71c3\u7535\u7f06\u3010\u4e5d\u6298\u6807\u51c6\u3011","up_a":"0.0","down_a":"0.0","up_b":"0.0","down_b":"0.0","up_c":"0.0","down_c":"0.0","up_d":"0.0","down_d":"0.0","up_e":"0.0","down_e":"0.0","up_f":"0.0","down_f":"0.0","ticket_nor":3,"ticket_person":11,"status":1,"uptimes":1781256594,"times":1781095065,"new_tax_id":1},{"id":1740,"pid":1,"group_id":5,"catname":"\u4e5d\u6298\u6807\u51c6","cat_index":2,"source":"[\"677187340b61b.png\"]","sorts":null,"gimage":"677187340b3d7.png","gnames":"\u94dc\u82af\u4ea4\u8054\u805a\u4e59\u70ef\u7edd\u7f18\u805a\u6c2f\u4e59\u70ef\u62a4\u5957\u963b\u71c3\u7535\u7f06\u3010\u4e5d\u6298\u6807\u51c6\u3011","up_a":"0.0","down_a":"0.0","up_b":"0.0","down_b":"0.0","up_c":"0.0","down_c":"0.0","up_d":"0.0","down_d":"0.0","up_e":"0.0","down_e":"0.0","up_f":"0.0","down_f":"0.0","ticket_nor":3,"ticket_person":11,"status":1,"uptimes":1781228972,"times":1781228972,"new_tax_id":1},{"id":1741,"pid":1,"group_id":5,"catname":"\u516b\u6298\u6807\u51c6","cat_index":3,"source":"[\"677187340b61b.png\"]","sorts":null,"gimage":"677187340b3d7.png","gnames":"\u94dc\u82af\u4ea4\u8054\u805a\u4e59\u70ef\u7edd\u7f18\u805a\u6c2f\u4e59\u70ef\u62a4\u5957\u963b\u71c3\u7535\u7f06\u3010\u4e5d\u6298\u6807\u51c6\u3011","up_a":"0.0","down_a":"0.0","up_b":"0.0","down_b":"0.0","up_c":"0.0","down_c":"0.0","up_d":"0.0","down_d":"0.0","up_e":"0.0","down_e":"0.0","up_f":"0.0","down_f":"0.0","ticket_nor":3,"ticket_person":11,"status":1,"uptimes":1781228972,"times":1781228972,"new_tax_id":1}],"group_list":[{"id":1,"pid":0,"name":"\u6807\u51c61\u9009\u9879\u5361","ratio":"1.000000","sort":1,"add_time":1781435857,"up_time":1781435857},{"id":5,"pid":0,"name":"\u6807\u51c61\u9009\u9879\u5361","ratio":"1.000000","sort":1,"add_time":1781423342,"up_time":1781423342},{"id":2,"pid":0,"name":"\u6807\u51c62\u9009\u9879\u5361","ratio":"1.000000","sort":2,"add_time":1781435857,"up_time":1781435857},{"id":6,"pid":0,"name":"\u6807\u51c62\u9009\u9879\u5361","ratio":"1.000000","sort":2,"add_time":1781423342,"up_time":1781423342},{"id":7,"pid":0,"name":"\u6807\u51c63\u9009\u9879\u5361","ratio":"1.000000","sort":3,"add_time":1781423342,"up_time":1781423342},{"id":8,"pid":0,"name":"\u6807\u51c64\u9009\u9879\u5361","ratio":"1.000000","sort":4,"add_time":1781423342,"up_time":1781423342},{"id":9,"pid":0,"name":"\u6807\u51c65\u9009\u9879\u5361","ratio":"1.000000","sort":5,"add_time":1781423342,"up_time":1781423342},{"id":10,"pid":0,"name":"\u6807\u51c66\u9009\u9879\u5361","ratio":"1.000000","sort":6,"add_time":1781423342,"up_time":1781423342},{"id":11,"pid":0,"name":"\u6807\u51c67\u9009\u9879\u5361","ratio":"1.000000","sort":7,"add_time":1781423342,"up_time":1781423342},{"id":12,"pid":0,"name":"\u6807\u51c68\u9009\u9879\u5361","ratio":"1.000000","sort":8,"add_time":1781423342,"up_time":1781423342},{"id":13,"pid":0,"name":"\u6807\u51c69\u9009\u9879\u5361","ratio":"1.000000","sort":9,"add_time":1781423342,"up_time":1781423342},{"id":14,"pid":0,"name":"\u6807\u51c610\u9009\u9879\u5361","ratio":"1.000000","sort":10,"add_time":1781423342,"up_time":1781423342}]}}

[ 2026-06-15T16:38:07+08:00 ] ::1 /Home/Goods/plate_conts_blankr.html
INFO: [ app_init ] --START--
INFO: Run Behavior\BuildLiteBehavior [ RunTime:0.000005s ]
INFO: [ app_init ] --END-- [ RunTime:0.000052s ]
INFO: [ app_begin ] --START--
INFO: Run Behavior\ReadHtmlCacheBehavior [ RunTime:0.000033s ]
INFO: [ app_begin ] --END-- [ RunTime:0.000054s ]
SQL: SHOW COLUMNS FROM `plate_conts_blank` [ RunTime:0.0286s ]
SQL: SHOW COLUMNS FROM `plate_conts_logs` [ RunTime:0.0031s ]
SQL: SHOW COLUMNS FROM `plate_conts_logsr` [ RunTime:0.0023s ]
SQL: SELECT * FROM `plate_conts_blank` WHERE `id` = 1739 LIMIT 1   [ RunTime:0.0046s ]
SQL: SELECT * FROM `plate_conts_logs` WHERE `blank_id` = 1739 ORDER BY number asc,id asc  [ RunTime:0.0020s ]
SQL: SELECT `key_0` FROM `plate_conts_logs` WHERE `blank_id` = 1739 GROUP BY key_0 LIMIT 1   [ RunTime:0.0036s ]
SQL: SELECT `key_1` FROM `plate_conts_logs` WHERE `blank_id` = 1739 GROUP BY key_1 LIMIT 1   [ RunTime:0.0004s ]
SQL: SELECT `key_2` FROM `plate_conts_logs` WHERE `blank_id` = 1739 GROUP BY key_2 LIMIT 1   [ RunTime:0.0002s ]
SQL: SELECT `key_3` FROM `plate_conts_logs` WHERE `blank_id` = 1739 GROUP BY key_3 LIMIT 1   [ RunTime:0.0003s ]
SQL: SELECT `key_4` FROM `plate_conts_logs` WHERE `blank_id` = 1739 GROUP BY key_4 LIMIT 1   [ RunTime:0.0008s ]
SQL: SELECT `key_5` FROM `plate_conts_logs` WHERE `blank_id` = 1739 GROUP BY key_5 LIMIT 1   [ RunTime:0.0003s ]
SQL: SELECT `key_6` FROM `plate_conts_logs` WHERE `blank_id` = 1739 GROUP BY key_6 LIMIT 1   [ RunTime:0.0003s ]
SQL: SELECT `key_7` FROM `plate_conts_logs` WHERE `blank_id` = 1739 GROUP BY key_7 LIMIT 1   [ RunTime:0.0002s ]
NOTIC: [2] Trying to access array offset on value of type null /Users/gangliu/data/catdesk_workspace/yilan/App/Home/Controller/GoodsController.class.php 第 793 行.
NOTIC: [2] Trying to access array offset on value of type null /Users/gangliu/data/catdesk_workspace/yilan/App/Home/Controller/GoodsController.class.php 第 793 行.
NOTIC: [2] Trying to access array offset on value of type null /Users/gangliu/data/catdesk_workspace/yilan/App/Home/Controller/GoodsController.class.php 第 793 行.
NOTIC: [2] Trying to access array offset on value of type null /Users/gangliu/data/catdesk_workspace/yilan/App/Home/Controller/GoodsController.class.php 第 794 行.
NOTIC: [2] Trying to access array offset on value of type null /Users/gangliu/data/catdesk_workspace/yilan/App/Home/Controller/GoodsController.class.php 第 794 行.
NOTIC: [2] Trying to access array offset on value of type null /Users/gangliu/data/catdesk_workspace/yilan/App/Home/Controller/GoodsController.class.php 第 795 行.
NOTIC: [2] Trying to access array offset on value of type null /Users/gangliu/data/catdesk_workspace/yilan/App/Home/Controller/GoodsController.class.php 第 795 行.
NOTIC: [2] Trying to access array offset on value of type null /Users/gangliu/data/catdesk_workspace/yilan/App/Home/Controller/GoodsController.class.php 第 795 行.
SQL: SHOW COLUMNS FROM `new_tax` [ RunTime:0.0016s ]
SQL: SELECT * FROM `new_tax` WHERE `is_del` = 1  [ RunTime:0.0005s ]
SQL: SHOW COLUMNS FROM `plate_conts_price` [ RunTime:0.0032s ]
SQL: SELECT * FROM `plate_conts_price` WHERE `blank_id` = 1739 AND `is_del` = 1 ORDER BY sort asc, id asc  [ RunTime:0.0024s ]
SQL: SELECT * FROM `plate_conts_blank` WHERE `pid` = 1 AND `status` = 1 ORDER BY cat_index asc  [ RunTime:0.0005s ]
SQL: SHOW COLUMNS FROM `plate_conts_blank_group` [ RunTime:0.0019s ]
SQL: SELECT * FROM `plate_conts_blank_group` WHERE `pid` = 0 ORDER BY sort asc, id asc  [ RunTime:0.0032s ]
ERR: {"status":1,"msg":"\u83b7\u53d6\u6210\u529f","data":{"info":{"id":1739,"pid":1,"group_id":5,"catname":"\u5546\u54c1","cat_index":1,"source":["6a2bd1928b6ed.png"],"sorts":0,"gimage":"6a2bcd01617ca.png","gnames":"\u94dc\u82af\u4ea4\u8054\u805a\u4e59\u70ef\u7edd\u7f18\u805a\u6c2f\u4e59\u70ef\u62a4\u5957\u963b\u71c3\u7535\u7f06\u3010\u4e5d\u6298\u6807\u51c6\u3011","up_a":"0.0","down_a":"0.0","up_b":"0.0","down_b":"0.0","up_c":"0.0","down_c":"0.0","up_d":"0.0","down_d":"0.0","up_e":"0.0","down_e":"0.0","up_f":"0.0","down_f":"0.0","ticket_nor":3,"ticket_person":11,"status":1,"uptimes":1781256594,"times":1781095065,"new_tax_id":1},"key":{"keya":null,"keyb":null,"keyc":null,"keyd":null,"keye":null,"keyf":null,"keyg":null,"keyh":null},"list":[],"tax_list":[{"id":1,"pid":0,"name":"\u7535\u529b\u7535\u7f06\u7a0e\u7387\u53d1\u7968","alias_name":"","normal_tax":"3.00","special_tax":"11.00","status":1,"is_del":1,"add_time":0,"up_time":0},{"id":2,"pid":0,"name":"\u5bb6\u88c5\u7535\u7ebf\u7a0e\u7387","alias_name":"","normal_tax":"3.00","special_tax":"10.00","status":1,"is_del":1,"add_time":0,"up_time":0},{"id":3,"pid":0,"name":"\u521a\u6027\u9632\u706b\u7535\u7f06\u7a0e\u7387","alias_name":"","normal_tax":"3.00","special_tax":"9.00","status":1,"is_del":1,"add_time":0,"up_time":0},{"id":9,"pid":0,"name":"\u6a61\u5957\u7535\u7f06\u7a0e\u7387","alias_name":"","normal_tax":"3.00","special_tax":"11.00","status":1,"is_del":1,"add_time":0,"up_time":0},{"id":10,"pid":0,"name":"\u77ff\u7528\u6a61\u80f6\u7535\u7f06\u7a0e\u7387","alias_name":"","normal_tax":"4.00","special_tax":"12.00","status":1,"is_del":1,"add_time":0,"up_time":0}],"price_list":[],"all_blanks":[{"id":1739,"pid":1,"group_id":5,"catname":"\u5546\u54c1","cat_index":1,"source":"[\"6a2bd1928b6ed.png\"]","sorts":0,"gimage":"6a2bcd01617ca.png","gnames":"\u94dc\u82af\u4ea4\u8054\u805a\u4e59\u70ef\u7edd\u7f18\u805a\u6c2f\u4e59\u70ef\u62a4\u5957\u963b\u71c3\u7535\u7f06\u3010\u4e5d\u6298\u6807\u51c6\u3011","up_a":"0.0","down_a":"0.0","up_b":"0.0","down_b":"0.0","up_c":"0.0","down_c":"0.0","up_d":"0.0","down_d":"0.0","up_e":"0.0","down_e":"0.0","up_f":"0.0","down_f":"0.0","ticket_nor":3,"ticket_person":11,"status":1,"uptimes":1781256594,"times":1781095065,"new_tax_id":1},{"id":1740,"pid":1,"group_id":5,"catname":"\u4e5d\u6298\u6807\u51c6","cat_index":2,"source":"[\"677187340b61b.png\"]","sorts":null,"gimage":"677187340b3d7.png","gnames":"\u94dc\u82af\u4ea4\u8054\u805a\u4e59\u70ef\u7edd\u7f18\u805a\u6c2f\u4e59\u70ef\u62a4\u5957\u963b\u71c3\u7535\u7f06\u3010\u4e5d\u6298\u6807\u51c6\u3011","up_a":"0.0","down_a":"0.0","up_b":"0.0","down_b":"0.0","up_c":"0.0","down_c":"0.0","up_d":"0.0","down_d":"0.0","up_e":"0.0","down_e":"0.0","up_f":"0.0","down_f":"0.0","ticket_nor":3,"ticket_person":11,"status":1,"uptimes":1781228972,"times":1781228972,"new_tax_id":1},{"id":1741,"pid":1,"group_id":5,"catname":"\u516b\u6298\u6807\u51c6","cat_index":3,"source":"[\"677187340b61b.png\"]","sorts":null,"gimage":"677187340b3d7.png","gnames":"\u94dc\u82af\u4ea4\u8054\u805a\u4e59\u70ef\u7edd\u7f18\u805a\u6c2f\u4e59\u70ef\u62a4\u5957\u963b\u71c3\u7535\u7f06\u3010\u4e5d\u6298\u6807\u51c6\u3011","up_a":"0.0","down_a":"0.0","up_b":"0.0","down_b":"0.0","up_c":"0.0","down_c":"0.0","up_d":"0.0","down_d":"0.0","up_e":"0.0","down_e":"0.0","up_f":"0.0","down_f":"0.0","ticket_nor":3,"ticket_person":11,"status":1,"uptimes":1781228972,"times":1781228972,"new_tax_id":1}],"group_list":[{"id":1,"pid":0,"name":"\u6807\u51c61\u9009\u9879\u5361","ratio":"1.000000","sort":1,"add_time":1781435857,"up_time":1781435857},{"id":5,"pid":0,"name":"\u6807\u51c61\u9009\u9879\u5361","ratio":"1.000000","sort":1,"add_time":1781423342,"up_time":1781423342},{"id":2,"pid":0,"name":"\u6807\u51c62\u9009\u9879\u5361","ratio":"1.000000","sort":2,"add_time":1781435857,"up_time":1781435857},{"id":6,"pid":0,"name":"\u6807\u51c62\u9009\u9879\u5361","ratio":"1.000000","sort":2,"add_time":1781423342,"up_time":1781423342},{"id":7,"pid":0,"name":"\u6807\u51c63\u9009\u9879\u5361","ratio":"1.000000","sort":3,"add_time":1781423342,"up_time":1781423342},{"id":8,"pid":0,"name":"\u6807\u51c64\u9009\u9879\u5361","ratio":"1.000000","sort":4,"add_time":1781423342,"up_time":1781423342},{"id":9,"pid":0,"name":"\u6807\u51c65\u9009\u9879\u5361","ratio":"1.000000","sort":5,"add_time":1781423342,"up_time":1781423342},{"id":10,"pid":0,"name":"\u6807\u51c66\u9009\u9879\u5361","ratio":"1.000000","sort":6,"add_time":1781423342,"up_time":1781423342},{"id":11,"pid":0,"name":"\u6807\u51c67\u9009\u9879\u5361","ratio":"1.000000","sort":7,"add_time":1781423342,"up_time":1781423342},{"id":12,"pid":0,"name":"\u6807\u51c68\u9009\u9879\u5361","ratio":"1.000000","sort":8,"add_time":1781423342,"up_time":1781423342},{"id":13,"pid":0,"name":"\u6807\u51c69\u9009\u9879\u5361","ratio":"1.000000","sort":9,"add_time":1781423342,"up_time":1781423342},{"id":14,"pid":0,"name":"\u6807\u51c610\u9009\u9879\u5361","ratio":"1.000000","sort":10,"add_time":1781423342,"up_time":1781423342}]}}

[ 2026-06-15T16:38:13+08:00 ] ::1 /Home/Goods/plate_conts_blankr.html
INFO: [ app_init ] --START--
INFO: Run Behavior\BuildLiteBehavior [ RunTime:0.000013s ]
INFO: [ app_init ] --END-- [ RunTime:0.000569s ]
INFO: [ app_begin ] --START--
INFO: Run Behavior\ReadHtmlCacheBehavior [ RunTime:0.000051s ]
INFO: [ app_begin ] --END-- [ RunTime:0.000075s ]
SQL: SHOW COLUMNS FROM `plate_conts_blank` [ RunTime:0.0092s ]
SQL: SHOW COLUMNS FROM `plate_conts_logs` [ RunTime:0.0044s ]
SQL: SHOW COLUMNS FROM `plate_conts_logsr` [ RunTime:0.0036s ]
SQL: SELECT * FROM `plate_conts_blank` WHERE `id` = 1740 LIMIT 1   [ RunTime:0.0013s ]
SQL: SELECT * FROM `plate_conts_logs` WHERE `blank_id` = 1740 ORDER BY number asc,id asc  [ RunTime:0.0016s ]
SQL: SELECT `key_0` FROM `plate_conts_logs` WHERE `blank_id` = 1740 GROUP BY key_0 LIMIT 1   [ RunTime:0.0014s ]
SQL: SELECT `key_1` FROM `plate_conts_logs` WHERE `blank_id` = 1740 GROUP BY key_1 LIMIT 1   [ RunTime:0.0008s ]
SQL: SELECT `key_2` FROM `plate_conts_logs` WHERE `blank_id` = 1740 GROUP BY key_2 LIMIT 1   [ RunTime:0.0007s ]
SQL: SELECT `key_3` FROM `plate_conts_logs` WHERE `blank_id` = 1740 GROUP BY key_3 LIMIT 1   [ RunTime:0.0077s ]
SQL: SELECT `key_4` FROM `plate_conts_logs` WHERE `blank_id` = 1740 GROUP BY key_4 LIMIT 1   [ RunTime:0.0022s ]
SQL: SELECT `key_5` FROM `plate_conts_logs` WHERE `blank_id` = 1740 GROUP BY key_5 LIMIT 1   [ RunTime:0.0006s ]
SQL: SELECT `key_6` FROM `plate_conts_logs` WHERE `blank_id` = 1740 GROUP BY key_6 LIMIT 1   [ RunTime:0.0004s ]
SQL: SELECT `key_7` FROM `plate_conts_logs` WHERE `blank_id` = 1740 GROUP BY key_7 LIMIT 1   [ RunTime:0.0013s ]
NOTIC: [2] Trying to access array offset on value of type null /Users/gangliu/data/catdesk_workspace/yilan/App/Home/Controller/GoodsController.class.php 第 793 行.
NOTIC: [2] Trying to access array offset on value of type null /Users/gangliu/data/catdesk_workspace/yilan/App/Home/Controller/GoodsController.class.php 第 793 行.
NOTIC: [2] Trying to access array offset on value of type null /Users/gangliu/data/catdesk_workspace/yilan/App/Home/Controller/GoodsController.class.php 第 793 行.
NOTIC: [2] Trying to access array offset on value of type null /Users/gangliu/data/catdesk_workspace/yilan/App/Home/Controller/GoodsController.class.php 第 794 行.
NOTIC: [2] Trying to access array offset on value of type null /Users/gangliu/data/catdesk_workspace/yilan/App/Home/Controller/GoodsController.class.php 第 794 行.
NOTIC: [2] Trying to access array offset on value of type null /Users/gangliu/data/catdesk_workspace/yilan/App/Home/Controller/GoodsController.class.php 第 795 行.
NOTIC: [2] Trying to access array offset on value of type null /Users/gangliu/data/catdesk_workspace/yilan/App/Home/Controller/GoodsController.class.php 第 795 行.
NOTIC: [2] Trying to access array offset on value of type null /Users/gangliu/data/catdesk_workspace/yilan/App/Home/Controller/GoodsController.class.php 第 795 行.
SQL: SHOW COLUMNS FROM `new_tax` [ RunTime:0.0093s ]
SQL: SELECT * FROM `new_tax` WHERE `is_del` = 1  [ RunTime:0.0026s ]
SQL: SHOW COLUMNS FROM `plate_conts_price` [ RunTime:0.0027s ]
SQL: SELECT * FROM `plate_conts_price` WHERE `blank_id` = 1740 AND `is_del` = 1 ORDER BY sort asc, id asc  [ RunTime:0.0018s ]
SQL: SELECT * FROM `plate_conts_blank` WHERE `pid` = 1 AND `status` = 1 ORDER BY cat_index asc  [ RunTime:0.0007s ]
SQL: SHOW COLUMNS FROM `plate_conts_blank_group` [ RunTime:0.0022s ]
SQL: SELECT * FROM `plate_conts_blank_group` WHERE `pid` = 0 ORDER BY sort asc, id asc  [ RunTime:0.0006s ]
ERR: {"status":1,"msg":"\u83b7\u53d6\u6210\u529f","data":{"info":{"id":1740,"pid":1,"group_id":5,"catname":"\u4e5d\u6298\u6807\u51c6","cat_index":2,"source":["677187340b61b.png"],"sorts":null,"gimage":"677187340b3d7.png","gnames":"\u94dc\u82af\u4ea4\u8054\u805a\u4e59\u70ef\u7edd\u7f18\u805a\u6c2f\u4e59\u70ef\u62a4\u5957\u963b\u71c3\u7535\u7f06\u3010\u4e5d\u6298\u6807\u51c6\u3011","up_a":"0.0","down_a":"0.0","up_b":"0.0","down_b":"0.0","up_c":"0.0","down_c":"0.0","up_d":"0.0","down_d":"0.0","up_e":"0.0","down_e":"0.0","up_f":"0.0","down_f":"0.0","ticket_nor":3,"ticket_person":11,"status":1,"uptimes":1781228972,"times":1781228972,"new_tax_id":1},"key":{"keya":null,"keyb":null,"keyc":null,"keyd":null,"keye":null,"keyf":null,"keyg":null,"keyh":null},"list":[],"tax_list":[{"id":1,"pid":0,"name":"\u7535\u529b\u7535\u7f06\u7a0e\u7387\u53d1\u7968","alias_name":"","normal_tax":"3.00","special_tax":"11.00","status":1,"is_del":1,"add_time":0,"up_time":0},{"id":2,"pid":0,"name":"\u5bb6\u88c5\u7535\u7ebf\u7a0e\u7387","alias_name":"","normal_tax":"3.00","special_tax":"10.00","status":1,"is_del":1,"add_time":0,"up_time":0},{"id":3,"pid":0,"name":"\u521a\u6027\u9632\u706b\u7535\u7f06\u7a0e\u7387","alias_name":"","normal_tax":"3.00","special_tax":"9.00","status":1,"is_del":1,"add_time":0,"up_time":0},{"id":9,"pid":0,"name":"\u6a61\u5957\u7535\u7f06\u7a0e\u7387","alias_name":"","normal_tax":"3.00","special_tax":"11.00","status":1,"is_del":1,"add_time":0,"up_time":0},{"id":10,"pid":0,"name":"\u77ff\u7528\u6a61\u80f6\u7535\u7f06\u7a0e\u7387","alias_name":"","normal_tax":"4.00","special_tax":"12.00","status":1,"is_del":1,"add_time":0,"up_time":0}],"price_list":[],"all_blanks":[{"id":1739,"pid":1,"group_id":5,"catname":"\u5546\u54c1","cat_index":1,"source":"[\"6a2bd1928b6ed.png\"]","sorts":0,"gimage":"6a2bcd01617ca.png","gnames":"\u94dc\u82af\u4ea4\u8054\u805a\u4e59\u70ef\u7edd\u7f18\u805a\u6c2f\u4e59\u70ef\u62a4\u5957\u963b\u71c3\u7535\u7f06\u3010\u4e5d\u6298\u6807\u51c6\u3011","up_a":"0.0","down_a":"0.0","up_b":"0.0","down_b":"0.0","up_c":"0.0","down_c":"0.0","up_d":"0.0","down_d":"0.0","up_e":"0.0","down_e":"0.0","up_f":"0.0","down_f":"0.0","ticket_nor":3,"ticket_person":11,"status":1,"uptimes":1781256594,"times":1781095065,"new_tax_id":1},{"id":1740,"pid":1,"group_id":5,"catname":"\u4e5d\u6298\u6807\u51c6","cat_index":2,"source":"[\"677187340b61b.png\"]","sorts":null,"gimage":"677187340b3d7.png","gnames":"\u94dc\u82af\u4ea4\u8054\u805a\u4e59\u70ef\u7edd\u7f18\u805a\u6c2f\u4e59\u70ef\u62a4\u5957\u963b\u71c3\u7535\u7f06\u3010\u4e5d\u6298\u6807\u51c6\u3011","up_a":"0.0","down_a":"0.0","up_b":"0.0","down_b":"0.0","up_c":"0.0","down_c":"0.0","up_d":"0.0","down_d":"0.0","up_e":"0.0","down_e":"0.0","up_f":"0.0","down_f":"0.0","ticket_nor":3,"ticket_person":11,"status":1,"uptimes":1781228972,"times":1781228972,"new_tax_id":1},{"id":1741,"pid":1,"group_id":5,"catname":"\u516b\u6298\u6807\u51c6","cat_index":3,"source":"[\"677187340b61b.png\"]","sorts":null,"gimage":"677187340b3d7.png","gnames":"\u94dc\u82af\u4ea4\u8054\u805a\u4e59\u70ef\u7edd\u7f18\u805a\u6c2f\u4e59\u70ef\u62a4\u5957\u963b\u71c3\u7535\u7f06\u3010\u4e5d\u6298\u6807\u51c6\u3011","up_a":"0.0","down_a":"0.0","up_b":"0.0","down_b":"0.0","up_c":"0.0","down_c":"0.0","up_d":"0.0","down_d":"0.0","up_e":"0.0","down_e":"0.0","up_f":"0.0","down_f":"0.0","ticket_nor":3,"ticket_person":11,"status":1,"uptimes":1781228972,"times":1781228972,"new_tax_id":1}],"group_list":[{"id":1,"pid":0,"name":"\u6807\u51c61\u9009\u9879\u5361","ratio":"1.000000","sort":1,"add_time":1781435857,"up_time":1781435857},{"id":5,"pid":0,"name":"\u6807\u51c61\u9009\u9879\u5361","ratio":"1.000000","sort":1,"add_time":1781423342,"up_time":1781423342},{"id":2,"pid":0,"name":"\u6807\u51c62\u9009\u9879\u5361","ratio":"1.000000","sort":2,"add_time":1781435857,"up_time":1781435857},{"id":6,"pid":0,"name":"\u6807\u51c62\u9009\u9879\u5361","ratio":"1.000000","sort":2,"add_time":1781423342,"up_time":1781423342},{"id":7,"pid":0,"name":"\u6807\u51c63\u9009\u9879\u5361","ratio":"1.000000","sort":3,"add_time":1781423342,"up_time":1781423342},{"id":8,"pid":0,"name":"\u6807\u51c64\u9009\u9879\u5361","ratio":"1.000000","sort":4,"add_time":1781423342,"up_time":1781423342},{"id":9,"pid":0,"name":"\u6807\u51c65\u9009\u9879\u5361","ratio":"1.000000","sort":5,"add_time":1781423342,"up_time":1781423342},{"id":10,"pid":0,"name":"\u6807\u51c66\u9009\u9879\u5361","ratio":"1.000000","sort":6,"add_time":1781423342,"up_time":1781423342},{"id":11,"pid":0,"name":"\u6807\u51c67\u9009\u9879\u5361","ratio":"1.000000","sort":7,"add_time":1781423342,"up_time":1781423342},{"id":12,"pid":0,"name":"\u6807\u51c68\u9009\u9879\u5361","ratio":"1.000000","sort":8,"add_time":1781423342,"up_time":1781423342},{"id":13,"pid":0,"name":"\u6807\u51c69\u9009\u9879\u5361","ratio":"1.000000","sort":9,"add_time":1781423342,"up_time":1781423342},{"id":14,"pid":0,"name":"\u6807\u51c610\u9009\u9879\u5361","ratio":"1.000000","sort":10,"add_time":1781423342,"up_time":1781423342}]}}

[ 2026-06-15T16:38:16+08:00 ] ::1 /Home/Goods/plate_conts_blankr.html
INFO: [ app_init ] --START--
INFO: Run Behavior\BuildLiteBehavior [ RunTime:0.000009s ]
INFO: [ app_init ] --END-- [ RunTime:0.000084s ]
INFO: [ app_begin ] --START--
INFO: Run Behavior\ReadHtmlCacheBehavior [ RunTime:0.000050s ]
INFO: [ app_begin ] --END-- [ RunTime:0.000083s ]
SQL: SHOW COLUMNS FROM `plate_conts_blank` [ RunTime:0.1335s ]
SQL: SHOW COLUMNS FROM `plate_conts_logs` [ RunTime:0.1064s ]
SQL: SHOW COLUMNS FROM `plate_conts_logsr` [ RunTime:0.0155s ]
SQL: SELECT * FROM `plate_conts_blank` WHERE `id` = 1741 LIMIT 1   [ RunTime:0.0010s ]
SQL: SELECT * FROM `plate_conts_logs` WHERE `blank_id` = 1741 ORDER BY number asc,id asc  [ RunTime:0.0010s ]
SQL: SELECT `key_0` FROM `plate_conts_logs` WHERE `blank_id` = 1741 GROUP BY key_0 LIMIT 1   [ RunTime:0.0004s ]
SQL: SELECT `key_1` FROM `plate_conts_logs` WHERE `blank_id` = 1741 GROUP BY key_1 LIMIT 1   [ RunTime:0.0006s ]
SQL: SELECT `key_2` FROM `plate_conts_logs` WHERE `blank_id` = 1741 GROUP BY key_2 LIMIT 1   [ RunTime:0.0005s ]
SQL: SELECT `key_3` FROM `plate_conts_logs` WHERE `blank_id` = 1741 GROUP BY key_3 LIMIT 1   [ RunTime:0.0085s ]
SQL: SELECT `key_4` FROM `plate_conts_logs` WHERE `blank_id` = 1741 GROUP BY key_4 LIMIT 1   [ RunTime:0.0005s ]
SQL: SELECT `key_5` FROM `plate_conts_logs` WHERE `blank_id` = 1741 GROUP BY key_5 LIMIT 1   [ RunTime:0.0003s ]
SQL: SELECT `key_6` FROM `plate_conts_logs` WHERE `blank_id` = 1741 GROUP BY key_6 LIMIT 1   [ RunTime:0.0003s ]
SQL: SELECT `key_7` FROM `plate_conts_logs` WHERE `blank_id` = 1741 GROUP BY key_7 LIMIT 1   [ RunTime:0.0003s ]
NOTIC: [2] Trying to access array offset on value of type null /Users/gangliu/data/catdesk_workspace/yilan/App/Home/Controller/GoodsController.class.php 第 793 行.
NOTIC: [2] Trying to access array offset on value of type null /Users/gangliu/data/catdesk_workspace/yilan/App/Home/Controller/GoodsController.class.php 第 793 行.
NOTIC: [2] Trying to access array offset on value of type null /Users/gangliu/data/catdesk_workspace/yilan/App/Home/Controller/GoodsController.class.php 第 793 行.
NOTIC: [2] Trying to access array offset on value of type null /Users/gangliu/data/catdesk_workspace/yilan/App/Home/Controller/GoodsController.class.php 第 794 行.
NOTIC: [2] Trying to access array offset on value of type null /Users/gangliu/data/catdesk_workspace/yilan/App/Home/Controller/GoodsController.class.php 第 794 行.
NOTIC: [2] Trying to access array offset on value of type null /Users/gangliu/data/catdesk_workspace/yilan/App/Home/Controller/GoodsController.class.php 第 795 行.
NOTIC: [2] Trying to access array offset on value of type null /Users/gangliu/data/catdesk_workspace/yilan/App/Home/Controller/GoodsController.class.php 第 795 行.
NOTIC: [2] Trying to access array offset on value of type null /Users/gangliu/data/catdesk_workspace/yilan/App/Home/Controller/GoodsController.class.php 第 795 行.
SQL: SHOW COLUMNS FROM `new_tax` [ RunTime:0.0027s ]
SQL: SELECT * FROM `new_tax` WHERE `is_del` = 1  [ RunTime:0.0028s ]
SQL: SHOW COLUMNS FROM `plate_conts_price` [ RunTime:0.0027s ]
SQL: SELECT * FROM `plate_conts_price` WHERE `blank_id` = 1741 AND `is_del` = 1 ORDER BY sort asc, id asc  [ RunTime:0.0007s ]
SQL: SELECT * FROM `plate_conts_blank` WHERE `pid` = 1 AND `status` = 1 ORDER BY cat_index asc  [ RunTime:0.0005s ]
SQL: SHOW COLUMNS FROM `plate_conts_blank_group` [ RunTime:0.0027s ]
SQL: SELECT * FROM `plate_conts_blank_group` WHERE `pid` = 0 ORDER BY sort asc, id asc  [ RunTime:0.0013s ]
ERR: {"status":1,"msg":"\u83b7\u53d6\u6210\u529f","data":{"info":{"id":1741,"pid":1,"group_id":5,"catname":"\u516b\u6298\u6807\u51c6","cat_index":3,"source":["677187340b61b.png"],"sorts":null,"gimage":"677187340b3d7.png","gnames":"\u94dc\u82af\u4ea4\u8054\u805a\u4e59\u70ef\u7edd\u7f18\u805a\u6c2f\u4e59\u70ef\u62a4\u5957\u963b\u71c3\u7535\u7f06\u3010\u4e5d\u6298\u6807\u51c6\u3011","up_a":"0.0","down_a":"0.0","up_b":"0.0","down_b":"0.0","up_c":"0.0","down_c":"0.0","up_d":"0.0","down_d":"0.0","up_e":"0.0","down_e":"0.0","up_f":"0.0","down_f":"0.0","ticket_nor":3,"ticket_person":11,"status":1,"uptimes":1781228972,"times":1781228972,"new_tax_id":1},"key":{"keya":null,"keyb":null,"keyc":null,"keyd":null,"keye":null,"keyf":null,"keyg":null,"keyh":null},"list":[],"tax_list":[{"id":1,"pid":0,"name":"\u7535\u529b\u7535\u7f06\u7a0e\u7387\u53d1\u7968","alias_name":"","normal_tax":"3.00","special_tax":"11.00","status":1,"is_del":1,"add_time":0,"up_time":0},{"id":2,"pid":0,"name":"\u5bb6\u88c5\u7535\u7ebf\u7a0e\u7387","alias_name":"","normal_tax":"3.00","special_tax":"10.00","status":1,"is_del":1,"add_time":0,"up_time":0},{"id":3,"pid":0,"name":"\u521a\u6027\u9632\u706b\u7535\u7f06\u7a0e\u7387","alias_name":"","normal_tax":"3.00","special_tax":"9.00","status":1,"is_del":1,"add_time":0,"up_time":0},{"id":9,"pid":0,"name":"\u6a61\u5957\u7535\u7f06\u7a0e\u7387","alias_name":"","normal_tax":"3.00","special_tax":"11.00","status":1,"is_del":1,"add_time":0,"up_time":0},{"id":10,"pid":0,"name":"\u77ff\u7528\u6a61\u80f6\u7535\u7f06\u7a0e\u7387","alias_name":"","normal_tax":"4.00","special_tax":"12.00","status":1,"is_del":1,"add_time":0,"up_time":0}],"price_list":[],"all_blanks":[{"id":1739,"pid":1,"group_id":5,"catname":"\u5546\u54c1","cat_index":1,"source":"[\"6a2bd1928b6ed.png\"]","sorts":0,"gimage":"6a2bcd01617ca.png","gnames":"\u94dc\u82af\u4ea4\u8054\u805a\u4e59\u70ef\u7edd\u7f18\u805a\u6c2f\u4e59\u70ef\u62a4\u5957\u963b\u71c3\u7535\u7f06\u3010\u4e5d\u6298\u6807\u51c6\u3011","up_a":"0.0","down_a":"0.0","up_b":"0.0","down_b":"0.0","up_c":"0.0","down_c":"0.0","up_d":"0.0","down_d":"0.0","up_e":"0.0","down_e":"0.0","up_f":"0.0","down_f":"0.0","ticket_nor":3,"ticket_person":11,"status":1,"uptimes":1781256594,"times":1781095065,"new_tax_id":1},{"id":1740,"pid":1,"group_id":5,"catname":"\u4e5d\u6298\u6807\u51c6","cat_index":2,"source":"[\"677187340b61b.png\"]","sorts":null,"gimage":"677187340b3d7.png","gnames":"\u94dc\u82af\u4ea4\u8054\u805a\u4e59\u70ef\u7edd\u7f18\u805a\u6c2f\u4e59\u70ef\u62a4\u5957\u963b\u71c3\u7535\u7f06\u3010\u4e5d\u6298\u6807\u51c6\u3011","up_a":"0.0","down_a":"0.0","up_b":"0.0","down_b":"0.0","up_c":"0.0","down_c":"0.0","up_d":"0.0","down_d":"0.0","up_e":"0.0","down_e":"0.0","up_f":"0.0","down_f":"0.0","ticket_nor":3,"ticket_person":11,"status":1,"uptimes":1781228972,"times":1781228972,"new_tax_id":1},{"id":1741,"pid":1,"group_id":5,"catname":"\u516b\u6298\u6807\u51c6","cat_index":3,"source":"[\"677187340b61b.png\"]","sorts":null,"gimage":"677187340b3d7.png","gnames":"\u94dc\u82af\u4ea4\u8054\u805a\u4e59\u70ef\u7edd\u7f18\u805a\u6c2f\u4e59\u70ef\u62a4\u5957\u963b\u71c3\u7535\u7f06\u3010\u4e5d\u6298\u6807\u51c6\u3011","up_a":"0.0","down_a":"0.0","up_b":"0.0","down_b":"0.0","up_c":"0.0","down_c":"0.0","up_d":"0.0","down_d":"0.0","up_e":"0.0","down_e":"0.0","up_f":"0.0","down_f":"0.0","ticket_nor":3,"ticket_person":11,"status":1,"uptimes":1781228972,"times":1781228972,"new_tax_id":1}],"group_list":[{"id":1,"pid":0,"name":"\u6807\u51c61\u9009\u9879\u5361","ratio":"1.000000","sort":1,"add_time":1781435857,"up_time":1781435857},{"id":5,"pid":0,"name":"\u6807\u51c61\u9009\u9879\u5361","ratio":"1.000000","sort":1,"add_time":1781423342,"up_time":1781423342},{"id":2,"pid":0,"name":"\u6807\u51c62\u9009\u9879\u5361","ratio":"1.000000","sort":2,"add_time":1781435857,"up_time":1781435857},{"id":6,"pid":0,"name":"\u6807\u51c62\u9009\u9879\u5361","ratio":"1.000000","sort":2,"add_time":1781423342,"up_time":1781423342},{"id":7,"pid":0,"name":"\u6807\u51c63\u9009\u9879\u5361","ratio":"1.000000","sort":3,"add_time":1781423342,"up_time":1781423342},{"id":8,"pid":0,"name":"\u6807\u51c64\u9009\u9879\u5361","ratio":"1.000000","sort":4,"add_time":1781423342,"up_time":1781423342},{"id":9,"pid":0,"name":"\u6807\u51c65\u9009\u9879\u5361","ratio":"1.000000","sort":5,"add_time":1781423342,"up_time":1781423342},{"id":10,"pid":0,"name":"\u6807\u51c66\u9009\u9879\u5361","ratio":"1.000000","sort":6,"add_time":1781423342,"up_time":1781423342},{"id":11,"pid":0,"name":"\u6807\u51c67\u9009\u9879\u5361","ratio":"1.000000","sort":7,"add_time":1781423342,"up_time":1781423342},{"id":12,"pid":0,"name":"\u6807\u51c68\u9009\u9879\u5361","ratio":"1.000000","sort":8,"add_time":1781423342,"up_time":1781423342},{"id":13,"pid":0,"name":"\u6807\u51c69\u9009\u9879\u5361","ratio":"1.000000","sort":9,"add_time":1781423342,"up_time":1781423342},{"id":14,"pid":0,"name":"\u6807\u51c610\u9009\u9879\u5361","ratio":"1.000000","sort":10,"add_time":1781423342,"up_time":1781423342}]}}

[ 2026-06-15T16:38:23+08:00 ] ::1 /Home/Goods/plate_conts_blankr.html
INFO: [ app_init ] --START--
INFO: Run Behavior\BuildLiteBehavior [ RunTime:0.000011s ]
INFO: [ app_init ] --END-- [ RunTime:0.000427s ]
INFO: [ app_begin ] --START--
INFO: Run Behavior\ReadHtmlCacheBehavior [ RunTime:0.000160s ]
INFO: [ app_begin ] --END-- [ RunTime:0.000195s ]
SQL: SHOW COLUMNS FROM `plate_conts_blank` [ RunTime:0.0040s ]
SQL: SHOW COLUMNS FROM `plate_conts_logs` [ RunTime:0.0140s ]
SQL: SHOW COLUMNS FROM `plate_conts_logsr` [ RunTime:0.0070s ]
SQL: SELECT * FROM `plate_conts_blank` WHERE `id` = 1739 LIMIT 1   [ RunTime:0.0010s ]
SQL: SELECT * FROM `plate_conts_logs` WHERE `blank_id` = 1739 ORDER BY number asc,id asc  [ RunTime:0.0087s ]
SQL: SELECT `key_0` FROM `plate_conts_logs` WHERE `blank_id` = 1739 GROUP BY key_0 LIMIT 1   [ RunTime:0.0006s ]
SQL: SELECT `key_1` FROM `plate_conts_logs` WHERE `blank_id` = 1739 GROUP BY key_1 LIMIT 1   [ RunTime:0.0006s ]
SQL: SELECT `key_2` FROM `plate_conts_logs` WHERE `blank_id` = 1739 GROUP BY key_2 LIMIT 1   [ RunTime:0.0004s ]
SQL: SELECT `key_3` FROM `plate_conts_logs` WHERE `blank_id` = 1739 GROUP BY key_3 LIMIT 1   [ RunTime:0.0004s ]
SQL: SELECT `key_4` FROM `plate_conts_logs` WHERE `blank_id` = 1739 GROUP BY key_4 LIMIT 1   [ RunTime:0.0004s ]
SQL: SELECT `key_5` FROM `plate_conts_logs` WHERE `blank_id` = 1739 GROUP BY key_5 LIMIT 1   [ RunTime:0.0003s ]
SQL: SELECT `key_6` FROM `plate_conts_logs` WHERE `blank_id` = 1739 GROUP BY key_6 LIMIT 1   [ RunTime:0.0003s ]
SQL: SELECT `key_7` FROM `plate_conts_logs` WHERE `blank_id` = 1739 GROUP BY key_7 LIMIT 1   [ RunTime:0.0004s ]
NOTIC: [2] Trying to access array offset on value of type null /Users/gangliu/data/catdesk_workspace/yilan/App/Home/Controller/GoodsController.class.php 第 793 行.
NOTIC: [2] Trying to access array offset on value of type null /Users/gangliu/data/catdesk_workspace/yilan/App/Home/Controller/GoodsController.class.php 第 793 行.
NOTIC: [2] Trying to access array offset on value of type null /Users/gangliu/data/catdesk_workspace/yilan/App/Home/Controller/GoodsController.class.php 第 793 行.
NOTIC: [2] Trying to access array offset on value of type null /Users/gangliu/data/catdesk_workspace/yilan/App/Home/Controller/GoodsController.class.php 第 794 行.
NOTIC: [2] Trying to access array offset on value of type null /Users/gangliu/data/catdesk_workspace/yilan/App/Home/Controller/GoodsController.class.php 第 794 行.
NOTIC: [2] Trying to access array offset on value of type null /Users/gangliu/data/catdesk_workspace/yilan/App/Home/Controller/GoodsController.class.php 第 795 行.
NOTIC: [2] Trying to access array offset on value of type null /Users/gangliu/data/catdesk_workspace/yilan/App/Home/Controller/GoodsController.class.php 第 795 行.
NOTIC: [2] Trying to access array offset on value of type null /Users/gangliu/data/catdesk_workspace/yilan/App/Home/Controller/GoodsController.class.php 第 795 行.
SQL: SHOW COLUMNS FROM `new_tax` [ RunTime:0.0022s ]
SQL: SELECT * FROM `new_tax` WHERE `is_del` = 1  [ RunTime:0.0070s ]
SQL: SHOW COLUMNS FROM `plate_conts_price` [ RunTime:0.0019s ]
SQL: SELECT * FROM `plate_conts_price` WHERE `blank_id` = 1739 AND `is_del` = 1 ORDER BY sort asc, id asc  [ RunTime:0.0167s ]
SQL: SELECT * FROM `plate_conts_blank` WHERE `pid` = 1 AND `status` = 1 ORDER BY cat_index asc  [ RunTime:0.0006s ]
SQL: SHOW COLUMNS FROM `plate_conts_blank_group` [ RunTime:0.0022s ]
SQL: SELECT * FROM `plate_conts_blank_group` WHERE `pid` = 0 ORDER BY sort asc, id asc  [ RunTime:0.0112s ]
ERR: {"status":1,"msg":"\u83b7\u53d6\u6210\u529f","data":{"info":{"id":1739,"pid":1,"group_id":5,"catname":"\u5546\u54c1","cat_index":1,"source":["6a2bd1928b6ed.png"],"sorts":0,"gimage":"6a2bcd01617ca.png","gnames":"\u94dc\u82af\u4ea4\u8054\u805a\u4e59\u70ef\u7edd\u7f18\u805a\u6c2f\u4e59\u70ef\u62a4\u5957\u963b\u71c3\u7535\u7f06\u3010\u4e5d\u6298\u6807\u51c6\u3011","up_a":"0.0","down_a":"0.0","up_b":"0.0","down_b":"0.0","up_c":"0.0","down_c":"0.0","up_d":"0.0","down_d":"0.0","up_e":"0.0","down_e":"0.0","up_f":"0.0","down_f":"0.0","ticket_nor":3,"ticket_person":11,"status":1,"uptimes":1781256594,"times":1781095065,"new_tax_id":1},"key":{"keya":null,"keyb":null,"keyc":null,"keyd":null,"keye":null,"keyf":null,"keyg":null,"keyh":null},"list":[],"tax_list":[{"id":1,"pid":0,"name":"\u7535\u529b\u7535\u7f06\u7a0e\u7387\u53d1\u7968","alias_name":"","normal_tax":"3.00","special_tax":"11.00","status":1,"is_del":1,"add_time":0,"up_time":0},{"id":2,"pid":0,"name":"\u5bb6\u88c5\u7535\u7ebf\u7a0e\u7387","alias_name":"","normal_tax":"3.00","special_tax":"10.00","status":1,"is_del":1,"add_time":0,"up_time":0},{"id":3,"pid":0,"name":"\u521a\u6027\u9632\u706b\u7535\u7f06\u7a0e\u7387","alias_name":"","normal_tax":"3.00","special_tax":"9.00","status":1,"is_del":1,"add_time":0,"up_time":0},{"id":9,"pid":0,"name":"\u6a61\u5957\u7535\u7f06\u7a0e\u7387","alias_name":"","normal_tax":"3.00","special_tax":"11.00","status":1,"is_del":1,"add_time":0,"up_time":0},{"id":10,"pid":0,"name":"\u77ff\u7528\u6a61\u80f6\u7535\u7f06\u7a0e\u7387","alias_name":"","normal_tax":"4.00","special_tax":"12.00","status":1,"is_del":1,"add_time":0,"up_time":0}],"price_list":[],"all_blanks":[{"id":1739,"pid":1,"group_id":5,"catname":"\u5546\u54c1","cat_index":1,"source":"[\"6a2bd1928b6ed.png\"]","sorts":0,"gimage":"6a2bcd01617ca.png","gnames":"\u94dc\u82af\u4ea4\u8054\u805a\u4e59\u70ef\u7edd\u7f18\u805a\u6c2f\u4e59\u70ef\u62a4\u5957\u963b\u71c3\u7535\u7f06\u3010\u4e5d\u6298\u6807\u51c6\u3011","up_a":"0.0","down_a":"0.0","up_b":"0.0","down_b":"0.0","up_c":"0.0","down_c":"0.0","up_d":"0.0","down_d":"0.0","up_e":"0.0","down_e":"0.0","up_f":"0.0","down_f":"0.0","ticket_nor":3,"ticket_person":11,"status":1,"uptimes":1781256594,"times":1781095065,"new_tax_id":1},{"id":1740,"pid":1,"group_id":5,"catname":"\u4e5d\u6298\u6807\u51c6","cat_index":2,"source":"[\"677187340b61b.png\"]","sorts":null,"gimage":"677187340b3d7.png","gnames":"\u94dc\u82af\u4ea4\u8054\u805a\u4e59\u70ef\u7edd\u7f18\u805a\u6c2f\u4e59\u70ef\u62a4\u5957\u963b\u71c3\u7535\u7f06\u3010\u4e5d\u6298\u6807\u51c6\u3011","up_a":"0.0","down_a":"0.0","up_b":"0.0","down_b":"0.0","up_c":"0.0","down_c":"0.0","up_d":"0.0","down_d":"0.0","up_e":"0.0","down_e":"0.0","up_f":"0.0","down_f":"0.0","ticket_nor":3,"ticket_person":11,"status":1,"uptimes":1781228972,"times":1781228972,"new_tax_id":1},{"id":1741,"pid":1,"group_id":5,"catname":"\u516b\u6298\u6807\u51c6","cat_index":3,"source":"[\"677187340b61b.png\"]","sorts":null,"gimage":"677187340b3d7.png","gnames":"\u94dc\u82af\u4ea4\u8054\u805a\u4e59\u70ef\u7edd\u7f18\u805a\u6c2f\u4e59\u70ef\u62a4\u5957\u963b\u71c3\u7535\u7f06\u3010\u4e5d\u6298\u6807\u51c6\u3011","up_a":"0.0","down_a":"0.0","up_b":"0.0","down_b":"0.0","up_c":"0.0","down_c":"0.0","up_d":"0.0","down_d":"0.0","up_e":"0.0","down_e":"0.0","up_f":"0.0","down_f":"0.0","ticket_nor":3,"ticket_person":11,"status":1,"uptimes":1781228972,"times":1781228972,"new_tax_id":1}],"group_list":[{"id":1,"pid":0,"name":"\u6807\u51c61\u9009\u9879\u5361","ratio":"1.000000","sort":1,"add_time":1781435857,"up_time":1781435857},{"id":5,"pid":0,"name":"\u6807\u51c61\u9009\u9879\u5361","ratio":"1.000000","sort":1,"add_time":1781423342,"up_time":1781423342},{"id":2,"pid":0,"name":"\u6807\u51c62\u9009\u9879\u5361","ratio":"1.000000","sort":2,"add_time":1781435857,"up_time":1781435857},{"id":6,"pid":0,"name":"\u6807\u51c62\u9009\u9879\u5361","ratio":"1.000000","sort":2,"add_time":1781423342,"up_time":1781423342},{"id":7,"pid":0,"name":"\u6807\u51c63\u9009\u9879\u5361","ratio":"1.000000","sort":3,"add_time":1781423342,"up_time":1781423342},{"id":8,"pid":0,"name":"\u6807\u51c64\u9009\u9879\u5361","ratio":"1.000000","sort":4,"add_time":1781423342,"up_time":1781423342},{"id":9,"pid":0,"name":"\u6807\u51c65\u9009\u9879\u5361","ratio":"1.000000","sort":5,"add_time":1781423342,"up_time":1781423342},{"id":10,"pid":0,"name":"\u6807\u51c66\u9009\u9879\u5361","ratio":"1.000000","sort":6,"add_time":1781423342,"up_time":1781423342},{"id":11,"pid":0,"name":"\u6807\u51c67\u9009\u9879\u5361","ratio":"1.000000","sort":7,"add_time":1781423342,"up_time":1781423342},{"id":12,"pid":0,"name":"\u6807\u51c68\u9009\u9879\u5361","ratio":"1.000000","sort":8,"add_time":1781423342,"up_time":1781423342},{"id":13,"pid":0,"name":"\u6807\u51c69\u9009\u9879\u5361","ratio":"1.000000","sort":9,"add_time":1781423342,"up_time":1781423342},{"id":14,"pid":0,"name":"\u6807\u51c610\u9009\u9879\u5361","ratio":"1.000000","sort":10,"add_time":1781423342,"up_time":1781423342}]}}

[ 2026-06-15T16:39:22+08:00 ] ::1 /Home/Goods/plate_conts_blankr.html
INFO: [ app_init ] --START--
INFO: Run Behavior\BuildLiteBehavior [ RunTime:0.000007s ]
INFO: [ app_init ] --END-- [ RunTime:0.000080s ]
INFO: [ app_begin ] --START--
INFO: Run Behavior\ReadHtmlCacheBehavior [ RunTime:0.000024s ]
INFO: [ app_begin ] --END-- [ RunTime:0.000036s ]
SQL: SHOW COLUMNS FROM `plate_conts_blank` [ RunTime:0.0143s ]
SQL: SHOW COLUMNS FROM `plate_conts_logs` [ RunTime:0.0047s ]
SQL: SHOW COLUMNS FROM `plate_conts_logsr` [ RunTime:0.0029s ]
SQL: SELECT * FROM `plate_conts_blank` WHERE `id` = 1739 LIMIT 1   [ RunTime:0.0016s ]
SQL: SELECT * FROM `plate_conts_logs` WHERE `blank_id` = 1739 ORDER BY number asc,id asc  [ RunTime:0.0038s ]
SQL: SELECT `key_0` FROM `plate_conts_logs` WHERE `blank_id` = 1739 GROUP BY key_0 LIMIT 1   [ RunTime:0.0007s ]
SQL: SELECT `key_1` FROM `plate_conts_logs` WHERE `blank_id` = 1739 GROUP BY key_1 LIMIT 1   [ RunTime:0.0003s ]
SQL: SELECT `key_2` FROM `plate_conts_logs` WHERE `blank_id` = 1739 GROUP BY key_2 LIMIT 1   [ RunTime:0.0002s ]
SQL: SELECT `key_3` FROM `plate_conts_logs` WHERE `blank_id` = 1739 GROUP BY key_3 LIMIT 1   [ RunTime:0.0003s ]
SQL: SELECT `key_4` FROM `plate_conts_logs` WHERE `blank_id` = 1739 GROUP BY key_4 LIMIT 1   [ RunTime:0.0002s ]
SQL: SELECT `key_5` FROM `plate_conts_logs` WHERE `blank_id` = 1739 GROUP BY key_5 LIMIT 1   [ RunTime:0.0002s ]
SQL: SELECT `key_6` FROM `plate_conts_logs` WHERE `blank_id` = 1739 GROUP BY key_6 LIMIT 1   [ RunTime:0.0002s ]
SQL: SELECT `key_7` FROM `plate_conts_logs` WHERE `blank_id` = 1739 GROUP BY key_7 LIMIT 1   [ RunTime:0.0002s ]
NOTIC: [2] Trying to access array offset on value of type null /Users/gangliu/data/catdesk_workspace/yilan/App/Home/Controller/GoodsController.class.php 第 793 行.
NOTIC: [2] Trying to access array offset on value of type null /Users/gangliu/data/catdesk_workspace/yilan/App/Home/Controller/GoodsController.class.php 第 793 行.
NOTIC: [2] Trying to access array offset on value of type null /Users/gangliu/data/catdesk_workspace/yilan/App/Home/Controller/GoodsController.class.php 第 793 行.
NOTIC: [2] Trying to access array offset on value of type null /Users/gangliu/data/catdesk_workspace/yilan/App/Home/Controller/GoodsController.class.php 第 794 行.
NOTIC: [2] Trying to access array offset on value of type null /Users/gangliu/data/catdesk_workspace/yilan/App/Home/Controller/GoodsController.class.php 第 794 行.
NOTIC: [2] Trying to access array offset on value of type null /Users/gangliu/data/catdesk_workspace/yilan/App/Home/Controller/GoodsController.class.php 第 795 行.
NOTIC: [2] Trying to access array offset on value of type null /Users/gangliu/data/catdesk_workspace/yilan/App/Home/Controller/GoodsController.class.php 第 795 行.
NOTIC: [2] Trying to access array offset on value of type null /Users/gangliu/data/catdesk_workspace/yilan/App/Home/Controller/GoodsController.class.php 第 795 行.
SQL: SHOW COLUMNS FROM `new_tax` [ RunTime:0.0026s ]
SQL: SELECT * FROM `new_tax` WHERE `is_del` = 1  [ RunTime:0.0020s ]
SQL: SHOW COLUMNS FROM `plate_conts_price` [ RunTime:0.0034s ]
SQL: SELECT * FROM `plate_conts_price` WHERE `blank_id` = 1739 AND `is_del` = 1 ORDER BY sort asc, id asc  [ RunTime:0.0016s ]
SQL: SELECT * FROM `plate_conts_blank` WHERE `pid` = 1 AND `status` = 1 ORDER BY cat_index asc  [ RunTime:0.0004s ]
SQL: SHOW COLUMNS FROM `plate_conts_blank_group` [ RunTime:0.0020s ]
SQL: SELECT * FROM `plate_conts_blank_group` WHERE `pid` = 0 ORDER BY sort asc, id asc  [ RunTime:0.0022s ]
ERR: {"status":1,"msg":"\u83b7\u53d6\u6210\u529f","data":{"info":{"id":1739,"pid":1,"group_id":5,"catname":"\u5546\u54c1","cat_index":1,"source":["6a2bd1928b6ed.png"],"sorts":0,"gimage":"6a2bcd01617ca.png","gnames":"\u94dc\u82af\u4ea4\u8054\u805a\u4e59\u70ef\u7edd\u7f18\u805a\u6c2f\u4e59\u70ef\u62a4\u5957\u963b\u71c3\u7535\u7f06\u3010\u4e5d\u6298\u6807\u51c6\u3011","up_a":"0.0","down_a":"0.0","up_b":"0.0","down_b":"0.0","up_c":"0.0","down_c":"0.0","up_d":"0.0","down_d":"0.0","up_e":"0.0","down_e":"0.0","up_f":"0.0","down_f":"0.0","ticket_nor":3,"ticket_person":11,"status":1,"uptimes":1781256594,"times":1781095065,"new_tax_id":1},"key":{"keya":null,"keyb":null,"keyc":null,"keyd":null,"keye":null,"keyf":null,"keyg":null,"keyh":null},"list":[],"tax_list":[{"id":1,"pid":0,"name":"\u7535\u529b\u7535\u7f06\u7a0e\u7387\u53d1\u7968","alias_name":"","normal_tax":"3.00","special_tax":"11.00","status":1,"is_del":1,"add_time":0,"up_time":0},{"id":2,"pid":0,"name":"\u5bb6\u88c5\u7535\u7ebf\u7a0e\u7387","alias_name":"","normal_tax":"3.00","special_tax":"10.00","status":1,"is_del":1,"add_time":0,"up_time":0},{"id":3,"pid":0,"name":"\u521a\u6027\u9632\u706b\u7535\u7f06\u7a0e\u7387","alias_name":"","normal_tax":"3.00","special_tax":"9.00","status":1,"is_del":1,"add_time":0,"up_time":0},{"id":9,"pid":0,"name":"\u6a61\u5957\u7535\u7f06\u7a0e\u7387","alias_name":"","normal_tax":"3.00","special_tax":"11.00","status":1,"is_del":1,"add_time":0,"up_time":0},{"id":10,"pid":0,"name":"\u77ff\u7528\u6a61\u80f6\u7535\u7f06\u7a0e\u7387","alias_name":"","normal_tax":"4.00","special_tax":"12.00","status":1,"is_del":1,"add_time":0,"up_time":0}],"price_list":[],"all_blanks":[{"id":1739,"pid":1,"group_id":5,"catname":"\u5546\u54c1","cat_index":1,"source":"[\"6a2bd1928b6ed.png\"]","sorts":0,"gimage":"6a2bcd01617ca.png","gnames":"\u94dc\u82af\u4ea4\u8054\u805a\u4e59\u70ef\u7edd\u7f18\u805a\u6c2f\u4e59\u70ef\u62a4\u5957\u963b\u71c3\u7535\u7f06\u3010\u4e5d\u6298\u6807\u51c6\u3011","up_a":"0.0","down_a":"0.0","up_b":"0.0","down_b":"0.0","up_c":"0.0","down_c":"0.0","up_d":"0.0","down_d":"0.0","up_e":"0.0","down_e":"0.0","up_f":"0.0","down_f":"0.0","ticket_nor":3,"ticket_person":11,"status":1,"uptimes":1781256594,"times":1781095065,"new_tax_id":1},{"id":1740,"pid":1,"group_id":5,"catname":"\u4e5d\u6298\u6807\u51c6","cat_index":2,"source":"[\"677187340b61b.png\"]","sorts":null,"gimage":"677187340b3d7.png","gnames":"\u94dc\u82af\u4ea4\u8054\u805a\u4e59\u70ef\u7edd\u7f18\u805a\u6c2f\u4e59\u70ef\u62a4\u5957\u963b\u71c3\u7535\u7f06\u3010\u4e5d\u6298\u6807\u51c6\u3011","up_a":"0.0","down_a":"0.0","up_b":"0.0","down_b":"0.0","up_c":"0.0","down_c":"0.0","up_d":"0.0","down_d":"0.0","up_e":"0.0","down_e":"0.0","up_f":"0.0","down_f":"0.0","ticket_nor":3,"ticket_person":11,"status":1,"uptimes":1781228972,"times":1781228972,"new_tax_id":1},{"id":1741,"pid":1,"group_id":5,"catname":"\u516b\u6298\u6807\u51c6","cat_index":3,"source":"[\"677187340b61b.png\"]","sorts":null,"gimage":"677187340b3d7.png","gnames":"\u94dc\u82af\u4ea4\u8054\u805a\u4e59\u70ef\u7edd\u7f18\u805a\u6c2f\u4e59\u70ef\u62a4\u5957\u963b\u71c3\u7535\u7f06\u3010\u4e5d\u6298\u6807\u51c6\u3011","up_a":"0.0","down_a":"0.0","up_b":"0.0","down_b":"0.0","up_c":"0.0","down_c":"0.0","up_d":"0.0","down_d":"0.0","up_e":"0.0","down_e":"0.0","up_f":"0.0","down_f":"0.0","ticket_nor":3,"ticket_person":11,"status":1,"uptimes":1781228972,"times":1781228972,"new_tax_id":1}],"group_list":[{"id":1,"pid":0,"name":"\u6807\u51c61\u9009\u9879\u5361","ratio":"1.000000","sort":1,"add_time":1781435857,"up_time":1781435857},{"id":5,"pid":0,"name":"\u6807\u51c61\u9009\u9879\u5361","ratio":"1.000000","sort":1,"add_time":1781423342,"up_time":1781423342},{"id":2,"pid":0,"name":"\u6807\u51c62\u9009\u9879\u5361","ratio":"1.000000","sort":2,"add_time":1781435857,"up_time":1781435857},{"id":6,"pid":0,"name":"\u6807\u51c62\u9009\u9879\u5361","ratio":"1.000000","sort":2,"add_time":1781423342,"up_time":1781423342},{"id":7,"pid":0,"name":"\u6807\u51c63\u9009\u9879\u5361","ratio":"1.000000","sort":3,"add_time":1781423342,"up_time":1781423342},{"id":8,"pid":0,"name":"\u6807\u51c64\u9009\u9879\u5361","ratio":"1.000000","sort":4,"add_time":1781423342,"up_time":1781423342},{"id":9,"pid":0,"name":"\u6807\u51c65\u9009\u9879\u5361","ratio":"1.000000","sort":5,"add_time":1781423342,"up_time":1781423342},{"id":10,"pid":0,"name":"\u6807\u51c66\u9009\u9879\u5361","ratio":"1.000000","sort":6,"add_time":1781423342,"up_time":1781423342},{"id":11,"pid":0,"name":"\u6807\u51c67\u9009\u9879\u5361","ratio":"1.000000","sort":7,"add_time":1781423342,"up_time":1781423342},{"id":12,"pid":0,"name":"\u6807\u51c68\u9009\u9879\u5361","ratio":"1.000000","sort":8,"add_time":1781423342,"up_time":1781423342},{"id":13,"pid":0,"name":"\u6807\u51c69\u9009\u9879\u5361","ratio":"1.000000","sort":9,"add_time":1781423342,"up_time":1781423342},{"id":14,"pid":0,"name":"\u6807\u51c610\u9009\u9879\u5361","ratio":"1.000000","sort":10,"add_time":1781423342,"up_time":1781423342}]}}

[ 2026-06-15T16:39:31+08:00 ] ::1 /Home/Goods/plate_conts_blankr.html
INFO: [ app_init ] --START--
INFO: Run Behavior\BuildLiteBehavior [ RunTime:0.000009s ]
INFO: [ app_init ] --END-- [ RunTime:0.000104s ]
INFO: [ app_begin ] --START--
INFO: Run Behavior\ReadHtmlCacheBehavior [ RunTime:0.000046s ]
INFO: [ app_begin ] --END-- [ RunTime:0.000079s ]
SQL: SHOW COLUMNS FROM `plate_conts_blank` [ RunTime:0.0070s ]
SQL: SHOW COLUMNS FROM `plate_conts_logs` [ RunTime:0.0033s ]
SQL: SHOW COLUMNS FROM `plate_conts_logsr` [ RunTime:0.0020s ]
SQL: SELECT * FROM `plate_conts_blank` WHERE `id` = 1740 LIMIT 1   [ RunTime:0.0025s ]
SQL: SELECT * FROM `plate_conts_logs` WHERE `blank_id` = 1740 ORDER BY number asc,id asc  [ RunTime:0.0013s ]
SQL: SELECT `key_0` FROM `plate_conts_logs` WHERE `blank_id` = 1740 GROUP BY key_0 LIMIT 1   [ RunTime:0.0008s ]
SQL: SELECT `key_1` FROM `plate_conts_logs` WHERE `blank_id` = 1740 GROUP BY key_1 LIMIT 1   [ RunTime:0.0002s ]
SQL: SELECT `key_2` FROM `plate_conts_logs` WHERE `blank_id` = 1740 GROUP BY key_2 LIMIT 1   [ RunTime:0.0002s ]
SQL: SELECT `key_3` FROM `plate_conts_logs` WHERE `blank_id` = 1740 GROUP BY key_3 LIMIT 1   [ RunTime:0.0002s ]
SQL: SELECT `key_4` FROM `plate_conts_logs` WHERE `blank_id` = 1740 GROUP BY key_4 LIMIT 1   [ RunTime:0.0002s ]
SQL: SELECT `key_5` FROM `plate_conts_logs` WHERE `blank_id` = 1740 GROUP BY key_5 LIMIT 1   [ RunTime:0.0002s ]
SQL: SELECT `key_6` FROM `plate_conts_logs` WHERE `blank_id` = 1740 GROUP BY key_6 LIMIT 1   [ RunTime:0.0002s ]
SQL: SELECT `key_7` FROM `plate_conts_logs` WHERE `blank_id` = 1740 GROUP BY key_7 LIMIT 1   [ RunTime:0.0001s ]
NOTIC: [2] Trying to access array offset on value of type null /Users/gangliu/data/catdesk_workspace/yilan/App/Home/Controller/GoodsController.class.php 第 793 行.
NOTIC: [2] Trying to access array offset on value of type null /Users/gangliu/data/catdesk_workspace/yilan/App/Home/Controller/GoodsController.class.php 第 793 行.
NOTIC: [2] Trying to access array offset on value of type null /Users/gangliu/data/catdesk_workspace/yilan/App/Home/Controller/GoodsController.class.php 第 793 行.
NOTIC: [2] Trying to access array offset on value of type null /Users/gangliu/data/catdesk_workspace/yilan/App/Home/Controller/GoodsController.class.php 第 794 行.
NOTIC: [2] Trying to access array offset on value of type null /Users/gangliu/data/catdesk_workspace/yilan/App/Home/Controller/GoodsController.class.php 第 794 行.
NOTIC: [2] Trying to access array offset on value of type null /Users/gangliu/data/catdesk_workspace/yilan/App/Home/Controller/GoodsController.class.php 第 795 行.
NOTIC: [2] Trying to access array offset on value of type null /Users/gangliu/data/catdesk_workspace/yilan/App/Home/Controller/GoodsController.class.php 第 795 行.
NOTIC: [2] Trying to access array offset on value of type null /Users/gangliu/data/catdesk_workspace/yilan/App/Home/Controller/GoodsController.class.php 第 795 行.
SQL: SHOW COLUMNS FROM `new_tax` [ RunTime:0.0023s ]
SQL: SELECT * FROM `new_tax` WHERE `is_del` = 1  [ RunTime:0.0017s ]
SQL: SHOW COLUMNS FROM `plate_conts_price` [ RunTime:0.0026s ]
SQL: SELECT * FROM `plate_conts_price` WHERE `blank_id` = 1740 AND `is_del` = 1 ORDER BY sort asc, id asc  [ RunTime:0.0018s ]
SQL: SELECT * FROM `plate_conts_blank` WHERE `pid` = 1 AND `status` = 1 ORDER BY cat_index asc  [ RunTime:0.0007s ]
SQL: SHOW COLUMNS FROM `plate_conts_blank_group` [ RunTime:0.0020s ]
SQL: SELECT * FROM `plate_conts_blank_group` WHERE `pid` = 0 ORDER BY sort asc, id asc  [ RunTime:0.0009s ]
ERR: {"status":1,"msg":"\u83b7\u53d6\u6210\u529f","data":{"info":{"id":1740,"pid":1,"group_id":5,"catname":"\u4e5d\u6298\u6807\u51c6","cat_index":2,"source":["677187340b61b.png"],"sorts":null,"gimage":"677187340b3d7.png","gnames":"\u94dc\u82af\u4ea4\u8054\u805a\u4e59\u70ef\u7edd\u7f18\u805a\u6c2f\u4e59\u70ef\u62a4\u5957\u963b\u71c3\u7535\u7f06\u3010\u4e5d\u6298\u6807\u51c6\u3011","up_a":"0.0","down_a":"0.0","up_b":"0.0","down_b":"0.0","up_c":"0.0","down_c":"0.0","up_d":"0.0","down_d":"0.0","up_e":"0.0","down_e":"0.0","up_f":"0.0","down_f":"0.0","ticket_nor":3,"ticket_person":11,"status":1,"uptimes":1781228972,"times":1781228972,"new_tax_id":1},"key":{"keya":null,"keyb":null,"keyc":null,"keyd":null,"keye":null,"keyf":null,"keyg":null,"keyh":null},"list":[],"tax_list":[{"id":1,"pid":0,"name":"\u7535\u529b\u7535\u7f06\u7a0e\u7387\u53d1\u7968","alias_name":"","normal_tax":"3.00","special_tax":"11.00","status":1,"is_del":1,"add_time":0,"up_time":0},{"id":2,"pid":0,"name":"\u5bb6\u88c5\u7535\u7ebf\u7a0e\u7387","alias_name":"","normal_tax":"3.00","special_tax":"10.00","status":1,"is_del":1,"add_time":0,"up_time":0},{"id":3,"pid":0,"name":"\u521a\u6027\u9632\u706b\u7535\u7f06\u7a0e\u7387","alias_name":"","normal_tax":"3.00","special_tax":"9.00","status":1,"is_del":1,"add_time":0,"up_time":0},{"id":9,"pid":0,"name":"\u6a61\u5957\u7535\u7f06\u7a0e\u7387","alias_name":"","normal_tax":"3.00","special_tax":"11.00","status":1,"is_del":1,"add_time":0,"up_time":0},{"id":10,"pid":0,"name":"\u77ff\u7528\u6a61\u80f6\u7535\u7f06\u7a0e\u7387","alias_name":"","normal_tax":"4.00","special_tax":"12.00","status":1,"is_del":1,"add_time":0,"up_time":0}],"price_list":[],"all_blanks":[{"id":1739,"pid":1,"group_id":5,"catname":"\u5546\u54c1","cat_index":1,"source":"[\"6a2bd1928b6ed.png\"]","sorts":0,"gimage":"6a2bcd01617ca.png","gnames":"\u94dc\u82af\u4ea4\u8054\u805a\u4e59\u70ef\u7edd\u7f18\u805a\u6c2f\u4e59\u70ef\u62a4\u5957\u963b\u71c3\u7535\u7f06\u3010\u4e5d\u6298\u6807\u51c6\u3011","up_a":"0.0","down_a":"0.0","up_b":"0.0","down_b":"0.0","up_c":"0.0","down_c":"0.0","up_d":"0.0","down_d":"0.0","up_e":"0.0","down_e":"0.0","up_f":"0.0","down_f":"0.0","ticket_nor":3,"ticket_person":11,"status":1,"uptimes":1781256594,"times":1781095065,"new_tax_id":1},{"id":1740,"pid":1,"group_id":5,"catname":"\u4e5d\u6298\u6807\u51c6","cat_index":2,"source":"[\"677187340b61b.png\"]","sorts":null,"gimage":"677187340b3d7.png","gnames":"\u94dc\u82af\u4ea4\u8054\u805a\u4e59\u70ef\u7edd\u7f18\u805a\u6c2f\u4e59\u70ef\u62a4\u5957\u963b\u71c3\u7535\u7f06\u3010\u4e5d\u6298\u6807\u51c6\u3011","up_a":"0.0","down_a":"0.0","up_b":"0.0","down_b":"0.0","up_c":"0.0","down_c":"0.0","up_d":"0.0","down_d":"0.0","up_e":"0.0","down_e":"0.0","up_f":"0.0","down_f":"0.0","ticket_nor":3,"ticket_person":11,"status":1,"uptimes":1781228972,"times":1781228972,"new_tax_id":1},{"id":1741,"pid":1,"group_id":5,"catname":"\u516b\u6298\u6807\u51c6","cat_index":3,"source":"[\"677187340b61b.png\"]","sorts":null,"gimage":"677187340b3d7.png","gnames":"\u94dc\u82af\u4ea4\u8054\u805a\u4e59\u70ef\u7edd\u7f18\u805a\u6c2f\u4e59\u70ef\u62a4\u5957\u963b\u71c3\u7535\u7f06\u3010\u4e5d\u6298\u6807\u51c6\u3011","up_a":"0.0","down_a":"0.0","up_b":"0.0","down_b":"0.0","up_c":"0.0","down_c":"0.0","up_d":"0.0","down_d":"0.0","up_e":"0.0","down_e":"0.0","up_f":"0.0","down_f":"0.0","ticket_nor":3,"ticket_person":11,"status":1,"uptimes":1781228972,"times":1781228972,"new_tax_id":1}],"group_list":[{"id":1,"pid":0,"name":"\u6807\u51c61\u9009\u9879\u5361","ratio":"1.000000","sort":1,"add_time":1781435857,"up_time":1781435857},{"id":5,"pid":0,"name":"\u6807\u51c61\u9009\u9879\u5361","ratio":"1.000000","sort":1,"add_time":1781423342,"up_time":1781423342},{"id":2,"pid":0,"name":"\u6807\u51c62\u9009\u9879\u5361","ratio":"1.000000","sort":2,"add_time":1781435857,"up_time":1781435857},{"id":6,"pid":0,"name":"\u6807\u51c62\u9009\u9879\u5361","ratio":"1.000000","sort":2,"add_time":1781423342,"up_time":1781423342},{"id":7,"pid":0,"name":"\u6807\u51c63\u9009\u9879\u5361","ratio":"1.000000","sort":3,"add_time":1781423342,"up_time":1781423342},{"id":8,"pid":0,"name":"\u6807\u51c64\u9009\u9879\u5361","ratio":"1.000000","sort":4,"add_time":1781423342,"up_time":1781423342},{"id":9,"pid":0,"name":"\u6807\u51c65\u9009\u9879\u5361","ratio":"1.000000","sort":5,"add_time":1781423342,"up_time":1781423342},{"id":10,"pid":0,"name":"\u6807\u51c66\u9009\u9879\u5361","ratio":"1.000000","sort":6,"add_time":1781423342,"up_time":1781423342},{"id":11,"pid":0,"name":"\u6807\u51c67\u9009\u9879\u5361","ratio":"1.000000","sort":7,"add_time":1781423342,"up_time":1781423342},{"id":12,"pid":0,"name":"\u6807\u51c68\u9009\u9879\u5361","ratio":"1.000000","sort":8,"add_time":1781423342,"up_time":1781423342},{"id":13,"pid":0,"name":"\u6807\u51c69\u9009\u9879\u5361","ratio":"1.000000","sort":9,"add_time":1781423342,"up_time":1781423342},{"id":14,"pid":0,"name":"\u6807\u51c610\u9009\u9879\u5361","ratio":"1.000000","sort":10,"add_time":1781423342,"up_time":1781423342}]}}

[ 2026-06-15T16:39:38+08:00 ] ::1 /Home/Goods/plate_conts_blankr.html
INFO: [ app_init ] --START--
INFO: Run Behavior\BuildLiteBehavior [ RunTime:0.000010s ]
INFO: [ app_init ] --END-- [ RunTime:0.000113s ]
INFO: [ app_begin ] --START--
INFO: Run Behavior\ReadHtmlCacheBehavior [ RunTime:0.000051s ]
INFO: [ app_begin ] --END-- [ RunTime:0.000085s ]
SQL: SHOW COLUMNS FROM `plate_conts_blank` [ RunTime:0.0043s ]
SQL: SHOW COLUMNS FROM `plate_conts_logs` [ RunTime:0.0029s ]
SQL: SHOW COLUMNS FROM `plate_conts_logsr` [ RunTime:0.0028s ]
SQL: SELECT * FROM `plate_conts_blank` WHERE `id` = 1739 LIMIT 1   [ RunTime:0.0015s ]
SQL: SELECT * FROM `plate_conts_logs` WHERE `blank_id` = 1739 ORDER BY number asc,id asc  [ RunTime:0.0015s ]
SQL: SELECT `key_0` FROM `plate_conts_logs` WHERE `blank_id` = 1739 GROUP BY key_0 LIMIT 1   [ RunTime:0.0003s ]
SQL: SELECT `key_1` FROM `plate_conts_logs` WHERE `blank_id` = 1739 GROUP BY key_1 LIMIT 1   [ RunTime:0.0002s ]
SQL: SELECT `key_2` FROM `plate_conts_logs` WHERE `blank_id` = 1739 GROUP BY key_2 LIMIT 1   [ RunTime:0.0006s ]
SQL: SELECT `key_3` FROM `plate_conts_logs` WHERE `blank_id` = 1739 GROUP BY key_3 LIMIT 1   [ RunTime:0.0005s ]
SQL: SELECT `key_4` FROM `plate_conts_logs` WHERE `blank_id` = 1739 GROUP BY key_4 LIMIT 1   [ RunTime:0.0005s ]
SQL: SELECT `key_5` FROM `plate_conts_logs` WHERE `blank_id` = 1739 GROUP BY key_5 LIMIT 1   [ RunTime:0.0005s ]
SQL: SELECT `key_6` FROM `plate_conts_logs` WHERE `blank_id` = 1739 GROUP BY key_6 LIMIT 1   [ RunTime:0.0005s ]
SQL: SELECT `key_7` FROM `plate_conts_logs` WHERE `blank_id` = 1739 GROUP BY key_7 LIMIT 1   [ RunTime:0.0006s ]
NOTIC: [2] Trying to access array offset on value of type null /Users/gangliu/data/catdesk_workspace/yilan/App/Home/Controller/GoodsController.class.php 第 793 行.
NOTIC: [2] Trying to access array offset on value of type null /Users/gangliu/data/catdesk_workspace/yilan/App/Home/Controller/GoodsController.class.php 第 793 行.
NOTIC: [2] Trying to access array offset on value of type null /Users/gangliu/data/catdesk_workspace/yilan/App/Home/Controller/GoodsController.class.php 第 793 行.
NOTIC: [2] Trying to access array offset on value of type null /Users/gangliu/data/catdesk_workspace/yilan/App/Home/Controller/GoodsController.class.php 第 794 行.
NOTIC: [2] Trying to access array offset on value of type null /Users/gangliu/data/catdesk_workspace/yilan/App/Home/Controller/GoodsController.class.php 第 794 行.
NOTIC: [2] Trying to access array offset on value of type null /Users/gangliu/data/catdesk_workspace/yilan/App/Home/Controller/GoodsController.class.php 第 795 行.
NOTIC: [2] Trying to access array offset on value of type null /Users/gangliu/data/catdesk_workspace/yilan/App/Home/Controller/GoodsController.class.php 第 795 行.
NOTIC: [2] Trying to access array offset on value of type null /Users/gangliu/data/catdesk_workspace/yilan/App/Home/Controller/GoodsController.class.php 第 795 行.
SQL: SHOW COLUMNS FROM `new_tax` [ RunTime:0.0042s ]
SQL: SELECT * FROM `new_tax` WHERE `is_del` = 1  [ RunTime:0.0009s ]
SQL: SHOW COLUMNS FROM `plate_conts_price` [ RunTime:0.0029s ]
SQL: SELECT * FROM `plate_conts_price` WHERE `blank_id` = 1739 AND `is_del` = 1 ORDER BY sort asc, id asc  [ RunTime:0.0011s ]
SQL: SELECT * FROM `plate_conts_blank` WHERE `pid` = 1 AND `status` = 1 ORDER BY cat_index asc  [ RunTime:0.0006s ]
SQL: SHOW COLUMNS FROM `plate_conts_blank_group` [ RunTime:0.0020s ]
SQL: SELECT * FROM `plate_conts_blank_group` WHERE `pid` = 0 ORDER BY sort asc, id asc  [ RunTime:0.0011s ]
ERR: {"status":1,"msg":"\u83b7\u53d6\u6210\u529f","data":{"info":{"id":1739,"pid":1,"group_id":5,"catname":"\u5546\u54c1","cat_index":1,"source":["6a2bd1928b6ed.png"],"sorts":0,"gimage":"6a2bcd01617ca.png","gnames":"\u94dc\u82af\u4ea4\u8054\u805a\u4e59\u70ef\u7edd\u7f18\u805a\u6c2f\u4e59\u70ef\u62a4\u5957\u963b\u71c3\u7535\u7f06\u3010\u4e5d\u6298\u6807\u51c6\u3011","up_a":"0.0","down_a":"0.0","up_b":"0.0","down_b":"0.0","up_c":"0.0","down_c":"0.0","up_d":"0.0","down_d":"0.0","up_e":"0.0","down_e":"0.0","up_f":"0.0","down_f":"0.0","ticket_nor":3,"ticket_person":11,"status":1,"uptimes":1781256594,"times":1781095065,"new_tax_id":1},"key":{"keya":null,"keyb":null,"keyc":null,"keyd":null,"keye":null,"keyf":null,"keyg":null,"keyh":null},"list":[],"tax_list":[{"id":1,"pid":0,"name":"\u7535\u529b\u7535\u7f06\u7a0e\u7387\u53d1\u7968","alias_name":"","normal_tax":"3.00","special_tax":"11.00","status":1,"is_del":1,"add_time":0,"up_time":0},{"id":2,"pid":0,"name":"\u5bb6\u88c5\u7535\u7ebf\u7a0e\u7387","alias_name":"","normal_tax":"3.00","special_tax":"10.00","status":1,"is_del":1,"add_time":0,"up_time":0},{"id":3,"pid":0,"name":"\u521a\u6027\u9632\u706b\u7535\u7f06\u7a0e\u7387","alias_name":"","normal_tax":"3.00","special_tax":"9.00","status":1,"is_del":1,"add_time":0,"up_time":0},{"id":9,"pid":0,"name":"\u6a61\u5957\u7535\u7f06\u7a0e\u7387","alias_name":"","normal_tax":"3.00","special_tax":"11.00","status":1,"is_del":1,"add_time":0,"up_time":0},{"id":10,"pid":0,"name":"\u77ff\u7528\u6a61\u80f6\u7535\u7f06\u7a0e\u7387","alias_name":"","normal_tax":"4.00","special_tax":"12.00","status":1,"is_del":1,"add_time":0,"up_time":0}],"price_list":[],"all_blanks":[{"id":1739,"pid":1,"group_id":5,"catname":"\u5546\u54c1","cat_index":1,"source":"[\"6a2bd1928b6ed.png\"]","sorts":0,"gimage":"6a2bcd01617ca.png","gnames":"\u94dc\u82af\u4ea4\u8054\u805a\u4e59\u70ef\u7edd\u7f18\u805a\u6c2f\u4e59\u70ef\u62a4\u5957\u963b\u71c3\u7535\u7f06\u3010\u4e5d\u6298\u6807\u51c6\u3011","up_a":"0.0","down_a":"0.0","up_b":"0.0","down_b":"0.0","up_c":"0.0","down_c":"0.0","up_d":"0.0","down_d":"0.0","up_e":"0.0","down_e":"0.0","up_f":"0.0","down_f":"0.0","ticket_nor":3,"ticket_person":11,"status":1,"uptimes":1781256594,"times":1781095065,"new_tax_id":1},{"id":1740,"pid":1,"group_id":5,"catname":"\u4e5d\u6298\u6807\u51c6","cat_index":2,"source":"[\"677187340b61b.png\"]","sorts":null,"gimage":"677187340b3d7.png","gnames":"\u94dc\u82af\u4ea4\u8054\u805a\u4e59\u70ef\u7edd\u7f18\u805a\u6c2f\u4e59\u70ef\u62a4\u5957\u963b\u71c3\u7535\u7f06\u3010\u4e5d\u6298\u6807\u51c6\u3011","up_a":"0.0","down_a":"0.0","up_b":"0.0","down_b":"0.0","up_c":"0.0","down_c":"0.0","up_d":"0.0","down_d":"0.0","up_e":"0.0","down_e":"0.0","up_f":"0.0","down_f":"0.0","ticket_nor":3,"ticket_person":11,"status":1,"uptimes":1781228972,"times":1781228972,"new_tax_id":1},{"id":1741,"pid":1,"group_id":5,"catname":"\u516b\u6298\u6807\u51c6","cat_index":3,"source":"[\"677187340b61b.png\"]","sorts":null,"gimage":"677187340b3d7.png","gnames":"\u94dc\u82af\u4ea4\u8054\u805a\u4e59\u70ef\u7edd\u7f18\u805a\u6c2f\u4e59\u70ef\u62a4\u5957\u963b\u71c3\u7535\u7f06\u3010\u4e5d\u6298\u6807\u51c6\u3011","up_a":"0.0","down_a":"0.0","up_b":"0.0","down_b":"0.0","up_c":"0.0","down_c":"0.0","up_d":"0.0","down_d":"0.0","up_e":"0.0","down_e":"0.0","up_f":"0.0","down_f":"0.0","ticket_nor":3,"ticket_person":11,"status":1,"uptimes":1781228972,"times":1781228972,"new_tax_id":1}],"group_list":[{"id":1,"pid":0,"name":"\u6807\u51c61\u9009\u9879\u5361","ratio":"1.000000","sort":1,"add_time":1781435857,"up_time":1781435857},{"id":5,"pid":0,"name":"\u6807\u51c61\u9009\u9879\u5361","ratio":"1.000000","sort":1,"add_time":1781423342,"up_time":1781423342},{"id":2,"pid":0,"name":"\u6807\u51c62\u9009\u9879\u5361","ratio":"1.000000","sort":2,"add_time":1781435857,"up_time":1781435857},{"id":6,"pid":0,"name":"\u6807\u51c62\u9009\u9879\u5361","ratio":"1.000000","sort":2,"add_time":1781423342,"up_time":1781423342},{"id":7,"pid":0,"name":"\u6807\u51c63\u9009\u9879\u5361","ratio":"1.000000","sort":3,"add_time":1781423342,"up_time":1781423342},{"id":8,"pid":0,"name":"\u6807\u51c64\u9009\u9879\u5361","ratio":"1.000000","sort":4,"add_time":1781423342,"up_time":1781423342},{"id":9,"pid":0,"name":"\u6807\u51c65\u9009\u9879\u5361","ratio":"1.000000","sort":5,"add_time":1781423342,"up_time":1781423342},{"id":10,"pid":0,"name":"\u6807\u51c66\u9009\u9879\u5361","ratio":"1.000000","sort":6,"add_time":1781423342,"up_time":1781423342},{"id":11,"pid":0,"name":"\u6807\u51c67\u9009\u9879\u5361","ratio":"1.000000","sort":7,"add_time":1781423342,"up_time":1781423342},{"id":12,"pid":0,"name":"\u6807\u51c68\u9009\u9879\u5361","ratio":"1.000000","sort":8,"add_time":1781423342,"up_time":1781423342},{"id":13,"pid":0,"name":"\u6807\u51c69\u9009\u9879\u5361","ratio":"1.000000","sort":9,"add_time":1781423342,"up_time":1781423342},{"id":14,"pid":0,"name":"\u6807\u51c610\u9009\u9879\u5361","ratio":"1.000000","sort":10,"add_time":1781423342,"up_time":1781423342}]}}

[ 2026-06-15T16:39:42+08:00 ] ::1 /Home/Goods/plate_conts_blankr.html
INFO: [ app_init ] --START--
INFO: Run Behavior\BuildLiteBehavior [ RunTime:0.000009s ]
INFO: [ app_init ] --END-- [ RunTime:0.000086s ]
INFO: [ app_begin ] --START--
INFO: Run Behavior\ReadHtmlCacheBehavior [ RunTime:0.000045s ]
INFO: [ app_begin ] --END-- [ RunTime:0.000071s ]
SQL: SHOW COLUMNS FROM `plate_conts_blank` [ RunTime:0.0072s ]
SQL: SHOW COLUMNS FROM `plate_conts_logs` [ RunTime:0.0031s ]
SQL: SHOW COLUMNS FROM `plate_conts_logsr` [ RunTime:0.0021s ]
SQL: SELECT * FROM `plate_conts_blank` WHERE `id` = 1740 LIMIT 1   [ RunTime:0.0015s ]
SQL: SELECT * FROM `plate_conts_logs` WHERE `blank_id` = 1740 ORDER BY number asc,id asc  [ RunTime:0.0017s ]
SQL: SELECT `key_0` FROM `plate_conts_logs` WHERE `blank_id` = 1740 GROUP BY key_0 LIMIT 1   [ RunTime:0.0009s ]
SQL: SELECT `key_1` FROM `plate_conts_logs` WHERE `blank_id` = 1740 GROUP BY key_1 LIMIT 1   [ RunTime:0.0026s ]
SQL: SELECT `key_2` FROM `plate_conts_logs` WHERE `blank_id` = 1740 GROUP BY key_2 LIMIT 1   [ RunTime:0.0008s ]
SQL: SELECT `key_3` FROM `plate_conts_logs` WHERE `blank_id` = 1740 GROUP BY key_3 LIMIT 1   [ RunTime:0.0005s ]
SQL: SELECT `key_4` FROM `plate_conts_logs` WHERE `blank_id` = 1740 GROUP BY key_4 LIMIT 1   [ RunTime:0.0007s ]
SQL: SELECT `key_5` FROM `plate_conts_logs` WHERE `blank_id` = 1740 GROUP BY key_5 LIMIT 1   [ RunTime:0.0005s ]
SQL: SELECT `key_6` FROM `plate_conts_logs` WHERE `blank_id` = 1740 GROUP BY key_6 LIMIT 1   [ RunTime:0.0006s ]
SQL: SELECT `key_7` FROM `plate_conts_logs` WHERE `blank_id` = 1740 GROUP BY key_7 LIMIT 1   [ RunTime:0.0005s ]
NOTIC: [2] Trying to access array offset on value of type null /Users/gangliu/data/catdesk_workspace/yilan/App/Home/Controller/GoodsController.class.php 第 793 行.
NOTIC: [2] Trying to access array offset on value of type null /Users/gangliu/data/catdesk_workspace/yilan/App/Home/Controller/GoodsController.class.php 第 793 行.
NOTIC: [2] Trying to access array offset on value of type null /Users/gangliu/data/catdesk_workspace/yilan/App/Home/Controller/GoodsController.class.php 第 793 行.
NOTIC: [2] Trying to access array offset on value of type null /Users/gangliu/data/catdesk_workspace/yilan/App/Home/Controller/GoodsController.class.php 第 794 行.
NOTIC: [2] Trying to access array offset on value of type null /Users/gangliu/data/catdesk_workspace/yilan/App/Home/Controller/GoodsController.class.php 第 794 行.
NOTIC: [2] Trying to access array offset on value of type null /Users/gangliu/data/catdesk_workspace/yilan/App/Home/Controller/GoodsController.class.php 第 795 行.
NOTIC: [2] Trying to access array offset on value of type null /Users/gangliu/data/catdesk_workspace/yilan/App/Home/Controller/GoodsController.class.php 第 795 行.
NOTIC: [2] Trying to access array offset on value of type null /Users/gangliu/data/catdesk_workspace/yilan/App/Home/Controller/GoodsController.class.php 第 795 行.
SQL: SHOW COLUMNS FROM `new_tax` [ RunTime:0.0045s ]
SQL: SELECT * FROM `new_tax` WHERE `is_del` = 1  [ RunTime:0.0006s ]
SQL: SHOW COLUMNS FROM `plate_conts_price` [ RunTime:0.0020s ]
SQL: SELECT * FROM `plate_conts_price` WHERE `blank_id` = 1740 AND `is_del` = 1 ORDER BY sort asc, id asc  [ RunTime:0.0016s ]
SQL: SELECT * FROM `plate_conts_blank` WHERE `pid` = 1 AND `status` = 1 ORDER BY cat_index asc  [ RunTime:0.0008s ]
SQL: SHOW COLUMNS FROM `plate_conts_blank_group` [ RunTime:0.0025s ]
SQL: SELECT * FROM `plate_conts_blank_group` WHERE `pid` = 0 ORDER BY sort asc, id asc  [ RunTime:0.0017s ]
ERR: {"status":1,"msg":"\u83b7\u53d6\u6210\u529f","data":{"info":{"id":1740,"pid":1,"group_id":5,"catname":"\u4e5d\u6298\u6807\u51c6","cat_index":2,"source":["677187340b61b.png"],"sorts":null,"gimage":"677187340b3d7.png","gnames":"\u94dc\u82af\u4ea4\u8054\u805a\u4e59\u70ef\u7edd\u7f18\u805a\u6c2f\u4e59\u70ef\u62a4\u5957\u963b\u71c3\u7535\u7f06\u3010\u4e5d\u6298\u6807\u51c6\u3011","up_a":"0.0","down_a":"0.0","up_b":"0.0","down_b":"0.0","up_c":"0.0","down_c":"0.0","up_d":"0.0","down_d":"0.0","up_e":"0.0","down_e":"0.0","up_f":"0.0","down_f":"0.0","ticket_nor":3,"ticket_person":11,"status":1,"uptimes":1781228972,"times":1781228972,"new_tax_id":1},"key":{"keya":null,"keyb":null,"keyc":null,"keyd":null,"keye":null,"keyf":null,"keyg":null,"keyh":null},"list":[],"tax_list":[{"id":1,"pid":0,"name":"\u7535\u529b\u7535\u7f06\u7a0e\u7387\u53d1\u7968","alias_name":"","normal_tax":"3.00","special_tax":"11.00","status":1,"is_del":1,"add_time":0,"up_time":0},{"id":2,"pid":0,"name":"\u5bb6\u88c5\u7535\u7ebf\u7a0e\u7387","alias_name":"","normal_tax":"3.00","special_tax":"10.00","status":1,"is_del":1,"add_time":0,"up_time":0},{"id":3,"pid":0,"name":"\u521a\u6027\u9632\u706b\u7535\u7f06\u7a0e\u7387","alias_name":"","normal_tax":"3.00","special_tax":"9.00","status":1,"is_del":1,"add_time":0,"up_time":0},{"id":9,"pid":0,"name":"\u6a61\u5957\u7535\u7f06\u7a0e\u7387","alias_name":"","normal_tax":"3.00","special_tax":"11.00","status":1,"is_del":1,"add_time":0,"up_time":0},{"id":10,"pid":0,"name":"\u77ff\u7528\u6a61\u80f6\u7535\u7f06\u7a0e\u7387","alias_name":"","normal_tax":"4.00","special_tax":"12.00","status":1,"is_del":1,"add_time":0,"up_time":0}],"price_list":[],"all_blanks":[{"id":1739,"pid":1,"group_id":5,"catname":"\u5546\u54c1","cat_index":1,"source":"[\"6a2bd1928b6ed.png\"]","sorts":0,"gimage":"6a2bcd01617ca.png","gnames":"\u94dc\u82af\u4ea4\u8054\u805a\u4e59\u70ef\u7edd\u7f18\u805a\u6c2f\u4e59\u70ef\u62a4\u5957\u963b\u71c3\u7535\u7f06\u3010\u4e5d\u6298\u6807\u51c6\u3011","up_a":"0.0","down_a":"0.0","up_b":"0.0","down_b":"0.0","up_c":"0.0","down_c":"0.0","up_d":"0.0","down_d":"0.0","up_e":"0.0","down_e":"0.0","up_f":"0.0","down_f":"0.0","ticket_nor":3,"ticket_person":11,"status":1,"uptimes":1781256594,"times":1781095065,"new_tax_id":1},{"id":1740,"pid":1,"group_id":5,"catname":"\u4e5d\u6298\u6807\u51c6","cat_index":2,"source":"[\"677187340b61b.png\"]","sorts":null,"gimage":"677187340b3d7.png","gnames":"\u94dc\u82af\u4ea4\u8054\u805a\u4e59\u70ef\u7edd\u7f18\u805a\u6c2f\u4e59\u70ef\u62a4\u5957\u963b\u71c3\u7535\u7f06\u3010\u4e5d\u6298\u6807\u51c6\u3011","up_a":"0.0","down_a":"0.0","up_b":"0.0","down_b":"0.0","up_c":"0.0","down_c":"0.0","up_d":"0.0","down_d":"0.0","up_e":"0.0","down_e":"0.0","up_f":"0.0","down_f":"0.0","ticket_nor":3,"ticket_person":11,"status":1,"uptimes":1781228972,"times":1781228972,"new_tax_id":1},{"id":1741,"pid":1,"group_id":5,"catname":"\u516b\u6298\u6807\u51c6","cat_index":3,"source":"[\"677187340b61b.png\"]","sorts":null,"gimage":"677187340b3d7.png","gnames":"\u94dc\u82af\u4ea4\u8054\u805a\u4e59\u70ef\u7edd\u7f18\u805a\u6c2f\u4e59\u70ef\u62a4\u5957\u963b\u71c3\u7535\u7f06\u3010\u4e5d\u6298\u6807\u51c6\u3011","up_a":"0.0","down_a":"0.0","up_b":"0.0","down_b":"0.0","up_c":"0.0","down_c":"0.0","up_d":"0.0","down_d":"0.0","up_e":"0.0","down_e":"0.0","up_f":"0.0","down_f":"0.0","ticket_nor":3,"ticket_person":11,"status":1,"uptimes":1781228972,"times":1781228972,"new_tax_id":1}],"group_list":[{"id":1,"pid":0,"name":"\u6807\u51c61\u9009\u9879\u5361","ratio":"1.000000","sort":1,"add_time":1781435857,"up_time":1781435857},{"id":5,"pid":0,"name":"\u6807\u51c61\u9009\u9879\u5361","ratio":"1.000000","sort":1,"add_time":1781423342,"up_time":1781423342},{"id":2,"pid":0,"name":"\u6807\u51c62\u9009\u9879\u5361","ratio":"1.000000","sort":2,"add_time":1781435857,"up_time":1781435857},{"id":6,"pid":0,"name":"\u6807\u51c62\u9009\u9879\u5361","ratio":"1.000000","sort":2,"add_time":1781423342,"up_time":1781423342},{"id":7,"pid":0,"name":"\u6807\u51c63\u9009\u9879\u5361","ratio":"1.000000","sort":3,"add_time":1781423342,"up_time":1781423342},{"id":8,"pid":0,"name":"\u6807\u51c64\u9009\u9879\u5361","ratio":"1.000000","sort":4,"add_time":1781423342,"up_time":1781423342},{"id":9,"pid":0,"name":"\u6807\u51c65\u9009\u9879\u5361","ratio":"1.000000","sort":5,"add_time":1781423342,"up_time":1781423342},{"id":10,"pid":0,"name":"\u6807\u51c66\u9009\u9879\u5361","ratio":"1.000000","sort":6,"add_time":1781423342,"up_time":1781423342},{"id":11,"pid":0,"name":"\u6807\u51c67\u9009\u9879\u5361","ratio":"1.000000","sort":7,"add_time":1781423342,"up_time":1781423342},{"id":12,"pid":0,"name":"\u6807\u51c68\u9009\u9879\u5361","ratio":"1.000000","sort":8,"add_time":1781423342,"up_time":1781423342},{"id":13,"pid":0,"name":"\u6807\u51c69\u9009\u9879\u5361","ratio":"1.000000","sort":9,"add_time":1781423342,"up_time":1781423342},{"id":14,"pid":0,"name":"\u6807\u51c610\u9009\u9879\u5361","ratio":"1.000000","sort":10,"add_time":1781423342,"up_time":1781423342}]}}

[ 2026-06-15T16:39:46+08:00 ] ::1 /Home/Goods/plate_conts_blankr.html
INFO: [ app_init ] --START--
INFO: Run Behavior\BuildLiteBehavior [ RunTime:0.000008s ]
INFO: [ app_init ] --END-- [ RunTime:0.000066s ]
INFO: [ app_begin ] --START--
INFO: Run Behavior\ReadHtmlCacheBehavior [ RunTime:0.000044s ]
INFO: [ app_begin ] --END-- [ RunTime:0.000081s ]
SQL: SHOW COLUMNS FROM `plate_conts_blank` [ RunTime:0.0022s ]
SQL: SHOW COLUMNS FROM `plate_conts_logs` [ RunTime:0.0029s ]
SQL: SHOW COLUMNS FROM `plate_conts_logsr` [ RunTime:0.0027s ]
SQL: SELECT * FROM `plate_conts_blank` WHERE `id` = 1741 LIMIT 1   [ RunTime:0.0018s ]
SQL: SELECT * FROM `plate_conts_logs` WHERE `blank_id` = 1741 ORDER BY number asc,id asc  [ RunTime:0.0023s ]
SQL: SELECT `key_0` FROM `plate_conts_logs` WHERE `blank_id` = 1741 GROUP BY key_0 LIMIT 1   [ RunTime:0.0009s ]
SQL: SELECT `key_1` FROM `plate_conts_logs` WHERE `blank_id` = 1741 GROUP BY key_1 LIMIT 1   [ RunTime:0.0005s ]
SQL: SELECT `key_2` FROM `plate_conts_logs` WHERE `blank_id` = 1741 GROUP BY key_2 LIMIT 1   [ RunTime:0.0004s ]
SQL: SELECT `key_3` FROM `plate_conts_logs` WHERE `blank_id` = 1741 GROUP BY key_3 LIMIT 1   [ RunTime:0.0005s ]
SQL: SELECT `key_4` FROM `plate_conts_logs` WHERE `blank_id` = 1741 GROUP BY key_4 LIMIT 1   [ RunTime:0.0004s ]
SQL: SELECT `key_5` FROM `plate_conts_logs` WHERE `blank_id` = 1741 GROUP BY key_5 LIMIT 1   [ RunTime:0.0004s ]
SQL: SELECT `key_6` FROM `plate_conts_logs` WHERE `blank_id` = 1741 GROUP BY key_6 LIMIT 1   [ RunTime:0.0007s ]
SQL: SELECT `key_7` FROM `plate_conts_logs` WHERE `blank_id` = 1741 GROUP BY key_7 LIMIT 1   [ RunTime:0.0006s ]
NOTIC: [2] Trying to access array offset on value of type null /Users/gangliu/data/catdesk_workspace/yilan/App/Home/Controller/GoodsController.class.php 第 793 行.
NOTIC: [2] Trying to access array offset on value of type null /Users/gangliu/data/catdesk_workspace/yilan/App/Home/Controller/GoodsController.class.php 第 793 行.
NOTIC: [2] Trying to access array offset on value of type null /Users/gangliu/data/catdesk_workspace/yilan/App/Home/Controller/GoodsController.class.php 第 793 行.
NOTIC: [2] Trying to access array offset on value of type null /Users/gangliu/data/catdesk_workspace/yilan/App/Home/Controller/GoodsController.class.php 第 794 行.
NOTIC: [2] Trying to access array offset on value of type null /Users/gangliu/data/catdesk_workspace/yilan/App/Home/Controller/GoodsController.class.php 第 794 行.
NOTIC: [2] Trying to access array offset on value of type null /Users/gangliu/data/catdesk_workspace/yilan/App/Home/Controller/GoodsController.class.php 第 795 行.
NOTIC: [2] Trying to access array offset on value of type null /Users/gangliu/data/catdesk_workspace/yilan/App/Home/Controller/GoodsController.class.php 第 795 行.
NOTIC: [2] Trying to access array offset on value of type null /Users/gangliu/data/catdesk_workspace/yilan/App/Home/Controller/GoodsController.class.php 第 795 行.
SQL: SHOW COLUMNS FROM `new_tax` [ RunTime:0.0027s ]
SQL: SELECT * FROM `new_tax` WHERE `is_del` = 1  [ RunTime:0.0018s ]
SQL: SHOW COLUMNS FROM `plate_conts_price` [ RunTime:0.0019s ]
SQL: SELECT * FROM `plate_conts_price` WHERE `blank_id` = 1741 AND `is_del` = 1 ORDER BY sort asc, id asc  [ RunTime:0.0011s ]
SQL: SELECT * FROM `plate_conts_blank` WHERE `pid` = 1 AND `status` = 1 ORDER BY cat_index asc  [ RunTime:0.0006s ]
SQL: SHOW COLUMNS FROM `plate_conts_blank_group` [ RunTime:0.0024s ]
SQL: SELECT * FROM `plate_conts_blank_group` WHERE `pid` = 0 ORDER BY sort asc, id asc  [ RunTime:0.0022s ]
ERR: {"status":1,"msg":"\u83b7\u53d6\u6210\u529f","data":{"info":{"id":1741,"pid":1,"group_id":5,"catname":"\u516b\u6298\u6807\u51c6","cat_index":3,"source":["677187340b61b.png"],"sorts":null,"gimage":"677187340b3d7.png","gnames":"\u94dc\u82af\u4ea4\u8054\u805a\u4e59\u70ef\u7edd\u7f18\u805a\u6c2f\u4e59\u70ef\u62a4\u5957\u963b\u71c3\u7535\u7f06\u3010\u4e5d\u6298\u6807\u51c6\u3011","up_a":"0.0","down_a":"0.0","up_b":"0.0","down_b":"0.0","up_c":"0.0","down_c":"0.0","up_d":"0.0","down_d":"0.0","up_e":"0.0","down_e":"0.0","up_f":"0.0","down_f":"0.0","ticket_nor":3,"ticket_person":11,"status":1,"uptimes":1781228972,"times":1781228972,"new_tax_id":1},"key":{"keya":null,"keyb":null,"keyc":null,"keyd":null,"keye":null,"keyf":null,"keyg":null,"keyh":null},"list":[],"tax_list":[{"id":1,"pid":0,"name":"\u7535\u529b\u7535\u7f06\u7a0e\u7387\u53d1\u7968","alias_name":"","normal_tax":"3.00","special_tax":"11.00","status":1,"is_del":1,"add_time":0,"up_time":0},{"id":2,"pid":0,"name":"\u5bb6\u88c5\u7535\u7ebf\u7a0e\u7387","alias_name":"","normal_tax":"3.00","special_tax":"10.00","status":1,"is_del":1,"add_time":0,"up_time":0},{"id":3,"pid":0,"name":"\u521a\u6027\u9632\u706b\u7535\u7f06\u7a0e\u7387","alias_name":"","normal_tax":"3.00","special_tax":"9.00","status":1,"is_del":1,"add_time":0,"up_time":0},{"id":9,"pid":0,"name":"\u6a61\u5957\u7535\u7f06\u7a0e\u7387","alias_name":"","normal_tax":"3.00","special_tax":"11.00","status":1,"is_del":1,"add_time":0,"up_time":0},{"id":10,"pid":0,"name":"\u77ff\u7528\u6a61\u80f6\u7535\u7f06\u7a0e\u7387","alias_name":"","normal_tax":"4.00","special_tax":"12.00","status":1,"is_del":1,"add_time":0,"up_time":0}],"price_list":[],"all_blanks":[{"id":1739,"pid":1,"group_id":5,"catname":"\u5546\u54c1","cat_index":1,"source":"[\"6a2bd1928b6ed.png\"]","sorts":0,"gimage":"6a2bcd01617ca.png","gnames":"\u94dc\u82af\u4ea4\u8054\u805a\u4e59\u70ef\u7edd\u7f18\u805a\u6c2f\u4e59\u70ef\u62a4\u5957\u963b\u71c3\u7535\u7f06\u3010\u4e5d\u6298\u6807\u51c6\u3011","up_a":"0.0","down_a":"0.0","up_b":"0.0","down_b":"0.0","up_c":"0.0","down_c":"0.0","up_d":"0.0","down_d":"0.0","up_e":"0.0","down_e":"0.0","up_f":"0.0","down_f":"0.0","ticket_nor":3,"ticket_person":11,"status":1,"uptimes":1781256594,"times":1781095065,"new_tax_id":1},{"id":1740,"pid":1,"group_id":5,"catname":"\u4e5d\u6298\u6807\u51c6","cat_index":2,"source":"[\"677187340b61b.png\"]","sorts":null,"gimage":"677187340b3d7.png","gnames":"\u94dc\u82af\u4ea4\u8054\u805a\u4e59\u70ef\u7edd\u7f18\u805a\u6c2f\u4e59\u70ef\u62a4\u5957\u963b\u71c3\u7535\u7f06\u3010\u4e5d\u6298\u6807\u51c6\u3011","up_a":"0.0","down_a":"0.0","up_b":"0.0","down_b":"0.0","up_c":"0.0","down_c":"0.0","up_d":"0.0","down_d":"0.0","up_e":"0.0","down_e":"0.0","up_f":"0.0","down_f":"0.0","ticket_nor":3,"ticket_person":11,"status":1,"uptimes":1781228972,"times":1781228972,"new_tax_id":1},{"id":1741,"pid":1,"group_id":5,"catname":"\u516b\u6298\u6807\u51c6","cat_index":3,"source":"[\"677187340b61b.png\"]","sorts":null,"gimage":"677187340b3d7.png","gnames":"\u94dc\u82af\u4ea4\u8054\u805a\u4e59\u70ef\u7edd\u7f18\u805a\u6c2f\u4e59\u70ef\u62a4\u5957\u963b\u71c3\u7535\u7f06\u3010\u4e5d\u6298\u6807\u51c6\u3011","up_a":"0.0","down_a":"0.0","up_b":"0.0","down_b":"0.0","up_c":"0.0","down_c":"0.0","up_d":"0.0","down_d":"0.0","up_e":"0.0","down_e":"0.0","up_f":"0.0","down_f":"0.0","ticket_nor":3,"ticket_person":11,"status":1,"uptimes":1781228972,"times":1781228972,"new_tax_id":1}],"group_list":[{"id":1,"pid":0,"name":"\u6807\u51c61\u9009\u9879\u5361","ratio":"1.000000","sort":1,"add_time":1781435857,"up_time":1781435857},{"id":5,"pid":0,"name":"\u6807\u51c61\u9009\u9879\u5361","ratio":"1.000000","sort":1,"add_time":1781423342,"up_time":1781423342},{"id":2,"pid":0,"name":"\u6807\u51c62\u9009\u9879\u5361","ratio":"1.000000","sort":2,"add_time":1781435857,"up_time":1781435857},{"id":6,"pid":0,"name":"\u6807\u51c62\u9009\u9879\u5361","ratio":"1.000000","sort":2,"add_time":1781423342,"up_time":1781423342},{"id":7,"pid":0,"name":"\u6807\u51c63\u9009\u9879\u5361","ratio":"1.000000","sort":3,"add_time":1781423342,"up_time":1781423342},{"id":8,"pid":0,"name":"\u6807\u51c64\u9009\u9879\u5361","ratio":"1.000000","sort":4,"add_time":1781423342,"up_time":1781423342},{"id":9,"pid":0,"name":"\u6807\u51c65\u9009\u9879\u5361","ratio":"1.000000","sort":5,"add_time":1781423342,"up_time":1781423342},{"id":10,"pid":0,"name":"\u6807\u51c66\u9009\u9879\u5361","ratio":"1.000000","sort":6,"add_time":1781423342,"up_time":1781423342},{"id":11,"pid":0,"name":"\u6807\u51c67\u9009\u9879\u5361","ratio":"1.000000","sort":7,"add_time":1781423342,"up_time":1781423342},{"id":12,"pid":0,"name":"\u6807\u51c68\u9009\u9879\u5361","ratio":"1.000000","sort":8,"add_time":1781423342,"up_time":1781423342},{"id":13,"pid":0,"name":"\u6807\u51c69\u9009\u9879\u5361","ratio":"1.000000","sort":9,"add_time":1781423342,"up_time":1781423342},{"id":14,"pid":0,"name":"\u6807\u51c610\u9009\u9879\u5361","ratio":"1.000000","sort":10,"add_time":1781423342,"up_time":1781423342}]}}

[ 2026-06-15T16:39:47+08:00 ] ::1 /Home/Goods/plate_conts_blankr.html
INFO: [ app_init ] --START--
INFO: Run Behavior\BuildLiteBehavior [ RunTime:0.000003s ]
INFO: [ app_init ] --END-- [ RunTime:0.000021s ]
INFO: [ app_begin ] --START--
INFO: Run Behavior\ReadHtmlCacheBehavior [ RunTime:0.000014s ]
INFO: [ app_begin ] --END-- [ RunTime:0.000031s ]
SQL: SHOW COLUMNS FROM `plate_conts_blank` [ RunTime:0.0035s ]
SQL: SHOW COLUMNS FROM `plate_conts_logs` [ RunTime:0.0020s ]
SQL: SHOW COLUMNS FROM `plate_conts_logsr` [ RunTime:0.0021s ]
SQL: SELECT * FROM `plate_conts_blank` WHERE `id` = 1740 LIMIT 1   [ RunTime:0.0006s ]
SQL: SELECT * FROM `plate_conts_logs` WHERE `blank_id` = 1740 ORDER BY number asc,id asc  [ RunTime:0.0006s ]
SQL: SELECT `key_0` FROM `plate_conts_logs` WHERE `blank_id` = 1740 GROUP BY key_0 LIMIT 1   [ RunTime:0.0004s ]
SQL: SELECT `key_1` FROM `plate_conts_logs` WHERE `blank_id` = 1740 GROUP BY key_1 LIMIT 1   [ RunTime:0.0003s ]
SQL: SELECT `key_2` FROM `plate_conts_logs` WHERE `blank_id` = 1740 GROUP BY key_2 LIMIT 1   [ RunTime:0.0003s ]
SQL: SELECT `key_3` FROM `plate_conts_logs` WHERE `blank_id` = 1740 GROUP BY key_3 LIMIT 1   [ RunTime:0.0004s ]
SQL: SELECT `key_4` FROM `plate_conts_logs` WHERE `blank_id` = 1740 GROUP BY key_4 LIMIT 1   [ RunTime:0.0003s ]
SQL: SELECT `key_5` FROM `plate_conts_logs` WHERE `blank_id` = 1740 GROUP BY key_5 LIMIT 1   [ RunTime:0.0003s ]
SQL: SELECT `key_6` FROM `plate_conts_logs` WHERE `blank_id` = 1740 GROUP BY key_6 LIMIT 1   [ RunTime:0.0003s ]
SQL: SELECT `key_7` FROM `plate_conts_logs` WHERE `blank_id` = 1740 GROUP BY key_7 LIMIT 1   [ RunTime:0.0003s ]
NOTIC: [2] Trying to access array offset on value of type null /Users/gangliu/data/catdesk_workspace/yilan/App/Home/Controller/GoodsController.class.php 第 793 行.
NOTIC: [2] Trying to access array offset on value of type null /Users/gangliu/data/catdesk_workspace/yilan/App/Home/Controller/GoodsController.class.php 第 793 行.
NOTIC: [2] Trying to access array offset on value of type null /Users/gangliu/data/catdesk_workspace/yilan/App/Home/Controller/GoodsController.class.php 第 793 行.
NOTIC: [2] Trying to access array offset on value of type null /Users/gangliu/data/catdesk_workspace/yilan/App/Home/Controller/GoodsController.class.php 第 794 行.
NOTIC: [2] Trying to access array offset on value of type null /Users/gangliu/data/catdesk_workspace/yilan/App/Home/Controller/GoodsController.class.php 第 794 行.
NOTIC: [2] Trying to access array offset on value of type null /Users/gangliu/data/catdesk_workspace/yilan/App/Home/Controller/GoodsController.class.php 第 795 行.
NOTIC: [2] Trying to access array offset on value of type null /Users/gangliu/data/catdesk_workspace/yilan/App/Home/Controller/GoodsController.class.php 第 795 行.
NOTIC: [2] Trying to access array offset on value of type null /Users/gangliu/data/catdesk_workspace/yilan/App/Home/Controller/GoodsController.class.php 第 795 行.
SQL: SHOW COLUMNS FROM `new_tax` [ RunTime:0.0022s ]
SQL: SELECT * FROM `new_tax` WHERE `is_del` = 1  [ RunTime:0.0021s ]
SQL: SHOW COLUMNS FROM `plate_conts_price` [ RunTime:0.0020s ]
SQL: SELECT * FROM `plate_conts_price` WHERE `blank_id` = 1740 AND `is_del` = 1 ORDER BY sort asc, id asc  [ RunTime:0.0011s ]
SQL: SELECT * FROM `plate_conts_blank` WHERE `pid` = 1 AND `status` = 1 ORDER BY cat_index asc  [ RunTime:0.0005s ]
SQL: SHOW COLUMNS FROM `plate_conts_blank_group` [ RunTime:0.0017s ]
SQL: SELECT * FROM `plate_conts_blank_group` WHERE `pid` = 0 ORDER BY sort asc, id asc  [ RunTime:0.0006s ]
ERR: {"status":1,"msg":"\u83b7\u53d6\u6210\u529f","data":{"info":{"id":1740,"pid":1,"group_id":5,"catname":"\u4e5d\u6298\u6807\u51c6","cat_index":2,"source":["677187340b61b.png"],"sorts":null,"gimage":"677187340b3d7.png","gnames":"\u94dc\u82af\u4ea4\u8054\u805a\u4e59\u70ef\u7edd\u7f18\u805a\u6c2f\u4e59\u70ef\u62a4\u5957\u963b\u71c3\u7535\u7f06\u3010\u4e5d\u6298\u6807\u51c6\u3011","up_a":"0.0","down_a":"0.0","up_b":"0.0","down_b":"0.0","up_c":"0.0","down_c":"0.0","up_d":"0.0","down_d":"0.0","up_e":"0.0","down_e":"0.0","up_f":"0.0","down_f":"0.0","ticket_nor":3,"ticket_person":11,"status":1,"uptimes":1781228972,"times":1781228972,"new_tax_id":1},"key":{"keya":null,"keyb":null,"keyc":null,"keyd":null,"keye":null,"keyf":null,"keyg":null,"keyh":null},"list":[],"tax_list":[{"id":1,"pid":0,"name":"\u7535\u529b\u7535\u7f06\u7a0e\u7387\u53d1\u7968","alias_name":"","normal_tax":"3.00","special_tax":"11.00","status":1,"is_del":1,"add_time":0,"up_time":0},{"id":2,"pid":0,"name":"\u5bb6\u88c5\u7535\u7ebf\u7a0e\u7387","alias_name":"","normal_tax":"3.00","special_tax":"10.00","status":1,"is_del":1,"add_time":0,"up_time":0},{"id":3,"pid":0,"name":"\u521a\u6027\u9632\u706b\u7535\u7f06\u7a0e\u7387","alias_name":"","normal_tax":"3.00","special_tax":"9.00","status":1,"is_del":1,"add_time":0,"up_time":0},{"id":9,"pid":0,"name":"\u6a61\u5957\u7535\u7f06\u7a0e\u7387","alias_name":"","normal_tax":"3.00","special_tax":"11.00","status":1,"is_del":1,"add_time":0,"up_time":0},{"id":10,"pid":0,"name":"\u77ff\u7528\u6a61\u80f6\u7535\u7f06\u7a0e\u7387","alias_name":"","normal_tax":"4.00","special_tax":"12.00","status":1,"is_del":1,"add_time":0,"up_time":0}],"price_list":[],"all_blanks":[{"id":1739,"pid":1,"group_id":5,"catname":"\u5546\u54c1","cat_index":1,"source":"[\"6a2bd1928b6ed.png\"]","sorts":0,"gimage":"6a2bcd01617ca.png","gnames":"\u94dc\u82af\u4ea4\u8054\u805a\u4e59\u70ef\u7edd\u7f18\u805a\u6c2f\u4e59\u70ef\u62a4\u5957\u963b\u71c3\u7535\u7f06\u3010\u4e5d\u6298\u6807\u51c6\u3011","up_a":"0.0","down_a":"0.0","up_b":"0.0","down_b":"0.0","up_c":"0.0","down_c":"0.0","up_d":"0.0","down_d":"0.0","up_e":"0.0","down_e":"0.0","up_f":"0.0","down_f":"0.0","ticket_nor":3,"ticket_person":11,"status":1,"uptimes":1781256594,"times":1781095065,"new_tax_id":1},{"id":1740,"pid":1,"group_id":5,"catname":"\u4e5d\u6298\u6807\u51c6","cat_index":2,"source":"[\"677187340b61b.png\"]","sorts":null,"gimage":"677187340b3d7.png","gnames":"\u94dc\u82af\u4ea4\u8054\u805a\u4e59\u70ef\u7edd\u7f18\u805a\u6c2f\u4e59\u70ef\u62a4\u5957\u963b\u71c3\u7535\u7f06\u3010\u4e5d\u6298\u6807\u51c6\u3011","up_a":"0.0","down_a":"0.0","up_b":"0.0","down_b":"0.0","up_c":"0.0","down_c":"0.0","up_d":"0.0","down_d":"0.0","up_e":"0.0","down_e":"0.0","up_f":"0.0","down_f":"0.0","ticket_nor":3,"ticket_person":11,"status":1,"uptimes":1781228972,"times":1781228972,"new_tax_id":1},{"id":1741,"pid":1,"group_id":5,"catname":"\u516b\u6298\u6807\u51c6","cat_index":3,"source":"[\"677187340b61b.png\"]","sorts":null,"gimage":"677187340b3d7.png","gnames":"\u94dc\u82af\u4ea4\u8054\u805a\u4e59\u70ef\u7edd\u7f18\u805a\u6c2f\u4e59\u70ef\u62a4\u5957\u963b\u71c3\u7535\u7f06\u3010\u4e5d\u6298\u6807\u51c6\u3011","up_a":"0.0","down_a":"0.0","up_b":"0.0","down_b":"0.0","up_c":"0.0","down_c":"0.0","up_d":"0.0","down_d":"0.0","up_e":"0.0","down_e":"0.0","up_f":"0.0","down_f":"0.0","ticket_nor":3,"ticket_person":11,"status":1,"uptimes":1781228972,"times":1781228972,"new_tax_id":1}],"group_list":[{"id":1,"pid":0,"name":"\u6807\u51c61\u9009\u9879\u5361","ratio":"1.000000","sort":1,"add_time":1781435857,"up_time":1781435857},{"id":5,"pid":0,"name":"\u6807\u51c61\u9009\u9879\u5361","ratio":"1.000000","sort":1,"add_time":1781423342,"up_time":1781423342},{"id":2,"pid":0,"name":"\u6807\u51c62\u9009\u9879\u5361","ratio":"1.000000","sort":2,"add_time":1781435857,"up_time":1781435857},{"id":6,"pid":0,"name":"\u6807\u51c62\u9009\u9879\u5361","ratio":"1.000000","sort":2,"add_time":1781423342,"up_time":1781423342},{"id":7,"pid":0,"name":"\u6807\u51c63\u9009\u9879\u5361","ratio":"1.000000","sort":3,"add_time":1781423342,"up_time":1781423342},{"id":8,"pid":0,"name":"\u6807\u51c64\u9009\u9879\u5361","ratio":"1.000000","sort":4,"add_time":1781423342,"up_time":1781423342},{"id":9,"pid":0,"name":"\u6807\u51c65\u9009\u9879\u5361","ratio":"1.000000","sort":5,"add_time":1781423342,"up_time":1781423342},{"id":10,"pid":0,"name":"\u6807\u51c66\u9009\u9879\u5361","ratio":"1.000000","sort":6,"add_time":1781423342,"up_time":1781423342},{"id":11,"pid":0,"name":"\u6807\u51c67\u9009\u9879\u5361","ratio":"1.000000","sort":7,"add_time":1781423342,"up_time":1781423342},{"id":12,"pid":0,"name":"\u6807\u51c68\u9009\u9879\u5361","ratio":"1.000000","sort":8,"add_time":1781423342,"up_time":1781423342},{"id":13,"pid":0,"name":"\u6807\u51c69\u9009\u9879\u5361","ratio":"1.000000","sort":9,"add_time":1781423342,"up_time":1781423342},{"id":14,"pid":0,"name":"\u6807\u51c610\u9009\u9879\u5361","ratio":"1.000000","sort":10,"add_time":1781423342,"up_time":1781423342}]}}

[ 2026-06-15T16:43:38+08:00 ] ::1 /Home/Goods/plate_conts_list/id/1.html
INFO: [ app_init ] --START--
INFO: Run Behavior\BuildLiteBehavior [ RunTime:0.000014s ]
INFO: [ app_init ] --END-- [ RunTime:0.000150s ]
INFO: [ app_begin ] --START--
INFO: Run Behavior\ReadHtmlCacheBehavior [ RunTime:0.000055s ]
INFO: [ app_begin ] --END-- [ RunTime:0.000081s ]
SQL: SHOW COLUMNS FROM `plate_conts` [ RunTime:0.0059s ]
SQL: SHOW COLUMNS FROM `sys_tmps` [ RunTime:0.0027s ]
SQL: SELECT * FROM `plate_conts` WHERE `id` = 1 LIMIT 1   [ RunTime:0.0039s ]
SQL: SELECT * FROM `sys_tmps` WHERE `types` = 2 ORDER BY id desc  [ RunTime:0.0022s ]
INFO: [ view_parse ] --START--
INFO: [ template_filter ] --START--
INFO: Run Behavior\ContentReplaceBehavior [ RunTime:0.000323s ]
INFO: [ template_filter ] --END-- [ RunTime:0.000380s ]
INFO: Run Behavior\ParseTemplateBehavior [ RunTime:0.015251s ]
INFO: [ view_parse ] --END-- [ RunTime:0.015310s ]
INFO: [ view_filter ] --START--
INFO: Run Behavior\WriteHtmlCacheBehavior [ RunTime:0.000163s ]
INFO: [ view_filter ] --END-- [ RunTime:0.000177s ]
INFO: [ app_end ] --START--
INFO: Run Behavior\ShowPageTraceBehavior [ RunTime:0.000107s ]
INFO: [ app_end ] --END-- [ RunTime:0.000129s ]

[ 2026-06-15T16:43:38+08:00 ] ::1 /Home/Goods/plate_conts_blankr.html
INFO: [ app_init ] --START--
INFO: Run Behavior\BuildLiteBehavior [ RunTime:0.000003s ]
INFO: [ app_init ] --END-- [ RunTime:0.000031s ]
INFO: [ app_begin ] --START--
INFO: Run Behavior\ReadHtmlCacheBehavior [ RunTime:0.000013s ]
INFO: [ app_begin ] --END-- [ RunTime:0.000024s ]
SQL: SHOW COLUMNS FROM `plate_conts_blank` [ RunTime:0.0041s ]
SQL: SHOW COLUMNS FROM `plate_conts_logs` [ RunTime:0.0023s ]
SQL: SHOW COLUMNS FROM `plate_conts_logsr` [ RunTime:0.0027s ]
SQL: SELECT * FROM `plate_conts_blank` WHERE `pid` = 1 AND `cat_index` = 1 LIMIT 1   [ RunTime:0.0007s ]
SQL: SELECT * FROM `plate_conts_logs` WHERE `blank_id` = 1739 ORDER BY number asc,id asc  [ RunTime:0.0027s ]
SQL: SELECT `key_0` FROM `plate_conts_logs` WHERE `blank_id` = 1739 GROUP BY key_0 LIMIT 1   [ RunTime:0.0008s ]
SQL: SELECT `key_1` FROM `plate_conts_logs` WHERE `blank_id` = 1739 GROUP BY key_1 LIMIT 1   [ RunTime:0.0010s ]
SQL: SELECT `key_2` FROM `plate_conts_logs` WHERE `blank_id` = 1739 GROUP BY key_2 LIMIT 1   [ RunTime:0.0004s ]
SQL: SELECT `key_3` FROM `plate_conts_logs` WHERE `blank_id` = 1739 GROUP BY key_3 LIMIT 1   [ RunTime:0.0005s ]
SQL: SELECT `key_4` FROM `plate_conts_logs` WHERE `blank_id` = 1739 GROUP BY key_4 LIMIT 1   [ RunTime:0.0021s ]
SQL: SELECT `key_5` FROM `plate_conts_logs` WHERE `blank_id` = 1739 GROUP BY key_5 LIMIT 1   [ RunTime:0.0006s ]
SQL: SELECT `key_6` FROM `plate_conts_logs` WHERE `blank_id` = 1739 GROUP BY key_6 LIMIT 1   [ RunTime:0.0003s ]
SQL: SELECT `key_7` FROM `plate_conts_logs` WHERE `blank_id` = 1739 GROUP BY key_7 LIMIT 1   [ RunTime:0.0002s ]
NOTIC: [2] Trying to access array offset on value of type null /Users/gangliu/data/catdesk_workspace/yilan/App/Home/Controller/GoodsController.class.php 第 793 行.
NOTIC: [2] Trying to access array offset on value of type null /Users/gangliu/data/catdesk_workspace/yilan/App/Home/Controller/GoodsController.class.php 第 793 行.
NOTIC: [2] Trying to access array offset on value of type null /Users/gangliu/data/catdesk_workspace/yilan/App/Home/Controller/GoodsController.class.php 第 793 行.
NOTIC: [2] Trying to access array offset on value of type null /Users/gangliu/data/catdesk_workspace/yilan/App/Home/Controller/GoodsController.class.php 第 794 行.
NOTIC: [2] Trying to access array offset on value of type null /Users/gangliu/data/catdesk_workspace/yilan/App/Home/Controller/GoodsController.class.php 第 794 行.
NOTIC: [2] Trying to access array offset on value of type null /Users/gangliu/data/catdesk_workspace/yilan/App/Home/Controller/GoodsController.class.php 第 795 行.
NOTIC: [2] Trying to access array offset on value of type null /Users/gangliu/data/catdesk_workspace/yilan/App/Home/Controller/GoodsController.class.php 第 795 行.
NOTIC: [2] Trying to access array offset on value of type null /Users/gangliu/data/catdesk_workspace/yilan/App/Home/Controller/GoodsController.class.php 第 795 行.
SQL: SHOW COLUMNS FROM `new_tax` [ RunTime:0.0025s ]
SQL: SELECT * FROM `new_tax` WHERE `is_del` = 1  [ RunTime:0.0005s ]
SQL: SHOW COLUMNS FROM `plate_conts_price` [ RunTime:0.0014s ]
SQL: SELECT * FROM `plate_conts_price` WHERE `blank_id` = 1739 AND `is_del` = 1 ORDER BY sort asc, id asc  [ RunTime:0.0010s ]
SQL: SELECT * FROM `plate_conts_blank` WHERE `pid` = 1 AND `status` = 1 ORDER BY cat_index asc  [ RunTime:0.0005s ]
SQL: SHOW COLUMNS FROM `plate_conts_blank_group` [ RunTime:0.0016s ]
SQL: SELECT * FROM `plate_conts_blank_group` WHERE `pid` = 0 ORDER BY sort asc, id asc  [ RunTime:0.0005s ]
ERR: {"status":1,"msg":"\u83b7\u53d6\u6210\u529f","data":{"info":{"id":1739,"pid":1,"group_id":5,"catname":"\u5546\u54c1","cat_index":1,"source":["6a2bd1928b6ed.png"],"sorts":0,"gimage":"6a2bcd01617ca.png","gnames":"\u94dc\u82af\u4ea4\u8054\u805a\u4e59\u70ef\u7edd\u7f18\u805a\u6c2f\u4e59\u70ef\u62a4\u5957\u963b\u71c3\u7535\u7f06\u3010\u4e5d\u6298\u6807\u51c6\u3011","up_a":"0.0","down_a":"0.0","up_b":"0.0","down_b":"0.0","up_c":"0.0","down_c":"0.0","up_d":"0.0","down_d":"0.0","up_e":"0.0","down_e":"0.0","up_f":"0.0","down_f":"0.0","ticket_nor":3,"ticket_person":11,"status":1,"uptimes":1781256594,"times":1781095065,"new_tax_id":1},"key":{"keya":null,"keyb":null,"keyc":null,"keyd":null,"keye":null,"keyf":null,"keyg":null,"keyh":null},"list":[],"tax_list":[{"id":1,"pid":0,"name":"\u7535\u529b\u7535\u7f06\u7a0e\u7387\u53d1\u7968","alias_name":"","normal_tax":"3.00","special_tax":"11.00","status":1,"is_del":1,"add_time":0,"up_time":0},{"id":2,"pid":0,"name":"\u5bb6\u88c5\u7535\u7ebf\u7a0e\u7387","alias_name":"","normal_tax":"3.00","special_tax":"10.00","status":1,"is_del":1,"add_time":0,"up_time":0},{"id":3,"pid":0,"name":"\u521a\u6027\u9632\u706b\u7535\u7f06\u7a0e\u7387","alias_name":"","normal_tax":"3.00","special_tax":"9.00","status":1,"is_del":1,"add_time":0,"up_time":0},{"id":9,"pid":0,"name":"\u6a61\u5957\u7535\u7f06\u7a0e\u7387","alias_name":"","normal_tax":"3.00","special_tax":"11.00","status":1,"is_del":1,"add_time":0,"up_time":0},{"id":10,"pid":0,"name":"\u77ff\u7528\u6a61\u80f6\u7535\u7f06\u7a0e\u7387","alias_name":"","normal_tax":"4.00","special_tax":"12.00","status":1,"is_del":1,"add_time":0,"up_time":0}],"price_list":[{"id":2648,"plate_conts_id":1,"new_cate_one_id":1,"new_cate_two_id":355,"new_cate_three_id":356,"name":"\u94dc\u82af\u5bfc\u4f53","ratio":"1.00","sort":1000,"is_del":1,"cat_index":1,"blank_id":1739},{"id":2649,"plate_conts_id":1,"new_cate_one_id":1,"new_cate_two_id":355,"new_cate_three_id":362,"name":"\u8f90\u7167\u4ea4\u8054\u7edd\u7f18","ratio":"1.00","sort":1000,"is_del":1,"cat_index":1,"blank_id":1739},{"id":2650,"plate_conts_id":1,"new_cate_one_id":1,"new_cate_two_id":355,"new_cate_three_id":371,"name":"PVC\u62a4\u5957","ratio":"1.00","sort":1000,"is_del":1,"cat_index":1,"blank_id":1739},{"id":7812,"plate_conts_id":1,"new_cate_one_id":1,"new_cate_two_id":355,"new_cate_three_id":356,"name":"\u94dc\u82af\u5bfc\u4f53","ratio":"0.90","sort":1000,"is_del":1,"cat_index":1,"blank_id":1739},{"id":7813,"plate_conts_id":1,"new_cate_one_id":1,"new_cate_two_id":355,"new_cate_three_id":362,"name":"\u8f90\u7167\u4ea4\u8054\u7edd\u7f18","ratio":"1.00","sort":1000,"is_del":1,"cat_index":1,"blank_id":1739}],"all_blanks":[{"id":1739,"pid":1,"group_id":5,"catname":"\u5546\u54c1","cat_index":1,"source":"[\"6a2bd1928b6ed.png\"]","sorts":0,"gimage":"6a2bcd01617ca.png","gnames":"\u94dc\u82af\u4ea4\u8054\u805a\u4e59\u70ef\u7edd\u7f18\u805a\u6c2f\u4e59\u70ef\u62a4\u5957\u963b\u71c3\u7535\u7f06\u3010\u4e5d\u6298\u6807\u51c6\u3011","up_a":"0.0","down_a":"0.0","up_b":"0.0","down_b":"0.0","up_c":"0.0","down_c":"0.0","up_d":"0.0","down_d":"0.0","up_e":"0.0","down_e":"0.0","up_f":"0.0","down_f":"0.0","ticket_nor":3,"ticket_person":11,"status":1,"uptimes":1781256594,"times":1781095065,"new_tax_id":1},{"id":1740,"pid":1,"group_id":5,"catname":"\u4e5d\u6298\u6807\u51c6","cat_index":2,"source":"[\"677187340b61b.png\"]","sorts":null,"gimage":"677187340b3d7.png","gnames":"\u94dc\u82af\u4ea4\u8054\u805a\u4e59\u70ef\u7edd\u7f18\u805a\u6c2f\u4e59\u70ef\u62a4\u5957\u963b\u71c3\u7535\u7f06\u3010\u4e5d\u6298\u6807\u51c6\u3011","up_a":"0.0","down_a":"0.0","up_b":"0.0","down_b":"0.0","up_c":"0.0","down_c":"0.0","up_d":"0.0","down_d":"0.0","up_e":"0.0","down_e":"0.0","up_f":"0.0","down_f":"0.0","ticket_nor":3,"ticket_person":11,"status":1,"uptimes":1781228972,"times":1781228972,"new_tax_id":1},{"id":1741,"pid":1,"group_id":5,"catname":"\u516b\u6298\u6807\u51c6","cat_index":3,"source":"[\"677187340b61b.png\"]","sorts":null,"gimage":"677187340b3d7.png","gnames":"\u94dc\u82af\u4ea4\u8054\u805a\u4e59\u70ef\u7edd\u7f18\u805a\u6c2f\u4e59\u70ef\u62a4\u5957\u963b\u71c3\u7535\u7f06\u3010\u4e5d\u6298\u6807\u51c6\u3011","up_a":"0.0","down_a":"0.0","up_b":"0.0","down_b":"0.0","up_c":"0.0","down_c":"0.0","up_d":"0.0","down_d":"0.0","up_e":"0.0","down_e":"0.0","up_f":"0.0","down_f":"0.0","ticket_nor":3,"ticket_person":11,"status":1,"uptimes":1781228972,"times":1781228972,"new_tax_id":1}],"group_list":[{"id":1,"pid":0,"name":"\u6807\u51c61\u9009\u9879\u5361","ratio":"1.000000","sort":1,"add_time":1781435857,"up_time":1781435857},{"id":5,"pid":0,"name":"\u6807\u51c61\u9009\u9879\u5361","ratio":"1.000000","sort":1,"add_time":1781423342,"up_time":1781423342},{"id":2,"pid":0,"name":"\u6807\u51c62\u9009\u9879\u5361","ratio":"1.000000","sort":2,"add_time":1781435857,"up_time":1781435857},{"id":6,"pid":0,"name":"\u6807\u51c62\u9009\u9879\u5361","ratio":"1.000000","sort":2,"add_time":1781423342,"up_time":1781423342},{"id":7,"pid":0,"name":"\u6807\u51c63\u9009\u9879\u5361","ratio":"1.000000","sort":3,"add_time":1781423342,"up_time":1781423342},{"id":8,"pid":0,"name":"\u6807\u51c64\u9009\u9879\u5361","ratio":"1.000000","sort":4,"add_time":1781423342,"up_time":1781423342},{"id":9,"pid":0,"name":"\u6807\u51c65\u9009\u9879\u5361","ratio":"1.000000","sort":5,"add_time":1781423342,"up_time":1781423342},{"id":10,"pid":0,"name":"\u6807\u51c66\u9009\u9879\u5361","ratio":"1.000000","sort":6,"add_time":1781423342,"up_time":1781423342},{"id":11,"pid":0,"name":"\u6807\u51c67\u9009\u9879\u5361","ratio":"1.000000","sort":7,"add_time":1781423342,"up_time":1781423342},{"id":12,"pid":0,"name":"\u6807\u51c68\u9009\u9879\u5361","ratio":"1.000000","sort":8,"add_time":1781423342,"up_time":1781423342},{"id":13,"pid":0,"name":"\u6807\u51c69\u9009\u9879\u5361","ratio":"1.000000","sort":9,"add_time":1781423342,"up_time":1781423342},{"id":14,"pid":0,"name":"\u6807\u51c610\u9009\u9879\u5361","ratio":"1.000000","sort":10,"add_time":1781423342,"up_time":1781423342}]}}

[ 2026-06-15T16:43:39+08:00 ] ::1 /Home/Goods/plate_conts_list/id/1.html
INFO: [ app_init ] --START--
INFO: Run Behavior\BuildLiteBehavior [ RunTime:0.000005s ]
INFO: [ app_init ] --END-- [ RunTime:0.000046s ]
INFO: [ app_begin ] --START--
INFO: Run Behavior\ReadHtmlCacheBehavior [ RunTime:0.000027s ]
INFO: [ app_begin ] --END-- [ RunTime:0.000043s ]
SQL: SHOW COLUMNS FROM `plate_conts` [ RunTime:0.0034s ]
SQL: SHOW COLUMNS FROM `sys_tmps` [ RunTime:0.0027s ]
SQL: SELECT * FROM `plate_conts` WHERE `id` = 1 LIMIT 1   [ RunTime:0.0058s ]
SQL: SELECT * FROM `sys_tmps` WHERE `types` = 2 ORDER BY id desc  [ RunTime:0.0013s ]
INFO: [ view_parse ] --START--
INFO: [ template_filter ] --START--
INFO: Run Behavior\ContentReplaceBehavior [ RunTime:0.000266s ]
INFO: [ template_filter ] --END-- [ RunTime:0.000305s ]
INFO: Run Behavior\ParseTemplateBehavior [ RunTime:0.007818s ]
INFO: [ view_parse ] --END-- [ RunTime:0.007883s ]
INFO: [ view_filter ] --START--
INFO: Run Behavior\WriteHtmlCacheBehavior [ RunTime:0.000106s ]
INFO: [ view_filter ] --END-- [ RunTime:0.000126s ]
INFO: [ app_end ] --START--
INFO: Run Behavior\ShowPageTraceBehavior [ RunTime:0.000045s ]
INFO: [ app_end ] --END-- [ RunTime:0.000068s ]

[ 2026-06-15T16:43:39+08:00 ] ::1 /Home/Goods/plate_conts_blankr.html
INFO: [ app_init ] --START--
INFO: Run Behavior\BuildLiteBehavior [ RunTime:0.000005s ]
INFO: [ app_init ] --END-- [ RunTime:0.000047s ]
INFO: [ app_begin ] --START--
INFO: Run Behavior\ReadHtmlCacheBehavior [ RunTime:0.000030s ]
INFO: [ app_begin ] --END-- [ RunTime:0.000054s ]
SQL: SHOW COLUMNS FROM `plate_conts_blank` [ RunTime:0.0040s ]
SQL: SHOW COLUMNS FROM `plate_conts_logs` [ RunTime:0.0031s ]
SQL: SHOW COLUMNS FROM `plate_conts_logsr` [ RunTime:0.0044s ]
SQL: SELECT * FROM `plate_conts_blank` WHERE `pid` = 1 AND `cat_index` = 1 LIMIT 1   [ RunTime:0.0014s ]
SQL: SELECT * FROM `plate_conts_logs` WHERE `blank_id` = 1739 ORDER BY number asc,id asc  [ RunTime:0.0017s ]
SQL: SELECT `key_0` FROM `plate_conts_logs` WHERE `blank_id` = 1739 GROUP BY key_0 LIMIT 1   [ RunTime:0.0013s ]
SQL: SELECT `key_1` FROM `plate_conts_logs` WHERE `blank_id` = 1739 GROUP BY key_1 LIMIT 1   [ RunTime:0.0010s ]
SQL: SELECT `key_2` FROM `plate_conts_logs` WHERE `blank_id` = 1739 GROUP BY key_2 LIMIT 1   [ RunTime:0.0007s ]
SQL: SELECT `key_3` FROM `plate_conts_logs` WHERE `blank_id` = 1739 GROUP BY key_3 LIMIT 1   [ RunTime:0.0015s ]
SQL: SELECT `key_4` FROM `plate_conts_logs` WHERE `blank_id` = 1739 GROUP BY key_4 LIMIT 1   [ RunTime:0.0004s ]
SQL: SELECT `key_5` FROM `plate_conts_logs` WHERE `blank_id` = 1739 GROUP BY key_5 LIMIT 1   [ RunTime:0.0003s ]
SQL: SELECT `key_6` FROM `plate_conts_logs` WHERE `blank_id` = 1739 GROUP BY key_6 LIMIT 1   [ RunTime:0.0005s ]
SQL: SELECT `key_7` FROM `plate_conts_logs` WHERE `blank_id` = 1739 GROUP BY key_7 LIMIT 1   [ RunTime:0.0005s ]
NOTIC: [2] Trying to access array offset on value of type null /Users/gangliu/data/catdesk_workspace/yilan/App/Home/Controller/GoodsController.class.php 第 793 行.
NOTIC: [2] Trying to access array offset on value of type null /Users/gangliu/data/catdesk_workspace/yilan/App/Home/Controller/GoodsController.class.php 第 793 行.
NOTIC: [2] Trying to access array offset on value of type null /Users/gangliu/data/catdesk_workspace/yilan/App/Home/Controller/GoodsController.class.php 第 793 行.
NOTIC: [2] Trying to access array offset on value of type null /Users/gangliu/data/catdesk_workspace/yilan/App/Home/Controller/GoodsController.class.php 第 794 行.
NOTIC: [2] Trying to access array offset on value of type null /Users/gangliu/data/catdesk_workspace/yilan/App/Home/Controller/GoodsController.class.php 第 794 行.
NOTIC: [2] Trying to access array offset on value of type null /Users/gangliu/data/catdesk_workspace/yilan/App/Home/Controller/GoodsController.class.php 第 795 行.
NOTIC: [2] Trying to access array offset on value of type null /Users/gangliu/data/catdesk_workspace/yilan/App/Home/Controller/GoodsController.class.php 第 795 行.
NOTIC: [2] Trying to access array offset on value of type null /Users/gangliu/data/catdesk_workspace/yilan/App/Home/Controller/GoodsController.class.php 第 795 行.
SQL: SHOW COLUMNS FROM `new_tax` [ RunTime:0.0023s ]
SQL: SELECT * FROM `new_tax` WHERE `is_del` = 1  [ RunTime:0.0004s ]
SQL: SHOW COLUMNS FROM `plate_conts_price` [ RunTime:0.0017s ]
SQL: SELECT * FROM `plate_conts_price` WHERE `blank_id` = 1739 AND `is_del` = 1 ORDER BY sort asc, id asc  [ RunTime:0.0008s ]
SQL: SELECT * FROM `plate_conts_blank` WHERE `pid` = 1 AND `status` = 1 ORDER BY cat_index asc  [ RunTime:0.0005s ]
SQL: SHOW COLUMNS FROM `plate_conts_blank_group` [ RunTime:0.0017s ]
SQL: SELECT * FROM `plate_conts_blank_group` WHERE `pid` = 0 ORDER BY sort asc, id asc  [ RunTime:0.0007s ]
ERR: {"status":1,"msg":"\u83b7\u53d6\u6210\u529f","data":{"info":{"id":1739,"pid":1,"group_id":5,"catname":"\u5546\u54c1","cat_index":1,"source":["6a2bd1928b6ed.png"],"sorts":0,"gimage":"6a2bcd01617ca.png","gnames":"\u94dc\u82af\u4ea4\u8054\u805a\u4e59\u70ef\u7edd\u7f18\u805a\u6c2f\u4e59\u70ef\u62a4\u5957\u963b\u71c3\u7535\u7f06\u3010\u4e5d\u6298\u6807\u51c6\u3011","up_a":"0.0","down_a":"0.0","up_b":"0.0","down_b":"0.0","up_c":"0.0","down_c":"0.0","up_d":"0.0","down_d":"0.0","up_e":"0.0","down_e":"0.0","up_f":"0.0","down_f":"0.0","ticket_nor":3,"ticket_person":11,"status":1,"uptimes":1781256594,"times":1781095065,"new_tax_id":1},"key":{"keya":null,"keyb":null,"keyc":null,"keyd":null,"keye":null,"keyf":null,"keyg":null,"keyh":null},"list":[],"tax_list":[{"id":1,"pid":0,"name":"\u7535\u529b\u7535\u7f06\u7a0e\u7387\u53d1\u7968","alias_name":"","normal_tax":"3.00","special_tax":"11.00","status":1,"is_del":1,"add_time":0,"up_time":0},{"id":2,"pid":0,"name":"\u5bb6\u88c5\u7535\u7ebf\u7a0e\u7387","alias_name":"","normal_tax":"3.00","special_tax":"10.00","status":1,"is_del":1,"add_time":0,"up_time":0},{"id":3,"pid":0,"name":"\u521a\u6027\u9632\u706b\u7535\u7f06\u7a0e\u7387","alias_name":"","normal_tax":"3.00","special_tax":"9.00","status":1,"is_del":1,"add_time":0,"up_time":0},{"id":9,"pid":0,"name":"\u6a61\u5957\u7535\u7f06\u7a0e\u7387","alias_name":"","normal_tax":"3.00","special_tax":"11.00","status":1,"is_del":1,"add_time":0,"up_time":0},{"id":10,"pid":0,"name":"\u77ff\u7528\u6a61\u80f6\u7535\u7f06\u7a0e\u7387","alias_name":"","normal_tax":"4.00","special_tax":"12.00","status":1,"is_del":1,"add_time":0,"up_time":0}],"price_list":[{"id":2648,"plate_conts_id":1,"new_cate_one_id":1,"new_cate_two_id":355,"new_cate_three_id":356,"name":"\u94dc\u82af\u5bfc\u4f53","ratio":"1.00","sort":1000,"is_del":1,"cat_index":1,"blank_id":1739},{"id":2649,"plate_conts_id":1,"new_cate_one_id":1,"new_cate_two_id":355,"new_cate_three_id":362,"name":"\u8f90\u7167\u4ea4\u8054\u7edd\u7f18","ratio":"1.00","sort":1000,"is_del":1,"cat_index":1,"blank_id":1739},{"id":2650,"plate_conts_id":1,"new_cate_one_id":1,"new_cate_two_id":355,"new_cate_three_id":371,"name":"PVC\u62a4\u5957","ratio":"1.00","sort":1000,"is_del":1,"cat_index":1,"blank_id":1739},{"id":7812,"plate_conts_id":1,"new_cate_one_id":1,"new_cate_two_id":355,"new_cate_three_id":356,"name":"\u94dc\u82af\u5bfc\u4f53","ratio":"0.90","sort":1000,"is_del":1,"cat_index":1,"blank_id":1739},{"id":7813,"plate_conts_id":1,"new_cate_one_id":1,"new_cate_two_id":355,"new_cate_three_id":362,"name":"\u8f90\u7167\u4ea4\u8054\u7edd\u7f18","ratio":"1.00","sort":1000,"is_del":1,"cat_index":1,"blank_id":1739}],"all_blanks":[{"id":1739,"pid":1,"group_id":5,"catname":"\u5546\u54c1","cat_index":1,"source":"[\"6a2bd1928b6ed.png\"]","sorts":0,"gimage":"6a2bcd01617ca.png","gnames":"\u94dc\u82af\u4ea4\u8054\u805a\u4e59\u70ef\u7edd\u7f18\u805a\u6c2f\u4e59\u70ef\u62a4\u5957\u963b\u71c3\u7535\u7f06\u3010\u4e5d\u6298\u6807\u51c6\u3011","up_a":"0.0","down_a":"0.0","up_b":"0.0","down_b":"0.0","up_c":"0.0","down_c":"0.0","up_d":"0.0","down_d":"0.0","up_e":"0.0","down_e":"0.0","up_f":"0.0","down_f":"0.0","ticket_nor":3,"ticket_person":11,"status":1,"uptimes":1781256594,"times":1781095065,"new_tax_id":1},{"id":1740,"pid":1,"group_id":5,"catname":"\u4e5d\u6298\u6807\u51c6","cat_index":2,"source":"[\"677187340b61b.png\"]","sorts":null,"gimage":"677187340b3d7.png","gnames":"\u94dc\u82af\u4ea4\u8054\u805a\u4e59\u70ef\u7edd\u7f18\u805a\u6c2f\u4e59\u70ef\u62a4\u5957\u963b\u71c3\u7535\u7f06\u3010\u4e5d\u6298\u6807\u51c6\u3011","up_a":"0.0","down_a":"0.0","up_b":"0.0","down_b":"0.0","up_c":"0.0","down_c":"0.0","up_d":"0.0","down_d":"0.0","up_e":"0.0","down_e":"0.0","up_f":"0.0","down_f":"0.0","ticket_nor":3,"ticket_person":11,"status":1,"uptimes":1781228972,"times":1781228972,"new_tax_id":1},{"id":1741,"pid":1,"group_id":5,"catname":"\u516b\u6298\u6807\u51c6","cat_index":3,"source":"[\"677187340b61b.png\"]","sorts":null,"gimage":"677187340b3d7.png","gnames":"\u94dc\u82af\u4ea4\u8054\u805a\u4e59\u70ef\u7edd\u7f18\u805a\u6c2f\u4e59\u70ef\u62a4\u5957\u963b\u71c3\u7535\u7f06\u3010\u4e5d\u6298\u6807\u51c6\u3011","up_a":"0.0","down_a":"0.0","up_b":"0.0","down_b":"0.0","up_c":"0.0","down_c":"0.0","up_d":"0.0","down_d":"0.0","up_e":"0.0","down_e":"0.0","up_f":"0.0","down_f":"0.0","ticket_nor":3,"ticket_person":11,"status":1,"uptimes":1781228972,"times":1781228972,"new_tax_id":1}],"group_list":[{"id":1,"pid":0,"name":"\u6807\u51c61\u9009\u9879\u5361","ratio":"1.000000","sort":1,"add_time":1781435857,"up_time":1781435857},{"id":5,"pid":0,"name":"\u6807\u51c61\u9009\u9879\u5361","ratio":"1.000000","sort":1,"add_time":1781423342,"up_time":1781423342},{"id":2,"pid":0,"name":"\u6807\u51c62\u9009\u9879\u5361","ratio":"1.000000","sort":2,"add_time":1781435857,"up_time":1781435857},{"id":6,"pid":0,"name":"\u6807\u51c62\u9009\u9879\u5361","ratio":"1.000000","sort":2,"add_time":1781423342,"up_time":1781423342},{"id":7,"pid":0,"name":"\u6807\u51c63\u9009\u9879\u5361","ratio":"1.000000","sort":3,"add_time":1781423342,"up_time":1781423342},{"id":8,"pid":0,"name":"\u6807\u51c64\u9009\u9879\u5361","ratio":"1.000000","sort":4,"add_time":1781423342,"up_time":1781423342},{"id":9,"pid":0,"name":"\u6807\u51c65\u9009\u9879\u5361","ratio":"1.000000","sort":5,"add_time":1781423342,"up_time":1781423342},{"id":10,"pid":0,"name":"\u6807\u51c66\u9009\u9879\u5361","ratio":"1.000000","sort":6,"add_time":1781423342,"up_time":1781423342},{"id":11,"pid":0,"name":"\u6807\u51c67\u9009\u9879\u5361","ratio":"1.000000","sort":7,"add_time":1781423342,"up_time":1781423342},{"id":12,"pid":0,"name":"\u6807\u51c68\u9009\u9879\u5361","ratio":"1.000000","sort":8,"add_time":1781423342,"up_time":1781423342},{"id":13,"pid":0,"name":"\u6807\u51c69\u9009\u9879\u5361","ratio":"1.000000","sort":9,"add_time":1781423342,"up_time":1781423342},{"id":14,"pid":0,"name":"\u6807\u51c610\u9009\u9879\u5361","ratio":"1.000000","sort":10,"add_time":1781423342,"up_time":1781423342}]}}

[ 2026-06-15T16:43:41+08:00 ] ::1 /Home/Goods/plate_conts_blankr.html
INFO: [ app_init ] --START--
INFO: Run Behavior\BuildLiteBehavior [ RunTime:0.000009s ]
INFO: [ app_init ] --END-- [ RunTime:0.000088s ]
INFO: [ app_begin ] --START--
INFO: Run Behavior\ReadHtmlCacheBehavior [ RunTime:0.000037s ]
INFO: [ app_begin ] --END-- [ RunTime:0.000065s ]
SQL: SHOW COLUMNS FROM `plate_conts_blank` [ RunTime:0.0025s ]
SQL: SHOW COLUMNS FROM `plate_conts_logs` [ RunTime:0.0021s ]
SQL: SHOW COLUMNS FROM `plate_conts_logsr` [ RunTime:0.0024s ]
SQL: SELECT * FROM `plate_conts_blank` WHERE `id` = 1739 LIMIT 1   [ RunTime:0.0016s ]
SQL: SELECT * FROM `plate_conts_logs` WHERE `blank_id` = 1739 ORDER BY number asc,id asc  [ RunTime:0.0006s ]
SQL: SELECT `key_0` FROM `plate_conts_logs` WHERE `blank_id` = 1739 GROUP BY key_0 LIMIT 1   [ RunTime:0.0004s ]
SQL: SELECT `key_1` FROM `plate_conts_logs` WHERE `blank_id` = 1739 GROUP BY key_1 LIMIT 1   [ RunTime:0.0002s ]
SQL: SELECT `key_2` FROM `plate_conts_logs` WHERE `blank_id` = 1739 GROUP BY key_2 LIMIT 1   [ RunTime:0.0002s ]
SQL: SELECT `key_3` FROM `plate_conts_logs` WHERE `blank_id` = 1739 GROUP BY key_3 LIMIT 1   [ RunTime:0.0002s ]
SQL: SELECT `key_4` FROM `plate_conts_logs` WHERE `blank_id` = 1739 GROUP BY key_4 LIMIT 1   [ RunTime:0.0002s ]
SQL: SELECT `key_5` FROM `plate_conts_logs` WHERE `blank_id` = 1739 GROUP BY key_5 LIMIT 1   [ RunTime:0.0003s ]
SQL: SELECT `key_6` FROM `plate_conts_logs` WHERE `blank_id` = 1739 GROUP BY key_6 LIMIT 1   [ RunTime:0.0002s ]
SQL: SELECT `key_7` FROM `plate_conts_logs` WHERE `blank_id` = 1739 GROUP BY key_7 LIMIT 1   [ RunTime:0.0002s ]
NOTIC: [2] Trying to access array offset on value of type null /Users/gangliu/data/catdesk_workspace/yilan/App/Home/Controller/GoodsController.class.php 第 793 行.
NOTIC: [2] Trying to access array offset on value of type null /Users/gangliu/data/catdesk_workspace/yilan/App/Home/Controller/GoodsController.class.php 第 793 行.
NOTIC: [2] Trying to access array offset on value of type null /Users/gangliu/data/catdesk_workspace/yilan/App/Home/Controller/GoodsController.class.php 第 793 行.
NOTIC: [2] Trying to access array offset on value of type null /Users/gangliu/data/catdesk_workspace/yilan/App/Home/Controller/GoodsController.class.php 第 794 行.
NOTIC: [2] Trying to access array offset on value of type null /Users/gangliu/data/catdesk_workspace/yilan/App/Home/Controller/GoodsController.class.php 第 794 行.
NOTIC: [2] Trying to access array offset on value of type null /Users/gangliu/data/catdesk_workspace/yilan/App/Home/Controller/GoodsController.class.php 第 795 行.
NOTIC: [2] Trying to access array offset on value of type null /Users/gangliu/data/catdesk_workspace/yilan/App/Home/Controller/GoodsController.class.php 第 795 行.
NOTIC: [2] Trying to access array offset on value of type null /Users/gangliu/data/catdesk_workspace/yilan/App/Home/Controller/GoodsController.class.php 第 795 行.
SQL: SHOW COLUMNS FROM `new_tax` [ RunTime:0.0015s ]
SQL: SELECT * FROM `new_tax` WHERE `is_del` = 1  [ RunTime:0.0005s ]
SQL: SHOW COLUMNS FROM `plate_conts_price` [ RunTime:0.0023s ]
SQL: SELECT * FROM `plate_conts_price` WHERE `blank_id` = 1739 AND `is_del` = 1 ORDER BY sort asc, id asc  [ RunTime:0.0008s ]
SQL: SELECT * FROM `plate_conts_blank` WHERE `pid` = 1 AND `status` = 1 ORDER BY cat_index asc  [ RunTime:0.0006s ]
SQL: SHOW COLUMNS FROM `plate_conts_blank_group` [ RunTime:0.0024s ]
SQL: SELECT * FROM `plate_conts_blank_group` WHERE `pid` = 0 ORDER BY sort asc, id asc  [ RunTime:0.0008s ]
ERR: {"status":1,"msg":"\u83b7\u53d6\u6210\u529f","data":{"info":{"id":1739,"pid":1,"group_id":5,"catname":"\u5546\u54c1","cat_index":1,"source":["6a2bd1928b6ed.png"],"sorts":0,"gimage":"6a2bcd01617ca.png","gnames":"\u94dc\u82af\u4ea4\u8054\u805a\u4e59\u70ef\u7edd\u7f18\u805a\u6c2f\u4e59\u70ef\u62a4\u5957\u963b\u71c3\u7535\u7f06\u3010\u4e5d\u6298\u6807\u51c6\u3011","up_a":"0.0","down_a":"0.0","up_b":"0.0","down_b":"0.0","up_c":"0.0","down_c":"0.0","up_d":"0.0","down_d":"0.0","up_e":"0.0","down_e":"0.0","up_f":"0.0","down_f":"0.0","ticket_nor":3,"ticket_person":11,"status":1,"uptimes":1781256594,"times":1781095065,"new_tax_id":1},"key":{"keya":null,"keyb":null,"keyc":null,"keyd":null,"keye":null,"keyf":null,"keyg":null,"keyh":null},"list":[],"tax_list":[{"id":1,"pid":0,"name":"\u7535\u529b\u7535\u7f06\u7a0e\u7387\u53d1\u7968","alias_name":"","normal_tax":"3.00","special_tax":"11.00","status":1,"is_del":1,"add_time":0,"up_time":0},{"id":2,"pid":0,"name":"\u5bb6\u88c5\u7535\u7ebf\u7a0e\u7387","alias_name":"","normal_tax":"3.00","special_tax":"10.00","status":1,"is_del":1,"add_time":0,"up_time":0},{"id":3,"pid":0,"name":"\u521a\u6027\u9632\u706b\u7535\u7f06\u7a0e\u7387","alias_name":"","normal_tax":"3.00","special_tax":"9.00","status":1,"is_del":1,"add_time":0,"up_time":0},{"id":9,"pid":0,"name":"\u6a61\u5957\u7535\u7f06\u7a0e\u7387","alias_name":"","normal_tax":"3.00","special_tax":"11.00","status":1,"is_del":1,"add_time":0,"up_time":0},{"id":10,"pid":0,"name":"\u77ff\u7528\u6a61\u80f6\u7535\u7f06\u7a0e\u7387","alias_name":"","normal_tax":"4.00","special_tax":"12.00","status":1,"is_del":1,"add_time":0,"up_time":0}],"price_list":[{"id":2648,"plate_conts_id":1,"new_cate_one_id":1,"new_cate_two_id":355,"new_cate_three_id":356,"name":"\u94dc\u82af\u5bfc\u4f53","ratio":"1.00","sort":1000,"is_del":1,"cat_index":1,"blank_id":1739},{"id":2649,"plate_conts_id":1,"new_cate_one_id":1,"new_cate_two_id":355,"new_cate_three_id":362,"name":"\u8f90\u7167\u4ea4\u8054\u7edd\u7f18","ratio":"1.00","sort":1000,"is_del":1,"cat_index":1,"blank_id":1739},{"id":2650,"plate_conts_id":1,"new_cate_one_id":1,"new_cate_two_id":355,"new_cate_three_id":371,"name":"PVC\u62a4\u5957","ratio":"1.00","sort":1000,"is_del":1,"cat_index":1,"blank_id":1739},{"id":7812,"plate_conts_id":1,"new_cate_one_id":1,"new_cate_two_id":355,"new_cate_three_id":356,"name":"\u94dc\u82af\u5bfc\u4f53","ratio":"0.90","sort":1000,"is_del":1,"cat_index":1,"blank_id":1739},{"id":7813,"plate_conts_id":1,"new_cate_one_id":1,"new_cate_two_id":355,"new_cate_three_id":362,"name":"\u8f90\u7167\u4ea4\u8054\u7edd\u7f18","ratio":"1.00","sort":1000,"is_del":1,"cat_index":1,"blank_id":1739}],"all_blanks":[{"id":1739,"pid":1,"group_id":5,"catname":"\u5546\u54c1","cat_index":1,"source":"[\"6a2bd1928b6ed.png\"]","sorts":0,"gimage":"6a2bcd01617ca.png","gnames":"\u94dc\u82af\u4ea4\u8054\u805a\u4e59\u70ef\u7edd\u7f18\u805a\u6c2f\u4e59\u70ef\u62a4\u5957\u963b\u71c3\u7535\u7f06\u3010\u4e5d\u6298\u6807\u51c6\u3011","up_a":"0.0","down_a":"0.0","up_b":"0.0","down_b":"0.0","up_c":"0.0","down_c":"0.0","up_d":"0.0","down_d":"0.0","up_e":"0.0","down_e":"0.0","up_f":"0.0","down_f":"0.0","ticket_nor":3,"ticket_person":11,"status":1,"uptimes":1781256594,"times":1781095065,"new_tax_id":1},{"id":1740,"pid":1,"group_id":5,"catname":"\u4e5d\u6298\u6807\u51c6","cat_index":2,"source":"[\"677187340b61b.png\"]","sorts":null,"gimage":"677187340b3d7.png","gnames":"\u94dc\u82af\u4ea4\u8054\u805a\u4e59\u70ef\u7edd\u7f18\u805a\u6c2f\u4e59\u70ef\u62a4\u5957\u963b\u71c3\u7535\u7f06\u3010\u4e5d\u6298\u6807\u51c6\u3011","up_a":"0.0","down_a":"0.0","up_b":"0.0","down_b":"0.0","up_c":"0.0","down_c":"0.0","up_d":"0.0","down_d":"0.0","up_e":"0.0","down_e":"0.0","up_f":"0.0","down_f":"0.0","ticket_nor":3,"ticket_person":11,"status":1,"uptimes":1781228972,"times":1781228972,"new_tax_id":1},{"id":1741,"pid":1,"group_id":5,"catname":"\u516b\u6298\u6807\u51c6","cat_index":3,"source":"[\"677187340b61b.png\"]","sorts":null,"gimage":"677187340b3d7.png","gnames":"\u94dc\u82af\u4ea4\u8054\u805a\u4e59\u70ef\u7edd\u7f18\u805a\u6c2f\u4e59\u70ef\u62a4\u5957\u963b\u71c3\u7535\u7f06\u3010\u4e5d\u6298\u6807\u51c6\u3011","up_a":"0.0","down_a":"0.0","up_b":"0.0","down_b":"0.0","up_c":"0.0","down_c":"0.0","up_d":"0.0","down_d":"0.0","up_e":"0.0","down_e":"0.0","up_f":"0.0","down_f":"0.0","ticket_nor":3,"ticket_person":11,"status":1,"uptimes":1781228972,"times":1781228972,"new_tax_id":1}],"group_list":[{"id":1,"pid":0,"name":"\u6807\u51c61\u9009\u9879\u5361","ratio":"1.000000","sort":1,"add_time":1781435857,"up_time":1781435857},{"id":5,"pid":0,"name":"\u6807\u51c61\u9009\u9879\u5361","ratio":"1.000000","sort":1,"add_time":1781423342,"up_time":1781423342},{"id":2,"pid":0,"name":"\u6807\u51c62\u9009\u9879\u5361","ratio":"1.000000","sort":2,"add_time":1781435857,"up_time":1781435857},{"id":6,"pid":0,"name":"\u6807\u51c62\u9009\u9879\u5361","ratio":"1.000000","sort":2,"add_time":1781423342,"up_time":1781423342},{"id":7,"pid":0,"name":"\u6807\u51c63\u9009\u9879\u5361","ratio":"1.000000","sort":3,"add_time":1781423342,"up_time":1781423342},{"id":8,"pid":0,"name":"\u6807\u51c64\u9009\u9879\u5361","ratio":"1.000000","sort":4,"add_time":1781423342,"up_time":1781423342},{"id":9,"pid":0,"name":"\u6807\u51c65\u9009\u9879\u5361","ratio":"1.000000","sort":5,"add_time":1781423342,"up_time":1781423342},{"id":10,"pid":0,"name":"\u6807\u51c66\u9009\u9879\u5361","ratio":"1.000000","sort":6,"add_time":1781423342,"up_time":1781423342},{"id":11,"pid":0,"name":"\u6807\u51c67\u9009\u9879\u5361","ratio":"1.000000","sort":7,"add_time":1781423342,"up_time":1781423342},{"id":12,"pid":0,"name":"\u6807\u51c68\u9009\u9879\u5361","ratio":"1.000000","sort":8,"add_time":1781423342,"up_time":1781423342},{"id":13,"pid":0,"name":"\u6807\u51c69\u9009\u9879\u5361","ratio":"1.000000","sort":9,"add_time":1781423342,"up_time":1781423342},{"id":14,"pid":0,"name":"\u6807\u51c610\u9009\u9879\u5361","ratio":"1.000000","sort":10,"add_time":1781423342,"up_time":1781423342}]}}

[ 2026-06-15T16:43:46+08:00 ] ::1 /Home/Goods/plate_conts_blankr.html
INFO: [ app_init ] --START--
INFO: Run Behavior\BuildLiteBehavior [ RunTime:0.000010s ]
INFO: [ app_init ] --END-- [ RunTime:0.000094s ]
INFO: [ app_begin ] --START--
INFO: Run Behavior\ReadHtmlCacheBehavior [ RunTime:0.000060s ]
INFO: [ app_begin ] --END-- [ RunTime:0.000102s ]
SQL: SHOW COLUMNS FROM `plate_conts_blank` [ RunTime:0.0038s ]
SQL: SHOW COLUMNS FROM `plate_conts_logs` [ RunTime:0.0037s ]
SQL: SHOW COLUMNS FROM `plate_conts_logsr` [ RunTime:0.0023s ]
SQL: SELECT * FROM `plate_conts_blank` WHERE `id` = 1739 LIMIT 1   [ RunTime:0.0009s ]
SQL: SELECT * FROM `plate_conts_logs` WHERE `blank_id` = 1739 ORDER BY number asc,id asc  [ RunTime:0.0013s ]
SQL: SELECT `key_0` FROM `plate_conts_logs` WHERE `blank_id` = 1739 GROUP BY key_0 LIMIT 1   [ RunTime:0.0010s ]
SQL: SELECT `key_1` FROM `plate_conts_logs` WHERE `blank_id` = 1739 GROUP BY key_1 LIMIT 1   [ RunTime:0.0005s ]
SQL: SELECT `key_2` FROM `plate_conts_logs` WHERE `blank_id` = 1739 GROUP BY key_2 LIMIT 1   [ RunTime:0.0004s ]
SQL: SELECT `key_3` FROM `plate_conts_logs` WHERE `blank_id` = 1739 GROUP BY key_3 LIMIT 1   [ RunTime:0.0011s ]
SQL: SELECT `key_4` FROM `plate_conts_logs` WHERE `blank_id` = 1739 GROUP BY key_4 LIMIT 1   [ RunTime:0.0008s ]
SQL: SELECT `key_5` FROM `plate_conts_logs` WHERE `blank_id` = 1739 GROUP BY key_5 LIMIT 1   [ RunTime:0.0008s ]
SQL: SELECT `key_6` FROM `plate_conts_logs` WHERE `blank_id` = 1739 GROUP BY key_6 LIMIT 1   [ RunTime:0.0005s ]
SQL: SELECT `key_7` FROM `plate_conts_logs` WHERE `blank_id` = 1739 GROUP BY key_7 LIMIT 1   [ RunTime:0.0004s ]
NOTIC: [2] Trying to access array offset on value of type null /Users/gangliu/data/catdesk_workspace/yilan/App/Home/Controller/GoodsController.class.php 第 793 行.
NOTIC: [2] Trying to access array offset on value of type null /Users/gangliu/data/catdesk_workspace/yilan/App/Home/Controller/GoodsController.class.php 第 793 行.
NOTIC: [2] Trying to access array offset on value of type null /Users/gangliu/data/catdesk_workspace/yilan/App/Home/Controller/GoodsController.class.php 第 793 行.
NOTIC: [2] Trying to access array offset on value of type null /Users/gangliu/data/catdesk_workspace/yilan/App/Home/Controller/GoodsController.class.php 第 794 行.
NOTIC: [2] Trying to access array offset on value of type null /Users/gangliu/data/catdesk_workspace/yilan/App/Home/Controller/GoodsController.class.php 第 794 行.
NOTIC: [2] Trying to access array offset on value of type null /Users/gangliu/data/catdesk_workspace/yilan/App/Home/Controller/GoodsController.class.php 第 795 行.
NOTIC: [2] Trying to access array offset on value of type null /Users/gangliu/data/catdesk_workspace/yilan/App/Home/Controller/GoodsController.class.php 第 795 行.
NOTIC: [2] Trying to access array offset on value of type null /Users/gangliu/data/catdesk_workspace/yilan/App/Home/Controller/GoodsController.class.php 第 795 行.
SQL: SHOW COLUMNS FROM `new_tax` [ RunTime:0.0019s ]
SQL: SELECT * FROM `new_tax` WHERE `is_del` = 1  [ RunTime:0.0009s ]
SQL: SHOW COLUMNS FROM `plate_conts_price` [ RunTime:0.0019s ]
SQL: SELECT * FROM `plate_conts_price` WHERE `blank_id` = 1739 AND `is_del` = 1 ORDER BY sort asc, id asc  [ RunTime:0.0005s ]
SQL: SELECT * FROM `plate_conts_blank` WHERE `pid` = 1 AND `status` = 1 ORDER BY cat_index asc  [ RunTime:0.0004s ]
SQL: SHOW COLUMNS FROM `plate_conts_blank_group` [ RunTime:0.0035s ]
SQL: SELECT * FROM `plate_conts_blank_group` WHERE `pid` = 0 ORDER BY sort asc, id asc  [ RunTime:0.0007s ]
ERR: {"status":1,"msg":"\u83b7\u53d6\u6210\u529f","data":{"info":{"id":1739,"pid":1,"group_id":5,"catname":"\u5546\u54c1","cat_index":1,"source":["6a2bd1928b6ed.png"],"sorts":0,"gimage":"6a2bcd01617ca.png","gnames":"\u94dc\u82af\u4ea4\u8054\u805a\u4e59\u70ef\u7edd\u7f18\u805a\u6c2f\u4e59\u70ef\u62a4\u5957\u963b\u71c3\u7535\u7f06\u3010\u4e5d\u6298\u6807\u51c6\u3011","up_a":"0.0","down_a":"0.0","up_b":"0.0","down_b":"0.0","up_c":"0.0","down_c":"0.0","up_d":"0.0","down_d":"0.0","up_e":"0.0","down_e":"0.0","up_f":"0.0","down_f":"0.0","ticket_nor":3,"ticket_person":11,"status":1,"uptimes":1781256594,"times":1781095065,"new_tax_id":1},"key":{"keya":null,"keyb":null,"keyc":null,"keyd":null,"keye":null,"keyf":null,"keyg":null,"keyh":null},"list":[],"tax_list":[{"id":1,"pid":0,"name":"\u7535\u529b\u7535\u7f06\u7a0e\u7387\u53d1\u7968","alias_name":"","normal_tax":"3.00","special_tax":"11.00","status":1,"is_del":1,"add_time":0,"up_time":0},{"id":2,"pid":0,"name":"\u5bb6\u88c5\u7535\u7ebf\u7a0e\u7387","alias_name":"","normal_tax":"3.00","special_tax":"10.00","status":1,"is_del":1,"add_time":0,"up_time":0},{"id":3,"pid":0,"name":"\u521a\u6027\u9632\u706b\u7535\u7f06\u7a0e\u7387","alias_name":"","normal_tax":"3.00","special_tax":"9.00","status":1,"is_del":1,"add_time":0,"up_time":0},{"id":9,"pid":0,"name":"\u6a61\u5957\u7535\u7f06\u7a0e\u7387","alias_name":"","normal_tax":"3.00","special_tax":"11.00","status":1,"is_del":1,"add_time":0,"up_time":0},{"id":10,"pid":0,"name":"\u77ff\u7528\u6a61\u80f6\u7535\u7f06\u7a0e\u7387","alias_name":"","normal_tax":"4.00","special_tax":"12.00","status":1,"is_del":1,"add_time":0,"up_time":0}],"price_list":[{"id":2648,"plate_conts_id":1,"new_cate_one_id":1,"new_cate_two_id":355,"new_cate_three_id":356,"name":"\u94dc\u82af\u5bfc\u4f53","ratio":"1.00","sort":1000,"is_del":1,"cat_index":1,"blank_id":1739},{"id":2649,"plate_conts_id":1,"new_cate_one_id":1,"new_cate_two_id":355,"new_cate_three_id":362,"name":"\u8f90\u7167\u4ea4\u8054\u7edd\u7f18","ratio":"1.00","sort":1000,"is_del":1,"cat_index":1,"blank_id":1739},{"id":2650,"plate_conts_id":1,"new_cate_one_id":1,"new_cate_two_id":355,"new_cate_three_id":371,"name":"PVC\u62a4\u5957","ratio":"1.00","sort":1000,"is_del":1,"cat_index":1,"blank_id":1739},{"id":7812,"plate_conts_id":1,"new_cate_one_id":1,"new_cate_two_id":355,"new_cate_three_id":356,"name":"\u94dc\u82af\u5bfc\u4f53","ratio":"0.90","sort":1000,"is_del":1,"cat_index":1,"blank_id":1739},{"id":7813,"plate_conts_id":1,"new_cate_one_id":1,"new_cate_two_id":355,"new_cate_three_id":362,"name":"\u8f90\u7167\u4ea4\u8054\u7edd\u7f18","ratio":"1.00","sort":1000,"is_del":1,"cat_index":1,"blank_id":1739}],"all_blanks":[{"id":1739,"pid":1,"group_id":5,"catname":"\u5546\u54c1","cat_index":1,"source":"[\"6a2bd1928b6ed.png\"]","sorts":0,"gimage":"6a2bcd01617ca.png","gnames":"\u94dc\u82af\u4ea4\u8054\u805a\u4e59\u70ef\u7edd\u7f18\u805a\u6c2f\u4e59\u70ef\u62a4\u5957\u963b\u71c3\u7535\u7f06\u3010\u4e5d\u6298\u6807\u51c6\u3011","up_a":"0.0","down_a":"0.0","up_b":"0.0","down_b":"0.0","up_c":"0.0","down_c":"0.0","up_d":"0.0","down_d":"0.0","up_e":"0.0","down_e":"0.0","up_f":"0.0","down_f":"0.0","ticket_nor":3,"ticket_person":11,"status":1,"uptimes":1781256594,"times":1781095065,"new_tax_id":1},{"id":1740,"pid":1,"group_id":5,"catname":"\u4e5d\u6298\u6807\u51c6","cat_index":2,"source":"[\"677187340b61b.png\"]","sorts":null,"gimage":"677187340b3d7.png","gnames":"\u94dc\u82af\u4ea4\u8054\u805a\u4e59\u70ef\u7edd\u7f18\u805a\u6c2f\u4e59\u70ef\u62a4\u5957\u963b\u71c3\u7535\u7f06\u3010\u4e5d\u6298\u6807\u51c6\u3011","up_a":"0.0","down_a":"0.0","up_b":"0.0","down_b":"0.0","up_c":"0.0","down_c":"0.0","up_d":"0.0","down_d":"0.0","up_e":"0.0","down_e":"0.0","up_f":"0.0","down_f":"0.0","ticket_nor":3,"ticket_person":11,"status":1,"uptimes":1781228972,"times":1781228972,"new_tax_id":1},{"id":1741,"pid":1,"group_id":5,"catname":"\u516b\u6298\u6807\u51c6","cat_index":3,"source":"[\"677187340b61b.png\"]","sorts":null,"gimage":"677187340b3d7.png","gnames":"\u94dc\u82af\u4ea4\u8054\u805a\u4e59\u70ef\u7edd\u7f18\u805a\u6c2f\u4e59\u70ef\u62a4\u5957\u963b\u71c3\u7535\u7f06\u3010\u4e5d\u6298\u6807\u51c6\u3011","up_a":"0.0","down_a":"0.0","up_b":"0.0","down_b":"0.0","up_c":"0.0","down_c":"0.0","up_d":"0.0","down_d":"0.0","up_e":"0.0","down_e":"0.0","up_f":"0.0","down_f":"0.0","ticket_nor":3,"ticket_person":11,"status":1,"uptimes":1781228972,"times":1781228972,"new_tax_id":1}],"group_list":[{"id":1,"pid":0,"name":"\u6807\u51c61\u9009\u9879\u5361","ratio":"1.000000","sort":1,"add_time":1781435857,"up_time":1781435857},{"id":5,"pid":0,"name":"\u6807\u51c61\u9009\u9879\u5361","ratio":"1.000000","sort":1,"add_time":1781423342,"up_time":1781423342},{"id":2,"pid":0,"name":"\u6807\u51c62\u9009\u9879\u5361","ratio":"1.000000","sort":2,"add_time":1781435857,"up_time":1781435857},{"id":6,"pid":0,"name":"\u6807\u51c62\u9009\u9879\u5361","ratio":"1.000000","sort":2,"add_time":1781423342,"up_time":1781423342},{"id":7,"pid":0,"name":"\u6807\u51c63\u9009\u9879\u5361","ratio":"1.000000","sort":3,"add_time":1781423342,"up_time":1781423342},{"id":8,"pid":0,"name":"\u6807\u51c64\u9009\u9879\u5361","ratio":"1.000000","sort":4,"add_time":1781423342,"up_time":1781423342},{"id":9,"pid":0,"name":"\u6807\u51c65\u9009\u9879\u5361","ratio":"1.000000","sort":5,"add_time":1781423342,"up_time":1781423342},{"id":10,"pid":0,"name":"\u6807\u51c66\u9009\u9879\u5361","ratio":"1.000000","sort":6,"add_time":1781423342,"up_time":1781423342},{"id":11,"pid":0,"name":"\u6807\u51c67\u9009\u9879\u5361","ratio":"1.000000","sort":7,"add_time":1781423342,"up_time":1781423342},{"id":12,"pid":0,"name":"\u6807\u51c68\u9009\u9879\u5361","ratio":"1.000000","sort":8,"add_time":1781423342,"up_time":1781423342},{"id":13,"pid":0,"name":"\u6807\u51c69\u9009\u9879\u5361","ratio":"1.000000","sort":9,"add_time":1781423342,"up_time":1781423342},{"id":14,"pid":0,"name":"\u6807\u51c610\u9009\u9879\u5361","ratio":"1.000000","sort":10,"add_time":1781423342,"up_time":1781423342}]}}

[ 2026-06-15T16:43:50+08:00 ] ::1 /Home/Goods/plate_conts_blankr.html
INFO: [ app_init ] --START--
INFO: Run Behavior\BuildLiteBehavior [ RunTime:0.000009s ]
INFO: [ app_init ] --END-- [ RunTime:0.000076s ]
INFO: [ app_begin ] --START--
INFO: Run Behavior\ReadHtmlCacheBehavior [ RunTime:0.000028s ]
INFO: [ app_begin ] --END-- [ RunTime:0.000046s ]
SQL: SHOW COLUMNS FROM `plate_conts_blank` [ RunTime:0.0038s ]
SQL: SHOW COLUMNS FROM `plate_conts_logs` [ RunTime:0.0027s ]
SQL: SHOW COLUMNS FROM `plate_conts_logsr` [ RunTime:0.0024s ]
SQL: SELECT * FROM `plate_conts_blank` WHERE `id` = 1740 LIMIT 1   [ RunTime:0.0009s ]
SQL: SELECT * FROM `plate_conts_logs` WHERE `blank_id` = 1740 ORDER BY number asc,id asc  [ RunTime:0.0005s ]
SQL: SELECT `key_0` FROM `plate_conts_logs` WHERE `blank_id` = 1740 GROUP BY key_0 LIMIT 1   [ RunTime:0.0002s ]
SQL: SELECT `key_1` FROM `plate_conts_logs` WHERE `blank_id` = 1740 GROUP BY key_1 LIMIT 1   [ RunTime:0.0004s ]
SQL: SELECT `key_2` FROM `plate_conts_logs` WHERE `blank_id` = 1740 GROUP BY key_2 LIMIT 1   [ RunTime:0.0007s ]
SQL: SELECT `key_3` FROM `plate_conts_logs` WHERE `blank_id` = 1740 GROUP BY key_3 LIMIT 1   [ RunTime:0.0004s ]
SQL: SELECT `key_4` FROM `plate_conts_logs` WHERE `blank_id` = 1740 GROUP BY key_4 LIMIT 1   [ RunTime:0.0004s ]
SQL: SELECT `key_5` FROM `plate_conts_logs` WHERE `blank_id` = 1740 GROUP BY key_5 LIMIT 1   [ RunTime:0.0004s ]
SQL: SELECT `key_6` FROM `plate_conts_logs` WHERE `blank_id` = 1740 GROUP BY key_6 LIMIT 1   [ RunTime:0.0004s ]
SQL: SELECT `key_7` FROM `plate_conts_logs` WHERE `blank_id` = 1740 GROUP BY key_7 LIMIT 1   [ RunTime:0.0004s ]
NOTIC: [2] Trying to access array offset on value of type null /Users/gangliu/data/catdesk_workspace/yilan/App/Home/Controller/GoodsController.class.php 第 793 行.
NOTIC: [2] Trying to access array offset on value of type null /Users/gangliu/data/catdesk_workspace/yilan/App/Home/Controller/GoodsController.class.php 第 793 行.
NOTIC: [2] Trying to access array offset on value of type null /Users/gangliu/data/catdesk_workspace/yilan/App/Home/Controller/GoodsController.class.php 第 793 行.
NOTIC: [2] Trying to access array offset on value of type null /Users/gangliu/data/catdesk_workspace/yilan/App/Home/Controller/GoodsController.class.php 第 794 行.
NOTIC: [2] Trying to access array offset on value of type null /Users/gangliu/data/catdesk_workspace/yilan/App/Home/Controller/GoodsController.class.php 第 794 行.
NOTIC: [2] Trying to access array offset on value of type null /Users/gangliu/data/catdesk_workspace/yilan/App/Home/Controller/GoodsController.class.php 第 795 行.
NOTIC: [2] Trying to access array offset on value of type null /Users/gangliu/data/catdesk_workspace/yilan/App/Home/Controller/GoodsController.class.php 第 795 行.
NOTIC: [2] Trying to access array offset on value of type null /Users/gangliu/data/catdesk_workspace/yilan/App/Home/Controller/GoodsController.class.php 第 795 行.
SQL: SHOW COLUMNS FROM `new_tax` [ RunTime:0.0036s ]
SQL: SELECT * FROM `new_tax` WHERE `is_del` = 1  [ RunTime:0.0009s ]
SQL: SHOW COLUMNS FROM `plate_conts_price` [ RunTime:0.0036s ]
SQL: SELECT * FROM `plate_conts_price` WHERE `blank_id` = 1740 AND `is_del` = 1 ORDER BY sort asc, id asc  [ RunTime:0.0012s ]
SQL: SELECT * FROM `plate_conts_blank` WHERE `pid` = 1 AND `status` = 1 ORDER BY cat_index asc  [ RunTime:0.0009s ]
SQL: SHOW COLUMNS FROM `plate_conts_blank_group` [ RunTime:0.0033s ]
SQL: SELECT * FROM `plate_conts_blank_group` WHERE `pid` = 0 ORDER BY sort asc, id asc  [ RunTime:0.0008s ]
ERR: {"status":1,"msg":"\u83b7\u53d6\u6210\u529f","data":{"info":{"id":1740,"pid":1,"group_id":5,"catname":"\u4e5d\u6298\u6807\u51c6","cat_index":2,"source":["677187340b61b.png"],"sorts":null,"gimage":"677187340b3d7.png","gnames":"\u94dc\u82af\u4ea4\u8054\u805a\u4e59\u70ef\u7edd\u7f18\u805a\u6c2f\u4e59\u70ef\u62a4\u5957\u963b\u71c3\u7535\u7f06\u3010\u4e5d\u6298\u6807\u51c6\u3011","up_a":"0.0","down_a":"0.0","up_b":"0.0","down_b":"0.0","up_c":"0.0","down_c":"0.0","up_d":"0.0","down_d":"0.0","up_e":"0.0","down_e":"0.0","up_f":"0.0","down_f":"0.0","ticket_nor":3,"ticket_person":11,"status":1,"uptimes":1781228972,"times":1781228972,"new_tax_id":1},"key":{"keya":null,"keyb":null,"keyc":null,"keyd":null,"keye":null,"keyf":null,"keyg":null,"keyh":null},"list":[],"tax_list":[{"id":1,"pid":0,"name":"\u7535\u529b\u7535\u7f06\u7a0e\u7387\u53d1\u7968","alias_name":"","normal_tax":"3.00","special_tax":"11.00","status":1,"is_del":1,"add_time":0,"up_time":0},{"id":2,"pid":0,"name":"\u5bb6\u88c5\u7535\u7ebf\u7a0e\u7387","alias_name":"","normal_tax":"3.00","special_tax":"10.00","status":1,"is_del":1,"add_time":0,"up_time":0},{"id":3,"pid":0,"name":"\u521a\u6027\u9632\u706b\u7535\u7f06\u7a0e\u7387","alias_name":"","normal_tax":"3.00","special_tax":"9.00","status":1,"is_del":1,"add_time":0,"up_time":0},{"id":9,"pid":0,"name":"\u6a61\u5957\u7535\u7f06\u7a0e\u7387","alias_name":"","normal_tax":"3.00","special_tax":"11.00","status":1,"is_del":1,"add_time":0,"up_time":0},{"id":10,"pid":0,"name":"\u77ff\u7528\u6a61\u80f6\u7535\u7f06\u7a0e\u7387","alias_name":"","normal_tax":"4.00","special_tax":"12.00","status":1,"is_del":1,"add_time":0,"up_time":0}],"price_list":[{"id":2651,"plate_conts_id":1,"new_cate_one_id":1,"new_cate_two_id":355,"new_cate_three_id":356,"name":"\u94dc\u82af\u5bfc\u4f53","ratio":"0.90","sort":1000,"is_del":1,"cat_index":2,"blank_id":1740},{"id":2652,"plate_conts_id":1,"new_cate_one_id":1,"new_cate_two_id":355,"new_cate_three_id":362,"name":"\u8f90\u7167\u4ea4\u8054\u7edd\u7f18","ratio":"1.00","sort":1000,"is_del":1,"cat_index":2,"blank_id":1740},{"id":2653,"plate_conts_id":1,"new_cate_one_id":1,"new_cate_two_id":355,"new_cate_three_id":371,"name":"PVC\u62a4\u5957","ratio":"1.00","sort":1000,"is_del":1,"cat_index":2,"blank_id":1740}],"all_blanks":[{"id":1739,"pid":1,"group_id":5,"catname":"\u5546\u54c1","cat_index":1,"source":"[\"6a2bd1928b6ed.png\"]","sorts":0,"gimage":"6a2bcd01617ca.png","gnames":"\u94dc\u82af\u4ea4\u8054\u805a\u4e59\u70ef\u7edd\u7f18\u805a\u6c2f\u4e59\u70ef\u62a4\u5957\u963b\u71c3\u7535\u7f06\u3010\u4e5d\u6298\u6807\u51c6\u3011","up_a":"0.0","down_a":"0.0","up_b":"0.0","down_b":"0.0","up_c":"0.0","down_c":"0.0","up_d":"0.0","down_d":"0.0","up_e":"0.0","down_e":"0.0","up_f":"0.0","down_f":"0.0","ticket_nor":3,"ticket_person":11,"status":1,"uptimes":1781256594,"times":1781095065,"new_tax_id":1},{"id":1740,"pid":1,"group_id":5,"catname":"\u4e5d\u6298\u6807\u51c6","cat_index":2,"source":"[\"677187340b61b.png\"]","sorts":null,"gimage":"677187340b3d7.png","gnames":"\u94dc\u82af\u4ea4\u8054\u805a\u4e59\u70ef\u7edd\u7f18\u805a\u6c2f\u4e59\u70ef\u62a4\u5957\u963b\u71c3\u7535\u7f06\u3010\u4e5d\u6298\u6807\u51c6\u3011","up_a":"0.0","down_a":"0.0","up_b":"0.0","down_b":"0.0","up_c":"0.0","down_c":"0.0","up_d":"0.0","down_d":"0.0","up_e":"0.0","down_e":"0.0","up_f":"0.0","down_f":"0.0","ticket_nor":3,"ticket_person":11,"status":1,"uptimes":1781228972,"times":1781228972,"new_tax_id":1},{"id":1741,"pid":1,"group_id":5,"catname":"\u516b\u6298\u6807\u51c6","cat_index":3,"source":"[\"677187340b61b.png\"]","sorts":null,"gimage":"677187340b3d7.png","gnames":"\u94dc\u82af\u4ea4\u8054\u805a\u4e59\u70ef\u7edd\u7f18\u805a\u6c2f\u4e59\u70ef\u62a4\u5957\u963b\u71c3\u7535\u7f06\u3010\u4e5d\u6298\u6807\u51c6\u3011","up_a":"0.0","down_a":"0.0","up_b":"0.0","down_b":"0.0","up_c":"0.0","down_c":"0.0","up_d":"0.0","down_d":"0.0","up_e":"0.0","down_e":"0.0","up_f":"0.0","down_f":"0.0","ticket_nor":3,"ticket_person":11,"status":1,"uptimes":1781228972,"times":1781228972,"new_tax_id":1}],"group_list":[{"id":1,"pid":0,"name":"\u6807\u51c61\u9009\u9879\u5361","ratio":"1.000000","sort":1,"add_time":1781435857,"up_time":1781435857},{"id":5,"pid":0,"name":"\u6807\u51c61\u9009\u9879\u5361","ratio":"1.000000","sort":1,"add_time":1781423342,"up_time":1781423342},{"id":2,"pid":0,"name":"\u6807\u51c62\u9009\u9879\u5361","ratio":"1.000000","sort":2,"add_time":1781435857,"up_time":1781435857},{"id":6,"pid":0,"name":"\u6807\u51c62\u9009\u9879\u5361","ratio":"1.000000","sort":2,"add_time":1781423342,"up_time":1781423342},{"id":7,"pid":0,"name":"\u6807\u51c63\u9009\u9879\u5361","ratio":"1.000000","sort":3,"add_time":1781423342,"up_time":1781423342},{"id":8,"pid":0,"name":"\u6807\u51c64\u9009\u9879\u5361","ratio":"1.000000","sort":4,"add_time":1781423342,"up_time":1781423342},{"id":9,"pid":0,"name":"\u6807\u51c65\u9009\u9879\u5361","ratio":"1.000000","sort":5,"add_time":1781423342,"up_time":1781423342},{"id":10,"pid":0,"name":"\u6807\u51c66\u9009\u9879\u5361","ratio":"1.000000","sort":6,"add_time":1781423342,"up_time":1781423342},{"id":11,"pid":0,"name":"\u6807\u51c67\u9009\u9879\u5361","ratio":"1.000000","sort":7,"add_time":1781423342,"up_time":1781423342},{"id":12,"pid":0,"name":"\u6807\u51c68\u9009\u9879\u5361","ratio":"1.000000","sort":8,"add_time":1781423342,"up_time":1781423342},{"id":13,"pid":0,"name":"\u6807\u51c69\u9009\u9879\u5361","ratio":"1.000000","sort":9,"add_time":1781423342,"up_time":1781423342},{"id":14,"pid":0,"name":"\u6807\u51c610\u9009\u9879\u5361","ratio":"1.000000","sort":10,"add_time":1781423342,"up_time":1781423342}]}}

[ 2026-06-15T16:43:50+08:00 ] ::1 /Home/Goods/plate_conts_blankr.html
INFO: [ app_init ] --START--
INFO: Run Behavior\BuildLiteBehavior [ RunTime:0.000006s ]
INFO: [ app_init ] --END-- [ RunTime:0.000048s ]
INFO: [ app_begin ] --START--
INFO: Run Behavior\ReadHtmlCacheBehavior [ RunTime:0.000040s ]
INFO: [ app_begin ] --END-- [ RunTime:0.000070s ]
SQL: SHOW COLUMNS FROM `plate_conts_blank` [ RunTime:0.0035s ]
SQL: SHOW COLUMNS FROM `plate_conts_logs` [ RunTime:0.0033s ]
SQL: SHOW COLUMNS FROM `plate_conts_logsr` [ RunTime:0.0021s ]
SQL: SELECT * FROM `plate_conts_blank` WHERE `id` = 1741 LIMIT 1   [ RunTime:0.0008s ]
SQL: SELECT * FROM `plate_conts_logs` WHERE `blank_id` = 1741 ORDER BY number asc,id asc  [ RunTime:0.0009s ]
SQL: SELECT `key_0` FROM `plate_conts_logs` WHERE `blank_id` = 1741 GROUP BY key_0 LIMIT 1   [ RunTime:0.0006s ]
SQL: SELECT `key_1` FROM `plate_conts_logs` WHERE `blank_id` = 1741 GROUP BY key_1 LIMIT 1   [ RunTime:0.0005s ]
SQL: SELECT `key_2` FROM `plate_conts_logs` WHERE `blank_id` = 1741 GROUP BY key_2 LIMIT 1   [ RunTime:0.0004s ]
SQL: SELECT `key_3` FROM `plate_conts_logs` WHERE `blank_id` = 1741 GROUP BY key_3 LIMIT 1   [ RunTime:0.0003s ]
SQL: SELECT `key_4` FROM `plate_conts_logs` WHERE `blank_id` = 1741 GROUP BY key_4 LIMIT 1   [ RunTime:0.0003s ]
SQL: SELECT `key_5` FROM `plate_conts_logs` WHERE `blank_id` = 1741 GROUP BY key_5 LIMIT 1   [ RunTime:0.0005s ]
SQL: SELECT `key_6` FROM `plate_conts_logs` WHERE `blank_id` = 1741 GROUP BY key_6 LIMIT 1   [ RunTime:0.0005s ]
SQL: SELECT `key_7` FROM `plate_conts_logs` WHERE `blank_id` = 1741 GROUP BY key_7 LIMIT 1   [ RunTime:0.0005s ]
NOTIC: [2] Trying to access array offset on value of type null /Users/gangliu/data/catdesk_workspace/yilan/App/Home/Controller/GoodsController.class.php 第 793 行.
NOTIC: [2] Trying to access array offset on value of type null /Users/gangliu/data/catdesk_workspace/yilan/App/Home/Controller/GoodsController.class.php 第 793 行.
NOTIC: [2] Trying to access array offset on value of type null /Users/gangliu/data/catdesk_workspace/yilan/App/Home/Controller/GoodsController.class.php 第 793 行.
NOTIC: [2] Trying to access array offset on value of type null /Users/gangliu/data/catdesk_workspace/yilan/App/Home/Controller/GoodsController.class.php 第 794 行.
NOTIC: [2] Trying to access array offset on value of type null /Users/gangliu/data/catdesk_workspace/yilan/App/Home/Controller/GoodsController.class.php 第 794 行.
NOTIC: [2] Trying to access array offset on value of type null /Users/gangliu/data/catdesk_workspace/yilan/App/Home/Controller/GoodsController.class.php 第 795 行.
NOTIC: [2] Trying to access array offset on value of type null /Users/gangliu/data/catdesk_workspace/yilan/App/Home/Controller/GoodsController.class.php 第 795 行.
NOTIC: [2] Trying to access array offset on value of type null /Users/gangliu/data/catdesk_workspace/yilan/App/Home/Controller/GoodsController.class.php 第 795 行.
SQL: SHOW COLUMNS FROM `new_tax` [ RunTime:0.0024s ]
SQL: SELECT * FROM `new_tax` WHERE `is_del` = 1  [ RunTime:0.0008s ]
SQL: SHOW COLUMNS FROM `plate_conts_price` [ RunTime:0.0021s ]
SQL: SELECT * FROM `plate_conts_price` WHERE `blank_id` = 1741 AND `is_del` = 1 ORDER BY sort asc, id asc  [ RunTime:0.0010s ]
SQL: SELECT * FROM `plate_conts_blank` WHERE `pid` = 1 AND `status` = 1 ORDER BY cat_index asc  [ RunTime:0.0004s ]
SQL: SHOW COLUMNS FROM `plate_conts_blank_group` [ RunTime:0.0018s ]
SQL: SELECT * FROM `plate_conts_blank_group` WHERE `pid` = 0 ORDER BY sort asc, id asc  [ RunTime:0.0006s ]
ERR: {"status":1,"msg":"\u83b7\u53d6\u6210\u529f","data":{"info":{"id":1741,"pid":1,"group_id":5,"catname":"\u516b\u6298\u6807\u51c6","cat_index":3,"source":["677187340b61b.png"],"sorts":null,"gimage":"677187340b3d7.png","gnames":"\u94dc\u82af\u4ea4\u8054\u805a\u4e59\u70ef\u7edd\u7f18\u805a\u6c2f\u4e59\u70ef\u62a4\u5957\u963b\u71c3\u7535\u7f06\u3010\u4e5d\u6298\u6807\u51c6\u3011","up_a":"0.0","down_a":"0.0","up_b":"0.0","down_b":"0.0","up_c":"0.0","down_c":"0.0","up_d":"0.0","down_d":"0.0","up_e":"0.0","down_e":"0.0","up_f":"0.0","down_f":"0.0","ticket_nor":3,"ticket_person":11,"status":1,"uptimes":1781228972,"times":1781228972,"new_tax_id":1},"key":{"keya":null,"keyb":null,"keyc":null,"keyd":null,"keye":null,"keyf":null,"keyg":null,"keyh":null},"list":[],"tax_list":[{"id":1,"pid":0,"name":"\u7535\u529b\u7535\u7f06\u7a0e\u7387\u53d1\u7968","alias_name":"","normal_tax":"3.00","special_tax":"11.00","status":1,"is_del":1,"add_time":0,"up_time":0},{"id":2,"pid":0,"name":"\u5bb6\u88c5\u7535\u7ebf\u7a0e\u7387","alias_name":"","normal_tax":"3.00","special_tax":"10.00","status":1,"is_del":1,"add_time":0,"up_time":0},{"id":3,"pid":0,"name":"\u521a\u6027\u9632\u706b\u7535\u7f06\u7a0e\u7387","alias_name":"","normal_tax":"3.00","special_tax":"9.00","status":1,"is_del":1,"add_time":0,"up_time":0},{"id":9,"pid":0,"name":"\u6a61\u5957\u7535\u7f06\u7a0e\u7387","alias_name":"","normal_tax":"3.00","special_tax":"11.00","status":1,"is_del":1,"add_time":0,"up_time":0},{"id":10,"pid":0,"name":"\u77ff\u7528\u6a61\u80f6\u7535\u7f06\u7a0e\u7387","alias_name":"","normal_tax":"4.00","special_tax":"12.00","status":1,"is_del":1,"add_time":0,"up_time":0}],"price_list":[{"id":2654,"plate_conts_id":1,"new_cate_one_id":1,"new_cate_two_id":355,"new_cate_three_id":356,"name":"\u94dc\u82af\u5bfc\u4f53","ratio":"0.80","sort":1000,"is_del":1,"cat_index":3,"blank_id":1741},{"id":2655,"plate_conts_id":1,"new_cate_one_id":1,"new_cate_two_id":355,"new_cate_three_id":362,"name":"\u8f90\u7167\u4ea4\u8054\u7edd\u7f18","ratio":"1.00","sort":1000,"is_del":1,"cat_index":3,"blank_id":1741},{"id":2656,"plate_conts_id":1,"new_cate_one_id":1,"new_cate_two_id":355,"new_cate_three_id":371,"name":"PVC\u62a4\u5957","ratio":"1.00","sort":1000,"is_del":1,"cat_index":3,"blank_id":1741},{"id":7815,"plate_conts_id":1,"new_cate_one_id":1,"new_cate_two_id":355,"new_cate_three_id":356,"name":"\u94dc\u82af\u5bfc\u4f53","ratio":"0.90","sort":1000,"is_del":1,"cat_index":3,"blank_id":1741},{"id":7816,"plate_conts_id":1,"new_cate_one_id":1,"new_cate_two_id":355,"new_cate_three_id":362,"name":"\u8f90\u7167\u4ea4\u8054\u7edd\u7f18","ratio":"1.00","sort":1000,"is_del":1,"cat_index":3,"blank_id":1741}],"all_blanks":[{"id":1739,"pid":1,"group_id":5,"catname":"\u5546\u54c1","cat_index":1,"source":"[\"6a2bd1928b6ed.png\"]","sorts":0,"gimage":"6a2bcd01617ca.png","gnames":"\u94dc\u82af\u4ea4\u8054\u805a\u4e59\u70ef\u7edd\u7f18\u805a\u6c2f\u4e59\u70ef\u62a4\u5957\u963b\u71c3\u7535\u7f06\u3010\u4e5d\u6298\u6807\u51c6\u3011","up_a":"0.0","down_a":"0.0","up_b":"0.0","down_b":"0.0","up_c":"0.0","down_c":"0.0","up_d":"0.0","down_d":"0.0","up_e":"0.0","down_e":"0.0","up_f":"0.0","down_f":"0.0","ticket_nor":3,"ticket_person":11,"status":1,"uptimes":1781256594,"times":1781095065,"new_tax_id":1},{"id":1740,"pid":1,"group_id":5,"catname":"\u4e5d\u6298\u6807\u51c6","cat_index":2,"source":"[\"677187340b61b.png\"]","sorts":null,"gimage":"677187340b3d7.png","gnames":"\u94dc\u82af\u4ea4\u8054\u805a\u4e59\u70ef\u7edd\u7f18\u805a\u6c2f\u4e59\u70ef\u62a4\u5957\u963b\u71c3\u7535\u7f06\u3010\u4e5d\u6298\u6807\u51c6\u3011","up_a":"0.0","down_a":"0.0","up_b":"0.0","down_b":"0.0","up_c":"0.0","down_c":"0.0","up_d":"0.0","down_d":"0.0","up_e":"0.0","down_e":"0.0","up_f":"0.0","down_f":"0.0","ticket_nor":3,"ticket_person":11,"status":1,"uptimes":1781228972,"times":1781228972,"new_tax_id":1},{"id":1741,"pid":1,"group_id":5,"catname":"\u516b\u6298\u6807\u51c6","cat_index":3,"source":"[\"677187340b61b.png\"]","sorts":null,"gimage":"677187340b3d7.png","gnames":"\u94dc\u82af\u4ea4\u8054\u805a\u4e59\u70ef\u7edd\u7f18\u805a\u6c2f\u4e59\u70ef\u62a4\u5957\u963b\u71c3\u7535\u7f06\u3010\u4e5d\u6298\u6807\u51c6\u3011","up_a":"0.0","down_a":"0.0","up_b":"0.0","down_b":"0.0","up_c":"0.0","down_c":"0.0","up_d":"0.0","down_d":"0.0","up_e":"0.0","down_e":"0.0","up_f":"0.0","down_f":"0.0","ticket_nor":3,"ticket_person":11,"status":1,"uptimes":1781228972,"times":1781228972,"new_tax_id":1}],"group_list":[{"id":1,"pid":0,"name":"\u6807\u51c61\u9009\u9879\u5361","ratio":"1.000000","sort":1,"add_time":1781435857,"up_time":1781435857},{"id":5,"pid":0,"name":"\u6807\u51c61\u9009\u9879\u5361","ratio":"1.000000","sort":1,"add_time":1781423342,"up_time":1781423342},{"id":2,"pid":0,"name":"\u6807\u51c62\u9009\u9879\u5361","ratio":"1.000000","sort":2,"add_time":1781435857,"up_time":1781435857},{"id":6,"pid":0,"name":"\u6807\u51c62\u9009\u9879\u5361","ratio":"1.000000","sort":2,"add_time":1781423342,"up_time":1781423342},{"id":7,"pid":0,"name":"\u6807\u51c63\u9009\u9879\u5361","ratio":"1.000000","sort":3,"add_time":1781423342,"up_time":1781423342},{"id":8,"pid":0,"name":"\u6807\u51c64\u9009\u9879\u5361","ratio":"1.000000","sort":4,"add_time":1781423342,"up_time":1781423342},{"id":9,"pid":0,"name":"\u6807\u51c65\u9009\u9879\u5361","ratio":"1.000000","sort":5,"add_time":1781423342,"up_time":1781423342},{"id":10,"pid":0,"name":"\u6807\u51c66\u9009\u9879\u5361","ratio":"1.000000","sort":6,"add_time":1781423342,"up_time":1781423342},{"id":11,"pid":0,"name":"\u6807\u51c67\u9009\u9879\u5361","ratio":"1.000000","sort":7,"add_time":1781423342,"up_time":1781423342},{"id":12,"pid":0,"name":"\u6807\u51c68\u9009\u9879\u5361","ratio":"1.000000","sort":8,"add_time":1781423342,"up_time":1781423342},{"id":13,"pid":0,"name":"\u6807\u51c69\u9009\u9879\u5361","ratio":"1.000000","sort":9,"add_time":1781423342,"up_time":1781423342},{"id":14,"pid":0,"name":"\u6807\u51c610\u9009\u9879\u5361","ratio":"1.000000","sort":10,"add_time":1781423342,"up_time":1781423342}]}}

[ 2026-06-15T16:43:54+08:00 ] ::1 /Home/Goods/plate_conts_blankr.html
INFO: [ app_init ] --START--
INFO: Run Behavior\BuildLiteBehavior [ RunTime:0.000010s ]
INFO: [ app_init ] --END-- [ RunTime:0.000148s ]
INFO: [ app_begin ] --START--
INFO: Run Behavior\ReadHtmlCacheBehavior [ RunTime:0.000041s ]
INFO: [ app_begin ] --END-- [ RunTime:0.000073s ]
SQL: SHOW COLUMNS FROM `plate_conts_blank` [ RunTime:0.0032s ]
SQL: SHOW COLUMNS FROM `plate_conts_logs` [ RunTime:0.0039s ]
SQL: SHOW COLUMNS FROM `plate_conts_logsr` [ RunTime:0.0034s ]
SQL: SELECT * FROM `plate_conts_blank` WHERE `id` = 1739 LIMIT 1   [ RunTime:0.0012s ]
SQL: SELECT * FROM `plate_conts_logs` WHERE `blank_id` = 1739 ORDER BY number asc,id asc  [ RunTime:0.0009s ]
SQL: SELECT `key_0` FROM `plate_conts_logs` WHERE `blank_id` = 1739 GROUP BY key_0 LIMIT 1   [ RunTime:0.0004s ]
SQL: SELECT `key_1` FROM `plate_conts_logs` WHERE `blank_id` = 1739 GROUP BY key_1 LIMIT 1   [ RunTime:0.0010s ]
SQL: SELECT `key_2` FROM `plate_conts_logs` WHERE `blank_id` = 1739 GROUP BY key_2 LIMIT 1   [ RunTime:0.0006s ]
SQL: SELECT `key_3` FROM `plate_conts_logs` WHERE `blank_id` = 1739 GROUP BY key_3 LIMIT 1   [ RunTime:0.0002s ]
SQL: SELECT `key_4` FROM `plate_conts_logs` WHERE `blank_id` = 1739 GROUP BY key_4 LIMIT 1   [ RunTime:0.0003s ]
SQL: SELECT `key_5` FROM `plate_conts_logs` WHERE `blank_id` = 1739 GROUP BY key_5 LIMIT 1   [ RunTime:0.0003s ]
SQL: SELECT `key_6` FROM `plate_conts_logs` WHERE `blank_id` = 1739 GROUP BY key_6 LIMIT 1   [ RunTime:0.0003s ]
SQL: SELECT `key_7` FROM `plate_conts_logs` WHERE `blank_id` = 1739 GROUP BY key_7 LIMIT 1   [ RunTime:0.0003s ]
NOTIC: [2] Trying to access array offset on value of type null /Users/gangliu/data/catdesk_workspace/yilan/App/Home/Controller/GoodsController.class.php 第 793 行.
NOTIC: [2] Trying to access array offset on value of type null /Users/gangliu/data/catdesk_workspace/yilan/App/Home/Controller/GoodsController.class.php 第 793 行.
NOTIC: [2] Trying to access array offset on value of type null /Users/gangliu/data/catdesk_workspace/yilan/App/Home/Controller/GoodsController.class.php 第 793 行.
NOTIC: [2] Trying to access array offset on value of type null /Users/gangliu/data/catdesk_workspace/yilan/App/Home/Controller/GoodsController.class.php 第 794 行.
NOTIC: [2] Trying to access array offset on value of type null /Users/gangliu/data/catdesk_workspace/yilan/App/Home/Controller/GoodsController.class.php 第 794 行.
NOTIC: [2] Trying to access array offset on value of type null /Users/gangliu/data/catdesk_workspace/yilan/App/Home/Controller/GoodsController.class.php 第 795 行.
NOTIC: [2] Trying to access array offset on value of type null /Users/gangliu/data/catdesk_workspace/yilan/App/Home/Controller/GoodsController.class.php 第 795 行.
NOTIC: [2] Trying to access array offset on value of type null /Users/gangliu/data/catdesk_workspace/yilan/App/Home/Controller/GoodsController.class.php 第 795 行.
SQL: SHOW COLUMNS FROM `new_tax` [ RunTime:0.0023s ]
SQL: SELECT * FROM `new_tax` WHERE `is_del` = 1  [ RunTime:0.0006s ]
SQL: SHOW COLUMNS FROM `plate_conts_price` [ RunTime:0.0024s ]
SQL: SELECT * FROM `plate_conts_price` WHERE `blank_id` = 1739 AND `is_del` = 1 ORDER BY sort asc, id asc  [ RunTime:0.0013s ]
SQL: SELECT * FROM `plate_conts_blank` WHERE `pid` = 1 AND `status` = 1 ORDER BY cat_index asc  [ RunTime:0.0008s ]
SQL: SHOW COLUMNS FROM `plate_conts_blank_group` [ RunTime:0.0015s ]
SQL: SELECT * FROM `plate_conts_blank_group` WHERE `pid` = 0 ORDER BY sort asc, id asc  [ RunTime:0.0007s ]
ERR: {"status":1,"msg":"\u83b7\u53d6\u6210\u529f","data":{"info":{"id":1739,"pid":1,"group_id":5,"catname":"\u5546\u54c1","cat_index":1,"source":["6a2bd1928b6ed.png"],"sorts":0,"gimage":"6a2bcd01617ca.png","gnames":"\u94dc\u82af\u4ea4\u8054\u805a\u4e59\u70ef\u7edd\u7f18\u805a\u6c2f\u4e59\u70ef\u62a4\u5957\u963b\u71c3\u7535\u7f06\u3010\u4e5d\u6298\u6807\u51c6\u3011","up_a":"0.0","down_a":"0.0","up_b":"0.0","down_b":"0.0","up_c":"0.0","down_c":"0.0","up_d":"0.0","down_d":"0.0","up_e":"0.0","down_e":"0.0","up_f":"0.0","down_f":"0.0","ticket_nor":3,"ticket_person":11,"status":1,"uptimes":1781256594,"times":1781095065,"new_tax_id":1},"key":{"keya":null,"keyb":null,"keyc":null,"keyd":null,"keye":null,"keyf":null,"keyg":null,"keyh":null},"list":[],"tax_list":[{"id":1,"pid":0,"name":"\u7535\u529b\u7535\u7f06\u7a0e\u7387\u53d1\u7968","alias_name":"","normal_tax":"3.00","special_tax":"11.00","status":1,"is_del":1,"add_time":0,"up_time":0},{"id":2,"pid":0,"name":"\u5bb6\u88c5\u7535\u7ebf\u7a0e\u7387","alias_name":"","normal_tax":"3.00","special_tax":"10.00","status":1,"is_del":1,"add_time":0,"up_time":0},{"id":3,"pid":0,"name":"\u521a\u6027\u9632\u706b\u7535\u7f06\u7a0e\u7387","alias_name":"","normal_tax":"3.00","special_tax":"9.00","status":1,"is_del":1,"add_time":0,"up_time":0},{"id":9,"pid":0,"name":"\u6a61\u5957\u7535\u7f06\u7a0e\u7387","alias_name":"","normal_tax":"3.00","special_tax":"11.00","status":1,"is_del":1,"add_time":0,"up_time":0},{"id":10,"pid":0,"name":"\u77ff\u7528\u6a61\u80f6\u7535\u7f06\u7a0e\u7387","alias_name":"","normal_tax":"4.00","special_tax":"12.00","status":1,"is_del":1,"add_time":0,"up_time":0}],"price_list":[{"id":2648,"plate_conts_id":1,"new_cate_one_id":1,"new_cate_two_id":355,"new_cate_three_id":356,"name":"\u94dc\u82af\u5bfc\u4f53","ratio":"1.00","sort":1000,"is_del":1,"cat_index":1,"blank_id":1739},{"id":2649,"plate_conts_id":1,"new_cate_one_id":1,"new_cate_two_id":355,"new_cate_three_id":362,"name":"\u8f90\u7167\u4ea4\u8054\u7edd\u7f18","ratio":"1.00","sort":1000,"is_del":1,"cat_index":1,"blank_id":1739},{"id":2650,"plate_conts_id":1,"new_cate_one_id":1,"new_cate_two_id":355,"new_cate_three_id":371,"name":"PVC\u62a4\u5957","ratio":"1.00","sort":1000,"is_del":1,"cat_index":1,"blank_id":1739},{"id":7812,"plate_conts_id":1,"new_cate_one_id":1,"new_cate_two_id":355,"new_cate_three_id":356,"name":"\u94dc\u82af\u5bfc\u4f53","ratio":"0.90","sort":1000,"is_del":1,"cat_index":1,"blank_id":1739},{"id":7813,"plate_conts_id":1,"new_cate_one_id":1,"new_cate_two_id":355,"new_cate_three_id":362,"name":"\u8f90\u7167\u4ea4\u8054\u7edd\u7f18","ratio":"1.00","sort":1000,"is_del":1,"cat_index":1,"blank_id":1739}],"all_blanks":[{"id":1739,"pid":1,"group_id":5,"catname":"\u5546\u54c1","cat_index":1,"source":"[\"6a2bd1928b6ed.png\"]","sorts":0,"gimage":"6a2bcd01617ca.png","gnames":"\u94dc\u82af\u4ea4\u8054\u805a\u4e59\u70ef\u7edd\u7f18\u805a\u6c2f\u4e59\u70ef\u62a4\u5957\u963b\u71c3\u7535\u7f06\u3010\u4e5d\u6298\u6807\u51c6\u3011","up_a":"0.0","down_a":"0.0","up_b":"0.0","down_b":"0.0","up_c":"0.0","down_c":"0.0","up_d":"0.0","down_d":"0.0","up_e":"0.0","down_e":"0.0","up_f":"0.0","down_f":"0.0","ticket_nor":3,"ticket_person":11,"status":1,"uptimes":1781256594,"times":1781095065,"new_tax_id":1},{"id":1740,"pid":1,"group_id":5,"catname":"\u4e5d\u6298\u6807\u51c6","cat_index":2,"source":"[\"677187340b61b.png\"]","sorts":null,"gimage":"677187340b3d7.png","gnames":"\u94dc\u82af\u4ea4\u8054\u805a\u4e59\u70ef\u7edd\u7f18\u805a\u6c2f\u4e59\u70ef\u62a4\u5957\u963b\u71c3\u7535\u7f06\u3010\u4e5d\u6298\u6807\u51c6\u3011","up_a":"0.0","down_a":"0.0","up_b":"0.0","down_b":"0.0","up_c":"0.0","down_c":"0.0","up_d":"0.0","down_d":"0.0","up_e":"0.0","down_e":"0.0","up_f":"0.0","down_f":"0.0","ticket_nor":3,"ticket_person":11,"status":1,"uptimes":1781228972,"times":1781228972,"new_tax_id":1},{"id":1741,"pid":1,"group_id":5,"catname":"\u516b\u6298\u6807\u51c6","cat_index":3,"source":"[\"677187340b61b.png\"]","sorts":null,"gimage":"677187340b3d7.png","gnames":"\u94dc\u82af\u4ea4\u8054\u805a\u4e59\u70ef\u7edd\u7f18\u805a\u6c2f\u4e59\u70ef\u62a4\u5957\u963b\u71c3\u7535\u7f06\u3010\u4e5d\u6298\u6807\u51c6\u3011","up_a":"0.0","down_a":"0.0","up_b":"0.0","down_b":"0.0","up_c":"0.0","down_c":"0.0","up_d":"0.0","down_d":"0.0","up_e":"0.0","down_e":"0.0","up_f":"0.0","down_f":"0.0","ticket_nor":3,"ticket_person":11,"status":1,"uptimes":1781228972,"times":1781228972,"new_tax_id":1}],"group_list":[{"id":1,"pid":0,"name":"\u6807\u51c61\u9009\u9879\u5361","ratio":"1.000000","sort":1,"add_time":1781435857,"up_time":1781435857},{"id":5,"pid":0,"name":"\u6807\u51c61\u9009\u9879\u5361","ratio":"1.000000","sort":1,"add_time":1781423342,"up_time":1781423342},{"id":2,"pid":0,"name":"\u6807\u51c62\u9009\u9879\u5361","ratio":"1.000000","sort":2,"add_time":1781435857,"up_time":1781435857},{"id":6,"pid":0,"name":"\u6807\u51c62\u9009\u9879\u5361","ratio":"1.000000","sort":2,"add_time":1781423342,"up_time":1781423342},{"id":7,"pid":0,"name":"\u6807\u51c63\u9009\u9879\u5361","ratio":"1.000000","sort":3,"add_time":1781423342,"up_time":1781423342},{"id":8,"pid":0,"name":"\u6807\u51c64\u9009\u9879\u5361","ratio":"1.000000","sort":4,"add_time":1781423342,"up_time":1781423342},{"id":9,"pid":0,"name":"\u6807\u51c65\u9009\u9879\u5361","ratio":"1.000000","sort":5,"add_time":1781423342,"up_time":1781423342},{"id":10,"pid":0,"name":"\u6807\u51c66\u9009\u9879\u5361","ratio":"1.000000","sort":6,"add_time":1781423342,"up_time":1781423342},{"id":11,"pid":0,"name":"\u6807\u51c67\u9009\u9879\u5361","ratio":"1.000000","sort":7,"add_time":1781423342,"up_time":1781423342},{"id":12,"pid":0,"name":"\u6807\u51c68\u9009\u9879\u5361","ratio":"1.000000","sort":8,"add_time":1781423342,"up_time":1781423342},{"id":13,"pid":0,"name":"\u6807\u51c69\u9009\u9879\u5361","ratio":"1.000000","sort":9,"add_time":1781423342,"up_time":1781423342},{"id":14,"pid":0,"name":"\u6807\u51c610\u9009\u9879\u5361","ratio":"1.000000","sort":10,"add_time":1781423342,"up_time":1781423342}]}}

[ 2026-06-15T16:43:59+08:00 ] ::1 /Home/Goods/plate_conts_blankr.html
INFO: [ app_init ] --START--
INFO: Run Behavior\BuildLiteBehavior [ RunTime:0.000012s ]
INFO: [ app_init ] --END-- [ RunTime:0.000122s ]
INFO: [ app_begin ] --START--
INFO: Run Behavior\ReadHtmlCacheBehavior [ RunTime:0.000048s ]
INFO: [ app_begin ] --END-- [ RunTime:0.000086s ]
SQL: SHOW COLUMNS FROM `plate_conts_blank` [ RunTime:0.0045s ]
SQL: SHOW COLUMNS FROM `plate_conts_logs` [ RunTime:0.0044s ]
SQL: SHOW COLUMNS FROM `plate_conts_logsr` [ RunTime:0.0034s ]
SQL: SELECT * FROM `plate_conts_blank` WHERE `id` = 1739 LIMIT 1   [ RunTime:0.0012s ]
SQL: SELECT * FROM `plate_conts_logs` WHERE `blank_id` = 1739 ORDER BY number asc,id asc  [ RunTime:0.0016s ]
SQL: SELECT `key_0` FROM `plate_conts_logs` WHERE `blank_id` = 1739 GROUP BY key_0 LIMIT 1   [ RunTime:0.0009s ]
SQL: SELECT `key_1` FROM `plate_conts_logs` WHERE `blank_id` = 1739 GROUP BY key_1 LIMIT 1   [ RunTime:0.0007s ]
SQL: SELECT `key_2` FROM `plate_conts_logs` WHERE `blank_id` = 1739 GROUP BY key_2 LIMIT 1   [ RunTime:0.0004s ]
SQL: SELECT `key_3` FROM `plate_conts_logs` WHERE `blank_id` = 1739 GROUP BY key_3 LIMIT 1   [ RunTime:0.0015s ]
SQL: SELECT `key_4` FROM `plate_conts_logs` WHERE `blank_id` = 1739 GROUP BY key_4 LIMIT 1   [ RunTime:0.0004s ]
SQL: SELECT `key_5` FROM `plate_conts_logs` WHERE `blank_id` = 1739 GROUP BY key_5 LIMIT 1   [ RunTime:0.0004s ]
SQL: SELECT `key_6` FROM `plate_conts_logs` WHERE `blank_id` = 1739 GROUP BY key_6 LIMIT 1   [ RunTime:0.0004s ]
SQL: SELECT `key_7` FROM `plate_conts_logs` WHERE `blank_id` = 1739 GROUP BY key_7 LIMIT 1   [ RunTime:0.0004s ]
NOTIC: [2] Trying to access array offset on value of type null /Users/gangliu/data/catdesk_workspace/yilan/App/Home/Controller/GoodsController.class.php 第 793 行.
NOTIC: [2] Trying to access array offset on value of type null /Users/gangliu/data/catdesk_workspace/yilan/App/Home/Controller/GoodsController.class.php 第 793 行.
NOTIC: [2] Trying to access array offset on value of type null /Users/gangliu/data/catdesk_workspace/yilan/App/Home/Controller/GoodsController.class.php 第 793 行.
NOTIC: [2] Trying to access array offset on value of type null /Users/gangliu/data/catdesk_workspace/yilan/App/Home/Controller/GoodsController.class.php 第 794 行.
NOTIC: [2] Trying to access array offset on value of type null /Users/gangliu/data/catdesk_workspace/yilan/App/Home/Controller/GoodsController.class.php 第 794 行.
NOTIC: [2] Trying to access array offset on value of type null /Users/gangliu/data/catdesk_workspace/yilan/App/Home/Controller/GoodsController.class.php 第 795 行.
NOTIC: [2] Trying to access array offset on value of type null /Users/gangliu/data/catdesk_workspace/yilan/App/Home/Controller/GoodsController.class.php 第 795 行.
NOTIC: [2] Trying to access array offset on value of type null /Users/gangliu/data/catdesk_workspace/yilan/App/Home/Controller/GoodsController.class.php 第 795 行.
SQL: SHOW COLUMNS FROM `new_tax` [ RunTime:0.0031s ]
SQL: SELECT * FROM `new_tax` WHERE `is_del` = 1  [ RunTime:0.0014s ]
SQL: SHOW COLUMNS FROM `plate_conts_price` [ RunTime:0.0026s ]
SQL: SELECT * FROM `plate_conts_price` WHERE `blank_id` = 1739 AND `is_del` = 1 ORDER BY sort asc, id asc  [ RunTime:0.0009s ]
SQL: SELECT * FROM `plate_conts_blank` WHERE `pid` = 1 AND `status` = 1 ORDER BY cat_index asc  [ RunTime:0.0008s ]
SQL: SHOW COLUMNS FROM `plate_conts_blank_group` [ RunTime:0.0020s ]
SQL: SELECT * FROM `plate_conts_blank_group` WHERE `pid` = 0 ORDER BY sort asc, id asc  [ RunTime:0.0010s ]
ERR: {"status":1,"msg":"\u83b7\u53d6\u6210\u529f","data":{"info":{"id":1739,"pid":1,"group_id":5,"catname":"\u5546\u54c1","cat_index":1,"source":["6a2bd1928b6ed.png"],"sorts":0,"gimage":"6a2bcd01617ca.png","gnames":"\u94dc\u82af\u4ea4\u8054\u805a\u4e59\u70ef\u7edd\u7f18\u805a\u6c2f\u4e59\u70ef\u62a4\u5957\u963b\u71c3\u7535\u7f06\u3010\u4e5d\u6298\u6807\u51c6\u3011","up_a":"0.0","down_a":"0.0","up_b":"0.0","down_b":"0.0","up_c":"0.0","down_c":"0.0","up_d":"0.0","down_d":"0.0","up_e":"0.0","down_e":"0.0","up_f":"0.0","down_f":"0.0","ticket_nor":3,"ticket_person":11,"status":1,"uptimes":1781256594,"times":1781095065,"new_tax_id":1},"key":{"keya":null,"keyb":null,"keyc":null,"keyd":null,"keye":null,"keyf":null,"keyg":null,"keyh":null},"list":[],"tax_list":[{"id":1,"pid":0,"name":"\u7535\u529b\u7535\u7f06\u7a0e\u7387\u53d1\u7968","alias_name":"","normal_tax":"3.00","special_tax":"11.00","status":1,"is_del":1,"add_time":0,"up_time":0},{"id":2,"pid":0,"name":"\u5bb6\u88c5\u7535\u7ebf\u7a0e\u7387","alias_name":"","normal_tax":"3.00","special_tax":"10.00","status":1,"is_del":1,"add_time":0,"up_time":0},{"id":3,"pid":0,"name":"\u521a\u6027\u9632\u706b\u7535\u7f06\u7a0e\u7387","alias_name":"","normal_tax":"3.00","special_tax":"9.00","status":1,"is_del":1,"add_time":0,"up_time":0},{"id":9,"pid":0,"name":"\u6a61\u5957\u7535\u7f06\u7a0e\u7387","alias_name":"","normal_tax":"3.00","special_tax":"11.00","status":1,"is_del":1,"add_time":0,"up_time":0},{"id":10,"pid":0,"name":"\u77ff\u7528\u6a61\u80f6\u7535\u7f06\u7a0e\u7387","alias_name":"","normal_tax":"4.00","special_tax":"12.00","status":1,"is_del":1,"add_time":0,"up_time":0}],"price_list":[{"id":2648,"plate_conts_id":1,"new_cate_one_id":1,"new_cate_two_id":355,"new_cate_three_id":356,"name":"\u94dc\u82af\u5bfc\u4f53","ratio":"1.00","sort":1000,"is_del":1,"cat_index":1,"blank_id":1739},{"id":2649,"plate_conts_id":1,"new_cate_one_id":1,"new_cate_two_id":355,"new_cate_three_id":362,"name":"\u8f90\u7167\u4ea4\u8054\u7edd\u7f18","ratio":"1.00","sort":1000,"is_del":1,"cat_index":1,"blank_id":1739},{"id":2650,"plate_conts_id":1,"new_cate_one_id":1,"new_cate_two_id":355,"new_cate_three_id":371,"name":"PVC\u62a4\u5957","ratio":"1.00","sort":1000,"is_del":1,"cat_index":1,"blank_id":1739},{"id":7812,"plate_conts_id":1,"new_cate_one_id":1,"new_cate_two_id":355,"new_cate_three_id":356,"name":"\u94dc\u82af\u5bfc\u4f53","ratio":"0.90","sort":1000,"is_del":1,"cat_index":1,"blank_id":1739},{"id":7813,"plate_conts_id":1,"new_cate_one_id":1,"new_cate_two_id":355,"new_cate_three_id":362,"name":"\u8f90\u7167\u4ea4\u8054\u7edd\u7f18","ratio":"1.00","sort":1000,"is_del":1,"cat_index":1,"blank_id":1739}],"all_blanks":[{"id":1739,"pid":1,"group_id":5,"catname":"\u5546\u54c1","cat_index":1,"source":"[\"6a2bd1928b6ed.png\"]","sorts":0,"gimage":"6a2bcd01617ca.png","gnames":"\u94dc\u82af\u4ea4\u8054\u805a\u4e59\u70ef\u7edd\u7f18\u805a\u6c2f\u4e59\u70ef\u62a4\u5957\u963b\u71c3\u7535\u7f06\u3010\u4e5d\u6298\u6807\u51c6\u3011","up_a":"0.0","down_a":"0.0","up_b":"0.0","down_b":"0.0","up_c":"0.0","down_c":"0.0","up_d":"0.0","down_d":"0.0","up_e":"0.0","down_e":"0.0","up_f":"0.0","down_f":"0.0","ticket_nor":3,"ticket_person":11,"status":1,"uptimes":1781256594,"times":1781095065,"new_tax_id":1},{"id":1740,"pid":1,"group_id":5,"catname":"\u4e5d\u6298\u6807\u51c6","cat_index":2,"source":"[\"677187340b61b.png\"]","sorts":null,"gimage":"677187340b3d7.png","gnames":"\u94dc\u82af\u4ea4\u8054\u805a\u4e59\u70ef\u7edd\u7f18\u805a\u6c2f\u4e59\u70ef\u62a4\u5957\u963b\u71c3\u7535\u7f06\u3010\u4e5d\u6298\u6807\u51c6\u3011","up_a":"0.0","down_a":"0.0","up_b":"0.0","down_b":"0.0","up_c":"0.0","down_c":"0.0","up_d":"0.0","down_d":"0.0","up_e":"0.0","down_e":"0.0","up_f":"0.0","down_f":"0.0","ticket_nor":3,"ticket_person":11,"status":1,"uptimes":1781228972,"times":1781228972,"new_tax_id":1},{"id":1741,"pid":1,"group_id":5,"catname":"\u516b\u6298\u6807\u51c6","cat_index":3,"source":"[\"677187340b61b.png\"]","sorts":null,"gimage":"677187340b3d7.png","gnames":"\u94dc\u82af\u4ea4\u8054\u805a\u4e59\u70ef\u7edd\u7f18\u805a\u6c2f\u4e59\u70ef\u62a4\u5957\u963b\u71c3\u7535\u7f06\u3010\u4e5d\u6298\u6807\u51c6\u3011","up_a":"0.0","down_a":"0.0","up_b":"0.0","down_b":"0.0","up_c":"0.0","down_c":"0.0","up_d":"0.0","down_d":"0.0","up_e":"0.0","down_e":"0.0","up_f":"0.0","down_f":"0.0","ticket_nor":3,"ticket_person":11,"status":1,"uptimes":1781228972,"times":1781228972,"new_tax_id":1}],"group_list":[{"id":1,"pid":0,"name":"\u6807\u51c61\u9009\u9879\u5361","ratio":"1.000000","sort":1,"add_time":1781435857,"up_time":1781435857},{"id":5,"pid":0,"name":"\u6807\u51c61\u9009\u9879\u5361","ratio":"1.000000","sort":1,"add_time":1781423342,"up_time":1781423342},{"id":2,"pid":0,"name":"\u6807\u51c62\u9009\u9879\u5361","ratio":"1.000000","sort":2,"add_time":1781435857,"up_time":1781435857},{"id":6,"pid":0,"name":"\u6807\u51c62\u9009\u9879\u5361","ratio":"1.000000","sort":2,"add_time":1781423342,"up_time":1781423342},{"id":7,"pid":0,"name":"\u6807\u51c63\u9009\u9879\u5361","ratio":"1.000000","sort":3,"add_time":1781423342,"up_time":1781423342},{"id":8,"pid":0,"name":"\u6807\u51c64\u9009\u9879\u5361","ratio":"1.000000","sort":4,"add_time":1781423342,"up_time":1781423342},{"id":9,"pid":0,"name":"\u6807\u51c65\u9009\u9879\u5361","ratio":"1.000000","sort":5,"add_time":1781423342,"up_time":1781423342},{"id":10,"pid":0,"name":"\u6807\u51c66\u9009\u9879\u5361","ratio":"1.000000","sort":6,"add_time":1781423342,"up_time":1781423342},{"id":11,"pid":0,"name":"\u6807\u51c67\u9009\u9879\u5361","ratio":"1.000000","sort":7,"add_time":1781423342,"up_time":1781423342},{"id":12,"pid":0,"name":"\u6807\u51c68\u9009\u9879\u5361","ratio":"1.000000","sort":8,"add_time":1781423342,"up_time":1781423342},{"id":13,"pid":0,"name":"\u6807\u51c69\u9009\u9879\u5361","ratio":"1.000000","sort":9,"add_time":1781423342,"up_time":1781423342},{"id":14,"pid":0,"name":"\u6807\u51c610\u9009\u9879\u5361","ratio":"1.000000","sort":10,"add_time":1781423342,"up_time":1781423342}]}}

