[ 2026-06-16T14:56:36+08:00 ] ::1 /Home/NewLabel/index.html
INFO: [ app_init ] --START--
INFO: Run Behavior\BuildLiteBehavior [ RunTime:0.000009s ]
INFO: [ app_init ] --END-- [ RunTime:0.000492s ]
INFO: [ app_begin ] --START--
INFO: Run Behavior\ReadHtmlCacheBehavior [ RunTime:0.000304s ]
INFO: [ app_begin ] --END-- [ RunTime:0.000342s ]
SQL: SHOW COLUMNS FROM `new_label` [ RunTime:0.0776s ]
SQL: SELECT * FROM `new_label` ORDER BY id asc  [ RunTime:0.0198s ]
INFO: [ view_parse ] --START--
INFO: [ template_filter ] --START--
INFO: Run Behavior\ContentReplaceBehavior [ RunTime:0.000097s ]
INFO: [ template_filter ] --END-- [ RunTime:0.000111s ]
INFO: Run Behavior\ParseTemplateBehavior [ RunTime:0.023890s ]
INFO: [ view_parse ] --END-- [ RunTime:0.023936s ]
INFO: [ view_filter ] --START--
INFO: Run Behavior\WriteHtmlCacheBehavior [ RunTime:0.000085s ]
INFO: [ view_filter ] --END-- [ RunTime:0.000094s ]
INFO: [ app_end ] --START--
INFO: Run Behavior\ShowPageTraceBehavior [ RunTime:0.000044s ]
INFO: [ app_end ] --END-- [ RunTime:0.000051s ]

[ 2026-06-16T14:56:38+08:00 ] ::1 /Home/Goods/liner.html
INFO: [ app_init ] --START--
INFO: Run Behavior\BuildLiteBehavior [ RunTime:0.000004s ]
INFO: [ app_init ] --END-- [ RunTime:0.000034s ]
INFO: [ app_begin ] --START--
INFO: Run Behavior\ReadHtmlCacheBehavior [ RunTime:0.000016s ]
INFO: [ app_begin ] --END-- [ RunTime:0.000028s ]
SQL: SHOW COLUMNS FROM `plate_types` [ RunTime:0.0107s ]
SQL: SELECT COUNT(*) AS tp_count FROM `plate_types` WHERE `types` = 1 LIMIT 1   [ RunTime:0.0030s ]
SQL: SELECT * FROM `plate_types` WHERE `types` = 1 ORDER BY sorts asc,id asc LIMIT 0,10   [ RunTime:0.0009s ]
INFO: [ view_parse ] --START--
INFO: [ template_filter ] --START--
INFO: Run Behavior\ContentReplaceBehavior [ RunTime:0.000079s ]
INFO: [ template_filter ] --END-- [ RunTime:0.000120s ]
INFO: Run Behavior\ParseTemplateBehavior [ RunTime:0.006392s ]
INFO: [ view_parse ] --END-- [ RunTime:0.006433s ]
INFO: [ view_filter ] --START--
INFO: Run Behavior\WriteHtmlCacheBehavior [ RunTime:0.000051s ]
INFO: [ view_filter ] --END-- [ RunTime:0.000065s ]
INFO: [ app_end ] --START--
INFO: Run Behavior\ShowPageTraceBehavior [ RunTime:0.000026s ]
INFO: [ app_end ] --END-- [ RunTime:0.000039s ]

[ 2026-06-16T14:56:40+08:00 ] ::1 /Home/Goods/plate_infos/id/1.html
INFO: [ app_init ] --START--
INFO: Run Behavior\BuildLiteBehavior [ RunTime:0.000008s ]
INFO: [ app_init ] --END-- [ RunTime:0.000074s ]
INFO: [ app_begin ] --START--
INFO: Run Behavior\ReadHtmlCacheBehavior [ RunTime:0.000035s ]
INFO: [ app_begin ] --END-- [ RunTime:0.000060s ]
SQL: SHOW COLUMNS FROM `plate_types` [ RunTime:0.0078s ]
SQL: SHOW COLUMNS FROM `plate` [ RunTime:0.0033s ]
SQL: SELECT * FROM `plate_types` WHERE `id` = 1 LIMIT 1   [ RunTime:0.0053s ]
SQL: SELECT COUNT(*) AS tp_count FROM `plate` WHERE `pid` = 1 LIMIT 1   [ RunTime:0.0022s ]
SQL: SELECT * FROM `plate` WHERE `pid` = 1 ORDER BY sorts desc,id asc LIMIT 0,10   [ RunTime:0.0010s ]
INFO: [ view_parse ] --START--
INFO: [ template_filter ] --START--
INFO: Run Behavior\ContentReplaceBehavior [ RunTime:0.000076s ]
INFO: [ template_filter ] --END-- [ RunTime:0.000111s ]
INFO: Run Behavior\ParseTemplateBehavior [ RunTime:0.008266s ]
INFO: [ view_parse ] --END-- [ RunTime:0.008302s ]
INFO: [ view_filter ] --START--
INFO: Run Behavior\WriteHtmlCacheBehavior [ RunTime:0.000074s ]
INFO: [ view_filter ] --END-- [ RunTime:0.000083s ]
INFO: [ app_end ] --START--
INFO: Run Behavior\ShowPageTraceBehavior [ RunTime:0.000025s ]
INFO: [ app_end ] --END-- [ RunTime:0.000034s ]

[ 2026-06-16T14:56:42+08:00 ] ::1 /Home/Goods/plate_conts/id/1.html
INFO: [ app_init ] --START--
INFO: Run Behavior\BuildLiteBehavior [ RunTime:0.000004s ]
INFO: [ app_init ] --END-- [ RunTime:0.000038s ]
INFO: [ app_begin ] --START--
INFO: Run Behavior\ReadHtmlCacheBehavior [ RunTime:0.000021s ]
INFO: [ app_begin ] --END-- [ RunTime:0.000037s ]
SQL: SHOW COLUMNS FROM `plate` [ RunTime:0.0135s ]
SQL: SHOW COLUMNS FROM `plate_conts` [ RunTime:0.0056s ]
SQL: SHOW COLUMNS FROM `shops` [ RunTime:0.0043s ]
SQL: SHOW COLUMNS FROM `plate_cats` [ RunTime:0.0027s ]
SQL: SELECT * FROM `plate` WHERE `id` = 1 LIMIT 1   [ RunTime:0.0035s ]
SQL: SELECT COUNT(*) AS tp_count FROM `plate_conts` WHERE `pid` = 1 LIMIT 1   [ RunTime:0.0034s ]
SQL: SELECT * FROM `plate_conts` WHERE `pid` = 1 ORDER BY sorts desc,id asc LIMIT 0,10   [ RunTime:0.0024s ]
SQL: SELECT * FROM `shops` WHERE `status` = 1  [ RunTime:0.0067s ]
SQL: SELECT * FROM `plate_cats` WHERE `status` = 1  [ RunTime:0.0056s ]
INFO: [ view_parse ] --START--
INFO: [ template_filter ] --START--
INFO: Run Behavior\ContentReplaceBehavior [ RunTime:0.000212s ]
INFO: [ template_filter ] --END-- [ RunTime:0.000255s ]
NOTIC: [2] Undefined array key "type_id" /Users/gangliu/data/catdesk_workspace/yilan/App/Runtime/Cache/Home/f779fc1e4f0cf62fc1952b382b9a55ae.php 第 176 行.
NOTIC: [2] Undefined variable $catid /Users/gangliu/data/catdesk_workspace/yilan/App/Runtime/Cache/Home/f779fc1e4f0cf62fc1952b382b9a55ae.php 第 223 行.
SQL: SELECT * FROM `plate_cats` WHERE `id` = 217 LIMIT 1   [ RunTime:0.0010s ]
NOTIC: [2] Undefined variable $show_type /Users/gangliu/data/catdesk_workspace/yilan/App/Runtime/Cache/Home/f779fc1e4f0cf62fc1952b382b9a55ae.php 第 227 行.
NOTIC: [2] Undefined variable $catid /Users/gangliu/data/catdesk_workspace/yilan/App/Runtime/Cache/Home/f779fc1e4f0cf62fc1952b382b9a55ae.php 第 223 行.
SQL: SELECT * FROM `plate_cats` WHERE `id` = 217 LIMIT 1   [ RunTime:0.0011s ]
NOTIC: [2] Undefined variable $show_type /Users/gangliu/data/catdesk_workspace/yilan/App/Runtime/Cache/Home/f779fc1e4f0cf62fc1952b382b9a55ae.php 第 227 行.
NOTIC: [2] Undefined variable $catid /Users/gangliu/data/catdesk_workspace/yilan/App/Runtime/Cache/Home/f779fc1e4f0cf62fc1952b382b9a55ae.php 第 223 行.
SQL: SELECT * FROM `plate_cats` WHERE `id` = 217 LIMIT 1   [ RunTime:0.0009s ]
NOTIC: [2] Undefined variable $show_type /Users/gangliu/data/catdesk_workspace/yilan/App/Runtime/Cache/Home/f779fc1e4f0cf62fc1952b382b9a55ae.php 第 227 行.
NOTIC: [2] Undefined variable $catid /Users/gangliu/data/catdesk_workspace/yilan/App/Runtime/Cache/Home/f779fc1e4f0cf62fc1952b382b9a55ae.php 第 223 行.
SQL: SELECT * FROM `plate_cats` WHERE `id` = 217 LIMIT 1   [ RunTime:0.0006s ]
NOTIC: [2] Undefined variable $show_type /Users/gangliu/data/catdesk_workspace/yilan/App/Runtime/Cache/Home/f779fc1e4f0cf62fc1952b382b9a55ae.php 第 227 行.
NOTIC: [2] Undefined variable $catid /Users/gangliu/data/catdesk_workspace/yilan/App/Runtime/Cache/Home/f779fc1e4f0cf62fc1952b382b9a55ae.php 第 223 行.
SQL: SELECT * FROM `plate_cats` WHERE `id` = 217 LIMIT 1   [ RunTime:0.0006s ]
NOTIC: [2] Undefined variable $show_type /Users/gangliu/data/catdesk_workspace/yilan/App/Runtime/Cache/Home/f779fc1e4f0cf62fc1952b382b9a55ae.php 第 227 行.
NOTIC: [2] Undefined variable $catid /Users/gangliu/data/catdesk_workspace/yilan/App/Runtime/Cache/Home/f779fc1e4f0cf62fc1952b382b9a55ae.php 第 223 行.
SQL: SELECT * FROM `plate_cats` WHERE `id` = 217 LIMIT 1   [ RunTime:0.0006s ]
NOTIC: [2] Undefined variable $show_type /Users/gangliu/data/catdesk_workspace/yilan/App/Runtime/Cache/Home/f779fc1e4f0cf62fc1952b382b9a55ae.php 第 227 行.
NOTIC: [2] Undefined variable $catid /Users/gangliu/data/catdesk_workspace/yilan/App/Runtime/Cache/Home/f779fc1e4f0cf62fc1952b382b9a55ae.php 第 223 行.
SQL: SELECT * FROM `plate_cats` WHERE `id` = 217 LIMIT 1   [ RunTime:0.0008s ]
NOTIC: [2] Undefined variable $show_type /Users/gangliu/data/catdesk_workspace/yilan/App/Runtime/Cache/Home/f779fc1e4f0cf62fc1952b382b9a55ae.php 第 227 行.
NOTIC: [2] Undefined variable $catid /Users/gangliu/data/catdesk_workspace/yilan/App/Runtime/Cache/Home/f779fc1e4f0cf62fc1952b382b9a55ae.php 第 223 行.
SQL: SELECT * FROM `plate_cats` WHERE `id` = 217 LIMIT 1   [ RunTime:0.0004s ]
NOTIC: [2] Undefined variable $show_type /Users/gangliu/data/catdesk_workspace/yilan/App/Runtime/Cache/Home/f779fc1e4f0cf62fc1952b382b9a55ae.php 第 227 行.
NOTIC: [2] Undefined variable $catid /Users/gangliu/data/catdesk_workspace/yilan/App/Runtime/Cache/Home/f779fc1e4f0cf62fc1952b382b9a55ae.php 第 223 行.
SQL: SELECT * FROM `plate_cats` WHERE `id` = 217 LIMIT 1   [ RunTime:0.0002s ]
NOTIC: [2] Undefined variable $show_type /Users/gangliu/data/catdesk_workspace/yilan/App/Runtime/Cache/Home/f779fc1e4f0cf62fc1952b382b9a55ae.php 第 227 行.
NOTIC: [2] Undefined variable $catid /Users/gangliu/data/catdesk_workspace/yilan/App/Runtime/Cache/Home/f779fc1e4f0cf62fc1952b382b9a55ae.php 第 223 行.
SQL: SELECT * FROM `plate_cats` WHERE `id` = 217 LIMIT 1   [ RunTime:0.0002s ]
NOTIC: [2] Undefined variable $show_type /Users/gangliu/data/catdesk_workspace/yilan/App/Runtime/Cache/Home/f779fc1e4f0cf62fc1952b382b9a55ae.php 第 227 行.
INFO: Run Behavior\ParseTemplateBehavior [ RunTime:0.022939s ]
INFO: [ view_parse ] --END-- [ RunTime:0.022956s ]
INFO: [ view_filter ] --START--
INFO: Run Behavior\WriteHtmlCacheBehavior [ RunTime:0.000077s ]
INFO: [ view_filter ] --END-- [ RunTime:0.000111s ]
INFO: [ app_end ] --START--
INFO: Run Behavior\ShowPageTraceBehavior [ RunTime:0.000095s ]
INFO: [ app_end ] --END-- [ RunTime:0.000142s ]

[ 2026-06-16T14:56:44+08:00 ] ::1 /Home/Goods/plate_conts_list/id/1.html
INFO: [ app_init ] --START--
INFO: Run Behavior\BuildLiteBehavior [ RunTime:0.000006s ]
INFO: [ app_init ] --END-- [ RunTime:0.000047s ]
INFO: [ app_begin ] --START--
INFO: Run Behavior\ReadHtmlCacheBehavior [ RunTime:0.000022s ]
INFO: [ app_begin ] --END-- [ RunTime:0.000035s ]
SQL: SHOW COLUMNS FROM `plate_conts` [ RunTime:0.0078s ]
SQL: SHOW COLUMNS FROM `sys_tmps` [ RunTime:0.0031s ]
SQL: SELECT * FROM `plate_conts` WHERE `id` = 1 LIMIT 1   [ RunTime:0.0033s ]
SQL: SELECT * FROM `sys_tmps` WHERE `types` = 2 ORDER BY id desc  [ RunTime:0.0035s ]
INFO: [ view_parse ] --START--
INFO: [ template_filter ] --START--
INFO: Run Behavior\ContentReplaceBehavior [ RunTime:0.000265s ]
INFO: [ template_filter ] --END-- [ RunTime:0.000298s ]
INFO: Run Behavior\ParseTemplateBehavior [ RunTime:0.012913s ]
INFO: [ view_parse ] --END-- [ RunTime:0.012954s ]
INFO: [ view_filter ] --START--
INFO: Run Behavior\WriteHtmlCacheBehavior [ RunTime:0.000076s ]
INFO: [ view_filter ] --END-- [ RunTime:0.000091s ]
INFO: [ app_end ] --START--
INFO: Run Behavior\ShowPageTraceBehavior [ RunTime:0.000034s ]
INFO: [ app_end ] --END-- [ RunTime:0.000047s ]

[ 2026-06-16T14:56:45+08:00 ] ::1 /Home/Goods/plate_conts_blankr.html
INFO: [ app_init ] --START--
INFO: Run Behavior\BuildLiteBehavior [ RunTime:0.000006s ]
INFO: [ app_init ] --END-- [ RunTime:0.000056s ]
INFO: [ app_begin ] --START--
INFO: Run Behavior\ReadHtmlCacheBehavior [ RunTime:0.000036s ]
INFO: [ app_begin ] --END-- [ RunTime:0.000069s ]
SQL: SHOW COLUMNS FROM `plate_conts_blank` [ RunTime:0.0110s ]
SQL: SHOW COLUMNS FROM `plate_conts_logs` [ RunTime:0.0125s ]
SQL: SHOW COLUMNS FROM `plate_conts_logsr` [ RunTime:0.0025s ]
SQL: SELECT * FROM `plate_conts_blank` WHERE `pid` = 1 AND `cat_index` = 1 AND `status` = 1 LIMIT 1   [ RunTime:0.0039s ]
SQL: SELECT * FROM `plate_conts_logs` WHERE `blank_id` = 1739 ORDER BY number asc,id asc  [ RunTime:0.0028s ]
SQL: SELECT `key_0` FROM `plate_conts_logs` WHERE `blank_id` = 1739 GROUP BY key_0 LIMIT 1   [ RunTime:0.0012s ]
SQL: SELECT `key_1` FROM `plate_conts_logs` WHERE `blank_id` = 1739 GROUP BY key_1 LIMIT 1   [ RunTime:0.0005s ]
SQL: SELECT `key_2` FROM `plate_conts_logs` WHERE `blank_id` = 1739 GROUP BY key_2 LIMIT 1   [ RunTime:0.0004s ]
SQL: SELECT `key_3` FROM `plate_conts_logs` WHERE `blank_id` = 1739 GROUP BY key_3 LIMIT 1   [ RunTime:0.0004s ]
SQL: SELECT `key_4` FROM `plate_conts_logs` WHERE `blank_id` = 1739 GROUP BY key_4 LIMIT 1   [ RunTime:0.0004s ]
SQL: SELECT `key_5` FROM `plate_conts_logs` WHERE `blank_id` = 1739 GROUP BY key_5 LIMIT 1   [ RunTime:0.0003s ]
SQL: SELECT `key_6` FROM `plate_conts_logs` WHERE `blank_id` = 1739 GROUP BY key_6 LIMIT 1   [ RunTime:0.0002s ]
SQL: SELECT `key_7` FROM `plate_conts_logs` WHERE `blank_id` = 1739 GROUP BY key_7 LIMIT 1   [ RunTime:0.0002s ]
NOTIC: [2] Trying to access array offset on value of type null /Users/gangliu/data/catdesk_workspace/yilan/App/Home/Controller/GoodsController.class.php 第 794 行.
NOTIC: [2] Trying to access array offset on value of type null /Users/gangliu/data/catdesk_workspace/yilan/App/Home/Controller/GoodsController.class.php 第 794 行.
NOTIC: [2] Trying to access array offset on value of type null /Users/gangliu/data/catdesk_workspace/yilan/App/Home/Controller/GoodsController.class.php 第 794 行.
NOTIC: [2] Trying to access array offset on value of type null /Users/gangliu/data/catdesk_workspace/yilan/App/Home/Controller/GoodsController.class.php 第 795 行.
NOTIC: [2] Trying to access array offset on value of type null /Users/gangliu/data/catdesk_workspace/yilan/App/Home/Controller/GoodsController.class.php 第 795 行.
NOTIC: [2] Trying to access array offset on value of type null /Users/gangliu/data/catdesk_workspace/yilan/App/Home/Controller/GoodsController.class.php 第 796 行.
NOTIC: [2] Trying to access array offset on value of type null /Users/gangliu/data/catdesk_workspace/yilan/App/Home/Controller/GoodsController.class.php 第 796 行.
NOTIC: [2] Trying to access array offset on value of type null /Users/gangliu/data/catdesk_workspace/yilan/App/Home/Controller/GoodsController.class.php 第 796 行.
SQL: SHOW COLUMNS FROM `new_tax` [ RunTime:0.0030s ]
SQL: SELECT * FROM `new_tax` WHERE `is_del` = 1  [ RunTime:0.0009s ]
SQL: SHOW COLUMNS FROM `plate_conts_price` [ RunTime:0.0028s ]
SQL: SELECT * FROM `plate_conts_price` WHERE `blank_id` = 1739 AND `is_del` = 1 ORDER BY sort asc, id asc  [ RunTime:0.0041s ]
SQL: SELECT * FROM `plate_conts_blank` WHERE `pid` = 1 AND `status` = 1 ORDER BY cat_index asc  [ RunTime:0.0008s ]
SQL: SHOW COLUMNS FROM `plate_conts_blank_group` [ RunTime:0.0034s ]
SQL: SELECT * FROM `plate_conts_blank_group` WHERE `pid` = 0 ORDER BY sort asc, id asc  [ RunTime:0.0013s ]
ERR: {"status":1,"msg":"\u83b7\u53d6\u6210\u529f","data":{"info":{"id":1739,"pid":1,"group_id":5,"catname":"\u5546\u54c1","cat_index":1,"source":["6a2bd1928b6ed.png"],"sorts":0,"gimage":"6a2bcd01617ca.png","gnames":"\u94dc\u82af\u4ea4\u8054\u805a\u4e59\u70ef\u7edd\u7f18\u805a\u6c2f\u4e59\u70ef\u62a4\u5957\u963b\u71c3\u7535\u7f06\u3010\u4e5d\u6298\u6807\u51c6\u3011","up_a":"0.0","down_a":"0.0","up_b":"0.0","down_b":"0.0","up_c":"0.0","down_c":"0.0","up_d":"0.0","down_d":"0.0","up_e":"0.0","down_e":"0.0","up_f":"0.0","down_f":"0.0","ticket_nor":3,"ticket_person":11,"status":1,"uptimes":1781256594,"times":1781095065,"new_tax_id":1},"key":{"keya":null,"keyb":null,"keyc":null,"keyd":null,"keye":null,"keyf":null,"keyg":null,"keyh":null},"list":[],"tax_list":[{"id":1,"pid":0,"name":"\u7535\u529b\u7535\u7f06\u7a0e\u7387\u53d1\u7968","alias_name":"","normal_tax":"3.00","special_tax":"11.00","status":1,"is_del":1,"add_time":0,"up_time":0},{"id":2,"pid":0,"name":"\u5bb6\u88c5\u7535\u7ebf\u7a0e\u7387","alias_name":"","normal_tax":"3.00","special_tax":"10.00","status":1,"is_del":1,"add_time":0,"up_time":0},{"id":3,"pid":0,"name":"\u521a\u6027\u9632\u706b\u7535\u7f06\u7a0e\u7387","alias_name":"","normal_tax":"3.00","special_tax":"9.00","status":1,"is_del":1,"add_time":0,"up_time":0},{"id":9,"pid":0,"name":"\u6a61\u5957\u7535\u7f06\u7a0e\u7387","alias_name":"","normal_tax":"3.00","special_tax":"11.00","status":1,"is_del":1,"add_time":0,"up_time":0},{"id":10,"pid":0,"name":"\u77ff\u7528\u6a61\u80f6\u7535\u7f06\u7a0e\u7387","alias_name":"","normal_tax":"4.00","special_tax":"12.00","status":1,"is_del":1,"add_time":0,"up_time":0}],"price_list":[{"id":2648,"plate_conts_id":1,"new_cate_one_id":1,"new_cate_two_id":355,"new_cate_three_id":356,"name":"\u94dc\u82af\u5bfc\u4f53","ratio":"1.00","sort":1000,"is_del":1,"cat_index":1,"blank_id":1739},{"id":2649,"plate_conts_id":1,"new_cate_one_id":1,"new_cate_two_id":355,"new_cate_three_id":362,"name":"\u8f90\u7167\u4ea4\u8054\u7edd\u7f18","ratio":"1.00","sort":1000,"is_del":1,"cat_index":1,"blank_id":1739},{"id":2650,"plate_conts_id":1,"new_cate_one_id":1,"new_cate_two_id":355,"new_cate_three_id":371,"name":"PVC\u62a4\u5957","ratio":"1.00","sort":1000,"is_del":1,"cat_index":1,"blank_id":1739},{"id":7812,"plate_conts_id":1,"new_cate_one_id":1,"new_cate_two_id":355,"new_cate_three_id":356,"name":"\u94dc\u82af\u5bfc\u4f53","ratio":"0.90","sort":1000,"is_del":1,"cat_index":1,"blank_id":1739},{"id":7813,"plate_conts_id":1,"new_cate_one_id":1,"new_cate_two_id":355,"new_cate_three_id":362,"name":"\u8f90\u7167\u4ea4\u8054\u7edd\u7f18","ratio":"1.00","sort":1000,"is_del":1,"cat_index":1,"blank_id":1739}],"all_blanks":[{"id":1739,"pid":1,"group_id":5,"catname":"\u5546\u54c1","cat_index":1,"source":"[\"6a2bd1928b6ed.png\"]","sorts":0,"gimage":"6a2bcd01617ca.png","gnames":"\u94dc\u82af\u4ea4\u8054\u805a\u4e59\u70ef\u7edd\u7f18\u805a\u6c2f\u4e59\u70ef\u62a4\u5957\u963b\u71c3\u7535\u7f06\u3010\u4e5d\u6298\u6807\u51c6\u3011","up_a":"0.0","down_a":"0.0","up_b":"0.0","down_b":"0.0","up_c":"0.0","down_c":"0.0","up_d":"0.0","down_d":"0.0","up_e":"0.0","down_e":"0.0","up_f":"0.0","down_f":"0.0","ticket_nor":3,"ticket_person":11,"status":1,"uptimes":1781256594,"times":1781095065,"new_tax_id":1},{"id":1740,"pid":1,"group_id":5,"catname":"\u4e5d\u6298\u6807\u51c6","cat_index":2,"source":"[\"677187340b61b.png\"]","sorts":null,"gimage":"677187340b3d7.png","gnames":"\u94dc\u82af\u4ea4\u8054\u805a\u4e59\u70ef\u7edd\u7f18\u805a\u6c2f\u4e59\u70ef\u62a4\u5957\u963b\u71c3\u7535\u7f06\u3010\u4e5d\u6298\u6807\u51c6\u3011","up_a":"0.0","down_a":"0.0","up_b":"0.0","down_b":"0.0","up_c":"0.0","down_c":"0.0","up_d":"0.0","down_d":"0.0","up_e":"0.0","down_e":"0.0","up_f":"0.0","down_f":"0.0","ticket_nor":3,"ticket_person":11,"status":1,"uptimes":1781228972,"times":1781228972,"new_tax_id":1},{"id":1741,"pid":1,"group_id":5,"catname":"\u516b\u6298\u6807\u51c6","cat_index":3,"source":"[\"677187340b61b.png\"]","sorts":null,"gimage":"677187340b3d7.png","gnames":"\u94dc\u82af\u4ea4\u8054\u805a\u4e59\u70ef\u7edd\u7f18\u805a\u6c2f\u4e59\u70ef\u62a4\u5957\u963b\u71c3\u7535\u7f06\u3010\u4e5d\u6298\u6807\u51c6\u3011","up_a":"0.0","down_a":"0.0","up_b":"0.0","down_b":"0.0","up_c":"0.0","down_c":"0.0","up_d":"0.0","down_d":"0.0","up_e":"0.0","down_e":"0.0","up_f":"0.0","down_f":"0.0","ticket_nor":3,"ticket_person":11,"status":1,"uptimes":1781228972,"times":1781228972,"new_tax_id":1}],"group_list":[{"id":1,"pid":0,"name":"\u6807\u51c61\u9009\u9879\u5361","ratio":"1.000000","sort":1,"add_time":1781435857,"up_time":1781435857},{"id":5,"pid":0,"name":"\u6807\u51c61\u9009\u9879\u5361","ratio":"1.000000","sort":1,"add_time":1781423342,"up_time":1781423342},{"id":2,"pid":0,"name":"\u6807\u51c62\u9009\u9879\u5361","ratio":"1.000000","sort":2,"add_time":1781435857,"up_time":1781435857},{"id":6,"pid":0,"name":"\u6807\u51c62\u9009\u9879\u5361","ratio":"1.000000","sort":2,"add_time":1781423342,"up_time":1781423342},{"id":7,"pid":0,"name":"\u6807\u51c63\u9009\u9879\u5361","ratio":"1.000000","sort":3,"add_time":1781423342,"up_time":1781423342},{"id":8,"pid":0,"name":"\u6807\u51c64\u9009\u9879\u5361","ratio":"1.000000","sort":4,"add_time":1781423342,"up_time":1781423342},{"id":9,"pid":0,"name":"\u6807\u51c65\u9009\u9879\u5361","ratio":"1.000000","sort":5,"add_time":1781423342,"up_time":1781423342},{"id":10,"pid":0,"name":"\u6807\u51c66\u9009\u9879\u5361","ratio":"1.000000","sort":6,"add_time":1781423342,"up_time":1781423342},{"id":11,"pid":0,"name":"\u6807\u51c67\u9009\u9879\u5361","ratio":"1.000000","sort":7,"add_time":1781423342,"up_time":1781423342},{"id":12,"pid":0,"name":"\u6807\u51c68\u9009\u9879\u5361","ratio":"1.000000","sort":8,"add_time":1781423342,"up_time":1781423342},{"id":13,"pid":0,"name":"\u6807\u51c69\u9009\u9879\u5361","ratio":"1.000000","sort":9,"add_time":1781423342,"up_time":1781423342},{"id":14,"pid":0,"name":"\u6807\u51c610\u9009\u9879\u5361","ratio":"1.000000","sort":10,"add_time":1781423342,"up_time":1781423342}]}}

[ 2026-06-16T14:56:48+08:00 ] ::1 /Home/Goods/plate_conts_blankr.html
INFO: [ app_init ] --START--
INFO: Run Behavior\BuildLiteBehavior [ RunTime:0.000010s ]
INFO: [ app_init ] --END-- [ RunTime:0.000142s ]
INFO: [ app_begin ] --START--
INFO: Run Behavior\ReadHtmlCacheBehavior [ RunTime:0.000044s ]
INFO: [ app_begin ] --END-- [ RunTime:0.000078s ]
SQL: SHOW COLUMNS FROM `plate_conts_blank` [ RunTime:0.0048s ]
SQL: SHOW COLUMNS FROM `plate_conts_logs` [ RunTime:0.0089s ]
SQL: SHOW COLUMNS FROM `plate_conts_logsr` [ RunTime:0.0241s ]
SQL: SELECT * FROM `plate_conts_blank` WHERE `id` = 1739 AND `status` = 1 LIMIT 1   [ RunTime:0.0039s ]
SQL: SELECT * FROM `plate_conts_logs` WHERE `blank_id` = 1739 ORDER BY number asc,id asc  [ RunTime:0.0015s ]
SQL: SELECT `key_0` FROM `plate_conts_logs` WHERE `blank_id` = 1739 GROUP BY key_0 LIMIT 1   [ RunTime:0.0007s ]
SQL: SELECT `key_1` FROM `plate_conts_logs` WHERE `blank_id` = 1739 GROUP BY key_1 LIMIT 1   [ RunTime:0.0005s ]
SQL: SELECT `key_2` FROM `plate_conts_logs` WHERE `blank_id` = 1739 GROUP BY key_2 LIMIT 1   [ RunTime:0.0005s ]
SQL: SELECT `key_3` FROM `plate_conts_logs` WHERE `blank_id` = 1739 GROUP BY key_3 LIMIT 1   [ RunTime:0.0006s ]
SQL: SELECT `key_4` FROM `plate_conts_logs` WHERE `blank_id` = 1739 GROUP BY key_4 LIMIT 1   [ RunTime:0.0007s ]
SQL: SELECT `key_5` FROM `plate_conts_logs` WHERE `blank_id` = 1739 GROUP BY key_5 LIMIT 1   [ RunTime:0.0007s ]
SQL: SELECT `key_6` FROM `plate_conts_logs` WHERE `blank_id` = 1739 GROUP BY key_6 LIMIT 1   [ RunTime:0.0007s ]
SQL: SELECT `key_7` FROM `plate_conts_logs` WHERE `blank_id` = 1739 GROUP BY key_7 LIMIT 1   [ RunTime:0.0009s ]
NOTIC: [2] Trying to access array offset on value of type null /Users/gangliu/data/catdesk_workspace/yilan/App/Home/Controller/GoodsController.class.php 第 794 行.
NOTIC: [2] Trying to access array offset on value of type null /Users/gangliu/data/catdesk_workspace/yilan/App/Home/Controller/GoodsController.class.php 第 794 行.
NOTIC: [2] Trying to access array offset on value of type null /Users/gangliu/data/catdesk_workspace/yilan/App/Home/Controller/GoodsController.class.php 第 794 行.
NOTIC: [2] Trying to access array offset on value of type null /Users/gangliu/data/catdesk_workspace/yilan/App/Home/Controller/GoodsController.class.php 第 795 行.
NOTIC: [2] Trying to access array offset on value of type null /Users/gangliu/data/catdesk_workspace/yilan/App/Home/Controller/GoodsController.class.php 第 795 行.
NOTIC: [2] Trying to access array offset on value of type null /Users/gangliu/data/catdesk_workspace/yilan/App/Home/Controller/GoodsController.class.php 第 796 行.
NOTIC: [2] Trying to access array offset on value of type null /Users/gangliu/data/catdesk_workspace/yilan/App/Home/Controller/GoodsController.class.php 第 796 行.
NOTIC: [2] Trying to access array offset on value of type null /Users/gangliu/data/catdesk_workspace/yilan/App/Home/Controller/GoodsController.class.php 第 796 行.
SQL: SHOW COLUMNS FROM `new_tax` [ RunTime:0.0030s ]
SQL: SELECT * FROM `new_tax` WHERE `is_del` = 1  [ RunTime:0.0006s ]
SQL: SHOW COLUMNS FROM `plate_conts_price` [ RunTime:0.0020s ]
SQL: SELECT * FROM `plate_conts_price` WHERE `blank_id` = 1739 AND `is_del` = 1 ORDER BY sort asc, id asc  [ RunTime:0.0005s ]
SQL: SELECT * FROM `plate_conts_blank` WHERE `pid` = 1 AND `status` = 1 ORDER BY cat_index asc  [ RunTime:0.0005s ]
SQL: SHOW COLUMNS FROM `plate_conts_blank_group` [ RunTime:0.0020s ]
SQL: SELECT * FROM `plate_conts_blank_group` WHERE `pid` = 0 ORDER BY sort asc, id asc  [ RunTime:0.0012s ]
ERR: {"status":1,"msg":"\u83b7\u53d6\u6210\u529f","data":{"info":{"id":1739,"pid":1,"group_id":5,"catname":"\u5546\u54c1","cat_index":1,"source":["6a2bd1928b6ed.png"],"sorts":0,"gimage":"6a2bcd01617ca.png","gnames":"\u94dc\u82af\u4ea4\u8054\u805a\u4e59\u70ef\u7edd\u7f18\u805a\u6c2f\u4e59\u70ef\u62a4\u5957\u963b\u71c3\u7535\u7f06\u3010\u4e5d\u6298\u6807\u51c6\u3011","up_a":"0.0","down_a":"0.0","up_b":"0.0","down_b":"0.0","up_c":"0.0","down_c":"0.0","up_d":"0.0","down_d":"0.0","up_e":"0.0","down_e":"0.0","up_f":"0.0","down_f":"0.0","ticket_nor":3,"ticket_person":11,"status":1,"uptimes":1781256594,"times":1781095065,"new_tax_id":1},"key":{"keya":null,"keyb":null,"keyc":null,"keyd":null,"keye":null,"keyf":null,"keyg":null,"keyh":null},"list":[],"tax_list":[{"id":1,"pid":0,"name":"\u7535\u529b\u7535\u7f06\u7a0e\u7387\u53d1\u7968","alias_name":"","normal_tax":"3.00","special_tax":"11.00","status":1,"is_del":1,"add_time":0,"up_time":0},{"id":2,"pid":0,"name":"\u5bb6\u88c5\u7535\u7ebf\u7a0e\u7387","alias_name":"","normal_tax":"3.00","special_tax":"10.00","status":1,"is_del":1,"add_time":0,"up_time":0},{"id":3,"pid":0,"name":"\u521a\u6027\u9632\u706b\u7535\u7f06\u7a0e\u7387","alias_name":"","normal_tax":"3.00","special_tax":"9.00","status":1,"is_del":1,"add_time":0,"up_time":0},{"id":9,"pid":0,"name":"\u6a61\u5957\u7535\u7f06\u7a0e\u7387","alias_name":"","normal_tax":"3.00","special_tax":"11.00","status":1,"is_del":1,"add_time":0,"up_time":0},{"id":10,"pid":0,"name":"\u77ff\u7528\u6a61\u80f6\u7535\u7f06\u7a0e\u7387","alias_name":"","normal_tax":"4.00","special_tax":"12.00","status":1,"is_del":1,"add_time":0,"up_time":0}],"price_list":[{"id":2648,"plate_conts_id":1,"new_cate_one_id":1,"new_cate_two_id":355,"new_cate_three_id":356,"name":"\u94dc\u82af\u5bfc\u4f53","ratio":"1.00","sort":1000,"is_del":1,"cat_index":1,"blank_id":1739},{"id":2649,"plate_conts_id":1,"new_cate_one_id":1,"new_cate_two_id":355,"new_cate_three_id":362,"name":"\u8f90\u7167\u4ea4\u8054\u7edd\u7f18","ratio":"1.00","sort":1000,"is_del":1,"cat_index":1,"blank_id":1739},{"id":2650,"plate_conts_id":1,"new_cate_one_id":1,"new_cate_two_id":355,"new_cate_three_id":371,"name":"PVC\u62a4\u5957","ratio":"1.00","sort":1000,"is_del":1,"cat_index":1,"blank_id":1739},{"id":7812,"plate_conts_id":1,"new_cate_one_id":1,"new_cate_two_id":355,"new_cate_three_id":356,"name":"\u94dc\u82af\u5bfc\u4f53","ratio":"0.90","sort":1000,"is_del":1,"cat_index":1,"blank_id":1739},{"id":7813,"plate_conts_id":1,"new_cate_one_id":1,"new_cate_two_id":355,"new_cate_three_id":362,"name":"\u8f90\u7167\u4ea4\u8054\u7edd\u7f18","ratio":"1.00","sort":1000,"is_del":1,"cat_index":1,"blank_id":1739}],"all_blanks":[{"id":1739,"pid":1,"group_id":5,"catname":"\u5546\u54c1","cat_index":1,"source":"[\"6a2bd1928b6ed.png\"]","sorts":0,"gimage":"6a2bcd01617ca.png","gnames":"\u94dc\u82af\u4ea4\u8054\u805a\u4e59\u70ef\u7edd\u7f18\u805a\u6c2f\u4e59\u70ef\u62a4\u5957\u963b\u71c3\u7535\u7f06\u3010\u4e5d\u6298\u6807\u51c6\u3011","up_a":"0.0","down_a":"0.0","up_b":"0.0","down_b":"0.0","up_c":"0.0","down_c":"0.0","up_d":"0.0","down_d":"0.0","up_e":"0.0","down_e":"0.0","up_f":"0.0","down_f":"0.0","ticket_nor":3,"ticket_person":11,"status":1,"uptimes":1781256594,"times":1781095065,"new_tax_id":1},{"id":1740,"pid":1,"group_id":5,"catname":"\u4e5d\u6298\u6807\u51c6","cat_index":2,"source":"[\"677187340b61b.png\"]","sorts":null,"gimage":"677187340b3d7.png","gnames":"\u94dc\u82af\u4ea4\u8054\u805a\u4e59\u70ef\u7edd\u7f18\u805a\u6c2f\u4e59\u70ef\u62a4\u5957\u963b\u71c3\u7535\u7f06\u3010\u4e5d\u6298\u6807\u51c6\u3011","up_a":"0.0","down_a":"0.0","up_b":"0.0","down_b":"0.0","up_c":"0.0","down_c":"0.0","up_d":"0.0","down_d":"0.0","up_e":"0.0","down_e":"0.0","up_f":"0.0","down_f":"0.0","ticket_nor":3,"ticket_person":11,"status":1,"uptimes":1781228972,"times":1781228972,"new_tax_id":1},{"id":1741,"pid":1,"group_id":5,"catname":"\u516b\u6298\u6807\u51c6","cat_index":3,"source":"[\"677187340b61b.png\"]","sorts":null,"gimage":"677187340b3d7.png","gnames":"\u94dc\u82af\u4ea4\u8054\u805a\u4e59\u70ef\u7edd\u7f18\u805a\u6c2f\u4e59\u70ef\u62a4\u5957\u963b\u71c3\u7535\u7f06\u3010\u4e5d\u6298\u6807\u51c6\u3011","up_a":"0.0","down_a":"0.0","up_b":"0.0","down_b":"0.0","up_c":"0.0","down_c":"0.0","up_d":"0.0","down_d":"0.0","up_e":"0.0","down_e":"0.0","up_f":"0.0","down_f":"0.0","ticket_nor":3,"ticket_person":11,"status":1,"uptimes":1781228972,"times":1781228972,"new_tax_id":1}],"group_list":[{"id":1,"pid":0,"name":"\u6807\u51c61\u9009\u9879\u5361","ratio":"1.000000","sort":1,"add_time":1781435857,"up_time":1781435857},{"id":5,"pid":0,"name":"\u6807\u51c61\u9009\u9879\u5361","ratio":"1.000000","sort":1,"add_time":1781423342,"up_time":1781423342},{"id":2,"pid":0,"name":"\u6807\u51c62\u9009\u9879\u5361","ratio":"1.000000","sort":2,"add_time":1781435857,"up_time":1781435857},{"id":6,"pid":0,"name":"\u6807\u51c62\u9009\u9879\u5361","ratio":"1.000000","sort":2,"add_time":1781423342,"up_time":1781423342},{"id":7,"pid":0,"name":"\u6807\u51c63\u9009\u9879\u5361","ratio":"1.000000","sort":3,"add_time":1781423342,"up_time":1781423342},{"id":8,"pid":0,"name":"\u6807\u51c64\u9009\u9879\u5361","ratio":"1.000000","sort":4,"add_time":1781423342,"up_time":1781423342},{"id":9,"pid":0,"name":"\u6807\u51c65\u9009\u9879\u5361","ratio":"1.000000","sort":5,"add_time":1781423342,"up_time":1781423342},{"id":10,"pid":0,"name":"\u6807\u51c66\u9009\u9879\u5361","ratio":"1.000000","sort":6,"add_time":1781423342,"up_time":1781423342},{"id":11,"pid":0,"name":"\u6807\u51c67\u9009\u9879\u5361","ratio":"1.000000","sort":7,"add_time":1781423342,"up_time":1781423342},{"id":12,"pid":0,"name":"\u6807\u51c68\u9009\u9879\u5361","ratio":"1.000000","sort":8,"add_time":1781423342,"up_time":1781423342},{"id":13,"pid":0,"name":"\u6807\u51c69\u9009\u9879\u5361","ratio":"1.000000","sort":9,"add_time":1781423342,"up_time":1781423342},{"id":14,"pid":0,"name":"\u6807\u51c610\u9009\u9879\u5361","ratio":"1.000000","sort":10,"add_time":1781423342,"up_time":1781423342}]}}

[ 2026-06-16T15:09:41+08:00 ] ::1 /Home/Goods/plate_conts_blankr.html
INFO: [ app_init ] --START--
INFO: Run Behavior\BuildLiteBehavior [ RunTime:0.000022s ]
INFO: [ app_init ] --END-- [ RunTime:0.000339s ]
INFO: [ app_begin ] --START--
INFO: Run Behavior\ReadHtmlCacheBehavior [ RunTime:0.000125s ]
INFO: [ app_begin ] --END-- [ RunTime:0.000165s ]
SQL: SHOW COLUMNS FROM `plate_conts_blank` [ RunTime:0.0139s ]
SQL: SHOW COLUMNS FROM `plate_conts_logs` [ RunTime:0.0039s ]
SQL: SHOW COLUMNS FROM `plate_conts_logsr` [ RunTime:0.0035s ]
SQL: SELECT * FROM `plate_conts_blank` WHERE `id` = 1739 AND `status` = 1 LIMIT 1   [ RunTime:0.0034s ]
SQL: SELECT * FROM `plate_conts_logs` WHERE `blank_id` = 1739 ORDER BY number asc,id asc  [ RunTime:0.0035s ]
SQL: SELECT `key_0` FROM `plate_conts_logs` WHERE `blank_id` = 1739 GROUP BY key_0 LIMIT 1   [ RunTime:0.0009s ]
SQL: SELECT `key_1` FROM `plate_conts_logs` WHERE `blank_id` = 1739 GROUP BY key_1 LIMIT 1   [ RunTime:0.0004s ]
SQL: SELECT `key_2` FROM `plate_conts_logs` WHERE `blank_id` = 1739 GROUP BY key_2 LIMIT 1   [ RunTime:0.0005s ]
SQL: SELECT `key_3` FROM `plate_conts_logs` WHERE `blank_id` = 1739 GROUP BY key_3 LIMIT 1   [ RunTime:0.0004s ]
SQL: SELECT `key_4` FROM `plate_conts_logs` WHERE `blank_id` = 1739 GROUP BY key_4 LIMIT 1   [ RunTime:0.0004s ]
SQL: SELECT `key_5` FROM `plate_conts_logs` WHERE `blank_id` = 1739 GROUP BY key_5 LIMIT 1   [ RunTime:0.0005s ]
SQL: SELECT `key_6` FROM `plate_conts_logs` WHERE `blank_id` = 1739 GROUP BY key_6 LIMIT 1   [ RunTime:0.0005s ]
SQL: SELECT `key_7` FROM `plate_conts_logs` WHERE `blank_id` = 1739 GROUP BY key_7 LIMIT 1   [ RunTime:0.0005s ]
NOTIC: [2] Trying to access array offset on value of type null /Users/gangliu/data/catdesk_workspace/yilan/App/Home/Controller/GoodsController.class.php 第 794 行.
NOTIC: [2] Trying to access array offset on value of type null /Users/gangliu/data/catdesk_workspace/yilan/App/Home/Controller/GoodsController.class.php 第 794 行.
NOTIC: [2] Trying to access array offset on value of type null /Users/gangliu/data/catdesk_workspace/yilan/App/Home/Controller/GoodsController.class.php 第 794 行.
NOTIC: [2] Trying to access array offset on value of type null /Users/gangliu/data/catdesk_workspace/yilan/App/Home/Controller/GoodsController.class.php 第 795 行.
NOTIC: [2] Trying to access array offset on value of type null /Users/gangliu/data/catdesk_workspace/yilan/App/Home/Controller/GoodsController.class.php 第 795 行.
NOTIC: [2] Trying to access array offset on value of type null /Users/gangliu/data/catdesk_workspace/yilan/App/Home/Controller/GoodsController.class.php 第 796 行.
NOTIC: [2] Trying to access array offset on value of type null /Users/gangliu/data/catdesk_workspace/yilan/App/Home/Controller/GoodsController.class.php 第 796 行.
NOTIC: [2] Trying to access array offset on value of type null /Users/gangliu/data/catdesk_workspace/yilan/App/Home/Controller/GoodsController.class.php 第 796 行.
SQL: SHOW COLUMNS FROM `new_tax` [ RunTime:0.0024s ]
SQL: SELECT * FROM `new_tax` WHERE `is_del` = 1  [ RunTime:0.0014s ]
SQL: SHOW COLUMNS FROM `plate_conts_price` [ RunTime:0.0023s ]
SQL: SELECT * FROM `plate_conts_price` WHERE `blank_id` = 1739 AND `is_del` = 1 ORDER BY sort asc, id asc  [ RunTime:0.0024s ]
SQL: SELECT * FROM `plate_conts_blank` WHERE `pid` = 1 AND `status` = 1 ORDER BY cat_index asc  [ RunTime:0.0008s ]
SQL: SHOW COLUMNS FROM `plate_conts_blank_group` [ RunTime:0.0037s ]
SQL: SELECT * FROM `plate_conts_blank_group` WHERE `pid` = 0 ORDER BY sort asc, id asc  [ RunTime:0.0015s ]
ERR: {"status":1,"msg":"\u83b7\u53d6\u6210\u529f","data":{"info":{"id":1739,"pid":1,"group_id":5,"catname":"\u5546\u54c1","cat_index":1,"source":["6a2bd1928b6ed.png"],"sorts":0,"gimage":"6a2bcd01617ca.png","gnames":"\u94dc\u82af\u4ea4\u8054\u805a\u4e59\u70ef\u7edd\u7f18\u805a\u6c2f\u4e59\u70ef\u62a4\u5957\u963b\u71c3\u7535\u7f06\u3010\u4e5d\u6298\u6807\u51c6\u3011","up_a":"0.0","down_a":"0.0","up_b":"0.0","down_b":"0.0","up_c":"0.0","down_c":"0.0","up_d":"0.0","down_d":"0.0","up_e":"0.0","down_e":"0.0","up_f":"0.0","down_f":"0.0","ticket_nor":3,"ticket_person":11,"status":1,"uptimes":1781256594,"times":1781095065,"new_tax_id":1},"key":{"keya":null,"keyb":null,"keyc":null,"keyd":null,"keye":null,"keyf":null,"keyg":null,"keyh":null},"list":[],"tax_list":[{"id":1,"pid":0,"name":"\u7535\u529b\u7535\u7f06\u7a0e\u7387\u53d1\u7968","alias_name":"","normal_tax":"3.00","special_tax":"11.00","status":1,"is_del":1,"add_time":0,"up_time":0},{"id":2,"pid":0,"name":"\u5bb6\u88c5\u7535\u7ebf\u7a0e\u7387","alias_name":"","normal_tax":"3.00","special_tax":"10.00","status":1,"is_del":1,"add_time":0,"up_time":0},{"id":3,"pid":0,"name":"\u521a\u6027\u9632\u706b\u7535\u7f06\u7a0e\u7387","alias_name":"","normal_tax":"3.00","special_tax":"9.00","status":1,"is_del":1,"add_time":0,"up_time":0},{"id":9,"pid":0,"name":"\u6a61\u5957\u7535\u7f06\u7a0e\u7387","alias_name":"","normal_tax":"3.00","special_tax":"11.00","status":1,"is_del":1,"add_time":0,"up_time":0},{"id":10,"pid":0,"name":"\u77ff\u7528\u6a61\u80f6\u7535\u7f06\u7a0e\u7387","alias_name":"","normal_tax":"4.00","special_tax":"12.00","status":1,"is_del":1,"add_time":0,"up_time":0}],"price_list":[{"id":2648,"plate_conts_id":1,"new_cate_one_id":1,"new_cate_two_id":355,"new_cate_three_id":356,"name":"\u94dc\u82af\u5bfc\u4f53","ratio":"1.00","sort":1000,"is_del":1,"cat_index":1,"blank_id":1739},{"id":2649,"plate_conts_id":1,"new_cate_one_id":1,"new_cate_two_id":355,"new_cate_three_id":362,"name":"\u8f90\u7167\u4ea4\u8054\u7edd\u7f18","ratio":"1.00","sort":1000,"is_del":1,"cat_index":1,"blank_id":1739},{"id":2650,"plate_conts_id":1,"new_cate_one_id":1,"new_cate_two_id":355,"new_cate_three_id":371,"name":"PVC\u62a4\u5957","ratio":"1.00","sort":1000,"is_del":1,"cat_index":1,"blank_id":1739},{"id":7812,"plate_conts_id":1,"new_cate_one_id":1,"new_cate_two_id":355,"new_cate_three_id":356,"name":"\u94dc\u82af\u5bfc\u4f53","ratio":"0.90","sort":1000,"is_del":1,"cat_index":1,"blank_id":1739},{"id":7813,"plate_conts_id":1,"new_cate_one_id":1,"new_cate_two_id":355,"new_cate_three_id":362,"name":"\u8f90\u7167\u4ea4\u8054\u7edd\u7f18","ratio":"1.00","sort":1000,"is_del":1,"cat_index":1,"blank_id":1739}],"all_blanks":[{"id":1739,"pid":1,"group_id":5,"catname":"\u5546\u54c1","cat_index":1,"source":"[\"6a2bd1928b6ed.png\"]","sorts":0,"gimage":"6a2bcd01617ca.png","gnames":"\u94dc\u82af\u4ea4\u8054\u805a\u4e59\u70ef\u7edd\u7f18\u805a\u6c2f\u4e59\u70ef\u62a4\u5957\u963b\u71c3\u7535\u7f06\u3010\u4e5d\u6298\u6807\u51c6\u3011","up_a":"0.0","down_a":"0.0","up_b":"0.0","down_b":"0.0","up_c":"0.0","down_c":"0.0","up_d":"0.0","down_d":"0.0","up_e":"0.0","down_e":"0.0","up_f":"0.0","down_f":"0.0","ticket_nor":3,"ticket_person":11,"status":1,"uptimes":1781256594,"times":1781095065,"new_tax_id":1},{"id":1740,"pid":1,"group_id":5,"catname":"\u4e5d\u6298\u6807\u51c6","cat_index":2,"source":"[\"677187340b61b.png\"]","sorts":null,"gimage":"677187340b3d7.png","gnames":"\u94dc\u82af\u4ea4\u8054\u805a\u4e59\u70ef\u7edd\u7f18\u805a\u6c2f\u4e59\u70ef\u62a4\u5957\u963b\u71c3\u7535\u7f06\u3010\u4e5d\u6298\u6807\u51c6\u3011","up_a":"0.0","down_a":"0.0","up_b":"0.0","down_b":"0.0","up_c":"0.0","down_c":"0.0","up_d":"0.0","down_d":"0.0","up_e":"0.0","down_e":"0.0","up_f":"0.0","down_f":"0.0","ticket_nor":3,"ticket_person":11,"status":1,"uptimes":1781228972,"times":1781228972,"new_tax_id":1},{"id":1741,"pid":1,"group_id":5,"catname":"\u516b\u6298\u6807\u51c6","cat_index":3,"source":"[\"677187340b61b.png\"]","sorts":null,"gimage":"677187340b3d7.png","gnames":"\u94dc\u82af\u4ea4\u8054\u805a\u4e59\u70ef\u7edd\u7f18\u805a\u6c2f\u4e59\u70ef\u62a4\u5957\u963b\u71c3\u7535\u7f06\u3010\u4e5d\u6298\u6807\u51c6\u3011","up_a":"0.0","down_a":"0.0","up_b":"0.0","down_b":"0.0","up_c":"0.0","down_c":"0.0","up_d":"0.0","down_d":"0.0","up_e":"0.0","down_e":"0.0","up_f":"0.0","down_f":"0.0","ticket_nor":3,"ticket_person":11,"status":1,"uptimes":1781228972,"times":1781228972,"new_tax_id":1}],"group_list":[{"id":1,"pid":0,"name":"\u6807\u51c61\u9009\u9879\u5361","ratio":"1.000000","sort":1,"add_time":1781435857,"up_time":1781435857},{"id":5,"pid":0,"name":"\u6807\u51c61\u9009\u9879\u5361","ratio":"1.000000","sort":1,"add_time":1781423342,"up_time":1781423342},{"id":2,"pid":0,"name":"\u6807\u51c62\u9009\u9879\u5361","ratio":"1.000000","sort":2,"add_time":1781435857,"up_time":1781435857},{"id":6,"pid":0,"name":"\u6807\u51c62\u9009\u9879\u5361","ratio":"1.000000","sort":2,"add_time":1781423342,"up_time":1781423342},{"id":7,"pid":0,"name":"\u6807\u51c63\u9009\u9879\u5361","ratio":"1.000000","sort":3,"add_time":1781423342,"up_time":1781423342},{"id":8,"pid":0,"name":"\u6807\u51c64\u9009\u9879\u5361","ratio":"1.000000","sort":4,"add_time":1781423342,"up_time":1781423342},{"id":9,"pid":0,"name":"\u6807\u51c65\u9009\u9879\u5361","ratio":"1.000000","sort":5,"add_time":1781423342,"up_time":1781423342},{"id":10,"pid":0,"name":"\u6807\u51c66\u9009\u9879\u5361","ratio":"1.000000","sort":6,"add_time":1781423342,"up_time":1781423342},{"id":11,"pid":0,"name":"\u6807\u51c67\u9009\u9879\u5361","ratio":"1.000000","sort":7,"add_time":1781423342,"up_time":1781423342},{"id":12,"pid":0,"name":"\u6807\u51c68\u9009\u9879\u5361","ratio":"1.000000","sort":8,"add_time":1781423342,"up_time":1781423342},{"id":13,"pid":0,"name":"\u6807\u51c69\u9009\u9879\u5361","ratio":"1.000000","sort":9,"add_time":1781423342,"up_time":1781423342},{"id":14,"pid":0,"name":"\u6807\u51c610\u9009\u9879\u5361","ratio":"1.000000","sort":10,"add_time":1781423342,"up_time":1781423342}]}}

[ 2026-06-16T15:09:45+08:00 ] ::1 /Home/goodsPrice/priceEditGet.html
INFO: [ app_init ] --START--
INFO: Run Behavior\BuildLiteBehavior [ RunTime:0.000005s ]
INFO: [ app_init ] --END-- [ RunTime:0.000038s ]
INFO: [ app_begin ] --START--
INFO: Run Behavior\ReadHtmlCacheBehavior [ RunTime:0.000013s ]
INFO: [ app_begin ] --END-- [ RunTime:0.000021s ]
SQL: SHOW COLUMNS FROM `plate_conts_price` [ RunTime:0.0096s ]
SQL: SELECT * FROM `plate_conts_price` WHERE `id` = 2648 LIMIT 1   [ RunTime:0.0016s ]
ERR: {"status":1,"msg":"\u83b7\u53d6\u6210\u529f","data":{"info":{"id":2648,"plate_conts_id":1,"new_cate_one_id":1,"new_cate_two_id":355,"new_cate_three_id":356,"name":"\u94dc\u82af\u5bfc\u4f53","ratio":1,"sort":1000,"is_del":1,"cat_index":1,"blank_id":1739}}}

[ 2026-06-16T15:09:46+08:00 ] ::1 /Home/goodsPrice/priceCateList.html
INFO: [ app_init ] --START--
INFO: Run Behavior\BuildLiteBehavior [ RunTime:0.000004s ]
INFO: [ app_init ] --END-- [ RunTime:0.000051s ]
INFO: [ app_begin ] --START--
INFO: Run Behavior\ReadHtmlCacheBehavior [ RunTime:0.000020s ]
INFO: [ app_begin ] --END-- [ RunTime:0.000038s ]
SQL: SHOW COLUMNS FROM `new_cate` [ RunTime:0.0061s ]
SQL: SELECT * FROM `new_cate` WHERE `pid` = 0  [ RunTime:0.0062s ]
ERR: {"status":1,"msg":"\u83b7\u53d6\u6210\u529f","data":{"cate_list":[{"id":1,"pid":0,"name":"01-\u30101KV-3KV\u3011\u7535\u7f06\u7cfb\u5217\u6750\u6599","alias_name":"","one_id":0,"two_id":0,"level":1,"status":1,"is_del":1,"add_time":0,"up_time":0,"price":"99.0000","new_label_id":5},{"id":2,"pid":0,"name":"02-\u4e2d\u9ad8\u538b\u7535\u7f06\u677f\u5757\u6750\u6599","alias_name":"","one_id":0,"two_id":0,"level":1,"status":1,"is_del":1,"add_time":0,"up_time":0,"price":"0.0000","new_label_id":0},{"id":244,"pid":0,"name":"03-\u5bb6\u88c5\u5f31\u7535\u677f\u5757","alias_name":"","one_id":0,"two_id":0,"level":1,"status":1,"is_del":1,"add_time":0,"up_time":0,"price":"0.0000","new_label_id":0},{"id":309,"pid":0,"name":"04-\u63a7\u5236\u7535\u7f06\u7cfb\u5217\u6750\u6599","alias_name":"","one_id":0,"two_id":0,"level":1,"status":1,"is_del":1,"add_time":0,"up_time":0,"price":"0.0000","new_label_id":0},{"id":694,"pid":0,"name":"05-\u6a61\u80f6\u7c7b\u7535\u7f06\u6750\u6599","alias_name":"","one_id":0,"two_id":0,"level":1,"status":1,"is_del":1,"add_time":0,"up_time":0,"price":"0.0000","new_label_id":0},{"id":835,"pid":0,"name":"06-\u67b6\u7a7a\u7535\u7f06\u7cfb\u5217","alias_name":"","one_id":0,"two_id":0,"level":1,"status":1,"is_del":1,"add_time":0,"up_time":0,"price":"0.0000","new_label_id":0},{"id":900,"pid":0,"name":"07-\u901a\u4fe1\u7535\u7f06\u7cfb\u5217","alias_name":"","one_id":0,"two_id":0,"level":1,"status":1,"is_del":1,"add_time":0,"up_time":0,"price":"0.0000","new_label_id":0}],"level":1}}

[ 2026-06-16T15:09:46+08:00 ] ::1 /Home/goodsPrice/priceCateList.html
INFO: [ app_init ] --START--
INFO: Run Behavior\BuildLiteBehavior [ RunTime:0.000007s ]
INFO: [ app_init ] --END-- [ RunTime:0.000108s ]
INFO: [ app_begin ] --START--
INFO: Run Behavior\ReadHtmlCacheBehavior [ RunTime:0.000023s ]
INFO: [ app_begin ] --END-- [ RunTime:0.000047s ]
SQL: SHOW COLUMNS FROM `new_cate` [ RunTime:0.0074s ]
SQL: SELECT * FROM `new_cate` WHERE `id` = 1 LIMIT 1   [ RunTime:0.0034s ]
SQL: SELECT * FROM `new_cate` WHERE `pid` = 1  [ RunTime:0.0012s ]
ERR: {"status":1,"msg":"\u83b7\u53d6\u6210\u529f","data":{"cate_list":[{"id":355,"pid":1,"name":"\u4f4e\u538b\u7535\u7f06\u6750\u6599-1KV","alias_name":"","one_id":0,"two_id":0,"level":2,"status":1,"is_del":1,"add_time":0,"up_time":0,"price":"0.0000","new_label_id":0},{"id":376,"pid":1,"name":"\u9632\u706b\u7535\u7f06\u6750\u6599-1KV","alias_name":"","one_id":0,"two_id":0,"level":2,"status":1,"is_del":1,"add_time":0,"up_time":0,"price":"0.0000","new_label_id":0},{"id":393,"pid":1,"name":"\u53d8\u9891\u7535\u7f06\u6750\u6599-1KV","alias_name":"","one_id":0,"two_id":0,"level":2,"status":1,"is_del":1,"add_time":0,"up_time":0,"price":"0.0000","new_label_id":0},{"id":423,"pid":1,"name":"\u4f4e\u538b\u7535\u7f06\u6750\u6599-3KV","alias_name":"","one_id":0,"two_id":0,"level":2,"status":1,"is_del":1,"add_time":0,"up_time":0,"price":"0.0000","new_label_id":0},{"id":424,"pid":1,"name":"\u53d8\u9891\u7535\u7f06\u6750\u6599-3KV","alias_name":"","one_id":0,"two_id":0,"level":2,"status":1,"is_del":1,"add_time":0,"up_time":0,"price":"0.0000","new_label_id":0},{"id":837,"pid":1,"name":"\u67b6\u7a7a\u7535\u7f06\u6750\u6599\u5217\u8868","alias_name":"","one_id":0,"two_id":0,"level":2,"status":1,"is_del":1,"add_time":0,"up_time":0,"price":"0.0000","new_label_id":0}],"level":2}}

[ 2026-06-16T15:09:46+08:00 ] ::1 /Home/goodsPrice/priceCateList.html
INFO: [ app_init ] --START--
INFO: Run Behavior\BuildLiteBehavior [ RunTime:0.000004s ]
INFO: [ app_init ] --END-- [ RunTime:0.000022s ]
INFO: [ app_begin ] --START--
INFO: Run Behavior\ReadHtmlCacheBehavior [ RunTime:0.000025s ]
INFO: [ app_begin ] --END-- [ RunTime:0.000040s ]
SQL: SHOW COLUMNS FROM `new_cate` [ RunTime:0.0068s ]
SQL: SELECT * FROM `new_cate` WHERE `id` = 355 LIMIT 1   [ RunTime:0.0024s ]
SQL: SELECT * FROM `new_cate` WHERE `pid` = 355  [ RunTime:0.0006s ]
ERR: {"status":1,"msg":"\u83b7\u53d6\u6210\u529f","data":{"cate_list":[{"id":356,"pid":355,"name":"01-1KV-\u94dc\u82af\u5bfc\u4f53-\u786c\u82af","alias_name":"","one_id":0,"two_id":0,"level":3,"status":1,"is_del":1,"add_time":0,"up_time":0,"price":"16.2000","new_label_id":205},{"id":357,"pid":355,"name":"02-1KV-\u94dc\u82af\u5bfc\u4f53-\u8f6f\u82af","alias_name":"","one_id":0,"two_id":0,"level":3,"status":1,"is_del":1,"add_time":0,"up_time":0,"price":"102.9600","new_label_id":96},{"id":358,"pid":355,"name":"03-1KV-\u94dd\u82af\u5bfc\u4f53-\u786c\u82af","alias_name":"","one_id":0,"two_id":0,"level":3,"status":1,"is_del":1,"add_time":0,"up_time":0,"price":"23.0000","new_label_id":51},{"id":359,"pid":355,"name":"04-1KV-\u94dc\u5305\u94dd\u5bfc\u4f53-\u786c\u82af","alias_name":"","one_id":0,"two_id":0,"level":3,"status":1,"is_del":1,"add_time":0,"up_time":0,"price":"31.5900","new_label_id":121},{"id":360,"pid":355,"name":"05-1KV-\u8010\u706b\u4e91\u6bcd\u91cd\u91cf-\u666e\u901a","alias_name":"","one_id":0,"two_id":0,"level":3,"status":1,"is_del":1,"add_time":0,"up_time":0,"price":"38.0000","new_label_id":94},{"id":361,"pid":355,"name":"06-1KV-PVC\u7edd\u7f18\u91cd\u91cf","alias_name":"","one_id":0,"two_id":0,"level":3,"status":1,"is_del":1,"add_time":0,"up_time":0,"price":"7.5000","new_label_id":74},{"id":362,"pid":355,"name":"07-1KV-\u8f90\u7167\u4ea4\u8054\u91cd\u91cf","alias_name":"","one_id":0,"two_id":0,"level":3,"status":1,"is_del":1,"add_time":0,"up_time":0,"price":"12.0000","new_label_id":27},{"id":363,"pid":355,"name":"08-1KV-\u4f4e\u70df\u65e0\u5364\u7edd\u7f18\u91cd\u91cf","alias_name":"","one_id":0,"two_id":0,"level":3,"status":1,"is_del":1,"add_time":0,"up_time":0,"price":"15.2400","new_label_id":125},{"id":364,"pid":355,"name":"09-1KV-\u94e0\u88c5\u94a2\u5e26\u91cd\u91cf-\u5355\u82af\u4e0d\u9508\u94a2","alias_name":"","one_id":0,"two_id":0,"level":3,"status":1,"is_del":1,"add_time":0,"up_time":0,"price":"10.5000","new_label_id":106},{"id":365,"pid":355,"name":"10-1KV-\u94e0\u88c5\u94a2\u5e26\u91cd\u91cf-\u591a\u82af\u94a2\u5e26","alias_name":"","one_id":0,"two_id":0,"level":3,"status":1,"is_del":1,"add_time":0,"up_time":0,"price":"4.2000","new_label_id":105},{"id":366,"pid":355,"name":"11-1KV-\u94e0\u88c5\u94a2\u4e1d\u91cd\u91cf-\u5355\u82af\u7ec6\u94dd\u4e1d","alias_name":"","one_id":0,"two_id":0,"level":3,"status":1,"is_del":1,"add_time":0,"up_time":0,"price":"23.0000","new_label_id":51},{"id":367,"pid":355,"name":"12-1KV-\u94e0\u88c5\u94a2\u4e1d\u91cd\u91cf-\u591a\u82af\u7ec6\u94a2\u4e1d","alias_name":"","one_id":0,"two_id":0,"level":3,"status":1,"is_del":1,"add_time":0,"up_time":0,"price":"4.5300","new_label_id":107},{"id":368,"pid":355,"name":"13-1KV-\u94e0\u88c5\u94a2\u4e1d\u91cd\u91cf-\u5355\u82af\u7c97\u94dd\u4e1d","alias_name":"","one_id":0,"two_id":0,"level":3,"status":1,"is_del":1,"add_time":0,"up_time":0,"price":"23.0000","new_label_id":51},{"id":369,"pid":355,"name":"14-1KV-\u94e0\u88c5\u94a2\u4e1d\u91cd\u91cf-\u591a\u82af\u7c97\u94a2\u4e1d","alias_name":"","one_id":0,"two_id":0,"level":3,"status":1,"is_del":1,"add_time":0,"up_time":0,"price":"4.5300","new_label_id":107},{"id":370,"pid":355,"name":"15-1KV-\u8fde\u9501\u94e0\u88c5\u91cd\u91cf-\u8fde\u9501\u94dd\u5e26","alias_name":"","one_id":0,"two_id":0,"level":3,"status":1,"is_del":1,"add_time":0,"up_time":0,"price":"24.1500","new_label_id":97},{"id":371,"pid":355,"name":"16-1KV-PVC\u62a4\u5957\u91cd\u91cf-\u666e\u901a\u578b","alias_name":"","one_id":0,"two_id":0,"level":3,"status":1,"is_del":1,"add_time":0,"up_time":0,"price":"7.0000","new_label_id":109},{"id":372,"pid":355,"name":"17-1KV-PVC\u62a4\u5957\u91cd\u91cf-\u94a2\u5e26\u578b","alias_name":"","one_id":0,"two_id":0,"level":3,"status":1,"is_del":1,"add_time":0,"up_time":0,"price":"7.0000","new_label_id":109},{"id":373,"pid":355,"name":"18-1KV-PVC\u62a4\u5957\u91cd\u91cf-\u7ec6\u94a2\u4e1d\u578b","alias_name":"","one_id":0,"two_id":0,"level":3,"status":1,"is_del":1,"add_time":0,"up_time":0,"price":"7.0000","new_label_id":109},{"id":374,"pid":355,"name":"19-1KV-PVC\u62a4\u5957\u91cd\u91cf-\u7c97\u94a2\u4e1d\u578b","alias_name":"","one_id":0,"two_id":0,"level":3,"status":1,"is_del":1,"add_time":0,"up_time":0,"price":"7.0000","new_label_id":109},{"id":375,"pid":355,"name":"20-1KV-PVC\u8fde\u9501\u94e0\u88c5\u62a4\u5957\u91cd\u91cf-\u8fde\u9501\u578b","alias_name":"","one_id":0,"two_id":0,"level":3,"status":1,"is_del":1,"add_time":0,"up_time":0,"price":"7.0000","new_label_id":109},{"id":420,"pid":355,"name":"21-1KV-\u4f4e\u70df\u65e0\u5364\u62a4\u5957\u91cd\u91cf-\u666e\u901a\u578b","alias_name":"","one_id":0,"two_id":0,"level":3,"status":1,"is_del":1,"add_time":0,"up_time":0,"price":"8.1900","new_label_id":110},{"id":421,"pid":355,"name":"22-1KV-\u4f4e\u70df\u65e0\u5364\u62a4\u5957\u91cd\u91cf-\u94a2\u5e26\u578b","alias_name":"","one_id":0,"two_id":0,"level":3,"status":1,"is_del":1,"add_time":0,"up_time":0,"price":"8.1900","new_label_id":110},{"id":422,"pid":355,"name":"23-1KV-\u94dd\u5408\u91d1\u5bfc\u4f53","alias_name":"","one_id":0,"two_id":0,"level":3,"status":1,"is_del":1,"add_time":0,"up_time":0,"price":"24.1500","new_label_id":97}],"level":3}}

[ 2026-06-16T15:21:57+08:00 ] ::1 /Home/Goods/plate_conts_list/id/1.html
INFO: [ app_init ] --START--
INFO: Run Behavior\BuildLiteBehavior [ RunTime:0.000017s ]
INFO: [ app_init ] --END-- [ RunTime:0.000564s ]
INFO: [ app_begin ] --START--
INFO: Run Behavior\ReadHtmlCacheBehavior [ RunTime:0.000067s ]
INFO: [ app_begin ] --END-- [ RunTime:0.000117s ]
SQL: SHOW COLUMNS FROM `plate_conts` [ RunTime:0.0388s ]
SQL: SHOW COLUMNS FROM `sys_tmps` [ RunTime:0.0028s ]
SQL: SELECT * FROM `plate_conts` WHERE `id` = 1 LIMIT 1   [ RunTime:0.0044s ]
SQL: SELECT * FROM `sys_tmps` WHERE `types` = 2 ORDER BY id desc  [ RunTime:0.0032s ]
INFO: [ view_parse ] --START--
INFO: [ template_filter ] --START--
INFO: Run Behavior\ContentReplaceBehavior [ RunTime:0.000354s ]
INFO: [ template_filter ] --END-- [ RunTime:0.000400s ]
INFO: Run Behavior\ParseTemplateBehavior [ RunTime:0.017630s ]
INFO: [ view_parse ] --END-- [ RunTime:0.017672s ]
INFO: [ view_filter ] --START--
INFO: Run Behavior\WriteHtmlCacheBehavior [ RunTime:0.000107s ]
INFO: [ view_filter ] --END-- [ RunTime:0.000120s ]
INFO: [ app_end ] --START--
INFO: Run Behavior\ShowPageTraceBehavior [ RunTime:0.000095s ]
INFO: [ app_end ] --END-- [ RunTime:0.000124s ]

[ 2026-06-16T15:21:58+08:00 ] ::1 /Home/Goods/plate_conts_blankr.html
INFO: [ app_init ] --START--
INFO: Run Behavior\BuildLiteBehavior [ RunTime:0.000004s ]
INFO: [ app_init ] --END-- [ RunTime:0.000030s ]
INFO: [ app_begin ] --START--
INFO: Run Behavior\ReadHtmlCacheBehavior [ RunTime:0.000037s ]
INFO: [ app_begin ] --END-- [ RunTime:0.000069s ]
SQL: SHOW COLUMNS FROM `plate_conts_blank` [ RunTime:0.0080s ]
SQL: SHOW COLUMNS FROM `plate_conts_logs` [ RunTime:0.0236s ]
SQL: SHOW COLUMNS FROM `plate_conts_logsr` [ RunTime:0.0028s ]
SQL: SELECT * FROM `plate_conts_blank` WHERE `pid` = 1 AND `cat_index` = 1 AND `status` = 1 LIMIT 1   [ RunTime:0.0042s ]
SQL: SELECT * FROM `plate_conts_logs` WHERE `blank_id` = 1739 ORDER BY number asc,id asc  [ RunTime:0.0030s ]
SQL: SELECT `key_0` FROM `plate_conts_logs` WHERE `blank_id` = 1739 GROUP BY key_0 LIMIT 1   [ RunTime:0.0014s ]
SQL: SELECT `key_1` FROM `plate_conts_logs` WHERE `blank_id` = 1739 GROUP BY key_1 LIMIT 1   [ RunTime:0.0014s ]
SQL: SELECT `key_2` FROM `plate_conts_logs` WHERE `blank_id` = 1739 GROUP BY key_2 LIMIT 1   [ RunTime:0.0007s ]
SQL: SELECT `key_3` FROM `plate_conts_logs` WHERE `blank_id` = 1739 GROUP BY key_3 LIMIT 1   [ RunTime:0.0006s ]
SQL: SELECT `key_4` FROM `plate_conts_logs` WHERE `blank_id` = 1739 GROUP BY key_4 LIMIT 1   [ RunTime:0.0007s ]
SQL: SELECT `key_5` FROM `plate_conts_logs` WHERE `blank_id` = 1739 GROUP BY key_5 LIMIT 1   [ RunTime:0.0006s ]
SQL: SELECT `key_6` FROM `plate_conts_logs` WHERE `blank_id` = 1739 GROUP BY key_6 LIMIT 1   [ RunTime:0.0004s ]
SQL: SELECT `key_7` FROM `plate_conts_logs` WHERE `blank_id` = 1739 GROUP BY key_7 LIMIT 1   [ RunTime:0.0004s ]
NOTIC: [2] Trying to access array offset on value of type null /Users/gangliu/data/catdesk_workspace/yilan/App/Home/Controller/GoodsController.class.php 第 794 行.
NOTIC: [2] Trying to access array offset on value of type null /Users/gangliu/data/catdesk_workspace/yilan/App/Home/Controller/GoodsController.class.php 第 794 行.
NOTIC: [2] Trying to access array offset on value of type null /Users/gangliu/data/catdesk_workspace/yilan/App/Home/Controller/GoodsController.class.php 第 794 行.
NOTIC: [2] Trying to access array offset on value of type null /Users/gangliu/data/catdesk_workspace/yilan/App/Home/Controller/GoodsController.class.php 第 795 行.
NOTIC: [2] Trying to access array offset on value of type null /Users/gangliu/data/catdesk_workspace/yilan/App/Home/Controller/GoodsController.class.php 第 795 行.
NOTIC: [2] Trying to access array offset on value of type null /Users/gangliu/data/catdesk_workspace/yilan/App/Home/Controller/GoodsController.class.php 第 796 行.
NOTIC: [2] Trying to access array offset on value of type null /Users/gangliu/data/catdesk_workspace/yilan/App/Home/Controller/GoodsController.class.php 第 796 行.
NOTIC: [2] Trying to access array offset on value of type null /Users/gangliu/data/catdesk_workspace/yilan/App/Home/Controller/GoodsController.class.php 第 796 行.
SQL: SHOW COLUMNS FROM `new_tax` [ RunTime:0.0029s ]
SQL: SELECT * FROM `new_tax` WHERE `is_del` = 1  [ RunTime:0.0016s ]
SQL: SHOW COLUMNS FROM `plate_conts_price` [ RunTime:0.0024s ]
SQL: SELECT * FROM `plate_conts_price` WHERE `blank_id` = 1739 AND `is_del` = 1 ORDER BY sort asc, id asc  [ RunTime:0.0016s ]
SQL: SELECT * FROM `plate_conts_blank` WHERE `pid` = 1 AND `status` = 1 ORDER BY cat_index asc  [ RunTime:0.0007s ]
SQL: SHOW COLUMNS FROM `plate_conts_blank_group` [ RunTime:0.0031s ]
SQL: SELECT * FROM `plate_conts_blank_group` WHERE `pid` = 0 ORDER BY sort asc, id asc  [ RunTime:0.0023s ]
ERR: {"status":1,"msg":"\u83b7\u53d6\u6210\u529f","data":{"info":{"id":1739,"pid":1,"group_id":5,"catname":"\u5546\u54c1","cat_index":1,"source":["6a2bd1928b6ed.png"],"sorts":0,"gimage":"6a2bcd01617ca.png","gnames":"\u94dc\u82af\u4ea4\u8054\u805a\u4e59\u70ef\u7edd\u7f18\u805a\u6c2f\u4e59\u70ef\u62a4\u5957\u963b\u71c3\u7535\u7f06\u3010\u4e5d\u6298\u6807\u51c6\u3011","up_a":"0.0","down_a":"0.0","up_b":"0.0","down_b":"0.0","up_c":"0.0","down_c":"0.0","up_d":"0.0","down_d":"0.0","up_e":"0.0","down_e":"0.0","up_f":"0.0","down_f":"0.0","ticket_nor":3,"ticket_person":11,"status":1,"uptimes":1781256594,"times":1781095065,"new_tax_id":1},"key":{"keya":null,"keyb":null,"keyc":null,"keyd":null,"keye":null,"keyf":null,"keyg":null,"keyh":null},"list":[],"tax_list":[{"id":1,"pid":0,"name":"\u7535\u529b\u7535\u7f06\u7a0e\u7387\u53d1\u7968","alias_name":"","normal_tax":"3.00","special_tax":"11.00","status":1,"is_del":1,"add_time":0,"up_time":0},{"id":2,"pid":0,"name":"\u5bb6\u88c5\u7535\u7ebf\u7a0e\u7387","alias_name":"","normal_tax":"3.00","special_tax":"10.00","status":1,"is_del":1,"add_time":0,"up_time":0},{"id":3,"pid":0,"name":"\u521a\u6027\u9632\u706b\u7535\u7f06\u7a0e\u7387","alias_name":"","normal_tax":"3.00","special_tax":"9.00","status":1,"is_del":1,"add_time":0,"up_time":0},{"id":9,"pid":0,"name":"\u6a61\u5957\u7535\u7f06\u7a0e\u7387","alias_name":"","normal_tax":"3.00","special_tax":"11.00","status":1,"is_del":1,"add_time":0,"up_time":0},{"id":10,"pid":0,"name":"\u77ff\u7528\u6a61\u80f6\u7535\u7f06\u7a0e\u7387","alias_name":"","normal_tax":"4.00","special_tax":"12.00","status":1,"is_del":1,"add_time":0,"up_time":0}],"price_list":[{"id":2648,"plate_conts_id":1,"new_cate_one_id":1,"new_cate_two_id":355,"new_cate_three_id":356,"name":"\u94dc\u82af\u5bfc\u4f53","ratio":"1.00","sort":1000,"is_del":1,"cat_index":1,"blank_id":1739},{"id":2649,"plate_conts_id":1,"new_cate_one_id":1,"new_cate_two_id":355,"new_cate_three_id":362,"name":"\u8f90\u7167\u4ea4\u8054\u7edd\u7f18","ratio":"1.00","sort":1000,"is_del":1,"cat_index":1,"blank_id":1739},{"id":2650,"plate_conts_id":1,"new_cate_one_id":1,"new_cate_two_id":355,"new_cate_three_id":371,"name":"PVC\u62a4\u5957","ratio":"1.00","sort":1000,"is_del":1,"cat_index":1,"blank_id":1739},{"id":7812,"plate_conts_id":1,"new_cate_one_id":1,"new_cate_two_id":355,"new_cate_three_id":356,"name":"\u94dc\u82af\u5bfc\u4f53","ratio":"0.90","sort":1000,"is_del":1,"cat_index":1,"blank_id":1739},{"id":7813,"plate_conts_id":1,"new_cate_one_id":1,"new_cate_two_id":355,"new_cate_three_id":362,"name":"\u8f90\u7167\u4ea4\u8054\u7edd\u7f18","ratio":"1.00","sort":1000,"is_del":1,"cat_index":1,"blank_id":1739}],"all_blanks":[{"id":1739,"pid":1,"group_id":5,"catname":"\u5546\u54c1","cat_index":1,"source":"[\"6a2bd1928b6ed.png\"]","sorts":0,"gimage":"6a2bcd01617ca.png","gnames":"\u94dc\u82af\u4ea4\u8054\u805a\u4e59\u70ef\u7edd\u7f18\u805a\u6c2f\u4e59\u70ef\u62a4\u5957\u963b\u71c3\u7535\u7f06\u3010\u4e5d\u6298\u6807\u51c6\u3011","up_a":"0.0","down_a":"0.0","up_b":"0.0","down_b":"0.0","up_c":"0.0","down_c":"0.0","up_d":"0.0","down_d":"0.0","up_e":"0.0","down_e":"0.0","up_f":"0.0","down_f":"0.0","ticket_nor":3,"ticket_person":11,"status":1,"uptimes":1781256594,"times":1781095065,"new_tax_id":1},{"id":1740,"pid":1,"group_id":5,"catname":"\u4e5d\u6298\u6807\u51c6","cat_index":2,"source":"[\"677187340b61b.png\"]","sorts":null,"gimage":"677187340b3d7.png","gnames":"\u94dc\u82af\u4ea4\u8054\u805a\u4e59\u70ef\u7edd\u7f18\u805a\u6c2f\u4e59\u70ef\u62a4\u5957\u963b\u71c3\u7535\u7f06\u3010\u4e5d\u6298\u6807\u51c6\u3011","up_a":"0.0","down_a":"0.0","up_b":"0.0","down_b":"0.0","up_c":"0.0","down_c":"0.0","up_d":"0.0","down_d":"0.0","up_e":"0.0","down_e":"0.0","up_f":"0.0","down_f":"0.0","ticket_nor":3,"ticket_person":11,"status":1,"uptimes":1781228972,"times":1781228972,"new_tax_id":1},{"id":1741,"pid":1,"group_id":5,"catname":"\u516b\u6298\u6807\u51c6","cat_index":3,"source":"[\"677187340b61b.png\"]","sorts":null,"gimage":"677187340b3d7.png","gnames":"\u94dc\u82af\u4ea4\u8054\u805a\u4e59\u70ef\u7edd\u7f18\u805a\u6c2f\u4e59\u70ef\u62a4\u5957\u963b\u71c3\u7535\u7f06\u3010\u4e5d\u6298\u6807\u51c6\u3011","up_a":"0.0","down_a":"0.0","up_b":"0.0","down_b":"0.0","up_c":"0.0","down_c":"0.0","up_d":"0.0","down_d":"0.0","up_e":"0.0","down_e":"0.0","up_f":"0.0","down_f":"0.0","ticket_nor":3,"ticket_person":11,"status":1,"uptimes":1781228972,"times":1781228972,"new_tax_id":1}],"group_list":[{"id":1,"pid":0,"name":"\u6807\u51c61\u9009\u9879\u5361","ratio":"1.000000","sort":1,"add_time":1781435857,"up_time":1781435857},{"id":5,"pid":0,"name":"\u6807\u51c61\u9009\u9879\u5361","ratio":"1.000000","sort":1,"add_time":1781423342,"up_time":1781423342},{"id":2,"pid":0,"name":"\u6807\u51c62\u9009\u9879\u5361","ratio":"1.000000","sort":2,"add_time":1781435857,"up_time":1781435857},{"id":6,"pid":0,"name":"\u6807\u51c62\u9009\u9879\u5361","ratio":"1.000000","sort":2,"add_time":1781423342,"up_time":1781423342},{"id":7,"pid":0,"name":"\u6807\u51c63\u9009\u9879\u5361","ratio":"1.000000","sort":3,"add_time":1781423342,"up_time":1781423342},{"id":8,"pid":0,"name":"\u6807\u51c64\u9009\u9879\u5361","ratio":"1.000000","sort":4,"add_time":1781423342,"up_time":1781423342},{"id":9,"pid":0,"name":"\u6807\u51c65\u9009\u9879\u5361","ratio":"1.000000","sort":5,"add_time":1781423342,"up_time":1781423342},{"id":10,"pid":0,"name":"\u6807\u51c66\u9009\u9879\u5361","ratio":"1.000000","sort":6,"add_time":1781423342,"up_time":1781423342},{"id":11,"pid":0,"name":"\u6807\u51c67\u9009\u9879\u5361","ratio":"1.000000","sort":7,"add_time":1781423342,"up_time":1781423342},{"id":12,"pid":0,"name":"\u6807\u51c68\u9009\u9879\u5361","ratio":"1.000000","sort":8,"add_time":1781423342,"up_time":1781423342},{"id":13,"pid":0,"name":"\u6807\u51c69\u9009\u9879\u5361","ratio":"1.000000","sort":9,"add_time":1781423342,"up_time":1781423342},{"id":14,"pid":0,"name":"\u6807\u51c610\u9009\u9879\u5361","ratio":"1.000000","sort":10,"add_time":1781423342,"up_time":1781423342}]}}

[ 2026-06-16T15:31:06+08:00 ] ::1 /Home/Goods/plate_conts_list/id/1.html
INFO: [ app_init ] --START--
INFO: Run Behavior\BuildLiteBehavior [ RunTime:0.000005s ]
INFO: [ app_init ] --END-- [ RunTime:0.000507s ]
INFO: [ app_begin ] --START--
INFO: Run Behavior\ReadHtmlCacheBehavior [ RunTime:0.000024s ]
INFO: [ app_begin ] --END-- [ RunTime:0.000035s ]
SQL: SHOW COLUMNS FROM `plate_conts` [ RunTime:0.0294s ]
SQL: SHOW COLUMNS FROM `sys_tmps` [ RunTime:0.0025s ]
SQL: SELECT * FROM `plate_conts` WHERE `id` = 1 LIMIT 1   [ RunTime:0.0045s ]
SQL: SELECT * FROM `sys_tmps` WHERE `types` = 2 ORDER BY id desc  [ RunTime:0.0029s ]
INFO: [ view_parse ] --START--
INFO: [ template_filter ] --START--
INFO: Run Behavior\ContentReplaceBehavior [ RunTime:0.000365s ]
INFO: [ template_filter ] --END-- [ RunTime:0.000403s ]
INFO: Run Behavior\ParseTemplateBehavior [ RunTime:0.014488s ]
INFO: [ view_parse ] --END-- [ RunTime:0.014526s ]
INFO: [ view_filter ] --START--
INFO: Run Behavior\WriteHtmlCacheBehavior [ RunTime:0.000068s ]
INFO: [ view_filter ] --END-- [ RunTime:0.000074s ]
INFO: [ app_end ] --START--
INFO: Run Behavior\ShowPageTraceBehavior [ RunTime:0.000041s ]
INFO: [ app_end ] --END-- [ RunTime:0.000046s ]

[ 2026-06-16T15:31:06+08:00 ] ::1 /Home/Goods/plate_conts_blankr.html
INFO: [ app_init ] --START--
INFO: Run Behavior\BuildLiteBehavior [ RunTime:0.000003s ]
INFO: [ app_init ] --END-- [ RunTime:0.000024s ]
INFO: [ app_begin ] --START--
INFO: Run Behavior\ReadHtmlCacheBehavior [ RunTime:0.000010s ]
INFO: [ app_begin ] --END-- [ RunTime:0.000018s ]
SQL: SHOW COLUMNS FROM `plate_conts_blank` [ RunTime:0.0065s ]
SQL: SHOW COLUMNS FROM `plate_conts_logs` [ RunTime:0.0021s ]
SQL: SHOW COLUMNS FROM `plate_conts_logsr` [ RunTime:0.0041s ]
SQL: SELECT * FROM `plate_conts_blank` WHERE `pid` = 1 AND `cat_index` = 1 AND `status` = 1 LIMIT 1   [ RunTime:0.0065s ]
SQL: SELECT * FROM `plate_conts_logs` WHERE `blank_id` = 1739 ORDER BY number asc,id asc  [ RunTime:0.0045s ]
SQL: SELECT `key_0` FROM `plate_conts_logs` WHERE `blank_id` = 1739 GROUP BY key_0 LIMIT 1   [ RunTime:0.0009s ]
SQL: SELECT `key_1` FROM `plate_conts_logs` WHERE `blank_id` = 1739 GROUP BY key_1 LIMIT 1   [ RunTime:0.0003s ]
SQL: SELECT `key_2` FROM `plate_conts_logs` WHERE `blank_id` = 1739 GROUP BY key_2 LIMIT 1   [ RunTime:0.0003s ]
SQL: SELECT `key_3` FROM `plate_conts_logs` WHERE `blank_id` = 1739 GROUP BY key_3 LIMIT 1   [ RunTime:0.0003s ]
SQL: SELECT `key_4` FROM `plate_conts_logs` WHERE `blank_id` = 1739 GROUP BY key_4 LIMIT 1   [ RunTime:0.0003s ]
SQL: SELECT `key_5` FROM `plate_conts_logs` WHERE `blank_id` = 1739 GROUP BY key_5 LIMIT 1   [ RunTime:0.0002s ]
SQL: SELECT `key_6` FROM `plate_conts_logs` WHERE `blank_id` = 1739 GROUP BY key_6 LIMIT 1   [ RunTime:0.0002s ]
SQL: SELECT `key_7` FROM `plate_conts_logs` WHERE `blank_id` = 1739 GROUP BY key_7 LIMIT 1   [ RunTime:0.0003s ]
NOTIC: [2] Trying to access array offset on value of type null /Users/gangliu/data/catdesk_workspace/yilan/App/Home/Controller/GoodsController.class.php 第 794 行.
NOTIC: [2] Trying to access array offset on value of type null /Users/gangliu/data/catdesk_workspace/yilan/App/Home/Controller/GoodsController.class.php 第 794 行.
NOTIC: [2] Trying to access array offset on value of type null /Users/gangliu/data/catdesk_workspace/yilan/App/Home/Controller/GoodsController.class.php 第 794 行.
NOTIC: [2] Trying to access array offset on value of type null /Users/gangliu/data/catdesk_workspace/yilan/App/Home/Controller/GoodsController.class.php 第 795 行.
NOTIC: [2] Trying to access array offset on value of type null /Users/gangliu/data/catdesk_workspace/yilan/App/Home/Controller/GoodsController.class.php 第 795 行.
NOTIC: [2] Trying to access array offset on value of type null /Users/gangliu/data/catdesk_workspace/yilan/App/Home/Controller/GoodsController.class.php 第 796 行.
NOTIC: [2] Trying to access array offset on value of type null /Users/gangliu/data/catdesk_workspace/yilan/App/Home/Controller/GoodsController.class.php 第 796 行.
NOTIC: [2] Trying to access array offset on value of type null /Users/gangliu/data/catdesk_workspace/yilan/App/Home/Controller/GoodsController.class.php 第 796 行.
SQL: SHOW COLUMNS FROM `new_tax` [ RunTime:0.0018s ]
SQL: SELECT * FROM `new_tax` WHERE `is_del` = 1  [ RunTime:0.0012s ]
SQL: SHOW COLUMNS FROM `plate_conts_price` [ RunTime:0.0023s ]
SQL: SELECT * FROM `plate_conts_price` WHERE `blank_id` = 1739 AND `is_del` = 1 ORDER BY sort asc, id asc  [ RunTime:0.0009s ]
SQL: SELECT * FROM `plate_conts_blank` WHERE `pid` = 1 AND `status` = 1 ORDER BY cat_index asc  [ RunTime:0.0006s ]
SQL: SHOW COLUMNS FROM `plate_conts_blank_group` [ RunTime:0.0027s ]
SQL: SELECT * FROM `plate_conts_blank_group` WHERE `pid` = 0 ORDER BY sort asc, id asc  [ RunTime:0.0007s ]
ERR: {"status":1,"msg":"\u83b7\u53d6\u6210\u529f","data":{"info":{"id":1739,"pid":1,"group_id":5,"catname":"\u5546\u54c1","cat_index":1,"source":["6a2bd1928b6ed.png"],"sorts":0,"gimage":"6a2bcd01617ca.png","gnames":"\u94dc\u82af\u4ea4\u8054\u805a\u4e59\u70ef\u7edd\u7f18\u805a\u6c2f\u4e59\u70ef\u62a4\u5957\u963b\u71c3\u7535\u7f06\u3010\u4e5d\u6298\u6807\u51c6\u3011","up_a":"0.0","down_a":"0.0","up_b":"0.0","down_b":"0.0","up_c":"0.0","down_c":"0.0","up_d":"0.0","down_d":"0.0","up_e":"0.0","down_e":"0.0","up_f":"0.0","down_f":"0.0","ticket_nor":3,"ticket_person":11,"status":1,"uptimes":1781256594,"times":1781095065,"new_tax_id":1},"key":{"keya":null,"keyb":null,"keyc":null,"keyd":null,"keye":null,"keyf":null,"keyg":null,"keyh":null},"list":[],"tax_list":[{"id":1,"pid":0,"name":"\u7535\u529b\u7535\u7f06\u7a0e\u7387\u53d1\u7968","alias_name":"","normal_tax":"3.00","special_tax":"11.00","status":1,"is_del":1,"add_time":0,"up_time":0},{"id":2,"pid":0,"name":"\u5bb6\u88c5\u7535\u7ebf\u7a0e\u7387","alias_name":"","normal_tax":"3.00","special_tax":"10.00","status":1,"is_del":1,"add_time":0,"up_time":0},{"id":3,"pid":0,"name":"\u521a\u6027\u9632\u706b\u7535\u7f06\u7a0e\u7387","alias_name":"","normal_tax":"3.00","special_tax":"9.00","status":1,"is_del":1,"add_time":0,"up_time":0},{"id":9,"pid":0,"name":"\u6a61\u5957\u7535\u7f06\u7a0e\u7387","alias_name":"","normal_tax":"3.00","special_tax":"11.00","status":1,"is_del":1,"add_time":0,"up_time":0},{"id":10,"pid":0,"name":"\u77ff\u7528\u6a61\u80f6\u7535\u7f06\u7a0e\u7387","alias_name":"","normal_tax":"4.00","special_tax":"12.00","status":1,"is_del":1,"add_time":0,"up_time":0}],"price_list":[{"id":2648,"plate_conts_id":1,"new_cate_one_id":1,"new_cate_two_id":355,"new_cate_three_id":356,"name":"\u94dc\u82af\u5bfc\u4f53","ratio":"1.00","sort":1000,"is_del":1,"cat_index":1,"blank_id":1739},{"id":2649,"plate_conts_id":1,"new_cate_one_id":1,"new_cate_two_id":355,"new_cate_three_id":362,"name":"\u8f90\u7167\u4ea4\u8054\u7edd\u7f18","ratio":"1.00","sort":1000,"is_del":1,"cat_index":1,"blank_id":1739},{"id":2650,"plate_conts_id":1,"new_cate_one_id":1,"new_cate_two_id":355,"new_cate_three_id":371,"name":"PVC\u62a4\u5957","ratio":"1.00","sort":1000,"is_del":1,"cat_index":1,"blank_id":1739},{"id":7812,"plate_conts_id":1,"new_cate_one_id":1,"new_cate_two_id":355,"new_cate_three_id":356,"name":"\u94dc\u82af\u5bfc\u4f53","ratio":"0.90","sort":1000,"is_del":1,"cat_index":1,"blank_id":1739},{"id":7813,"plate_conts_id":1,"new_cate_one_id":1,"new_cate_two_id":355,"new_cate_three_id":362,"name":"\u8f90\u7167\u4ea4\u8054\u7edd\u7f18","ratio":"1.00","sort":1000,"is_del":1,"cat_index":1,"blank_id":1739}],"all_blanks":[{"id":1739,"pid":1,"group_id":5,"catname":"\u5546\u54c1","cat_index":1,"source":"[\"6a2bd1928b6ed.png\"]","sorts":0,"gimage":"6a2bcd01617ca.png","gnames":"\u94dc\u82af\u4ea4\u8054\u805a\u4e59\u70ef\u7edd\u7f18\u805a\u6c2f\u4e59\u70ef\u62a4\u5957\u963b\u71c3\u7535\u7f06\u3010\u4e5d\u6298\u6807\u51c6\u3011","up_a":"0.0","down_a":"0.0","up_b":"0.0","down_b":"0.0","up_c":"0.0","down_c":"0.0","up_d":"0.0","down_d":"0.0","up_e":"0.0","down_e":"0.0","up_f":"0.0","down_f":"0.0","ticket_nor":3,"ticket_person":11,"status":1,"uptimes":1781256594,"times":1781095065,"new_tax_id":1},{"id":1740,"pid":1,"group_id":5,"catname":"\u4e5d\u6298\u6807\u51c6","cat_index":2,"source":"[\"677187340b61b.png\"]","sorts":null,"gimage":"677187340b3d7.png","gnames":"\u94dc\u82af\u4ea4\u8054\u805a\u4e59\u70ef\u7edd\u7f18\u805a\u6c2f\u4e59\u70ef\u62a4\u5957\u963b\u71c3\u7535\u7f06\u3010\u4e5d\u6298\u6807\u51c6\u3011","up_a":"0.0","down_a":"0.0","up_b":"0.0","down_b":"0.0","up_c":"0.0","down_c":"0.0","up_d":"0.0","down_d":"0.0","up_e":"0.0","down_e":"0.0","up_f":"0.0","down_f":"0.0","ticket_nor":3,"ticket_person":11,"status":1,"uptimes":1781228972,"times":1781228972,"new_tax_id":1},{"id":1741,"pid":1,"group_id":5,"catname":"\u516b\u6298\u6807\u51c6","cat_index":3,"source":"[\"677187340b61b.png\"]","sorts":null,"gimage":"677187340b3d7.png","gnames":"\u94dc\u82af\u4ea4\u8054\u805a\u4e59\u70ef\u7edd\u7f18\u805a\u6c2f\u4e59\u70ef\u62a4\u5957\u963b\u71c3\u7535\u7f06\u3010\u4e5d\u6298\u6807\u51c6\u3011","up_a":"0.0","down_a":"0.0","up_b":"0.0","down_b":"0.0","up_c":"0.0","down_c":"0.0","up_d":"0.0","down_d":"0.0","up_e":"0.0","down_e":"0.0","up_f":"0.0","down_f":"0.0","ticket_nor":3,"ticket_person":11,"status":1,"uptimes":1781228972,"times":1781228972,"new_tax_id":1}],"group_list":[{"id":1,"pid":0,"name":"\u6807\u51c61\u9009\u9879\u5361","ratio":"1.000000","sort":1,"add_time":1781435857,"up_time":1781435857},{"id":5,"pid":0,"name":"\u6807\u51c61\u9009\u9879\u5361","ratio":"1.000000","sort":1,"add_time":1781423342,"up_time":1781423342},{"id":2,"pid":0,"name":"\u6807\u51c62\u9009\u9879\u5361","ratio":"1.000000","sort":2,"add_time":1781435857,"up_time":1781435857},{"id":6,"pid":0,"name":"\u6807\u51c62\u9009\u9879\u5361","ratio":"1.000000","sort":2,"add_time":1781423342,"up_time":1781423342},{"id":7,"pid":0,"name":"\u6807\u51c63\u9009\u9879\u5361","ratio":"1.000000","sort":3,"add_time":1781423342,"up_time":1781423342},{"id":8,"pid":0,"name":"\u6807\u51c64\u9009\u9879\u5361","ratio":"1.000000","sort":4,"add_time":1781423342,"up_time":1781423342},{"id":9,"pid":0,"name":"\u6807\u51c65\u9009\u9879\u5361","ratio":"1.000000","sort":5,"add_time":1781423342,"up_time":1781423342},{"id":10,"pid":0,"name":"\u6807\u51c66\u9009\u9879\u5361","ratio":"1.000000","sort":6,"add_time":1781423342,"up_time":1781423342},{"id":11,"pid":0,"name":"\u6807\u51c67\u9009\u9879\u5361","ratio":"1.000000","sort":7,"add_time":1781423342,"up_time":1781423342},{"id":12,"pid":0,"name":"\u6807\u51c68\u9009\u9879\u5361","ratio":"1.000000","sort":8,"add_time":1781423342,"up_time":1781423342},{"id":13,"pid":0,"name":"\u6807\u51c69\u9009\u9879\u5361","ratio":"1.000000","sort":9,"add_time":1781423342,"up_time":1781423342},{"id":14,"pid":0,"name":"\u6807\u51c610\u9009\u9879\u5361","ratio":"1.000000","sort":10,"add_time":1781423342,"up_time":1781423342}]}}

[ 2026-06-16T15:34:19+08:00 ] ::1 /Home/Goods/plate_conts_list/id/1.html
INFO: [ app_init ] --START--
INFO: Run Behavior\BuildLiteBehavior [ RunTime:0.000012s ]
INFO: [ app_init ] --END-- [ RunTime:0.000102s ]
INFO: [ app_begin ] --START--
INFO: Run Behavior\ReadHtmlCacheBehavior [ RunTime:0.000044s ]
INFO: [ app_begin ] --END-- [ RunTime:0.000066s ]
SQL: SHOW COLUMNS FROM `plate_conts` [ RunTime:0.0068s ]
SQL: SHOW COLUMNS FROM `sys_tmps` [ RunTime:0.0026s ]
SQL: SELECT * FROM `plate_conts` WHERE `id` = 1 LIMIT 1   [ RunTime:0.0138s ]
SQL: SELECT * FROM `sys_tmps` WHERE `types` = 2 ORDER BY id desc  [ RunTime:0.0025s ]
INFO: [ view_parse ] --START--
INFO: [ template_filter ] --START--
INFO: Run Behavior\ContentReplaceBehavior [ RunTime:0.000349s ]
INFO: [ template_filter ] --END-- [ RunTime:0.000392s ]
INFO: Run Behavior\ParseTemplateBehavior [ RunTime:0.011186s ]
INFO: [ view_parse ] --END-- [ RunTime:0.011228s ]
INFO: [ view_filter ] --START--
INFO: Run Behavior\WriteHtmlCacheBehavior [ RunTime:0.000102s ]
INFO: [ view_filter ] --END-- [ RunTime:0.000113s ]
INFO: [ app_end ] --START--
INFO: Run Behavior\ShowPageTraceBehavior [ RunTime:0.000071s ]
INFO: [ app_end ] --END-- [ RunTime:0.000085s ]

[ 2026-06-16T15:34:19+08:00 ] ::1 /Home/Goods/plate_conts_blankr.html
INFO: [ app_init ] --START--
INFO: Run Behavior\BuildLiteBehavior [ RunTime:0.000007s ]
INFO: [ app_init ] --END-- [ RunTime:0.000080s ]
INFO: [ app_begin ] --START--
INFO: Run Behavior\ReadHtmlCacheBehavior [ RunTime:0.000029s ]
INFO: [ app_begin ] --END-- [ RunTime:0.000055s ]
SQL: SHOW COLUMNS FROM `plate_conts_blank` [ RunTime:0.0039s ]
SQL: SHOW COLUMNS FROM `plate_conts_logs` [ RunTime:0.0028s ]
SQL: SHOW COLUMNS FROM `plate_conts_logsr` [ RunTime:0.0024s ]
SQL: SELECT * FROM `plate_conts_blank` WHERE `pid` = 1 AND `cat_index` = 1 AND `status` = 1 LIMIT 1   [ RunTime:0.0029s ]
SQL: SELECT * FROM `plate_conts_logs` WHERE `blank_id` = 1739 ORDER BY number asc,id asc  [ RunTime:0.0024s ]
SQL: SELECT `key_0` FROM `plate_conts_logs` WHERE `blank_id` = 1739 GROUP BY key_0 LIMIT 1   [ RunTime:0.0006s ]
SQL: SELECT `key_1` FROM `plate_conts_logs` WHERE `blank_id` = 1739 GROUP BY key_1 LIMIT 1   [ RunTime:0.0004s ]
SQL: SELECT `key_2` FROM `plate_conts_logs` WHERE `blank_id` = 1739 GROUP BY key_2 LIMIT 1   [ RunTime:0.0004s ]
SQL: SELECT `key_3` FROM `plate_conts_logs` WHERE `blank_id` = 1739 GROUP BY key_3 LIMIT 1   [ RunTime:0.0004s ]
SQL: SELECT `key_4` FROM `plate_conts_logs` WHERE `blank_id` = 1739 GROUP BY key_4 LIMIT 1   [ RunTime:0.0003s ]
SQL: SELECT `key_5` FROM `plate_conts_logs` WHERE `blank_id` = 1739 GROUP BY key_5 LIMIT 1   [ RunTime:0.0003s ]
SQL: SELECT `key_6` FROM `plate_conts_logs` WHERE `blank_id` = 1739 GROUP BY key_6 LIMIT 1   [ RunTime:0.0003s ]
SQL: SELECT `key_7` FROM `plate_conts_logs` WHERE `blank_id` = 1739 GROUP BY key_7 LIMIT 1   [ RunTime:0.0004s ]
NOTIC: [2] Trying to access array offset on value of type null /Users/gangliu/data/catdesk_workspace/yilan/App/Home/Controller/GoodsController.class.php 第 794 行.
NOTIC: [2] Trying to access array offset on value of type null /Users/gangliu/data/catdesk_workspace/yilan/App/Home/Controller/GoodsController.class.php 第 794 行.
NOTIC: [2] Trying to access array offset on value of type null /Users/gangliu/data/catdesk_workspace/yilan/App/Home/Controller/GoodsController.class.php 第 794 行.
NOTIC: [2] Trying to access array offset on value of type null /Users/gangliu/data/catdesk_workspace/yilan/App/Home/Controller/GoodsController.class.php 第 795 行.
NOTIC: [2] Trying to access array offset on value of type null /Users/gangliu/data/catdesk_workspace/yilan/App/Home/Controller/GoodsController.class.php 第 795 行.
NOTIC: [2] Trying to access array offset on value of type null /Users/gangliu/data/catdesk_workspace/yilan/App/Home/Controller/GoodsController.class.php 第 796 行.
NOTIC: [2] Trying to access array offset on value of type null /Users/gangliu/data/catdesk_workspace/yilan/App/Home/Controller/GoodsController.class.php 第 796 行.
NOTIC: [2] Trying to access array offset on value of type null /Users/gangliu/data/catdesk_workspace/yilan/App/Home/Controller/GoodsController.class.php 第 796 行.
SQL: SHOW COLUMNS FROM `new_tax` [ RunTime:0.0015s ]
SQL: SELECT * FROM `new_tax` WHERE `is_del` = 1  [ RunTime:0.0013s ]
SQL: SHOW COLUMNS FROM `plate_conts_price` [ RunTime:0.0029s ]
SQL: SELECT * FROM `plate_conts_price` WHERE `blank_id` = 1739 AND `is_del` = 1 ORDER BY sort asc, id asc  [ RunTime:0.0020s ]
SQL: SELECT * FROM `plate_conts_blank` WHERE `pid` = 1 AND `status` = 1 ORDER BY cat_index asc  [ RunTime:0.0005s ]
SQL: SHOW COLUMNS FROM `plate_conts_blank_group` [ RunTime:0.0022s ]
SQL: SELECT * FROM `plate_conts_blank_group` WHERE `pid` = 0 ORDER BY sort asc, id asc  [ RunTime:0.0010s ]
ERR: {"status":1,"msg":"\u83b7\u53d6\u6210\u529f","data":{"info":{"id":1739,"pid":1,"group_id":5,"catname":"\u5546\u54c1","cat_index":1,"source":["6a2bd1928b6ed.png"],"sorts":0,"gimage":"6a2bcd01617ca.png","gnames":"\u94dc\u82af\u4ea4\u8054\u805a\u4e59\u70ef\u7edd\u7f18\u805a\u6c2f\u4e59\u70ef\u62a4\u5957\u963b\u71c3\u7535\u7f06\u3010\u4e5d\u6298\u6807\u51c6\u3011","up_a":"0.0","down_a":"0.0","up_b":"0.0","down_b":"0.0","up_c":"0.0","down_c":"0.0","up_d":"0.0","down_d":"0.0","up_e":"0.0","down_e":"0.0","up_f":"0.0","down_f":"0.0","ticket_nor":3,"ticket_person":11,"status":1,"uptimes":1781256594,"times":1781095065,"new_tax_id":1},"key":{"keya":null,"keyb":null,"keyc":null,"keyd":null,"keye":null,"keyf":null,"keyg":null,"keyh":null},"list":[],"tax_list":[{"id":1,"pid":0,"name":"\u7535\u529b\u7535\u7f06\u7a0e\u7387\u53d1\u7968","alias_name":"","normal_tax":"3.00","special_tax":"11.00","status":1,"is_del":1,"add_time":0,"up_time":0},{"id":2,"pid":0,"name":"\u5bb6\u88c5\u7535\u7ebf\u7a0e\u7387","alias_name":"","normal_tax":"3.00","special_tax":"10.00","status":1,"is_del":1,"add_time":0,"up_time":0},{"id":3,"pid":0,"name":"\u521a\u6027\u9632\u706b\u7535\u7f06\u7a0e\u7387","alias_name":"","normal_tax":"3.00","special_tax":"9.00","status":1,"is_del":1,"add_time":0,"up_time":0},{"id":9,"pid":0,"name":"\u6a61\u5957\u7535\u7f06\u7a0e\u7387","alias_name":"","normal_tax":"3.00","special_tax":"11.00","status":1,"is_del":1,"add_time":0,"up_time":0},{"id":10,"pid":0,"name":"\u77ff\u7528\u6a61\u80f6\u7535\u7f06\u7a0e\u7387","alias_name":"","normal_tax":"4.00","special_tax":"12.00","status":1,"is_del":1,"add_time":0,"up_time":0}],"price_list":[{"id":2648,"plate_conts_id":1,"new_cate_one_id":1,"new_cate_two_id":355,"new_cate_three_id":356,"name":"\u94dc\u82af\u5bfc\u4f53","ratio":"1.00","sort":1000,"is_del":1,"cat_index":1,"blank_id":1739},{"id":2649,"plate_conts_id":1,"new_cate_one_id":1,"new_cate_two_id":355,"new_cate_three_id":362,"name":"\u8f90\u7167\u4ea4\u8054\u7edd\u7f18","ratio":"1.00","sort":1000,"is_del":1,"cat_index":1,"blank_id":1739},{"id":2650,"plate_conts_id":1,"new_cate_one_id":1,"new_cate_two_id":355,"new_cate_three_id":371,"name":"PVC\u62a4\u5957","ratio":"1.00","sort":1000,"is_del":1,"cat_index":1,"blank_id":1739},{"id":7812,"plate_conts_id":1,"new_cate_one_id":1,"new_cate_two_id":355,"new_cate_three_id":356,"name":"\u94dc\u82af\u5bfc\u4f53","ratio":"0.90","sort":1000,"is_del":1,"cat_index":1,"blank_id":1739},{"id":7813,"plate_conts_id":1,"new_cate_one_id":1,"new_cate_two_id":355,"new_cate_three_id":362,"name":"\u8f90\u7167\u4ea4\u8054\u7edd\u7f18","ratio":"1.00","sort":1000,"is_del":1,"cat_index":1,"blank_id":1739}],"all_blanks":[{"id":1739,"pid":1,"group_id":5,"catname":"\u5546\u54c1","cat_index":1,"source":"[\"6a2bd1928b6ed.png\"]","sorts":0,"gimage":"6a2bcd01617ca.png","gnames":"\u94dc\u82af\u4ea4\u8054\u805a\u4e59\u70ef\u7edd\u7f18\u805a\u6c2f\u4e59\u70ef\u62a4\u5957\u963b\u71c3\u7535\u7f06\u3010\u4e5d\u6298\u6807\u51c6\u3011","up_a":"0.0","down_a":"0.0","up_b":"0.0","down_b":"0.0","up_c":"0.0","down_c":"0.0","up_d":"0.0","down_d":"0.0","up_e":"0.0","down_e":"0.0","up_f":"0.0","down_f":"0.0","ticket_nor":3,"ticket_person":11,"status":1,"uptimes":1781256594,"times":1781095065,"new_tax_id":1},{"id":1740,"pid":1,"group_id":5,"catname":"\u4e5d\u6298\u6807\u51c6","cat_index":2,"source":"[\"677187340b61b.png\"]","sorts":null,"gimage":"677187340b3d7.png","gnames":"\u94dc\u82af\u4ea4\u8054\u805a\u4e59\u70ef\u7edd\u7f18\u805a\u6c2f\u4e59\u70ef\u62a4\u5957\u963b\u71c3\u7535\u7f06\u3010\u4e5d\u6298\u6807\u51c6\u3011","up_a":"0.0","down_a":"0.0","up_b":"0.0","down_b":"0.0","up_c":"0.0","down_c":"0.0","up_d":"0.0","down_d":"0.0","up_e":"0.0","down_e":"0.0","up_f":"0.0","down_f":"0.0","ticket_nor":3,"ticket_person":11,"status":1,"uptimes":1781228972,"times":1781228972,"new_tax_id":1},{"id":1741,"pid":1,"group_id":5,"catname":"\u516b\u6298\u6807\u51c6","cat_index":3,"source":"[\"677187340b61b.png\"]","sorts":null,"gimage":"677187340b3d7.png","gnames":"\u94dc\u82af\u4ea4\u8054\u805a\u4e59\u70ef\u7edd\u7f18\u805a\u6c2f\u4e59\u70ef\u62a4\u5957\u963b\u71c3\u7535\u7f06\u3010\u4e5d\u6298\u6807\u51c6\u3011","up_a":"0.0","down_a":"0.0","up_b":"0.0","down_b":"0.0","up_c":"0.0","down_c":"0.0","up_d":"0.0","down_d":"0.0","up_e":"0.0","down_e":"0.0","up_f":"0.0","down_f":"0.0","ticket_nor":3,"ticket_person":11,"status":1,"uptimes":1781228972,"times":1781228972,"new_tax_id":1}],"group_list":[{"id":1,"pid":0,"name":"\u6807\u51c61\u9009\u9879\u5361","ratio":"1.000000","sort":1,"add_time":1781435857,"up_time":1781435857},{"id":5,"pid":0,"name":"\u6807\u51c61\u9009\u9879\u5361","ratio":"1.000000","sort":1,"add_time":1781423342,"up_time":1781423342},{"id":2,"pid":0,"name":"\u6807\u51c62\u9009\u9879\u5361","ratio":"1.000000","sort":2,"add_time":1781435857,"up_time":1781435857},{"id":6,"pid":0,"name":"\u6807\u51c62\u9009\u9879\u5361","ratio":"1.000000","sort":2,"add_time":1781423342,"up_time":1781423342},{"id":7,"pid":0,"name":"\u6807\u51c63\u9009\u9879\u5361","ratio":"1.000000","sort":3,"add_time":1781423342,"up_time":1781423342},{"id":8,"pid":0,"name":"\u6807\u51c64\u9009\u9879\u5361","ratio":"1.000000","sort":4,"add_time":1781423342,"up_time":1781423342},{"id":9,"pid":0,"name":"\u6807\u51c65\u9009\u9879\u5361","ratio":"1.000000","sort":5,"add_time":1781423342,"up_time":1781423342},{"id":10,"pid":0,"name":"\u6807\u51c66\u9009\u9879\u5361","ratio":"1.000000","sort":6,"add_time":1781423342,"up_time":1781423342},{"id":11,"pid":0,"name":"\u6807\u51c67\u9009\u9879\u5361","ratio":"1.000000","sort":7,"add_time":1781423342,"up_time":1781423342},{"id":12,"pid":0,"name":"\u6807\u51c68\u9009\u9879\u5361","ratio":"1.000000","sort":8,"add_time":1781423342,"up_time":1781423342},{"id":13,"pid":0,"name":"\u6807\u51c69\u9009\u9879\u5361","ratio":"1.000000","sort":9,"add_time":1781423342,"up_time":1781423342},{"id":14,"pid":0,"name":"\u6807\u51c610\u9009\u9879\u5361","ratio":"1.000000","sort":10,"add_time":1781423342,"up_time":1781423342}]}}

[ 2026-06-16T16:35:59+08:00 ] ::1 /Home/Goods/plate_conts_list/id/1.html
INFO: [ app_init ] --START--
INFO: Run Behavior\BuildLiteBehavior [ RunTime:0.000011s ]
INFO: [ app_init ] --END-- [ RunTime:0.000952s ]
INFO: [ app_begin ] --START--
INFO: Run Behavior\ReadHtmlCacheBehavior [ RunTime:0.000024s ]
INFO: [ app_begin ] --END-- [ RunTime:0.000033s ]
SQL: SHOW COLUMNS FROM `plate_conts` [ RunTime:0.0511s ]
SQL: SHOW COLUMNS FROM `sys_tmps` [ RunTime:0.0065s ]
SQL: SELECT * FROM `plate_conts` WHERE `id` = 1 LIMIT 1   [ RunTime:0.0020s ]
SQL: SELECT * FROM `sys_tmps` WHERE `types` = 2 ORDER BY id desc  [ RunTime:0.0018s ]
INFO: [ view_parse ] --START--
INFO: [ template_filter ] --START--
INFO: Run Behavior\ContentReplaceBehavior [ RunTime:0.000334s ]
INFO: [ template_filter ] --END-- [ RunTime:0.000392s ]
INFO: Run Behavior\ParseTemplateBehavior [ RunTime:0.026069s ]
INFO: [ view_parse ] --END-- [ RunTime:0.026116s ]
INFO: [ view_filter ] --START--
INFO: Run Behavior\WriteHtmlCacheBehavior [ RunTime:0.000112s ]
INFO: [ view_filter ] --END-- [ RunTime:0.000125s ]
INFO: [ app_end ] --START--
INFO: Run Behavior\ShowPageTraceBehavior [ RunTime:0.000114s ]
INFO: [ app_end ] --END-- [ RunTime:0.000142s ]

[ 2026-06-16T16:35:59+08:00 ] ::1 /Home/Goods/plate_conts_blankr.html
INFO: [ app_init ] --START--
INFO: Run Behavior\BuildLiteBehavior [ RunTime:0.000005s ]
INFO: [ app_init ] --END-- [ RunTime:0.000044s ]
INFO: [ app_begin ] --START--
INFO: Run Behavior\ReadHtmlCacheBehavior [ RunTime:0.000018s ]
INFO: [ app_begin ] --END-- [ RunTime:0.000031s ]
SQL: SHOW COLUMNS FROM `plate_conts_blank` [ RunTime:0.0042s ]
SQL: SHOW COLUMNS FROM `plate_conts_logs` [ RunTime:0.0196s ]
SQL: SHOW COLUMNS FROM `plate_conts_logsr` [ RunTime:0.0036s ]
SQL: SELECT * FROM `plate_conts_blank` WHERE `pid` = 1 AND `cat_index` = 1 AND `status` = 1 LIMIT 1   [ RunTime:0.0284s ]
SQL: SELECT * FROM `plate_conts_logs` WHERE `blank_id` = 1739 ORDER BY number asc,id asc  [ RunTime:0.0011s ]
SQL: SELECT `key_0` FROM `plate_conts_logs` WHERE `blank_id` = 1739 GROUP BY key_0 LIMIT 1   [ RunTime:0.0009s ]
SQL: SELECT `key_1` FROM `plate_conts_logs` WHERE `blank_id` = 1739 GROUP BY key_1 LIMIT 1   [ RunTime:0.0009s ]
SQL: SELECT `key_2` FROM `plate_conts_logs` WHERE `blank_id` = 1739 GROUP BY key_2 LIMIT 1   [ RunTime:0.0005s ]
SQL: SELECT `key_3` FROM `plate_conts_logs` WHERE `blank_id` = 1739 GROUP BY key_3 LIMIT 1   [ RunTime:0.0005s ]
SQL: SELECT `key_4` FROM `plate_conts_logs` WHERE `blank_id` = 1739 GROUP BY key_4 LIMIT 1   [ RunTime:0.0006s ]
SQL: SELECT `key_5` FROM `plate_conts_logs` WHERE `blank_id` = 1739 GROUP BY key_5 LIMIT 1   [ RunTime:0.0004s ]
SQL: SELECT `key_6` FROM `plate_conts_logs` WHERE `blank_id` = 1739 GROUP BY key_6 LIMIT 1   [ RunTime:0.0004s ]
SQL: SELECT `key_7` FROM `plate_conts_logs` WHERE `blank_id` = 1739 GROUP BY key_7 LIMIT 1   [ RunTime:0.0004s ]
NOTIC: [2] Trying to access array offset on value of type null /Users/gangliu/data/catdesk_workspace/yilan/App/Home/Controller/GoodsController.class.php 第 794 行.
NOTIC: [2] Trying to access array offset on value of type null /Users/gangliu/data/catdesk_workspace/yilan/App/Home/Controller/GoodsController.class.php 第 794 行.
NOTIC: [2] Trying to access array offset on value of type null /Users/gangliu/data/catdesk_workspace/yilan/App/Home/Controller/GoodsController.class.php 第 794 行.
NOTIC: [2] Trying to access array offset on value of type null /Users/gangliu/data/catdesk_workspace/yilan/App/Home/Controller/GoodsController.class.php 第 795 行.
NOTIC: [2] Trying to access array offset on value of type null /Users/gangliu/data/catdesk_workspace/yilan/App/Home/Controller/GoodsController.class.php 第 795 行.
NOTIC: [2] Trying to access array offset on value of type null /Users/gangliu/data/catdesk_workspace/yilan/App/Home/Controller/GoodsController.class.php 第 796 行.
NOTIC: [2] Trying to access array offset on value of type null /Users/gangliu/data/catdesk_workspace/yilan/App/Home/Controller/GoodsController.class.php 第 796 行.
NOTIC: [2] Trying to access array offset on value of type null /Users/gangliu/data/catdesk_workspace/yilan/App/Home/Controller/GoodsController.class.php 第 796 行.
SQL: SHOW COLUMNS FROM `new_tax` [ RunTime:0.0024s ]
SQL: SELECT * FROM `new_tax` WHERE `is_del` = 1  [ RunTime:0.0016s ]
SQL: SHOW COLUMNS FROM `plate_conts_price` [ RunTime:0.0049s ]
SQL: SELECT * FROM `plate_conts_price` WHERE `blank_id` = 1739 AND `is_del` = 1 ORDER BY sort asc, id asc  [ RunTime:0.0146s ]
SQL: SELECT * FROM `plate_conts_blank` WHERE `pid` = 1 AND `status` = 1 ORDER BY cat_index asc  [ RunTime:0.0005s ]
SQL: SHOW COLUMNS FROM `plate_conts_blank_group` [ RunTime:0.0032s ]
SQL: SELECT * FROM `plate_conts_blank_group` WHERE `pid` = 0 ORDER BY sort asc, id asc  [ RunTime:0.0025s ]
ERR: {"status":1,"msg":"\u83b7\u53d6\u6210\u529f","data":{"info":{"id":1739,"pid":1,"group_id":5,"catname":"\u5546\u54c1","cat_index":1,"source":["6a2bd1928b6ed.png"],"sorts":0,"gimage":"6a2bcd01617ca.png","gnames":"\u94dc\u82af\u4ea4\u8054\u805a\u4e59\u70ef\u7edd\u7f18\u805a\u6c2f\u4e59\u70ef\u62a4\u5957\u963b\u71c3\u7535\u7f06\u3010\u4e5d\u6298\u6807\u51c6\u3011","up_a":"0.0","down_a":"0.0","up_b":"0.0","down_b":"0.0","up_c":"0.0","down_c":"0.0","up_d":"0.0","down_d":"0.0","up_e":"0.0","down_e":"0.0","up_f":"0.0","down_f":"0.0","ticket_nor":3,"ticket_person":11,"status":1,"uptimes":1781256594,"times":1781095065,"new_tax_id":1},"key":{"keya":null,"keyb":null,"keyc":null,"keyd":null,"keye":null,"keyf":null,"keyg":null,"keyh":null},"list":[],"tax_list":[{"id":1,"pid":0,"name":"\u7535\u529b\u7535\u7f06\u7a0e\u7387\u53d1\u7968","alias_name":"","normal_tax":"3.00","special_tax":"11.00","status":1,"is_del":1,"add_time":0,"up_time":0},{"id":2,"pid":0,"name":"\u5bb6\u88c5\u7535\u7ebf\u7a0e\u7387","alias_name":"","normal_tax":"3.00","special_tax":"10.00","status":1,"is_del":1,"add_time":0,"up_time":0},{"id":3,"pid":0,"name":"\u521a\u6027\u9632\u706b\u7535\u7f06\u7a0e\u7387","alias_name":"","normal_tax":"3.00","special_tax":"9.00","status":1,"is_del":1,"add_time":0,"up_time":0},{"id":9,"pid":0,"name":"\u6a61\u5957\u7535\u7f06\u7a0e\u7387","alias_name":"","normal_tax":"3.00","special_tax":"11.00","status":1,"is_del":1,"add_time":0,"up_time":0},{"id":10,"pid":0,"name":"\u77ff\u7528\u6a61\u80f6\u7535\u7f06\u7a0e\u7387","alias_name":"","normal_tax":"4.00","special_tax":"12.00","status":1,"is_del":1,"add_time":0,"up_time":0}],"price_list":[{"id":2648,"plate_conts_id":1,"new_cate_one_id":1,"new_cate_two_id":355,"new_cate_three_id":356,"name":"\u94dc\u82af\u5bfc\u4f53","ratio":"1.00","sort":1000,"is_del":1,"cat_index":1,"blank_id":1739},{"id":2649,"plate_conts_id":1,"new_cate_one_id":1,"new_cate_two_id":355,"new_cate_three_id":362,"name":"\u8f90\u7167\u4ea4\u8054\u7edd\u7f18","ratio":"1.00","sort":1000,"is_del":1,"cat_index":1,"blank_id":1739},{"id":2650,"plate_conts_id":1,"new_cate_one_id":1,"new_cate_two_id":355,"new_cate_three_id":371,"name":"PVC\u62a4\u5957","ratio":"1.00","sort":1000,"is_del":1,"cat_index":1,"blank_id":1739},{"id":7812,"plate_conts_id":1,"new_cate_one_id":1,"new_cate_two_id":355,"new_cate_three_id":356,"name":"\u94dc\u82af\u5bfc\u4f53","ratio":"0.90","sort":1000,"is_del":1,"cat_index":1,"blank_id":1739},{"id":7813,"plate_conts_id":1,"new_cate_one_id":1,"new_cate_two_id":355,"new_cate_three_id":362,"name":"\u8f90\u7167\u4ea4\u8054\u7edd\u7f18","ratio":"1.00","sort":1000,"is_del":1,"cat_index":1,"blank_id":1739}],"all_blanks":[{"id":1739,"pid":1,"group_id":5,"catname":"\u5546\u54c1","cat_index":1,"source":"[\"6a2bd1928b6ed.png\"]","sorts":0,"gimage":"6a2bcd01617ca.png","gnames":"\u94dc\u82af\u4ea4\u8054\u805a\u4e59\u70ef\u7edd\u7f18\u805a\u6c2f\u4e59\u70ef\u62a4\u5957\u963b\u71c3\u7535\u7f06\u3010\u4e5d\u6298\u6807\u51c6\u3011","up_a":"0.0","down_a":"0.0","up_b":"0.0","down_b":"0.0","up_c":"0.0","down_c":"0.0","up_d":"0.0","down_d":"0.0","up_e":"0.0","down_e":"0.0","up_f":"0.0","down_f":"0.0","ticket_nor":3,"ticket_person":11,"status":1,"uptimes":1781256594,"times":1781095065,"new_tax_id":1},{"id":1740,"pid":1,"group_id":5,"catname":"\u4e5d\u6298\u6807\u51c6","cat_index":2,"source":"[\"677187340b61b.png\"]","sorts":null,"gimage":"677187340b3d7.png","gnames":"\u94dc\u82af\u4ea4\u8054\u805a\u4e59\u70ef\u7edd\u7f18\u805a\u6c2f\u4e59\u70ef\u62a4\u5957\u963b\u71c3\u7535\u7f06\u3010\u4e5d\u6298\u6807\u51c6\u3011","up_a":"0.0","down_a":"0.0","up_b":"0.0","down_b":"0.0","up_c":"0.0","down_c":"0.0","up_d":"0.0","down_d":"0.0","up_e":"0.0","down_e":"0.0","up_f":"0.0","down_f":"0.0","ticket_nor":3,"ticket_person":11,"status":1,"uptimes":1781228972,"times":1781228972,"new_tax_id":1},{"id":1741,"pid":1,"group_id":5,"catname":"\u516b\u6298\u6807\u51c6","cat_index":3,"source":"[\"677187340b61b.png\"]","sorts":null,"gimage":"677187340b3d7.png","gnames":"\u94dc\u82af\u4ea4\u8054\u805a\u4e59\u70ef\u7edd\u7f18\u805a\u6c2f\u4e59\u70ef\u62a4\u5957\u963b\u71c3\u7535\u7f06\u3010\u4e5d\u6298\u6807\u51c6\u3011","up_a":"0.0","down_a":"0.0","up_b":"0.0","down_b":"0.0","up_c":"0.0","down_c":"0.0","up_d":"0.0","down_d":"0.0","up_e":"0.0","down_e":"0.0","up_f":"0.0","down_f":"0.0","ticket_nor":3,"ticket_person":11,"status":1,"uptimes":1781228972,"times":1781228972,"new_tax_id":1}],"group_list":[{"id":1,"pid":0,"name":"\u6807\u51c61\u9009\u9879\u5361","ratio":"1.000000","sort":1,"add_time":1781435857,"up_time":1781435857},{"id":5,"pid":0,"name":"\u6807\u51c61\u9009\u9879\u5361","ratio":"1.000000","sort":1,"add_time":1781423342,"up_time":1781423342},{"id":2,"pid":0,"name":"\u6807\u51c62\u9009\u9879\u5361","ratio":"1.000000","sort":2,"add_time":1781435857,"up_time":1781435857},{"id":6,"pid":0,"name":"\u6807\u51c62\u9009\u9879\u5361","ratio":"1.000000","sort":2,"add_time":1781423342,"up_time":1781423342},{"id":7,"pid":0,"name":"\u6807\u51c63\u9009\u9879\u5361","ratio":"1.000000","sort":3,"add_time":1781423342,"up_time":1781423342},{"id":8,"pid":0,"name":"\u6807\u51c64\u9009\u9879\u5361","ratio":"1.000000","sort":4,"add_time":1781423342,"up_time":1781423342},{"id":9,"pid":0,"name":"\u6807\u51c65\u9009\u9879\u5361","ratio":"1.000000","sort":5,"add_time":1781423342,"up_time":1781423342},{"id":10,"pid":0,"name":"\u6807\u51c66\u9009\u9879\u5361","ratio":"1.000000","sort":6,"add_time":1781423342,"up_time":1781423342},{"id":11,"pid":0,"name":"\u6807\u51c67\u9009\u9879\u5361","ratio":"1.000000","sort":7,"add_time":1781423342,"up_time":1781423342},{"id":12,"pid":0,"name":"\u6807\u51c68\u9009\u9879\u5361","ratio":"1.000000","sort":8,"add_time":1781423342,"up_time":1781423342},{"id":13,"pid":0,"name":"\u6807\u51c69\u9009\u9879\u5361","ratio":"1.000000","sort":9,"add_time":1781423342,"up_time":1781423342},{"id":14,"pid":0,"name":"\u6807\u51c610\u9009\u9879\u5361","ratio":"1.000000","sort":10,"add_time":1781423342,"up_time":1781423342}]}}

[ 2026-06-16T16:39:06+08:00 ] ::1 /Home/Goods/plate_conts_list/id/1.html
INFO: [ app_init ] --START--
INFO: Run Behavior\BuildLiteBehavior [ RunTime:0.000014s ]
INFO: [ app_init ] --END-- [ RunTime:0.000152s ]
INFO: [ app_begin ] --START--
INFO: Run Behavior\ReadHtmlCacheBehavior [ RunTime:0.000081s ]
INFO: [ app_begin ] --END-- [ RunTime:0.000130s ]
SQL: SHOW COLUMNS FROM `plate_conts` [ RunTime:0.0072s ]
SQL: SHOW COLUMNS FROM `sys_tmps` [ RunTime:0.0033s ]
SQL: SELECT * FROM `plate_conts` WHERE `id` = 1 LIMIT 1   [ RunTime:0.0027s ]
SQL: SELECT * FROM `sys_tmps` WHERE `types` = 2 ORDER BY id desc  [ RunTime:0.0049s ]
INFO: [ view_parse ] --START--
INFO: [ template_filter ] --START--
INFO: Run Behavior\ContentReplaceBehavior [ RunTime:0.000138s ]
INFO: [ template_filter ] --END-- [ RunTime:0.000153s ]
INFO: Run Behavior\ParseTemplateBehavior [ RunTime:0.007556s ]
INFO: [ view_parse ] --END-- [ RunTime:0.007586s ]
INFO: [ view_filter ] --START--
INFO: Run Behavior\WriteHtmlCacheBehavior [ RunTime:0.000058s ]
INFO: [ view_filter ] --END-- [ RunTime:0.000067s ]
INFO: [ app_end ] --START--
INFO: Run Behavior\ShowPageTraceBehavior [ RunTime:0.000038s ]
INFO: [ app_end ] --END-- [ RunTime:0.000045s ]

[ 2026-06-16T16:39:06+08:00 ] ::1 /Home/Goods/plate_conts_blankr.html
INFO: [ app_init ] --START--
INFO: Run Behavior\BuildLiteBehavior [ RunTime:0.000006s ]
INFO: [ app_init ] --END-- [ RunTime:0.000083s ]
INFO: [ app_begin ] --START--
INFO: Run Behavior\ReadHtmlCacheBehavior [ RunTime:0.000062s ]
INFO: [ app_begin ] --END-- [ RunTime:0.000090s ]
SQL: SHOW COLUMNS FROM `plate_conts_blank` [ RunTime:0.0182s ]
SQL: SHOW COLUMNS FROM `plate_conts_logs` [ RunTime:0.0045s ]
SQL: SHOW COLUMNS FROM `plate_conts_logsr` [ RunTime:0.0029s ]
SQL: SELECT * FROM `plate_conts_blank` WHERE `pid` = 1 AND `cat_index` = 1 AND `status` = 1 LIMIT 1   [ RunTime:0.0009s ]
SQL: SELECT * FROM `plate_conts_logs` WHERE `blank_id` = 1739 ORDER BY number asc,id asc  [ RunTime:0.0009s ]
SQL: SELECT `key_0` FROM `plate_conts_logs` WHERE `blank_id` = 1739 GROUP BY key_0 LIMIT 1   [ RunTime:0.0008s ]
SQL: SELECT `key_1` FROM `plate_conts_logs` WHERE `blank_id` = 1739 GROUP BY key_1 LIMIT 1   [ RunTime:0.0013s ]
SQL: SELECT `key_2` FROM `plate_conts_logs` WHERE `blank_id` = 1739 GROUP BY key_2 LIMIT 1   [ RunTime:0.0003s ]
SQL: SELECT `key_3` FROM `plate_conts_logs` WHERE `blank_id` = 1739 GROUP BY key_3 LIMIT 1   [ RunTime:0.0004s ]
SQL: SELECT `key_4` FROM `plate_conts_logs` WHERE `blank_id` = 1739 GROUP BY key_4 LIMIT 1   [ RunTime:0.0002s ]
SQL: SELECT `key_5` FROM `plate_conts_logs` WHERE `blank_id` = 1739 GROUP BY key_5 LIMIT 1   [ RunTime:0.0004s ]
SQL: SELECT `key_6` FROM `plate_conts_logs` WHERE `blank_id` = 1739 GROUP BY key_6 LIMIT 1   [ RunTime:0.0007s ]
SQL: SELECT `key_7` FROM `plate_conts_logs` WHERE `blank_id` = 1739 GROUP BY key_7 LIMIT 1   [ RunTime:0.0006s ]
NOTIC: [2] Trying to access array offset on value of type null /Users/gangliu/data/catdesk_workspace/yilan/App/Home/Controller/GoodsController.class.php 第 794 行.
NOTIC: [2] Trying to access array offset on value of type null /Users/gangliu/data/catdesk_workspace/yilan/App/Home/Controller/GoodsController.class.php 第 794 行.
NOTIC: [2] Trying to access array offset on value of type null /Users/gangliu/data/catdesk_workspace/yilan/App/Home/Controller/GoodsController.class.php 第 794 行.
NOTIC: [2] Trying to access array offset on value of type null /Users/gangliu/data/catdesk_workspace/yilan/App/Home/Controller/GoodsController.class.php 第 795 行.
NOTIC: [2] Trying to access array offset on value of type null /Users/gangliu/data/catdesk_workspace/yilan/App/Home/Controller/GoodsController.class.php 第 795 行.
NOTIC: [2] Trying to access array offset on value of type null /Users/gangliu/data/catdesk_workspace/yilan/App/Home/Controller/GoodsController.class.php 第 796 行.
NOTIC: [2] Trying to access array offset on value of type null /Users/gangliu/data/catdesk_workspace/yilan/App/Home/Controller/GoodsController.class.php 第 796 行.
NOTIC: [2] Trying to access array offset on value of type null /Users/gangliu/data/catdesk_workspace/yilan/App/Home/Controller/GoodsController.class.php 第 796 行.
SQL: SHOW COLUMNS FROM `new_tax` [ RunTime:0.0034s ]
SQL: SELECT * FROM `new_tax` WHERE `is_del` = 1  [ RunTime:0.0009s ]
SQL: SHOW COLUMNS FROM `plate_conts_price` [ RunTime:0.0021s ]
SQL: SELECT * FROM `plate_conts_price` WHERE `blank_id` = 1739 AND `is_del` = 1 ORDER BY sort asc, id asc  [ RunTime:0.0010s ]
SQL: SELECT * FROM `plate_conts_blank` WHERE `pid` = 1 AND `status` = 1 ORDER BY cat_index asc  [ RunTime:0.0006s ]
SQL: SHOW COLUMNS FROM `plate_conts_blank_group` [ RunTime:0.0021s ]
SQL: SELECT * FROM `plate_conts_blank_group` WHERE `pid` = 0 ORDER BY sort asc, id asc  [ RunTime:0.0009s ]
ERR: {"status":1,"msg":"\u83b7\u53d6\u6210\u529f","data":{"info":{"id":1739,"pid":1,"group_id":5,"catname":"\u5546\u54c1","cat_index":1,"source":["6a2bd1928b6ed.png"],"sorts":0,"gimage":"6a2bcd01617ca.png","gnames":"\u94dc\u82af\u4ea4\u8054\u805a\u4e59\u70ef\u7edd\u7f18\u805a\u6c2f\u4e59\u70ef\u62a4\u5957\u963b\u71c3\u7535\u7f06\u3010\u4e5d\u6298\u6807\u51c6\u3011","up_a":"0.0","down_a":"0.0","up_b":"0.0","down_b":"0.0","up_c":"0.0","down_c":"0.0","up_d":"0.0","down_d":"0.0","up_e":"0.0","down_e":"0.0","up_f":"0.0","down_f":"0.0","ticket_nor":3,"ticket_person":11,"status":1,"uptimes":1781256594,"times":1781095065,"new_tax_id":1},"key":{"keya":null,"keyb":null,"keyc":null,"keyd":null,"keye":null,"keyf":null,"keyg":null,"keyh":null},"list":[],"tax_list":[{"id":1,"pid":0,"name":"\u7535\u529b\u7535\u7f06\u7a0e\u7387\u53d1\u7968","alias_name":"","normal_tax":"3.00","special_tax":"11.00","status":1,"is_del":1,"add_time":0,"up_time":0},{"id":2,"pid":0,"name":"\u5bb6\u88c5\u7535\u7ebf\u7a0e\u7387","alias_name":"","normal_tax":"3.00","special_tax":"10.00","status":1,"is_del":1,"add_time":0,"up_time":0},{"id":3,"pid":0,"name":"\u521a\u6027\u9632\u706b\u7535\u7f06\u7a0e\u7387","alias_name":"","normal_tax":"3.00","special_tax":"9.00","status":1,"is_del":1,"add_time":0,"up_time":0},{"id":9,"pid":0,"name":"\u6a61\u5957\u7535\u7f06\u7a0e\u7387","alias_name":"","normal_tax":"3.00","special_tax":"11.00","status":1,"is_del":1,"add_time":0,"up_time":0},{"id":10,"pid":0,"name":"\u77ff\u7528\u6a61\u80f6\u7535\u7f06\u7a0e\u7387","alias_name":"","normal_tax":"4.00","special_tax":"12.00","status":1,"is_del":1,"add_time":0,"up_time":0}],"price_list":[{"id":2648,"plate_conts_id":1,"new_cate_one_id":1,"new_cate_two_id":355,"new_cate_three_id":356,"name":"\u94dc\u82af\u5bfc\u4f53","ratio":"1.00","sort":1000,"is_del":1,"cat_index":1,"blank_id":1739},{"id":2649,"plate_conts_id":1,"new_cate_one_id":1,"new_cate_two_id":355,"new_cate_three_id":362,"name":"\u8f90\u7167\u4ea4\u8054\u7edd\u7f18","ratio":"1.00","sort":1000,"is_del":1,"cat_index":1,"blank_id":1739},{"id":2650,"plate_conts_id":1,"new_cate_one_id":1,"new_cate_two_id":355,"new_cate_three_id":371,"name":"PVC\u62a4\u5957","ratio":"1.00","sort":1000,"is_del":1,"cat_index":1,"blank_id":1739},{"id":7812,"plate_conts_id":1,"new_cate_one_id":1,"new_cate_two_id":355,"new_cate_three_id":356,"name":"\u94dc\u82af\u5bfc\u4f53","ratio":"0.90","sort":1000,"is_del":1,"cat_index":1,"blank_id":1739},{"id":7813,"plate_conts_id":1,"new_cate_one_id":1,"new_cate_two_id":355,"new_cate_three_id":362,"name":"\u8f90\u7167\u4ea4\u8054\u7edd\u7f18","ratio":"1.00","sort":1000,"is_del":1,"cat_index":1,"blank_id":1739}],"all_blanks":[{"id":1739,"pid":1,"group_id":5,"catname":"\u5546\u54c1","cat_index":1,"source":"[\"6a2bd1928b6ed.png\"]","sorts":0,"gimage":"6a2bcd01617ca.png","gnames":"\u94dc\u82af\u4ea4\u8054\u805a\u4e59\u70ef\u7edd\u7f18\u805a\u6c2f\u4e59\u70ef\u62a4\u5957\u963b\u71c3\u7535\u7f06\u3010\u4e5d\u6298\u6807\u51c6\u3011","up_a":"0.0","down_a":"0.0","up_b":"0.0","down_b":"0.0","up_c":"0.0","down_c":"0.0","up_d":"0.0","down_d":"0.0","up_e":"0.0","down_e":"0.0","up_f":"0.0","down_f":"0.0","ticket_nor":3,"ticket_person":11,"status":1,"uptimes":1781256594,"times":1781095065,"new_tax_id":1},{"id":1740,"pid":1,"group_id":5,"catname":"\u4e5d\u6298\u6807\u51c6","cat_index":2,"source":"[\"677187340b61b.png\"]","sorts":null,"gimage":"677187340b3d7.png","gnames":"\u94dc\u82af\u4ea4\u8054\u805a\u4e59\u70ef\u7edd\u7f18\u805a\u6c2f\u4e59\u70ef\u62a4\u5957\u963b\u71c3\u7535\u7f06\u3010\u4e5d\u6298\u6807\u51c6\u3011","up_a":"0.0","down_a":"0.0","up_b":"0.0","down_b":"0.0","up_c":"0.0","down_c":"0.0","up_d":"0.0","down_d":"0.0","up_e":"0.0","down_e":"0.0","up_f":"0.0","down_f":"0.0","ticket_nor":3,"ticket_person":11,"status":1,"uptimes":1781228972,"times":1781228972,"new_tax_id":1},{"id":1741,"pid":1,"group_id":5,"catname":"\u516b\u6298\u6807\u51c6","cat_index":3,"source":"[\"677187340b61b.png\"]","sorts":null,"gimage":"677187340b3d7.png","gnames":"\u94dc\u82af\u4ea4\u8054\u805a\u4e59\u70ef\u7edd\u7f18\u805a\u6c2f\u4e59\u70ef\u62a4\u5957\u963b\u71c3\u7535\u7f06\u3010\u4e5d\u6298\u6807\u51c6\u3011","up_a":"0.0","down_a":"0.0","up_b":"0.0","down_b":"0.0","up_c":"0.0","down_c":"0.0","up_d":"0.0","down_d":"0.0","up_e":"0.0","down_e":"0.0","up_f":"0.0","down_f":"0.0","ticket_nor":3,"ticket_person":11,"status":1,"uptimes":1781228972,"times":1781228972,"new_tax_id":1}],"group_list":[{"id":1,"pid":0,"name":"\u6807\u51c61\u9009\u9879\u5361","ratio":"1.000000","sort":1,"add_time":1781435857,"up_time":1781435857},{"id":5,"pid":0,"name":"\u6807\u51c61\u9009\u9879\u5361","ratio":"1.000000","sort":1,"add_time":1781423342,"up_time":1781423342},{"id":2,"pid":0,"name":"\u6807\u51c62\u9009\u9879\u5361","ratio":"1.000000","sort":2,"add_time":1781435857,"up_time":1781435857},{"id":6,"pid":0,"name":"\u6807\u51c62\u9009\u9879\u5361","ratio":"1.000000","sort":2,"add_time":1781423342,"up_time":1781423342},{"id":7,"pid":0,"name":"\u6807\u51c63\u9009\u9879\u5361","ratio":"1.000000","sort":3,"add_time":1781423342,"up_time":1781423342},{"id":8,"pid":0,"name":"\u6807\u51c64\u9009\u9879\u5361","ratio":"1.000000","sort":4,"add_time":1781423342,"up_time":1781423342},{"id":9,"pid":0,"name":"\u6807\u51c65\u9009\u9879\u5361","ratio":"1.000000","sort":5,"add_time":1781423342,"up_time":1781423342},{"id":10,"pid":0,"name":"\u6807\u51c66\u9009\u9879\u5361","ratio":"1.000000","sort":6,"add_time":1781423342,"up_time":1781423342},{"id":11,"pid":0,"name":"\u6807\u51c67\u9009\u9879\u5361","ratio":"1.000000","sort":7,"add_time":1781423342,"up_time":1781423342},{"id":12,"pid":0,"name":"\u6807\u51c68\u9009\u9879\u5361","ratio":"1.000000","sort":8,"add_time":1781423342,"up_time":1781423342},{"id":13,"pid":0,"name":"\u6807\u51c69\u9009\u9879\u5361","ratio":"1.000000","sort":9,"add_time":1781423342,"up_time":1781423342},{"id":14,"pid":0,"name":"\u6807\u51c610\u9009\u9879\u5361","ratio":"1.000000","sort":10,"add_time":1781423342,"up_time":1781423342}]}}

[ 2026-06-16T16:39:09+08:00 ] ::1 /Home/Goods/plate_conts_blankr.html
INFO: [ app_init ] --START--
INFO: Run Behavior\BuildLiteBehavior [ RunTime:0.000010s ]
INFO: [ app_init ] --END-- [ RunTime:0.000086s ]
INFO: [ app_begin ] --START--
INFO: Run Behavior\ReadHtmlCacheBehavior [ RunTime:0.000037s ]
INFO: [ app_begin ] --END-- [ RunTime:0.000062s ]
SQL: SHOW COLUMNS FROM `plate_conts_blank` [ RunTime:0.0043s ]
SQL: SHOW COLUMNS FROM `plate_conts_logs` [ RunTime:0.0028s ]
SQL: SHOW COLUMNS FROM `plate_conts_logsr` [ RunTime:0.0019s ]
SQL: SELECT * FROM `plate_conts_blank` WHERE `id` = 1739 AND `status` = 1 LIMIT 1   [ RunTime:0.0006s ]
SQL: SELECT * FROM `plate_conts_logs` WHERE `blank_id` = 1739 ORDER BY number asc,id asc  [ RunTime:0.0030s ]
SQL: SELECT `key_0` FROM `plate_conts_logs` WHERE `blank_id` = 1739 GROUP BY key_0 LIMIT 1   [ RunTime:0.0005s ]
SQL: SELECT `key_1` FROM `plate_conts_logs` WHERE `blank_id` = 1739 GROUP BY key_1 LIMIT 1   [ RunTime:0.0004s ]
SQL: SELECT `key_2` FROM `plate_conts_logs` WHERE `blank_id` = 1739 GROUP BY key_2 LIMIT 1   [ RunTime:0.0003s ]
SQL: SELECT `key_3` FROM `plate_conts_logs` WHERE `blank_id` = 1739 GROUP BY key_3 LIMIT 1   [ RunTime:0.0002s ]
SQL: SELECT `key_4` FROM `plate_conts_logs` WHERE `blank_id` = 1739 GROUP BY key_4 LIMIT 1   [ RunTime:0.0002s ]
SQL: SELECT `key_5` FROM `plate_conts_logs` WHERE `blank_id` = 1739 GROUP BY key_5 LIMIT 1   [ RunTime:0.0003s ]
SQL: SELECT `key_6` FROM `plate_conts_logs` WHERE `blank_id` = 1739 GROUP BY key_6 LIMIT 1   [ RunTime:0.0003s ]
SQL: SELECT `key_7` FROM `plate_conts_logs` WHERE `blank_id` = 1739 GROUP BY key_7 LIMIT 1   [ RunTime:0.0002s ]
NOTIC: [2] Trying to access array offset on value of type null /Users/gangliu/data/catdesk_workspace/yilan/App/Home/Controller/GoodsController.class.php 第 794 行.
NOTIC: [2] Trying to access array offset on value of type null /Users/gangliu/data/catdesk_workspace/yilan/App/Home/Controller/GoodsController.class.php 第 794 行.
NOTIC: [2] Trying to access array offset on value of type null /Users/gangliu/data/catdesk_workspace/yilan/App/Home/Controller/GoodsController.class.php 第 794 行.
NOTIC: [2] Trying to access array offset on value of type null /Users/gangliu/data/catdesk_workspace/yilan/App/Home/Controller/GoodsController.class.php 第 795 行.
NOTIC: [2] Trying to access array offset on value of type null /Users/gangliu/data/catdesk_workspace/yilan/App/Home/Controller/GoodsController.class.php 第 795 行.
NOTIC: [2] Trying to access array offset on value of type null /Users/gangliu/data/catdesk_workspace/yilan/App/Home/Controller/GoodsController.class.php 第 796 行.
NOTIC: [2] Trying to access array offset on value of type null /Users/gangliu/data/catdesk_workspace/yilan/App/Home/Controller/GoodsController.class.php 第 796 行.
NOTIC: [2] Trying to access array offset on value of type null /Users/gangliu/data/catdesk_workspace/yilan/App/Home/Controller/GoodsController.class.php 第 796 行.
SQL: SHOW COLUMNS FROM `new_tax` [ RunTime:0.0016s ]
SQL: SELECT * FROM `new_tax` WHERE `is_del` = 1  [ RunTime:0.0008s ]
SQL: SHOW COLUMNS FROM `plate_conts_price` [ RunTime:0.0020s ]
SQL: SELECT * FROM `plate_conts_price` WHERE `blank_id` = 1739 AND `is_del` = 1 ORDER BY sort asc, id asc  [ RunTime:0.0006s ]
SQL: SELECT * FROM `plate_conts_blank` WHERE `pid` = 1 AND `status` = 1 ORDER BY cat_index asc  [ RunTime:0.0005s ]
SQL: SHOW COLUMNS FROM `plate_conts_blank_group` [ RunTime:0.0015s ]
SQL: SELECT * FROM `plate_conts_blank_group` WHERE `pid` = 0 ORDER BY sort asc, id asc  [ RunTime:0.0004s ]
ERR: {"status":1,"msg":"\u83b7\u53d6\u6210\u529f","data":{"info":{"id":1739,"pid":1,"group_id":5,"catname":"\u5546\u54c1","cat_index":1,"source":["6a2bd1928b6ed.png"],"sorts":0,"gimage":"6a2bcd01617ca.png","gnames":"\u94dc\u82af\u4ea4\u8054\u805a\u4e59\u70ef\u7edd\u7f18\u805a\u6c2f\u4e59\u70ef\u62a4\u5957\u963b\u71c3\u7535\u7f06\u3010\u4e5d\u6298\u6807\u51c6\u3011","up_a":"0.0","down_a":"0.0","up_b":"0.0","down_b":"0.0","up_c":"0.0","down_c":"0.0","up_d":"0.0","down_d":"0.0","up_e":"0.0","down_e":"0.0","up_f":"0.0","down_f":"0.0","ticket_nor":3,"ticket_person":11,"status":1,"uptimes":1781256594,"times":1781095065,"new_tax_id":1},"key":{"keya":null,"keyb":null,"keyc":null,"keyd":null,"keye":null,"keyf":null,"keyg":null,"keyh":null},"list":[],"tax_list":[{"id":1,"pid":0,"name":"\u7535\u529b\u7535\u7f06\u7a0e\u7387\u53d1\u7968","alias_name":"","normal_tax":"3.00","special_tax":"11.00","status":1,"is_del":1,"add_time":0,"up_time":0},{"id":2,"pid":0,"name":"\u5bb6\u88c5\u7535\u7ebf\u7a0e\u7387","alias_name":"","normal_tax":"3.00","special_tax":"10.00","status":1,"is_del":1,"add_time":0,"up_time":0},{"id":3,"pid":0,"name":"\u521a\u6027\u9632\u706b\u7535\u7f06\u7a0e\u7387","alias_name":"","normal_tax":"3.00","special_tax":"9.00","status":1,"is_del":1,"add_time":0,"up_time":0},{"id":9,"pid":0,"name":"\u6a61\u5957\u7535\u7f06\u7a0e\u7387","alias_name":"","normal_tax":"3.00","special_tax":"11.00","status":1,"is_del":1,"add_time":0,"up_time":0},{"id":10,"pid":0,"name":"\u77ff\u7528\u6a61\u80f6\u7535\u7f06\u7a0e\u7387","alias_name":"","normal_tax":"4.00","special_tax":"12.00","status":1,"is_del":1,"add_time":0,"up_time":0}],"price_list":[{"id":2648,"plate_conts_id":1,"new_cate_one_id":1,"new_cate_two_id":355,"new_cate_three_id":356,"name":"\u94dc\u82af\u5bfc\u4f53","ratio":"1.00","sort":1000,"is_del":1,"cat_index":1,"blank_id":1739},{"id":2649,"plate_conts_id":1,"new_cate_one_id":1,"new_cate_two_id":355,"new_cate_three_id":362,"name":"\u8f90\u7167\u4ea4\u8054\u7edd\u7f18","ratio":"1.00","sort":1000,"is_del":1,"cat_index":1,"blank_id":1739},{"id":2650,"plate_conts_id":1,"new_cate_one_id":1,"new_cate_two_id":355,"new_cate_three_id":371,"name":"PVC\u62a4\u5957","ratio":"1.00","sort":1000,"is_del":1,"cat_index":1,"blank_id":1739},{"id":7812,"plate_conts_id":1,"new_cate_one_id":1,"new_cate_two_id":355,"new_cate_three_id":356,"name":"\u94dc\u82af\u5bfc\u4f53","ratio":"0.90","sort":1000,"is_del":1,"cat_index":1,"blank_id":1739},{"id":7813,"plate_conts_id":1,"new_cate_one_id":1,"new_cate_two_id":355,"new_cate_three_id":362,"name":"\u8f90\u7167\u4ea4\u8054\u7edd\u7f18","ratio":"1.00","sort":1000,"is_del":1,"cat_index":1,"blank_id":1739}],"all_blanks":[{"id":1739,"pid":1,"group_id":5,"catname":"\u5546\u54c1","cat_index":1,"source":"[\"6a2bd1928b6ed.png\"]","sorts":0,"gimage":"6a2bcd01617ca.png","gnames":"\u94dc\u82af\u4ea4\u8054\u805a\u4e59\u70ef\u7edd\u7f18\u805a\u6c2f\u4e59\u70ef\u62a4\u5957\u963b\u71c3\u7535\u7f06\u3010\u4e5d\u6298\u6807\u51c6\u3011","up_a":"0.0","down_a":"0.0","up_b":"0.0","down_b":"0.0","up_c":"0.0","down_c":"0.0","up_d":"0.0","down_d":"0.0","up_e":"0.0","down_e":"0.0","up_f":"0.0","down_f":"0.0","ticket_nor":3,"ticket_person":11,"status":1,"uptimes":1781256594,"times":1781095065,"new_tax_id":1},{"id":1740,"pid":1,"group_id":5,"catname":"\u4e5d\u6298\u6807\u51c6","cat_index":2,"source":"[\"677187340b61b.png\"]","sorts":null,"gimage":"677187340b3d7.png","gnames":"\u94dc\u82af\u4ea4\u8054\u805a\u4e59\u70ef\u7edd\u7f18\u805a\u6c2f\u4e59\u70ef\u62a4\u5957\u963b\u71c3\u7535\u7f06\u3010\u4e5d\u6298\u6807\u51c6\u3011","up_a":"0.0","down_a":"0.0","up_b":"0.0","down_b":"0.0","up_c":"0.0","down_c":"0.0","up_d":"0.0","down_d":"0.0","up_e":"0.0","down_e":"0.0","up_f":"0.0","down_f":"0.0","ticket_nor":3,"ticket_person":11,"status":1,"uptimes":1781228972,"times":1781228972,"new_tax_id":1},{"id":1741,"pid":1,"group_id":5,"catname":"\u516b\u6298\u6807\u51c6","cat_index":3,"source":"[\"677187340b61b.png\"]","sorts":null,"gimage":"677187340b3d7.png","gnames":"\u94dc\u82af\u4ea4\u8054\u805a\u4e59\u70ef\u7edd\u7f18\u805a\u6c2f\u4e59\u70ef\u62a4\u5957\u963b\u71c3\u7535\u7f06\u3010\u4e5d\u6298\u6807\u51c6\u3011","up_a":"0.0","down_a":"0.0","up_b":"0.0","down_b":"0.0","up_c":"0.0","down_c":"0.0","up_d":"0.0","down_d":"0.0","up_e":"0.0","down_e":"0.0","up_f":"0.0","down_f":"0.0","ticket_nor":3,"ticket_person":11,"status":1,"uptimes":1781228972,"times":1781228972,"new_tax_id":1}],"group_list":[{"id":1,"pid":0,"name":"\u6807\u51c61\u9009\u9879\u5361","ratio":"1.000000","sort":1,"add_time":1781435857,"up_time":1781435857},{"id":5,"pid":0,"name":"\u6807\u51c61\u9009\u9879\u5361","ratio":"1.000000","sort":1,"add_time":1781423342,"up_time":1781423342},{"id":2,"pid":0,"name":"\u6807\u51c62\u9009\u9879\u5361","ratio":"1.000000","sort":2,"add_time":1781435857,"up_time":1781435857},{"id":6,"pid":0,"name":"\u6807\u51c62\u9009\u9879\u5361","ratio":"1.000000","sort":2,"add_time":1781423342,"up_time":1781423342},{"id":7,"pid":0,"name":"\u6807\u51c63\u9009\u9879\u5361","ratio":"1.000000","sort":3,"add_time":1781423342,"up_time":1781423342},{"id":8,"pid":0,"name":"\u6807\u51c64\u9009\u9879\u5361","ratio":"1.000000","sort":4,"add_time":1781423342,"up_time":1781423342},{"id":9,"pid":0,"name":"\u6807\u51c65\u9009\u9879\u5361","ratio":"1.000000","sort":5,"add_time":1781423342,"up_time":1781423342},{"id":10,"pid":0,"name":"\u6807\u51c66\u9009\u9879\u5361","ratio":"1.000000","sort":6,"add_time":1781423342,"up_time":1781423342},{"id":11,"pid":0,"name":"\u6807\u51c67\u9009\u9879\u5361","ratio":"1.000000","sort":7,"add_time":1781423342,"up_time":1781423342},{"id":12,"pid":0,"name":"\u6807\u51c68\u9009\u9879\u5361","ratio":"1.000000","sort":8,"add_time":1781423342,"up_time":1781423342},{"id":13,"pid":0,"name":"\u6807\u51c69\u9009\u9879\u5361","ratio":"1.000000","sort":9,"add_time":1781423342,"up_time":1781423342},{"id":14,"pid":0,"name":"\u6807\u51c610\u9009\u9879\u5361","ratio":"1.000000","sort":10,"add_time":1781423342,"up_time":1781423342}]}}

[ 2026-06-16T16:40:33+08:00 ] ::1 /Home/Goods/plate_conts_list/id/1.html
INFO: [ app_init ] --START--
INFO: Run Behavior\BuildLiteBehavior [ RunTime:0.000017s ]
INFO: [ app_init ] --END-- [ RunTime:0.000190s ]
INFO: [ app_begin ] --START--
INFO: Run Behavior\ReadHtmlCacheBehavior [ RunTime:0.000047s ]
INFO: [ app_begin ] --END-- [ RunTime:0.000086s ]
SQL: SHOW COLUMNS FROM `plate_conts` [ RunTime:0.0058s ]
SQL: SHOW COLUMNS FROM `sys_tmps` [ RunTime:0.0038s ]
SQL: SELECT * FROM `plate_conts` WHERE `id` = 1 LIMIT 1   [ RunTime:0.0015s ]
SQL: SELECT * FROM `sys_tmps` WHERE `types` = 2 ORDER BY id desc  [ RunTime:0.0009s ]
INFO: [ view_parse ] --START--
INFO: [ template_filter ] --START--
INFO: Run Behavior\ContentReplaceBehavior [ RunTime:0.000463s ]
INFO: [ template_filter ] --END-- [ RunTime:0.000515s ]
INFO: Run Behavior\ParseTemplateBehavior [ RunTime:0.015178s ]
INFO: [ view_parse ] --END-- [ RunTime:0.015231s ]
INFO: [ view_filter ] --START--
INFO: Run Behavior\WriteHtmlCacheBehavior [ RunTime:0.000087s ]
INFO: [ view_filter ] --END-- [ RunTime:0.000098s ]
INFO: [ app_end ] --START--
INFO: Run Behavior\ShowPageTraceBehavior [ RunTime:0.000056s ]
INFO: [ app_end ] --END-- [ RunTime:0.000068s ]

[ 2026-06-16T16:40:33+08:00 ] ::1 /Home/Goods/plate_conts_blankr.html
INFO: [ app_init ] --START--
INFO: Run Behavior\BuildLiteBehavior [ RunTime:0.000004s ]
INFO: [ app_init ] --END-- [ RunTime:0.000063s ]
INFO: [ app_begin ] --START--
INFO: Run Behavior\ReadHtmlCacheBehavior [ RunTime:0.000024s ]
INFO: [ app_begin ] --END-- [ RunTime:0.000038s ]
SQL: SHOW COLUMNS FROM `plate_conts_blank` [ RunTime:0.0052s ]
SQL: SHOW COLUMNS FROM `plate_conts_logs` [ RunTime:0.0060s ]
SQL: SHOW COLUMNS FROM `plate_conts_logsr` [ RunTime:0.0023s ]
SQL: SELECT * FROM `plate_conts_blank` WHERE `pid` = 1 AND `cat_index` = 1 AND `status` = 1 LIMIT 1   [ RunTime:0.0014s ]
SQL: SELECT * FROM `plate_conts_logs` WHERE `blank_id` = 1739 ORDER BY number asc,id asc  [ RunTime:0.0015s ]
SQL: SELECT `key_0` FROM `plate_conts_logs` WHERE `blank_id` = 1739 GROUP BY key_0 LIMIT 1   [ RunTime:0.0014s ]
SQL: SELECT `key_1` FROM `plate_conts_logs` WHERE `blank_id` = 1739 GROUP BY key_1 LIMIT 1   [ RunTime:0.0007s ]
SQL: SELECT `key_2` FROM `plate_conts_logs` WHERE `blank_id` = 1739 GROUP BY key_2 LIMIT 1   [ RunTime:0.0006s ]
SQL: SELECT `key_3` FROM `plate_conts_logs` WHERE `blank_id` = 1739 GROUP BY key_3 LIMIT 1   [ RunTime:0.0011s ]
SQL: SELECT `key_4` FROM `plate_conts_logs` WHERE `blank_id` = 1739 GROUP BY key_4 LIMIT 1   [ RunTime:0.0008s ]
SQL: SELECT `key_5` FROM `plate_conts_logs` WHERE `blank_id` = 1739 GROUP BY key_5 LIMIT 1   [ RunTime:0.0008s ]
SQL: SELECT `key_6` FROM `plate_conts_logs` WHERE `blank_id` = 1739 GROUP BY key_6 LIMIT 1   [ RunTime:0.0006s ]
SQL: SELECT `key_7` FROM `plate_conts_logs` WHERE `blank_id` = 1739 GROUP BY key_7 LIMIT 1   [ RunTime:0.0004s ]
NOTIC: [2] Trying to access array offset on value of type null /Users/gangliu/data/catdesk_workspace/yilan/App/Home/Controller/GoodsController.class.php 第 794 行.
NOTIC: [2] Trying to access array offset on value of type null /Users/gangliu/data/catdesk_workspace/yilan/App/Home/Controller/GoodsController.class.php 第 794 行.
NOTIC: [2] Trying to access array offset on value of type null /Users/gangliu/data/catdesk_workspace/yilan/App/Home/Controller/GoodsController.class.php 第 794 行.
NOTIC: [2] Trying to access array offset on value of type null /Users/gangliu/data/catdesk_workspace/yilan/App/Home/Controller/GoodsController.class.php 第 795 行.
NOTIC: [2] Trying to access array offset on value of type null /Users/gangliu/data/catdesk_workspace/yilan/App/Home/Controller/GoodsController.class.php 第 795 行.
NOTIC: [2] Trying to access array offset on value of type null /Users/gangliu/data/catdesk_workspace/yilan/App/Home/Controller/GoodsController.class.php 第 796 行.
NOTIC: [2] Trying to access array offset on value of type null /Users/gangliu/data/catdesk_workspace/yilan/App/Home/Controller/GoodsController.class.php 第 796 行.
NOTIC: [2] Trying to access array offset on value of type null /Users/gangliu/data/catdesk_workspace/yilan/App/Home/Controller/GoodsController.class.php 第 796 行.
SQL: SHOW COLUMNS FROM `new_tax` [ RunTime:0.0022s ]
SQL: SELECT * FROM `new_tax` WHERE `is_del` = 1  [ RunTime:0.0013s ]
SQL: SHOW COLUMNS FROM `plate_conts_price` [ RunTime:0.0019s ]
SQL: SELECT * FROM `plate_conts_price` WHERE `blank_id` = 1739 AND `is_del` = 1 ORDER BY sort asc, id asc  [ RunTime:0.0010s ]
SQL: SELECT * FROM `plate_conts_blank` WHERE `pid` = 1 AND `status` = 1 ORDER BY cat_index asc  [ RunTime:0.0008s ]
SQL: SHOW COLUMNS FROM `plate_conts_blank_group` [ RunTime:0.0026s ]
SQL: SELECT * FROM `plate_conts_blank_group` WHERE `pid` = 0 ORDER BY sort asc, id asc  [ RunTime:0.0009s ]
ERR: {"status":1,"msg":"\u83b7\u53d6\u6210\u529f","data":{"info":{"id":1739,"pid":1,"group_id":5,"catname":"\u5546\u54c1","cat_index":1,"source":["6a2bd1928b6ed.png"],"sorts":0,"gimage":"6a2bcd01617ca.png","gnames":"\u94dc\u82af\u4ea4\u8054\u805a\u4e59\u70ef\u7edd\u7f18\u805a\u6c2f\u4e59\u70ef\u62a4\u5957\u963b\u71c3\u7535\u7f06\u3010\u4e5d\u6298\u6807\u51c6\u3011","up_a":"0.0","down_a":"0.0","up_b":"0.0","down_b":"0.0","up_c":"0.0","down_c":"0.0","up_d":"0.0","down_d":"0.0","up_e":"0.0","down_e":"0.0","up_f":"0.0","down_f":"0.0","ticket_nor":3,"ticket_person":11,"status":1,"uptimes":1781256594,"times":1781095065,"new_tax_id":1},"key":{"keya":null,"keyb":null,"keyc":null,"keyd":null,"keye":null,"keyf":null,"keyg":null,"keyh":null},"list":[],"tax_list":[{"id":1,"pid":0,"name":"\u7535\u529b\u7535\u7f06\u7a0e\u7387\u53d1\u7968","alias_name":"","normal_tax":"3.00","special_tax":"11.00","status":1,"is_del":1,"add_time":0,"up_time":0},{"id":2,"pid":0,"name":"\u5bb6\u88c5\u7535\u7ebf\u7a0e\u7387","alias_name":"","normal_tax":"3.00","special_tax":"10.00","status":1,"is_del":1,"add_time":0,"up_time":0},{"id":3,"pid":0,"name":"\u521a\u6027\u9632\u706b\u7535\u7f06\u7a0e\u7387","alias_name":"","normal_tax":"3.00","special_tax":"9.00","status":1,"is_del":1,"add_time":0,"up_time":0},{"id":9,"pid":0,"name":"\u6a61\u5957\u7535\u7f06\u7a0e\u7387","alias_name":"","normal_tax":"3.00","special_tax":"11.00","status":1,"is_del":1,"add_time":0,"up_time":0},{"id":10,"pid":0,"name":"\u77ff\u7528\u6a61\u80f6\u7535\u7f06\u7a0e\u7387","alias_name":"","normal_tax":"4.00","special_tax":"12.00","status":1,"is_del":1,"add_time":0,"up_time":0}],"price_list":[{"id":2648,"plate_conts_id":1,"new_cate_one_id":1,"new_cate_two_id":355,"new_cate_three_id":356,"name":"\u94dc\u82af\u5bfc\u4f53","ratio":"1.00","sort":1000,"is_del":1,"cat_index":1,"blank_id":1739},{"id":2649,"plate_conts_id":1,"new_cate_one_id":1,"new_cate_two_id":355,"new_cate_three_id":362,"name":"\u8f90\u7167\u4ea4\u8054\u7edd\u7f18","ratio":"1.00","sort":1000,"is_del":1,"cat_index":1,"blank_id":1739},{"id":2650,"plate_conts_id":1,"new_cate_one_id":1,"new_cate_two_id":355,"new_cate_three_id":371,"name":"PVC\u62a4\u5957","ratio":"1.00","sort":1000,"is_del":1,"cat_index":1,"blank_id":1739},{"id":7812,"plate_conts_id":1,"new_cate_one_id":1,"new_cate_two_id":355,"new_cate_three_id":356,"name":"\u94dc\u82af\u5bfc\u4f53","ratio":"0.90","sort":1000,"is_del":1,"cat_index":1,"blank_id":1739},{"id":7813,"plate_conts_id":1,"new_cate_one_id":1,"new_cate_two_id":355,"new_cate_three_id":362,"name":"\u8f90\u7167\u4ea4\u8054\u7edd\u7f18","ratio":"1.00","sort":1000,"is_del":1,"cat_index":1,"blank_id":1739}],"all_blanks":[{"id":1739,"pid":1,"group_id":5,"catname":"\u5546\u54c1","cat_index":1,"source":"[\"6a2bd1928b6ed.png\"]","sorts":0,"gimage":"6a2bcd01617ca.png","gnames":"\u94dc\u82af\u4ea4\u8054\u805a\u4e59\u70ef\u7edd\u7f18\u805a\u6c2f\u4e59\u70ef\u62a4\u5957\u963b\u71c3\u7535\u7f06\u3010\u4e5d\u6298\u6807\u51c6\u3011","up_a":"0.0","down_a":"0.0","up_b":"0.0","down_b":"0.0","up_c":"0.0","down_c":"0.0","up_d":"0.0","down_d":"0.0","up_e":"0.0","down_e":"0.0","up_f":"0.0","down_f":"0.0","ticket_nor":3,"ticket_person":11,"status":1,"uptimes":1781256594,"times":1781095065,"new_tax_id":1},{"id":1740,"pid":1,"group_id":5,"catname":"\u4e5d\u6298\u6807\u51c6","cat_index":2,"source":"[\"677187340b61b.png\"]","sorts":null,"gimage":"677187340b3d7.png","gnames":"\u94dc\u82af\u4ea4\u8054\u805a\u4e59\u70ef\u7edd\u7f18\u805a\u6c2f\u4e59\u70ef\u62a4\u5957\u963b\u71c3\u7535\u7f06\u3010\u4e5d\u6298\u6807\u51c6\u3011","up_a":"0.0","down_a":"0.0","up_b":"0.0","down_b":"0.0","up_c":"0.0","down_c":"0.0","up_d":"0.0","down_d":"0.0","up_e":"0.0","down_e":"0.0","up_f":"0.0","down_f":"0.0","ticket_nor":3,"ticket_person":11,"status":1,"uptimes":1781228972,"times":1781228972,"new_tax_id":1},{"id":1741,"pid":1,"group_id":5,"catname":"\u516b\u6298\u6807\u51c6","cat_index":3,"source":"[\"677187340b61b.png\"]","sorts":null,"gimage":"677187340b3d7.png","gnames":"\u94dc\u82af\u4ea4\u8054\u805a\u4e59\u70ef\u7edd\u7f18\u805a\u6c2f\u4e59\u70ef\u62a4\u5957\u963b\u71c3\u7535\u7f06\u3010\u4e5d\u6298\u6807\u51c6\u3011","up_a":"0.0","down_a":"0.0","up_b":"0.0","down_b":"0.0","up_c":"0.0","down_c":"0.0","up_d":"0.0","down_d":"0.0","up_e":"0.0","down_e":"0.0","up_f":"0.0","down_f":"0.0","ticket_nor":3,"ticket_person":11,"status":1,"uptimes":1781228972,"times":1781228972,"new_tax_id":1}],"group_list":[{"id":1,"pid":0,"name":"\u6807\u51c61\u9009\u9879\u5361","ratio":"1.000000","sort":1,"add_time":1781435857,"up_time":1781435857},{"id":5,"pid":0,"name":"\u6807\u51c61\u9009\u9879\u5361","ratio":"1.000000","sort":1,"add_time":1781423342,"up_time":1781423342},{"id":2,"pid":0,"name":"\u6807\u51c62\u9009\u9879\u5361","ratio":"1.000000","sort":2,"add_time":1781435857,"up_time":1781435857},{"id":6,"pid":0,"name":"\u6807\u51c62\u9009\u9879\u5361","ratio":"1.000000","sort":2,"add_time":1781423342,"up_time":1781423342},{"id":7,"pid":0,"name":"\u6807\u51c63\u9009\u9879\u5361","ratio":"1.000000","sort":3,"add_time":1781423342,"up_time":1781423342},{"id":8,"pid":0,"name":"\u6807\u51c64\u9009\u9879\u5361","ratio":"1.000000","sort":4,"add_time":1781423342,"up_time":1781423342},{"id":9,"pid":0,"name":"\u6807\u51c65\u9009\u9879\u5361","ratio":"1.000000","sort":5,"add_time":1781423342,"up_time":1781423342},{"id":10,"pid":0,"name":"\u6807\u51c66\u9009\u9879\u5361","ratio":"1.000000","sort":6,"add_time":1781423342,"up_time":1781423342},{"id":11,"pid":0,"name":"\u6807\u51c67\u9009\u9879\u5361","ratio":"1.000000","sort":7,"add_time":1781423342,"up_time":1781423342},{"id":12,"pid":0,"name":"\u6807\u51c68\u9009\u9879\u5361","ratio":"1.000000","sort":8,"add_time":1781423342,"up_time":1781423342},{"id":13,"pid":0,"name":"\u6807\u51c69\u9009\u9879\u5361","ratio":"1.000000","sort":9,"add_time":1781423342,"up_time":1781423342},{"id":14,"pid":0,"name":"\u6807\u51c610\u9009\u9879\u5361","ratio":"1.000000","sort":10,"add_time":1781423342,"up_time":1781423342}]}}

[ 2026-06-16T16:40:47+08:00 ] ::1 /Home/Goods/plate_conts_list/id/1.html
INFO: [ app_init ] --START--
INFO: Run Behavior\BuildLiteBehavior [ RunTime:0.000005s ]
INFO: [ app_init ] --END-- [ RunTime:0.000057s ]
INFO: [ app_begin ] --START--
INFO: Run Behavior\ReadHtmlCacheBehavior [ RunTime:0.000051s ]
INFO: [ app_begin ] --END-- [ RunTime:0.000080s ]
SQL: SHOW COLUMNS FROM `plate_conts` [ RunTime:0.0037s ]
SQL: SHOW COLUMNS FROM `sys_tmps` [ RunTime:0.0027s ]
SQL: SELECT * FROM `plate_conts` WHERE `id` = 1 LIMIT 1   [ RunTime:0.0022s ]
SQL: SELECT * FROM `sys_tmps` WHERE `types` = 2 ORDER BY id desc  [ RunTime:0.0017s ]
INFO: [ view_parse ] --START--
INFO: [ template_filter ] --START--
INFO: Run Behavior\ContentReplaceBehavior [ RunTime:0.000462s ]
INFO: [ template_filter ] --END-- [ RunTime:0.000506s ]
INFO: Run Behavior\ParseTemplateBehavior [ RunTime:0.009525s ]
INFO: [ view_parse ] --END-- [ RunTime:0.009568s ]
INFO: [ view_filter ] --START--
INFO: Run Behavior\WriteHtmlCacheBehavior [ RunTime:0.000082s ]
INFO: [ view_filter ] --END-- [ RunTime:0.000092s ]
INFO: [ app_end ] --START--
INFO: Run Behavior\ShowPageTraceBehavior [ RunTime:0.000047s ]
INFO: [ app_end ] --END-- [ RunTime:0.000067s ]

[ 2026-06-16T16:40:47+08:00 ] ::1 /Home/Goods/plate_conts_blankr.html
INFO: [ app_init ] --START--
INFO: Run Behavior\BuildLiteBehavior [ RunTime:0.000004s ]
INFO: [ app_init ] --END-- [ RunTime:0.000032s ]
INFO: [ app_begin ] --START--
INFO: Run Behavior\ReadHtmlCacheBehavior [ RunTime:0.000027s ]
INFO: [ app_begin ] --END-- [ RunTime:0.000047s ]
SQL: SHOW COLUMNS FROM `plate_conts_blank` [ RunTime:0.0030s ]
SQL: SHOW COLUMNS FROM `plate_conts_logs` [ RunTime:0.0020s ]
SQL: SHOW COLUMNS FROM `plate_conts_logsr` [ RunTime:0.0031s ]
SQL: SELECT * FROM `plate_conts_blank` WHERE `pid` = 1 AND `cat_index` = 1 AND `status` = 1 LIMIT 1   [ RunTime:0.0158s ]
SQL: SELECT * FROM `plate_conts_logs` WHERE `blank_id` = 1739 ORDER BY number asc,id asc  [ RunTime:0.0019s ]
SQL: SELECT `key_0` FROM `plate_conts_logs` WHERE `blank_id` = 1739 GROUP BY key_0 LIMIT 1   [ RunTime:0.0010s ]
SQL: SELECT `key_1` FROM `plate_conts_logs` WHERE `blank_id` = 1739 GROUP BY key_1 LIMIT 1   [ RunTime:0.0005s ]
SQL: SELECT `key_2` FROM `plate_conts_logs` WHERE `blank_id` = 1739 GROUP BY key_2 LIMIT 1   [ RunTime:0.0004s ]
SQL: SELECT `key_3` FROM `plate_conts_logs` WHERE `blank_id` = 1739 GROUP BY key_3 LIMIT 1   [ RunTime:0.0004s ]
SQL: SELECT `key_4` FROM `plate_conts_logs` WHERE `blank_id` = 1739 GROUP BY key_4 LIMIT 1   [ RunTime:0.0005s ]
SQL: SELECT `key_5` FROM `plate_conts_logs` WHERE `blank_id` = 1739 GROUP BY key_5 LIMIT 1   [ RunTime:0.0006s ]
SQL: SELECT `key_6` FROM `plate_conts_logs` WHERE `blank_id` = 1739 GROUP BY key_6 LIMIT 1   [ RunTime:0.0005s ]
SQL: SELECT `key_7` FROM `plate_conts_logs` WHERE `blank_id` = 1739 GROUP BY key_7 LIMIT 1   [ RunTime:0.0003s ]
NOTIC: [2] Trying to access array offset on value of type null /Users/gangliu/data/catdesk_workspace/yilan/App/Home/Controller/GoodsController.class.php 第 794 行.
NOTIC: [2] Trying to access array offset on value of type null /Users/gangliu/data/catdesk_workspace/yilan/App/Home/Controller/GoodsController.class.php 第 794 行.
NOTIC: [2] Trying to access array offset on value of type null /Users/gangliu/data/catdesk_workspace/yilan/App/Home/Controller/GoodsController.class.php 第 794 行.
NOTIC: [2] Trying to access array offset on value of type null /Users/gangliu/data/catdesk_workspace/yilan/App/Home/Controller/GoodsController.class.php 第 795 行.
NOTIC: [2] Trying to access array offset on value of type null /Users/gangliu/data/catdesk_workspace/yilan/App/Home/Controller/GoodsController.class.php 第 795 行.
NOTIC: [2] Trying to access array offset on value of type null /Users/gangliu/data/catdesk_workspace/yilan/App/Home/Controller/GoodsController.class.php 第 796 行.
NOTIC: [2] Trying to access array offset on value of type null /Users/gangliu/data/catdesk_workspace/yilan/App/Home/Controller/GoodsController.class.php 第 796 行.
NOTIC: [2] Trying to access array offset on value of type null /Users/gangliu/data/catdesk_workspace/yilan/App/Home/Controller/GoodsController.class.php 第 796 行.
SQL: SHOW COLUMNS FROM `new_tax` [ RunTime:0.0018s ]
SQL: SELECT * FROM `new_tax` WHERE `is_del` = 1  [ RunTime:0.0006s ]
SQL: SHOW COLUMNS FROM `plate_conts_price` [ RunTime:0.0042s ]
SQL: SELECT * FROM `plate_conts_price` WHERE `blank_id` = 1739 AND `is_del` = 1 ORDER BY sort asc, id asc  [ RunTime:0.0015s ]
SQL: SELECT * FROM `plate_conts_blank` WHERE `pid` = 1 AND `status` = 1 ORDER BY cat_index asc  [ RunTime:0.0007s ]
SQL: SHOW COLUMNS FROM `plate_conts_blank_group` [ RunTime:0.0018s ]
SQL: SELECT * FROM `plate_conts_blank_group` WHERE `pid` = 0 ORDER BY sort asc, id asc  [ RunTime:0.0011s ]
ERR: {"status":1,"msg":"\u83b7\u53d6\u6210\u529f","data":{"info":{"id":1739,"pid":1,"group_id":5,"catname":"\u5546\u54c1","cat_index":1,"source":["6a2bd1928b6ed.png"],"sorts":0,"gimage":"6a2bcd01617ca.png","gnames":"\u94dc\u82af\u4ea4\u8054\u805a\u4e59\u70ef\u7edd\u7f18\u805a\u6c2f\u4e59\u70ef\u62a4\u5957\u963b\u71c3\u7535\u7f06\u3010\u4e5d\u6298\u6807\u51c6\u3011","up_a":"0.0","down_a":"0.0","up_b":"0.0","down_b":"0.0","up_c":"0.0","down_c":"0.0","up_d":"0.0","down_d":"0.0","up_e":"0.0","down_e":"0.0","up_f":"0.0","down_f":"0.0","ticket_nor":3,"ticket_person":11,"status":1,"uptimes":1781256594,"times":1781095065,"new_tax_id":1},"key":{"keya":null,"keyb":null,"keyc":null,"keyd":null,"keye":null,"keyf":null,"keyg":null,"keyh":null},"list":[],"tax_list":[{"id":1,"pid":0,"name":"\u7535\u529b\u7535\u7f06\u7a0e\u7387\u53d1\u7968","alias_name":"","normal_tax":"3.00","special_tax":"11.00","status":1,"is_del":1,"add_time":0,"up_time":0},{"id":2,"pid":0,"name":"\u5bb6\u88c5\u7535\u7ebf\u7a0e\u7387","alias_name":"","normal_tax":"3.00","special_tax":"10.00","status":1,"is_del":1,"add_time":0,"up_time":0},{"id":3,"pid":0,"name":"\u521a\u6027\u9632\u706b\u7535\u7f06\u7a0e\u7387","alias_name":"","normal_tax":"3.00","special_tax":"9.00","status":1,"is_del":1,"add_time":0,"up_time":0},{"id":9,"pid":0,"name":"\u6a61\u5957\u7535\u7f06\u7a0e\u7387","alias_name":"","normal_tax":"3.00","special_tax":"11.00","status":1,"is_del":1,"add_time":0,"up_time":0},{"id":10,"pid":0,"name":"\u77ff\u7528\u6a61\u80f6\u7535\u7f06\u7a0e\u7387","alias_name":"","normal_tax":"4.00","special_tax":"12.00","status":1,"is_del":1,"add_time":0,"up_time":0}],"price_list":[{"id":2648,"plate_conts_id":1,"new_cate_one_id":1,"new_cate_two_id":355,"new_cate_three_id":356,"name":"\u94dc\u82af\u5bfc\u4f53","ratio":"1.00","sort":1000,"is_del":1,"cat_index":1,"blank_id":1739},{"id":2649,"plate_conts_id":1,"new_cate_one_id":1,"new_cate_two_id":355,"new_cate_three_id":362,"name":"\u8f90\u7167\u4ea4\u8054\u7edd\u7f18","ratio":"1.00","sort":1000,"is_del":1,"cat_index":1,"blank_id":1739},{"id":2650,"plate_conts_id":1,"new_cate_one_id":1,"new_cate_two_id":355,"new_cate_three_id":371,"name":"PVC\u62a4\u5957","ratio":"1.00","sort":1000,"is_del":1,"cat_index":1,"blank_id":1739},{"id":7812,"plate_conts_id":1,"new_cate_one_id":1,"new_cate_two_id":355,"new_cate_three_id":356,"name":"\u94dc\u82af\u5bfc\u4f53","ratio":"0.90","sort":1000,"is_del":1,"cat_index":1,"blank_id":1739},{"id":7813,"plate_conts_id":1,"new_cate_one_id":1,"new_cate_two_id":355,"new_cate_three_id":362,"name":"\u8f90\u7167\u4ea4\u8054\u7edd\u7f18","ratio":"1.00","sort":1000,"is_del":1,"cat_index":1,"blank_id":1739}],"all_blanks":[{"id":1739,"pid":1,"group_id":5,"catname":"\u5546\u54c1","cat_index":1,"source":"[\"6a2bd1928b6ed.png\"]","sorts":0,"gimage":"6a2bcd01617ca.png","gnames":"\u94dc\u82af\u4ea4\u8054\u805a\u4e59\u70ef\u7edd\u7f18\u805a\u6c2f\u4e59\u70ef\u62a4\u5957\u963b\u71c3\u7535\u7f06\u3010\u4e5d\u6298\u6807\u51c6\u3011","up_a":"0.0","down_a":"0.0","up_b":"0.0","down_b":"0.0","up_c":"0.0","down_c":"0.0","up_d":"0.0","down_d":"0.0","up_e":"0.0","down_e":"0.0","up_f":"0.0","down_f":"0.0","ticket_nor":3,"ticket_person":11,"status":1,"uptimes":1781256594,"times":1781095065,"new_tax_id":1},{"id":1740,"pid":1,"group_id":5,"catname":"\u4e5d\u6298\u6807\u51c6","cat_index":2,"source":"[\"677187340b61b.png\"]","sorts":null,"gimage":"677187340b3d7.png","gnames":"\u94dc\u82af\u4ea4\u8054\u805a\u4e59\u70ef\u7edd\u7f18\u805a\u6c2f\u4e59\u70ef\u62a4\u5957\u963b\u71c3\u7535\u7f06\u3010\u4e5d\u6298\u6807\u51c6\u3011","up_a":"0.0","down_a":"0.0","up_b":"0.0","down_b":"0.0","up_c":"0.0","down_c":"0.0","up_d":"0.0","down_d":"0.0","up_e":"0.0","down_e":"0.0","up_f":"0.0","down_f":"0.0","ticket_nor":3,"ticket_person":11,"status":1,"uptimes":1781228972,"times":1781228972,"new_tax_id":1},{"id":1741,"pid":1,"group_id":5,"catname":"\u516b\u6298\u6807\u51c6","cat_index":3,"source":"[\"677187340b61b.png\"]","sorts":null,"gimage":"677187340b3d7.png","gnames":"\u94dc\u82af\u4ea4\u8054\u805a\u4e59\u70ef\u7edd\u7f18\u805a\u6c2f\u4e59\u70ef\u62a4\u5957\u963b\u71c3\u7535\u7f06\u3010\u4e5d\u6298\u6807\u51c6\u3011","up_a":"0.0","down_a":"0.0","up_b":"0.0","down_b":"0.0","up_c":"0.0","down_c":"0.0","up_d":"0.0","down_d":"0.0","up_e":"0.0","down_e":"0.0","up_f":"0.0","down_f":"0.0","ticket_nor":3,"ticket_person":11,"status":1,"uptimes":1781228972,"times":1781228972,"new_tax_id":1}],"group_list":[{"id":1,"pid":0,"name":"\u6807\u51c61\u9009\u9879\u5361","ratio":"1.000000","sort":1,"add_time":1781435857,"up_time":1781435857},{"id":5,"pid":0,"name":"\u6807\u51c61\u9009\u9879\u5361","ratio":"1.000000","sort":1,"add_time":1781423342,"up_time":1781423342},{"id":2,"pid":0,"name":"\u6807\u51c62\u9009\u9879\u5361","ratio":"1.000000","sort":2,"add_time":1781435857,"up_time":1781435857},{"id":6,"pid":0,"name":"\u6807\u51c62\u9009\u9879\u5361","ratio":"1.000000","sort":2,"add_time":1781423342,"up_time":1781423342},{"id":7,"pid":0,"name":"\u6807\u51c63\u9009\u9879\u5361","ratio":"1.000000","sort":3,"add_time":1781423342,"up_time":1781423342},{"id":8,"pid":0,"name":"\u6807\u51c64\u9009\u9879\u5361","ratio":"1.000000","sort":4,"add_time":1781423342,"up_time":1781423342},{"id":9,"pid":0,"name":"\u6807\u51c65\u9009\u9879\u5361","ratio":"1.000000","sort":5,"add_time":1781423342,"up_time":1781423342},{"id":10,"pid":0,"name":"\u6807\u51c66\u9009\u9879\u5361","ratio":"1.000000","sort":6,"add_time":1781423342,"up_time":1781423342},{"id":11,"pid":0,"name":"\u6807\u51c67\u9009\u9879\u5361","ratio":"1.000000","sort":7,"add_time":1781423342,"up_time":1781423342},{"id":12,"pid":0,"name":"\u6807\u51c68\u9009\u9879\u5361","ratio":"1.000000","sort":8,"add_time":1781423342,"up_time":1781423342},{"id":13,"pid":0,"name":"\u6807\u51c69\u9009\u9879\u5361","ratio":"1.000000","sort":9,"add_time":1781423342,"up_time":1781423342},{"id":14,"pid":0,"name":"\u6807\u51c610\u9009\u9879\u5361","ratio":"1.000000","sort":10,"add_time":1781423342,"up_time":1781423342}]}}

[ 2026-06-16T17:00:04+08:00 ] ::1 /Home/Goods/plate_conts_list/id/1.html
INFO: [ app_init ] --START--
INFO: Run Behavior\BuildLiteBehavior [ RunTime:0.000011s ]
INFO: [ app_init ] --END-- [ RunTime:0.000510s ]
INFO: [ app_begin ] --START--
INFO: Run Behavior\ReadHtmlCacheBehavior [ RunTime:0.000034s ]
INFO: [ app_begin ] --END-- [ RunTime:0.000047s ]
SQL: SHOW COLUMNS FROM `plate_conts` [ RunTime:0.0090s ]
SQL: SHOW COLUMNS FROM `sys_tmps` [ RunTime:0.0033s ]
SQL: SELECT * FROM `plate_conts` WHERE `id` = 1 LIMIT 1   [ RunTime:0.0031s ]
SQL: SELECT * FROM `sys_tmps` WHERE `types` = 2 ORDER BY id desc  [ RunTime:0.0020s ]
INFO: [ view_parse ] --START--
INFO: [ template_filter ] --START--
INFO: Run Behavior\ContentReplaceBehavior [ RunTime:0.000183s ]
INFO: [ template_filter ] --END-- [ RunTime:0.000225s ]
INFO: Run Behavior\ParseTemplateBehavior [ RunTime:0.015651s ]
INFO: [ view_parse ] --END-- [ RunTime:0.015688s ]
INFO: [ view_filter ] --START--
INFO: Run Behavior\WriteHtmlCacheBehavior [ RunTime:0.000085s ]
INFO: [ view_filter ] --END-- [ RunTime:0.000097s ]
INFO: [ app_end ] --START--
INFO: Run Behavior\ShowPageTraceBehavior [ RunTime:0.000047s ]
INFO: [ app_end ] --END-- [ RunTime:0.000056s ]

[ 2026-06-16T17:00:05+08:00 ] ::1 /Home/Goods/plate_conts_blankr.html
INFO: [ app_init ] --START--
INFO: Run Behavior\BuildLiteBehavior [ RunTime:0.000005s ]
INFO: [ app_init ] --END-- [ RunTime:0.000047s ]
INFO: [ app_begin ] --START--
INFO: Run Behavior\ReadHtmlCacheBehavior [ RunTime:0.000023s ]
INFO: [ app_begin ] --END-- [ RunTime:0.000275s ]
SQL: SHOW COLUMNS FROM `plate_conts_blank` [ RunTime:0.0052s ]
SQL: SHOW COLUMNS FROM `plate_conts_logs` [ RunTime:0.0046s ]
SQL: SHOW COLUMNS FROM `plate_conts_logsr` [ RunTime:0.0033s ]
SQL: SELECT * FROM `plate_conts_blank` WHERE `pid` = 1 AND `cat_index` = 1 AND `status` = 1 LIMIT 1   [ RunTime:0.0182s ]
SQL: SELECT * FROM `plate_conts_logs` WHERE `blank_id` = 1739 ORDER BY number asc,id asc  [ RunTime:0.0016s ]
SQL: SELECT `key_0` FROM `plate_conts_logs` WHERE `blank_id` = 1739 GROUP BY key_0 LIMIT 1   [ RunTime:0.0029s ]
SQL: SELECT `key_1` FROM `plate_conts_logs` WHERE `blank_id` = 1739 GROUP BY key_1 LIMIT 1   [ RunTime:0.0010s ]
SQL: SELECT `key_2` FROM `plate_conts_logs` WHERE `blank_id` = 1739 GROUP BY key_2 LIMIT 1   [ RunTime:0.0003s ]
SQL: SELECT `key_3` FROM `plate_conts_logs` WHERE `blank_id` = 1739 GROUP BY key_3 LIMIT 1   [ RunTime:0.0006s ]
SQL: SELECT `key_4` FROM `plate_conts_logs` WHERE `blank_id` = 1739 GROUP BY key_4 LIMIT 1   [ RunTime:0.0003s ]
SQL: SELECT `key_5` FROM `plate_conts_logs` WHERE `blank_id` = 1739 GROUP BY key_5 LIMIT 1   [ RunTime:0.0001s ]
SQL: SELECT `key_6` FROM `plate_conts_logs` WHERE `blank_id` = 1739 GROUP BY key_6 LIMIT 1   [ RunTime:0.0001s ]
SQL: SELECT `key_7` FROM `plate_conts_logs` WHERE `blank_id` = 1739 GROUP BY key_7 LIMIT 1   [ RunTime:0.0004s ]
NOTIC: [2] Trying to access array offset on value of type null /Users/gangliu/data/catdesk_workspace/yilan/App/Home/Controller/GoodsController.class.php 第 794 行.
NOTIC: [2] Trying to access array offset on value of type null /Users/gangliu/data/catdesk_workspace/yilan/App/Home/Controller/GoodsController.class.php 第 794 行.
NOTIC: [2] Trying to access array offset on value of type null /Users/gangliu/data/catdesk_workspace/yilan/App/Home/Controller/GoodsController.class.php 第 794 行.
NOTIC: [2] Trying to access array offset on value of type null /Users/gangliu/data/catdesk_workspace/yilan/App/Home/Controller/GoodsController.class.php 第 795 行.
NOTIC: [2] Trying to access array offset on value of type null /Users/gangliu/data/catdesk_workspace/yilan/App/Home/Controller/GoodsController.class.php 第 795 行.
NOTIC: [2] Trying to access array offset on value of type null /Users/gangliu/data/catdesk_workspace/yilan/App/Home/Controller/GoodsController.class.php 第 796 行.
NOTIC: [2] Trying to access array offset on value of type null /Users/gangliu/data/catdesk_workspace/yilan/App/Home/Controller/GoodsController.class.php 第 796 行.
NOTIC: [2] Trying to access array offset on value of type null /Users/gangliu/data/catdesk_workspace/yilan/App/Home/Controller/GoodsController.class.php 第 796 行.
SQL: SHOW COLUMNS FROM `new_tax` [ RunTime:0.0027s ]
SQL: SELECT * FROM `new_tax` WHERE `is_del` = 1  [ RunTime:0.0012s ]
SQL: SHOW COLUMNS FROM `plate_conts_price` [ RunTime:0.0029s ]
SQL: SELECT * FROM `plate_conts_price` WHERE `blank_id` = 1739 AND `is_del` = 1 ORDER BY sort asc, id asc  [ RunTime:0.0010s ]
SQL: SELECT * FROM `plate_conts_blank` WHERE `pid` = 1 AND `status` = 1 ORDER BY sorts asc, cat_index asc  [ RunTime:0.0018s ]
SQL: SHOW COLUMNS FROM `plate_conts_blank_group` [ RunTime:0.0026s ]
SQL: SELECT * FROM `plate_conts_blank_group` WHERE `pid` = 0 ORDER BY sort asc, id asc  [ RunTime:0.0009s ]
ERR: {"status":1,"msg":"\u83b7\u53d6\u6210\u529f","data":{"info":{"id":1739,"pid":1,"group_id":5,"catname":"\u5546\u54c1","cat_index":1,"source":["6a2bd1928b6ed.png"],"sorts":0,"gimage":"6a2bcd01617ca.png","gnames":"\u94dc\u82af\u4ea4\u8054\u805a\u4e59\u70ef\u7edd\u7f18\u805a\u6c2f\u4e59\u70ef\u62a4\u5957\u963b\u71c3\u7535\u7f06\u3010\u4e5d\u6298\u6807\u51c6\u3011","up_a":"0.0","down_a":"0.0","up_b":"0.0","down_b":"0.0","up_c":"0.0","down_c":"0.0","up_d":"0.0","down_d":"0.0","up_e":"0.0","down_e":"0.0","up_f":"0.0","down_f":"0.0","ticket_nor":3,"ticket_person":11,"status":1,"uptimes":1781256594,"times":1781095065,"new_tax_id":1},"key":{"keya":null,"keyb":null,"keyc":null,"keyd":null,"keye":null,"keyf":null,"keyg":null,"keyh":null},"list":[],"tax_list":[{"id":1,"pid":0,"name":"\u7535\u529b\u7535\u7f06\u7a0e\u7387\u53d1\u7968","alias_name":"","normal_tax":"3.00","special_tax":"11.00","status":1,"is_del":1,"add_time":0,"up_time":0},{"id":2,"pid":0,"name":"\u5bb6\u88c5\u7535\u7ebf\u7a0e\u7387","alias_name":"","normal_tax":"3.00","special_tax":"10.00","status":1,"is_del":1,"add_time":0,"up_time":0},{"id":3,"pid":0,"name":"\u521a\u6027\u9632\u706b\u7535\u7f06\u7a0e\u7387","alias_name":"","normal_tax":"3.00","special_tax":"9.00","status":1,"is_del":1,"add_time":0,"up_time":0},{"id":9,"pid":0,"name":"\u6a61\u5957\u7535\u7f06\u7a0e\u7387","alias_name":"","normal_tax":"3.00","special_tax":"11.00","status":1,"is_del":1,"add_time":0,"up_time":0},{"id":10,"pid":0,"name":"\u77ff\u7528\u6a61\u80f6\u7535\u7f06\u7a0e\u7387","alias_name":"","normal_tax":"4.00","special_tax":"12.00","status":1,"is_del":1,"add_time":0,"up_time":0}],"price_list":[{"id":2648,"plate_conts_id":1,"new_cate_one_id":1,"new_cate_two_id":355,"new_cate_three_id":356,"name":"\u94dc\u82af\u5bfc\u4f53","ratio":"1.00","sort":1000,"is_del":1,"cat_index":1,"blank_id":1739},{"id":2649,"plate_conts_id":1,"new_cate_one_id":1,"new_cate_two_id":355,"new_cate_three_id":362,"name":"\u8f90\u7167\u4ea4\u8054\u7edd\u7f18","ratio":"1.00","sort":1000,"is_del":1,"cat_index":1,"blank_id":1739},{"id":2650,"plate_conts_id":1,"new_cate_one_id":1,"new_cate_two_id":355,"new_cate_three_id":371,"name":"PVC\u62a4\u5957","ratio":"1.00","sort":1000,"is_del":1,"cat_index":1,"blank_id":1739},{"id":7812,"plate_conts_id":1,"new_cate_one_id":1,"new_cate_two_id":355,"new_cate_three_id":356,"name":"\u94dc\u82af\u5bfc\u4f53","ratio":"0.90","sort":1000,"is_del":1,"cat_index":1,"blank_id":1739},{"id":7813,"plate_conts_id":1,"new_cate_one_id":1,"new_cate_two_id":355,"new_cate_three_id":362,"name":"\u8f90\u7167\u4ea4\u8054\u7edd\u7f18","ratio":"1.00","sort":1000,"is_del":1,"cat_index":1,"blank_id":1739}],"all_blanks":[{"id":1740,"pid":1,"group_id":5,"catname":"\u4e5d\u6298\u6807\u51c6","cat_index":2,"source":"[\"677187340b61b.png\"]","sorts":null,"gimage":"677187340b3d7.png","gnames":"\u94dc\u82af\u4ea4\u8054\u805a\u4e59\u70ef\u7edd\u7f18\u805a\u6c2f\u4e59\u70ef\u62a4\u5957\u963b\u71c3\u7535\u7f06\u3010\u4e5d\u6298\u6807\u51c6\u3011","up_a":"0.0","down_a":"0.0","up_b":"0.0","down_b":"0.0","up_c":"0.0","down_c":"0.0","up_d":"0.0","down_d":"0.0","up_e":"0.0","down_e":"0.0","up_f":"0.0","down_f":"0.0","ticket_nor":3,"ticket_person":11,"status":1,"uptimes":1781228972,"times":1781228972,"new_tax_id":1},{"id":1741,"pid":1,"group_id":5,"catname":"\u516b\u6298\u6807\u51c6","cat_index":3,"source":"[\"677187340b61b.png\"]","sorts":null,"gimage":"677187340b3d7.png","gnames":"\u94dc\u82af\u4ea4\u8054\u805a\u4e59\u70ef\u7edd\u7f18\u805a\u6c2f\u4e59\u70ef\u62a4\u5957\u963b\u71c3\u7535\u7f06\u3010\u4e5d\u6298\u6807\u51c6\u3011","up_a":"0.0","down_a":"0.0","up_b":"0.0","down_b":"0.0","up_c":"0.0","down_c":"0.0","up_d":"0.0","down_d":"0.0","up_e":"0.0","down_e":"0.0","up_f":"0.0","down_f":"0.0","ticket_nor":3,"ticket_person":11,"status":1,"uptimes":1781228972,"times":1781228972,"new_tax_id":1},{"id":1739,"pid":1,"group_id":5,"catname":"\u5546\u54c1","cat_index":1,"source":"[\"6a2bd1928b6ed.png\"]","sorts":0,"gimage":"6a2bcd01617ca.png","gnames":"\u94dc\u82af\u4ea4\u8054\u805a\u4e59\u70ef\u7edd\u7f18\u805a\u6c2f\u4e59\u70ef\u62a4\u5957\u963b\u71c3\u7535\u7f06\u3010\u4e5d\u6298\u6807\u51c6\u3011","up_a":"0.0","down_a":"0.0","up_b":"0.0","down_b":"0.0","up_c":"0.0","down_c":"0.0","up_d":"0.0","down_d":"0.0","up_e":"0.0","down_e":"0.0","up_f":"0.0","down_f":"0.0","ticket_nor":3,"ticket_person":11,"status":1,"uptimes":1781256594,"times":1781095065,"new_tax_id":1}],"group_list":[{"id":1,"pid":0,"name":"\u6807\u51c61\u9009\u9879\u5361","ratio":"1.000000","sort":1,"add_time":1781435857,"up_time":1781435857},{"id":5,"pid":0,"name":"\u6807\u51c61\u9009\u9879\u5361","ratio":"1.000000","sort":1,"add_time":1781423342,"up_time":1781423342},{"id":2,"pid":0,"name":"\u6807\u51c62\u9009\u9879\u5361","ratio":"1.000000","sort":2,"add_time":1781435857,"up_time":1781435857},{"id":6,"pid":0,"name":"\u6807\u51c62\u9009\u9879\u5361","ratio":"1.000000","sort":2,"add_time":1781423342,"up_time":1781423342},{"id":7,"pid":0,"name":"\u6807\u51c63\u9009\u9879\u5361","ratio":"1.000000","sort":3,"add_time":1781423342,"up_time":1781423342},{"id":8,"pid":0,"name":"\u6807\u51c64\u9009\u9879\u5361","ratio":"1.000000","sort":4,"add_time":1781423342,"up_time":1781423342},{"id":9,"pid":0,"name":"\u6807\u51c65\u9009\u9879\u5361","ratio":"1.000000","sort":5,"add_time":1781423342,"up_time":1781423342},{"id":10,"pid":0,"name":"\u6807\u51c66\u9009\u9879\u5361","ratio":"1.000000","sort":6,"add_time":1781423342,"up_time":1781423342},{"id":11,"pid":0,"name":"\u6807\u51c67\u9009\u9879\u5361","ratio":"1.000000","sort":7,"add_time":1781423342,"up_time":1781423342},{"id":12,"pid":0,"name":"\u6807\u51c68\u9009\u9879\u5361","ratio":"1.000000","sort":8,"add_time":1781423342,"up_time":1781423342},{"id":13,"pid":0,"name":"\u6807\u51c69\u9009\u9879\u5361","ratio":"1.000000","sort":9,"add_time":1781423342,"up_time":1781423342},{"id":14,"pid":0,"name":"\u6807\u51c610\u9009\u9879\u5361","ratio":"1.000000","sort":10,"add_time":1781423342,"up_time":1781423342}]}}

[ 2026-06-16T17:00:08+08:00 ] ::1 /Home/Goods/plate_conts_blankr.html
INFO: [ app_init ] --START--
INFO: Run Behavior\BuildLiteBehavior [ RunTime:0.000009s ]
INFO: [ app_init ] --END-- [ RunTime:0.000090s ]
INFO: [ app_begin ] --START--
INFO: Run Behavior\ReadHtmlCacheBehavior [ RunTime:0.000040s ]
INFO: [ app_begin ] --END-- [ RunTime:0.000067s ]
SQL: SHOW COLUMNS FROM `plate_conts_blank` [ RunTime:0.0051s ]
SQL: SHOW COLUMNS FROM `plate_conts_logs` [ RunTime:0.0037s ]
SQL: SHOW COLUMNS FROM `plate_conts_logsr` [ RunTime:0.0049s ]
SQL: SELECT * FROM `plate_conts_blank` WHERE `id` = 1739 AND `status` = 1 LIMIT 1   [ RunTime:0.0016s ]
SQL: SELECT * FROM `plate_conts_logs` WHERE `blank_id` = 1739 ORDER BY number asc,id asc  [ RunTime:0.0034s ]
SQL: SELECT `key_0` FROM `plate_conts_logs` WHERE `blank_id` = 1739 GROUP BY key_0 LIMIT 1   [ RunTime:0.0007s ]
SQL: SELECT `key_1` FROM `plate_conts_logs` WHERE `blank_id` = 1739 GROUP BY key_1 LIMIT 1   [ RunTime:0.0004s ]
SQL: SELECT `key_2` FROM `plate_conts_logs` WHERE `blank_id` = 1739 GROUP BY key_2 LIMIT 1   [ RunTime:0.0004s ]
SQL: SELECT `key_3` FROM `plate_conts_logs` WHERE `blank_id` = 1739 GROUP BY key_3 LIMIT 1   [ RunTime:0.0004s ]
SQL: SELECT `key_4` FROM `plate_conts_logs` WHERE `blank_id` = 1739 GROUP BY key_4 LIMIT 1   [ RunTime:0.0004s ]
SQL: SELECT `key_5` FROM `plate_conts_logs` WHERE `blank_id` = 1739 GROUP BY key_5 LIMIT 1   [ RunTime:0.0005s ]
SQL: SELECT `key_6` FROM `plate_conts_logs` WHERE `blank_id` = 1739 GROUP BY key_6 LIMIT 1   [ RunTime:0.0005s ]
SQL: SELECT `key_7` FROM `plate_conts_logs` WHERE `blank_id` = 1739 GROUP BY key_7 LIMIT 1   [ RunTime:0.0003s ]
NOTIC: [2] Trying to access array offset on value of type null /Users/gangliu/data/catdesk_workspace/yilan/App/Home/Controller/GoodsController.class.php 第 794 行.
NOTIC: [2] Trying to access array offset on value of type null /Users/gangliu/data/catdesk_workspace/yilan/App/Home/Controller/GoodsController.class.php 第 794 行.
NOTIC: [2] Trying to access array offset on value of type null /Users/gangliu/data/catdesk_workspace/yilan/App/Home/Controller/GoodsController.class.php 第 794 行.
NOTIC: [2] Trying to access array offset on value of type null /Users/gangliu/data/catdesk_workspace/yilan/App/Home/Controller/GoodsController.class.php 第 795 行.
NOTIC: [2] Trying to access array offset on value of type null /Users/gangliu/data/catdesk_workspace/yilan/App/Home/Controller/GoodsController.class.php 第 795 行.
NOTIC: [2] Trying to access array offset on value of type null /Users/gangliu/data/catdesk_workspace/yilan/App/Home/Controller/GoodsController.class.php 第 796 行.
NOTIC: [2] Trying to access array offset on value of type null /Users/gangliu/data/catdesk_workspace/yilan/App/Home/Controller/GoodsController.class.php 第 796 行.
NOTIC: [2] Trying to access array offset on value of type null /Users/gangliu/data/catdesk_workspace/yilan/App/Home/Controller/GoodsController.class.php 第 796 行.
SQL: SHOW COLUMNS FROM `new_tax` [ RunTime:0.0024s ]
SQL: SELECT * FROM `new_tax` WHERE `is_del` = 1  [ RunTime:0.0011s ]
SQL: SHOW COLUMNS FROM `plate_conts_price` [ RunTime:0.0026s ]
SQL: SELECT * FROM `plate_conts_price` WHERE `blank_id` = 1739 AND `is_del` = 1 ORDER BY sort asc, id asc  [ RunTime:0.0024s ]
SQL: SELECT * FROM `plate_conts_blank` WHERE `pid` = 1 AND `status` = 1 ORDER BY sorts asc, cat_index asc  [ RunTime:0.0012s ]
SQL: SHOW COLUMNS FROM `plate_conts_blank_group` [ RunTime:0.0021s ]
SQL: SELECT * FROM `plate_conts_blank_group` WHERE `pid` = 0 ORDER BY sort asc, id asc  [ RunTime:0.0011s ]
ERR: {"status":1,"msg":"\u83b7\u53d6\u6210\u529f","data":{"info":{"id":1739,"pid":1,"group_id":5,"catname":"\u5546\u54c1","cat_index":1,"source":["6a2bd1928b6ed.png"],"sorts":0,"gimage":"6a2bcd01617ca.png","gnames":"\u94dc\u82af\u4ea4\u8054\u805a\u4e59\u70ef\u7edd\u7f18\u805a\u6c2f\u4e59\u70ef\u62a4\u5957\u963b\u71c3\u7535\u7f06\u3010\u4e5d\u6298\u6807\u51c6\u3011","up_a":"0.0","down_a":"0.0","up_b":"0.0","down_b":"0.0","up_c":"0.0","down_c":"0.0","up_d":"0.0","down_d":"0.0","up_e":"0.0","down_e":"0.0","up_f":"0.0","down_f":"0.0","ticket_nor":3,"ticket_person":11,"status":1,"uptimes":1781256594,"times":1781095065,"new_tax_id":1},"key":{"keya":null,"keyb":null,"keyc":null,"keyd":null,"keye":null,"keyf":null,"keyg":null,"keyh":null},"list":[],"tax_list":[{"id":1,"pid":0,"name":"\u7535\u529b\u7535\u7f06\u7a0e\u7387\u53d1\u7968","alias_name":"","normal_tax":"3.00","special_tax":"11.00","status":1,"is_del":1,"add_time":0,"up_time":0},{"id":2,"pid":0,"name":"\u5bb6\u88c5\u7535\u7ebf\u7a0e\u7387","alias_name":"","normal_tax":"3.00","special_tax":"10.00","status":1,"is_del":1,"add_time":0,"up_time":0},{"id":3,"pid":0,"name":"\u521a\u6027\u9632\u706b\u7535\u7f06\u7a0e\u7387","alias_name":"","normal_tax":"3.00","special_tax":"9.00","status":1,"is_del":1,"add_time":0,"up_time":0},{"id":9,"pid":0,"name":"\u6a61\u5957\u7535\u7f06\u7a0e\u7387","alias_name":"","normal_tax":"3.00","special_tax":"11.00","status":1,"is_del":1,"add_time":0,"up_time":0},{"id":10,"pid":0,"name":"\u77ff\u7528\u6a61\u80f6\u7535\u7f06\u7a0e\u7387","alias_name":"","normal_tax":"4.00","special_tax":"12.00","status":1,"is_del":1,"add_time":0,"up_time":0}],"price_list":[{"id":2648,"plate_conts_id":1,"new_cate_one_id":1,"new_cate_two_id":355,"new_cate_three_id":356,"name":"\u94dc\u82af\u5bfc\u4f53","ratio":"1.00","sort":1000,"is_del":1,"cat_index":1,"blank_id":1739},{"id":2649,"plate_conts_id":1,"new_cate_one_id":1,"new_cate_two_id":355,"new_cate_three_id":362,"name":"\u8f90\u7167\u4ea4\u8054\u7edd\u7f18","ratio":"1.00","sort":1000,"is_del":1,"cat_index":1,"blank_id":1739},{"id":2650,"plate_conts_id":1,"new_cate_one_id":1,"new_cate_two_id":355,"new_cate_three_id":371,"name":"PVC\u62a4\u5957","ratio":"1.00","sort":1000,"is_del":1,"cat_index":1,"blank_id":1739},{"id":7812,"plate_conts_id":1,"new_cate_one_id":1,"new_cate_two_id":355,"new_cate_three_id":356,"name":"\u94dc\u82af\u5bfc\u4f53","ratio":"0.90","sort":1000,"is_del":1,"cat_index":1,"blank_id":1739},{"id":7813,"plate_conts_id":1,"new_cate_one_id":1,"new_cate_two_id":355,"new_cate_three_id":362,"name":"\u8f90\u7167\u4ea4\u8054\u7edd\u7f18","ratio":"1.00","sort":1000,"is_del":1,"cat_index":1,"blank_id":1739}],"all_blanks":[{"id":1740,"pid":1,"group_id":5,"catname":"\u4e5d\u6298\u6807\u51c6","cat_index":2,"source":"[\"677187340b61b.png\"]","sorts":null,"gimage":"677187340b3d7.png","gnames":"\u94dc\u82af\u4ea4\u8054\u805a\u4e59\u70ef\u7edd\u7f18\u805a\u6c2f\u4e59\u70ef\u62a4\u5957\u963b\u71c3\u7535\u7f06\u3010\u4e5d\u6298\u6807\u51c6\u3011","up_a":"0.0","down_a":"0.0","up_b":"0.0","down_b":"0.0","up_c":"0.0","down_c":"0.0","up_d":"0.0","down_d":"0.0","up_e":"0.0","down_e":"0.0","up_f":"0.0","down_f":"0.0","ticket_nor":3,"ticket_person":11,"status":1,"uptimes":1781228972,"times":1781228972,"new_tax_id":1},{"id":1741,"pid":1,"group_id":5,"catname":"\u516b\u6298\u6807\u51c6","cat_index":3,"source":"[\"677187340b61b.png\"]","sorts":null,"gimage":"677187340b3d7.png","gnames":"\u94dc\u82af\u4ea4\u8054\u805a\u4e59\u70ef\u7edd\u7f18\u805a\u6c2f\u4e59\u70ef\u62a4\u5957\u963b\u71c3\u7535\u7f06\u3010\u4e5d\u6298\u6807\u51c6\u3011","up_a":"0.0","down_a":"0.0","up_b":"0.0","down_b":"0.0","up_c":"0.0","down_c":"0.0","up_d":"0.0","down_d":"0.0","up_e":"0.0","down_e":"0.0","up_f":"0.0","down_f":"0.0","ticket_nor":3,"ticket_person":11,"status":1,"uptimes":1781228972,"times":1781228972,"new_tax_id":1},{"id":1739,"pid":1,"group_id":5,"catname":"\u5546\u54c1","cat_index":1,"source":"[\"6a2bd1928b6ed.png\"]","sorts":0,"gimage":"6a2bcd01617ca.png","gnames":"\u94dc\u82af\u4ea4\u8054\u805a\u4e59\u70ef\u7edd\u7f18\u805a\u6c2f\u4e59\u70ef\u62a4\u5957\u963b\u71c3\u7535\u7f06\u3010\u4e5d\u6298\u6807\u51c6\u3011","up_a":"0.0","down_a":"0.0","up_b":"0.0","down_b":"0.0","up_c":"0.0","down_c":"0.0","up_d":"0.0","down_d":"0.0","up_e":"0.0","down_e":"0.0","up_f":"0.0","down_f":"0.0","ticket_nor":3,"ticket_person":11,"status":1,"uptimes":1781256594,"times":1781095065,"new_tax_id":1}],"group_list":[{"id":1,"pid":0,"name":"\u6807\u51c61\u9009\u9879\u5361","ratio":"1.000000","sort":1,"add_time":1781435857,"up_time":1781435857},{"id":5,"pid":0,"name":"\u6807\u51c61\u9009\u9879\u5361","ratio":"1.000000","sort":1,"add_time":1781423342,"up_time":1781423342},{"id":2,"pid":0,"name":"\u6807\u51c62\u9009\u9879\u5361","ratio":"1.000000","sort":2,"add_time":1781435857,"up_time":1781435857},{"id":6,"pid":0,"name":"\u6807\u51c62\u9009\u9879\u5361","ratio":"1.000000","sort":2,"add_time":1781423342,"up_time":1781423342},{"id":7,"pid":0,"name":"\u6807\u51c63\u9009\u9879\u5361","ratio":"1.000000","sort":3,"add_time":1781423342,"up_time":1781423342},{"id":8,"pid":0,"name":"\u6807\u51c64\u9009\u9879\u5361","ratio":"1.000000","sort":4,"add_time":1781423342,"up_time":1781423342},{"id":9,"pid":0,"name":"\u6807\u51c65\u9009\u9879\u5361","ratio":"1.000000","sort":5,"add_time":1781423342,"up_time":1781423342},{"id":10,"pid":0,"name":"\u6807\u51c66\u9009\u9879\u5361","ratio":"1.000000","sort":6,"add_time":1781423342,"up_time":1781423342},{"id":11,"pid":0,"name":"\u6807\u51c67\u9009\u9879\u5361","ratio":"1.000000","sort":7,"add_time":1781423342,"up_time":1781423342},{"id":12,"pid":0,"name":"\u6807\u51c68\u9009\u9879\u5361","ratio":"1.000000","sort":8,"add_time":1781423342,"up_time":1781423342},{"id":13,"pid":0,"name":"\u6807\u51c69\u9009\u9879\u5361","ratio":"1.000000","sort":9,"add_time":1781423342,"up_time":1781423342},{"id":14,"pid":0,"name":"\u6807\u51c610\u9009\u9879\u5361","ratio":"1.000000","sort":10,"add_time":1781423342,"up_time":1781423342}]}}

[ 2026-06-16T17:02:01+08:00 ] ::1 /Home/Goods/plate_conts_clearlog.html
INFO: [ app_init ] --START--
INFO: Run Behavior\BuildLiteBehavior [ RunTime:0.000017s ]
INFO: [ app_init ] --END-- [ RunTime:0.000287s ]
INFO: [ app_begin ] --START--
INFO: Run Behavior\ReadHtmlCacheBehavior [ RunTime:0.000078s ]
INFO: [ app_begin ] --END-- [ RunTime:0.000115s ]
SQL: SHOW COLUMNS FROM `plate_conts_logs` [ RunTime:0.0064s ]
SQL: SHOW COLUMNS FROM `plate_conts_logsr` [ RunTime:0.0042s ]
SQL: DELETE FROM `plate_conts_logs` WHERE `blank_id` = 1739 [ RunTime:0.0066s ]
ERR: {"status":1,"msg":"\u5220\u9664\u6210\u529f","data":null}

[ 2026-06-16T17:02:01+08:00 ] ::1 /Home/Goods/plate_conts_blankr.html
INFO: [ app_init ] --START--
INFO: Run Behavior\BuildLiteBehavior [ RunTime:0.000005s ]
INFO: [ app_init ] --END-- [ RunTime:0.000053s ]
INFO: [ app_begin ] --START--
INFO: Run Behavior\ReadHtmlCacheBehavior [ RunTime:0.000023s ]
INFO: [ app_begin ] --END-- [ RunTime:0.000038s ]
SQL: SHOW COLUMNS FROM `plate_conts_blank` [ RunTime:0.0038s ]
SQL: SHOW COLUMNS FROM `plate_conts_logs` [ RunTime:0.0032s ]
SQL: SHOW COLUMNS FROM `plate_conts_logsr` [ RunTime:0.0028s ]
SQL: SELECT * FROM `plate_conts_blank` WHERE `id` = 1739 AND `status` = 1 LIMIT 1   [ RunTime:0.0046s ]
SQL: SELECT * FROM `plate_conts_logs` WHERE `blank_id` = 1739 ORDER BY number asc,id asc  [ RunTime:0.0053s ]
SQL: SELECT `key_0` FROM `plate_conts_logs` WHERE `blank_id` = 1739 GROUP BY key_0 LIMIT 1   [ RunTime:0.0009s ]
SQL: SELECT `key_1` FROM `plate_conts_logs` WHERE `blank_id` = 1739 GROUP BY key_1 LIMIT 1   [ RunTime:0.0006s ]
SQL: SELECT `key_2` FROM `plate_conts_logs` WHERE `blank_id` = 1739 GROUP BY key_2 LIMIT 1   [ RunTime:0.0007s ]
SQL: SELECT `key_3` FROM `plate_conts_logs` WHERE `blank_id` = 1739 GROUP BY key_3 LIMIT 1   [ RunTime:0.0029s ]
SQL: SELECT `key_4` FROM `plate_conts_logs` WHERE `blank_id` = 1739 GROUP BY key_4 LIMIT 1   [ RunTime:0.0007s ]
SQL: SELECT `key_5` FROM `plate_conts_logs` WHERE `blank_id` = 1739 GROUP BY key_5 LIMIT 1   [ RunTime:0.0003s ]
SQL: SELECT `key_6` FROM `plate_conts_logs` WHERE `blank_id` = 1739 GROUP BY key_6 LIMIT 1   [ RunTime:0.0004s ]
SQL: SELECT `key_7` FROM `plate_conts_logs` WHERE `blank_id` = 1739 GROUP BY key_7 LIMIT 1   [ RunTime:0.0004s ]
NOTIC: [2] Trying to access array offset on value of type null /Users/gangliu/data/catdesk_workspace/yilan/App/Home/Controller/GoodsController.class.php 第 794 行.
NOTIC: [2] Trying to access array offset on value of type null /Users/gangliu/data/catdesk_workspace/yilan/App/Home/Controller/GoodsController.class.php 第 794 行.
NOTIC: [2] Trying to access array offset on value of type null /Users/gangliu/data/catdesk_workspace/yilan/App/Home/Controller/GoodsController.class.php 第 794 行.
NOTIC: [2] Trying to access array offset on value of type null /Users/gangliu/data/catdesk_workspace/yilan/App/Home/Controller/GoodsController.class.php 第 795 行.
NOTIC: [2] Trying to access array offset on value of type null /Users/gangliu/data/catdesk_workspace/yilan/App/Home/Controller/GoodsController.class.php 第 795 行.
NOTIC: [2] Trying to access array offset on value of type null /Users/gangliu/data/catdesk_workspace/yilan/App/Home/Controller/GoodsController.class.php 第 796 行.
NOTIC: [2] Trying to access array offset on value of type null /Users/gangliu/data/catdesk_workspace/yilan/App/Home/Controller/GoodsController.class.php 第 796 行.
NOTIC: [2] Trying to access array offset on value of type null /Users/gangliu/data/catdesk_workspace/yilan/App/Home/Controller/GoodsController.class.php 第 796 行.
SQL: SHOW COLUMNS FROM `new_tax` [ RunTime:0.0037s ]
SQL: SELECT * FROM `new_tax` WHERE `is_del` = 1  [ RunTime:0.0022s ]
SQL: SHOW COLUMNS FROM `plate_conts_price` [ RunTime:0.0041s ]
SQL: SELECT * FROM `plate_conts_price` WHERE `blank_id` = 1739 AND `is_del` = 1 ORDER BY sort asc, id asc  [ RunTime:0.0030s ]
SQL: SELECT * FROM `plate_conts_blank` WHERE `pid` = 1 AND `status` = 1 ORDER BY sorts asc, cat_index asc  [ RunTime:0.0017s ]
SQL: SHOW COLUMNS FROM `plate_conts_blank_group` [ RunTime:0.0031s ]
SQL: SELECT * FROM `plate_conts_blank_group` WHERE `pid` = 0 ORDER BY sort asc, id asc  [ RunTime:0.0012s ]
ERR: {"status":1,"msg":"\u83b7\u53d6\u6210\u529f","data":{"info":{"id":1739,"pid":1,"group_id":5,"catname":"\u5546\u54c1","cat_index":1,"source":["6a2bd1928b6ed.png"],"sorts":0,"gimage":"6a2bcd01617ca.png","gnames":"\u94dc\u82af\u4ea4\u8054\u805a\u4e59\u70ef\u7edd\u7f18\u805a\u6c2f\u4e59\u70ef\u62a4\u5957\u963b\u71c3\u7535\u7f06\u3010\u4e5d\u6298\u6807\u51c6\u3011","up_a":"0.0","down_a":"0.0","up_b":"0.0","down_b":"0.0","up_c":"0.0","down_c":"0.0","up_d":"0.0","down_d":"0.0","up_e":"0.0","down_e":"0.0","up_f":"0.0","down_f":"0.0","ticket_nor":3,"ticket_person":11,"status":1,"uptimes":1781256594,"times":1781095065,"new_tax_id":1},"key":{"keya":null,"keyb":null,"keyc":null,"keyd":null,"keye":null,"keyf":null,"keyg":null,"keyh":null},"list":[],"tax_list":[{"id":1,"pid":0,"name":"\u7535\u529b\u7535\u7f06\u7a0e\u7387\u53d1\u7968","alias_name":"","normal_tax":"3.00","special_tax":"11.00","status":1,"is_del":1,"add_time":0,"up_time":0},{"id":2,"pid":0,"name":"\u5bb6\u88c5\u7535\u7ebf\u7a0e\u7387","alias_name":"","normal_tax":"3.00","special_tax":"10.00","status":1,"is_del":1,"add_time":0,"up_time":0},{"id":3,"pid":0,"name":"\u521a\u6027\u9632\u706b\u7535\u7f06\u7a0e\u7387","alias_name":"","normal_tax":"3.00","special_tax":"9.00","status":1,"is_del":1,"add_time":0,"up_time":0},{"id":9,"pid":0,"name":"\u6a61\u5957\u7535\u7f06\u7a0e\u7387","alias_name":"","normal_tax":"3.00","special_tax":"11.00","status":1,"is_del":1,"add_time":0,"up_time":0},{"id":10,"pid":0,"name":"\u77ff\u7528\u6a61\u80f6\u7535\u7f06\u7a0e\u7387","alias_name":"","normal_tax":"4.00","special_tax":"12.00","status":1,"is_del":1,"add_time":0,"up_time":0}],"price_list":[{"id":2648,"plate_conts_id":1,"new_cate_one_id":1,"new_cate_two_id":355,"new_cate_three_id":356,"name":"\u94dc\u82af\u5bfc\u4f53","ratio":"1.00","sort":1000,"is_del":1,"cat_index":1,"blank_id":1739},{"id":2649,"plate_conts_id":1,"new_cate_one_id":1,"new_cate_two_id":355,"new_cate_three_id":362,"name":"\u8f90\u7167\u4ea4\u8054\u7edd\u7f18","ratio":"1.00","sort":1000,"is_del":1,"cat_index":1,"blank_id":1739},{"id":2650,"plate_conts_id":1,"new_cate_one_id":1,"new_cate_two_id":355,"new_cate_three_id":371,"name":"PVC\u62a4\u5957","ratio":"1.00","sort":1000,"is_del":1,"cat_index":1,"blank_id":1739},{"id":7812,"plate_conts_id":1,"new_cate_one_id":1,"new_cate_two_id":355,"new_cate_three_id":356,"name":"\u94dc\u82af\u5bfc\u4f53","ratio":"0.90","sort":1000,"is_del":1,"cat_index":1,"blank_id":1739},{"id":7813,"plate_conts_id":1,"new_cate_one_id":1,"new_cate_two_id":355,"new_cate_three_id":362,"name":"\u8f90\u7167\u4ea4\u8054\u7edd\u7f18","ratio":"1.00","sort":1000,"is_del":1,"cat_index":1,"blank_id":1739}],"all_blanks":[{"id":1740,"pid":1,"group_id":5,"catname":"\u4e5d\u6298\u6807\u51c6","cat_index":2,"source":"[\"677187340b61b.png\"]","sorts":null,"gimage":"677187340b3d7.png","gnames":"\u94dc\u82af\u4ea4\u8054\u805a\u4e59\u70ef\u7edd\u7f18\u805a\u6c2f\u4e59\u70ef\u62a4\u5957\u963b\u71c3\u7535\u7f06\u3010\u4e5d\u6298\u6807\u51c6\u3011","up_a":"0.0","down_a":"0.0","up_b":"0.0","down_b":"0.0","up_c":"0.0","down_c":"0.0","up_d":"0.0","down_d":"0.0","up_e":"0.0","down_e":"0.0","up_f":"0.0","down_f":"0.0","ticket_nor":3,"ticket_person":11,"status":1,"uptimes":1781228972,"times":1781228972,"new_tax_id":1},{"id":1741,"pid":1,"group_id":5,"catname":"\u516b\u6298\u6807\u51c6","cat_index":3,"source":"[\"677187340b61b.png\"]","sorts":null,"gimage":"677187340b3d7.png","gnames":"\u94dc\u82af\u4ea4\u8054\u805a\u4e59\u70ef\u7edd\u7f18\u805a\u6c2f\u4e59\u70ef\u62a4\u5957\u963b\u71c3\u7535\u7f06\u3010\u4e5d\u6298\u6807\u51c6\u3011","up_a":"0.0","down_a":"0.0","up_b":"0.0","down_b":"0.0","up_c":"0.0","down_c":"0.0","up_d":"0.0","down_d":"0.0","up_e":"0.0","down_e":"0.0","up_f":"0.0","down_f":"0.0","ticket_nor":3,"ticket_person":11,"status":1,"uptimes":1781228972,"times":1781228972,"new_tax_id":1},{"id":1739,"pid":1,"group_id":5,"catname":"\u5546\u54c1","cat_index":1,"source":"[\"6a2bd1928b6ed.png\"]","sorts":0,"gimage":"6a2bcd01617ca.png","gnames":"\u94dc\u82af\u4ea4\u8054\u805a\u4e59\u70ef\u7edd\u7f18\u805a\u6c2f\u4e59\u70ef\u62a4\u5957\u963b\u71c3\u7535\u7f06\u3010\u4e5d\u6298\u6807\u51c6\u3011","up_a":"0.0","down_a":"0.0","up_b":"0.0","down_b":"0.0","up_c":"0.0","down_c":"0.0","up_d":"0.0","down_d":"0.0","up_e":"0.0","down_e":"0.0","up_f":"0.0","down_f":"0.0","ticket_nor":3,"ticket_person":11,"status":1,"uptimes":1781256594,"times":1781095065,"new_tax_id":1}],"group_list":[{"id":1,"pid":0,"name":"\u6807\u51c61\u9009\u9879\u5361","ratio":"1.000000","sort":1,"add_time":1781435857,"up_time":1781435857},{"id":5,"pid":0,"name":"\u6807\u51c61\u9009\u9879\u5361","ratio":"1.000000","sort":1,"add_time":1781423342,"up_time":1781423342},{"id":2,"pid":0,"name":"\u6807\u51c62\u9009\u9879\u5361","ratio":"1.000000","sort":2,"add_time":1781435857,"up_time":1781435857},{"id":6,"pid":0,"name":"\u6807\u51c62\u9009\u9879\u5361","ratio":"1.000000","sort":2,"add_time":1781423342,"up_time":1781423342},{"id":7,"pid":0,"name":"\u6807\u51c63\u9009\u9879\u5361","ratio":"1.000000","sort":3,"add_time":1781423342,"up_time":1781423342},{"id":8,"pid":0,"name":"\u6807\u51c64\u9009\u9879\u5361","ratio":"1.000000","sort":4,"add_time":1781423342,"up_time":1781423342},{"id":9,"pid":0,"name":"\u6807\u51c65\u9009\u9879\u5361","ratio":"1.000000","sort":5,"add_time":1781423342,"up_time":1781423342},{"id":10,"pid":0,"name":"\u6807\u51c66\u9009\u9879\u5361","ratio":"1.000000","sort":6,"add_time":1781423342,"up_time":1781423342},{"id":11,"pid":0,"name":"\u6807\u51c67\u9009\u9879\u5361","ratio":"1.000000","sort":7,"add_time":1781423342,"up_time":1781423342},{"id":12,"pid":0,"name":"\u6807\u51c68\u9009\u9879\u5361","ratio":"1.000000","sort":8,"add_time":1781423342,"up_time":1781423342},{"id":13,"pid":0,"name":"\u6807\u51c69\u9009\u9879\u5361","ratio":"1.000000","sort":9,"add_time":1781423342,"up_time":1781423342},{"id":14,"pid":0,"name":"\u6807\u51c610\u9009\u9879\u5361","ratio":"1.000000","sort":10,"add_time":1781423342,"up_time":1781423342}]}}

[ 2026-06-16T17:17:58+08:00 ] ::1 /Home/Goods/plate_conts_list/id/1.html
INFO: [ app_init ] --START--
INFO: Run Behavior\BuildLiteBehavior [ RunTime:0.000017s ]
INFO: [ app_init ] --END-- [ RunTime:0.000162s ]
INFO: [ app_begin ] --START--
INFO: Run Behavior\ReadHtmlCacheBehavior [ RunTime:0.000048s ]
INFO: [ app_begin ] --END-- [ RunTime:0.000076s ]
SQL: SHOW COLUMNS FROM `plate_conts` [ RunTime:0.0077s ]
SQL: SHOW COLUMNS FROM `sys_tmps` [ RunTime:0.0029s ]
SQL: SELECT * FROM `plate_conts` WHERE `id` = 1 LIMIT 1   [ RunTime:0.0014s ]
SQL: SELECT * FROM `sys_tmps` WHERE `types` = 2 ORDER BY id desc  [ RunTime:0.0043s ]
INFO: [ view_parse ] --START--
INFO: [ template_filter ] --START--
INFO: Run Behavior\ContentReplaceBehavior [ RunTime:0.000295s ]
INFO: [ template_filter ] --END-- [ RunTime:0.000352s ]
INFO: Run Behavior\ParseTemplateBehavior [ RunTime:0.020751s ]
INFO: [ view_parse ] --END-- [ RunTime:0.020805s ]
INFO: [ view_filter ] --START--
INFO: Run Behavior\WriteHtmlCacheBehavior [ RunTime:0.000090s ]
INFO: [ view_filter ] --END-- [ RunTime:0.000099s ]
INFO: [ app_end ] --START--
INFO: Run Behavior\ShowPageTraceBehavior [ RunTime:0.000043s ]
INFO: [ app_end ] --END-- [ RunTime:0.000049s ]

[ 2026-06-16T17:17:58+08:00 ] ::1 /Home/Goods/plate_conts_blankr.html
INFO: [ app_init ] --START--
INFO: Run Behavior\BuildLiteBehavior [ RunTime:0.000005s ]
INFO: [ app_init ] --END-- [ RunTime:0.000054s ]
INFO: [ app_begin ] --START--
INFO: Run Behavior\ReadHtmlCacheBehavior [ RunTime:0.000031s ]
INFO: [ app_begin ] --END-- [ RunTime:0.000058s ]
SQL: SHOW COLUMNS FROM `plate_conts_blank` [ RunTime:0.0049s ]
SQL: SHOW COLUMNS FROM `plate_conts_logs` [ RunTime:0.0048s ]
SQL: SHOW COLUMNS FROM `plate_conts_logsr` [ RunTime:0.0045s ]
SQL: SELECT * FROM `plate_conts_blank` WHERE `pid` = 1 AND `cat_index` = 1 AND `status` = 1 LIMIT 1   [ RunTime:0.0030s ]
SQL: SELECT * FROM `plate_conts_logs` WHERE `blank_id` = 1739 ORDER BY number asc,id asc  [ RunTime:0.0042s ]
SQL: SELECT `key_0` FROM `plate_conts_logs` WHERE `blank_id` = 1739 GROUP BY key_0 LIMIT 1   [ RunTime:0.0012s ]
SQL: SELECT `key_1` FROM `plate_conts_logs` WHERE `blank_id` = 1739 GROUP BY key_1 LIMIT 1   [ RunTime:0.0012s ]
SQL: SELECT `key_2` FROM `plate_conts_logs` WHERE `blank_id` = 1739 GROUP BY key_2 LIMIT 1   [ RunTime:0.0012s ]
SQL: SELECT `key_3` FROM `plate_conts_logs` WHERE `blank_id` = 1739 GROUP BY key_3 LIMIT 1   [ RunTime:0.0013s ]
SQL: SELECT `key_4` FROM `plate_conts_logs` WHERE `blank_id` = 1739 GROUP BY key_4 LIMIT 1   [ RunTime:0.0007s ]
SQL: SELECT `key_5` FROM `plate_conts_logs` WHERE `blank_id` = 1739 GROUP BY key_5 LIMIT 1   [ RunTime:0.0005s ]
SQL: SELECT `key_6` FROM `plate_conts_logs` WHERE `blank_id` = 1739 GROUP BY key_6 LIMIT 1   [ RunTime:0.0006s ]
SQL: SELECT `key_7` FROM `plate_conts_logs` WHERE `blank_id` = 1739 GROUP BY key_7 LIMIT 1   [ RunTime:0.0008s ]
NOTIC: [2] Trying to access array offset on value of type null /Users/gangliu/data/catdesk_workspace/yilan/App/Home/Controller/GoodsController.class.php 第 794 行.
NOTIC: [2] Trying to access array offset on value of type null /Users/gangliu/data/catdesk_workspace/yilan/App/Home/Controller/GoodsController.class.php 第 794 行.
NOTIC: [2] Trying to access array offset on value of type null /Users/gangliu/data/catdesk_workspace/yilan/App/Home/Controller/GoodsController.class.php 第 794 行.
NOTIC: [2] Trying to access array offset on value of type null /Users/gangliu/data/catdesk_workspace/yilan/App/Home/Controller/GoodsController.class.php 第 795 行.
NOTIC: [2] Trying to access array offset on value of type null /Users/gangliu/data/catdesk_workspace/yilan/App/Home/Controller/GoodsController.class.php 第 795 行.
NOTIC: [2] Trying to access array offset on value of type null /Users/gangliu/data/catdesk_workspace/yilan/App/Home/Controller/GoodsController.class.php 第 796 行.
NOTIC: [2] Trying to access array offset on value of type null /Users/gangliu/data/catdesk_workspace/yilan/App/Home/Controller/GoodsController.class.php 第 796 行.
NOTIC: [2] Trying to access array offset on value of type null /Users/gangliu/data/catdesk_workspace/yilan/App/Home/Controller/GoodsController.class.php 第 796 行.
SQL: SHOW COLUMNS FROM `new_tax` [ RunTime:0.0032s ]
SQL: SELECT * FROM `new_tax` WHERE `is_del` = 1  [ RunTime:0.0019s ]
SQL: SHOW COLUMNS FROM `plate_conts_price` [ RunTime:0.0025s ]
SQL: SELECT * FROM `plate_conts_price` WHERE `blank_id` = 1739 AND `is_del` = 1 ORDER BY sort asc, id asc  [ RunTime:0.0020s ]
SQL: SELECT * FROM `plate_conts_blank` WHERE `pid` = 1 AND `status` = 1 ORDER BY sorts asc, cat_index asc  [ RunTime:0.0009s ]
SQL: SHOW COLUMNS FROM `plate_conts_blank_group` [ RunTime:0.0026s ]
SQL: SELECT * FROM `plate_conts_blank_group` WHERE `pid` = 0 ORDER BY sort asc, id asc  [ RunTime:0.0011s ]
ERR: {"status":1,"msg":"\u83b7\u53d6\u6210\u529f","data":{"info":{"id":1739,"pid":1,"group_id":5,"catname":"\u5546\u54c1","cat_index":1,"source":["6a2bd1928b6ed.png"],"sorts":0,"gimage":"6a2bcd01617ca.png","gnames":"\u94dc\u82af\u4ea4\u8054\u805a\u4e59\u70ef\u7edd\u7f18\u805a\u6c2f\u4e59\u70ef\u62a4\u5957\u963b\u71c3\u7535\u7f06\u3010\u4e5d\u6298\u6807\u51c6\u3011","up_a":"0.0","down_a":"0.0","up_b":"0.0","down_b":"0.0","up_c":"0.0","down_c":"0.0","up_d":"0.0","down_d":"0.0","up_e":"0.0","down_e":"0.0","up_f":"0.0","down_f":"0.0","ticket_nor":3,"ticket_person":11,"status":1,"uptimes":1781256594,"times":1781095065,"new_tax_id":1},"key":{"keya":null,"keyb":null,"keyc":null,"keyd":null,"keye":null,"keyf":null,"keyg":null,"keyh":null},"list":[],"tax_list":[{"id":1,"pid":0,"name":"\u7535\u529b\u7535\u7f06\u7a0e\u7387\u53d1\u7968","alias_name":"","normal_tax":"3.00","special_tax":"11.00","status":1,"is_del":1,"add_time":0,"up_time":0},{"id":2,"pid":0,"name":"\u5bb6\u88c5\u7535\u7ebf\u7a0e\u7387","alias_name":"","normal_tax":"3.00","special_tax":"10.00","status":1,"is_del":1,"add_time":0,"up_time":0},{"id":3,"pid":0,"name":"\u521a\u6027\u9632\u706b\u7535\u7f06\u7a0e\u7387","alias_name":"","normal_tax":"3.00","special_tax":"9.00","status":1,"is_del":1,"add_time":0,"up_time":0},{"id":9,"pid":0,"name":"\u6a61\u5957\u7535\u7f06\u7a0e\u7387","alias_name":"","normal_tax":"3.00","special_tax":"11.00","status":1,"is_del":1,"add_time":0,"up_time":0},{"id":10,"pid":0,"name":"\u77ff\u7528\u6a61\u80f6\u7535\u7f06\u7a0e\u7387","alias_name":"","normal_tax":"4.00","special_tax":"12.00","status":1,"is_del":1,"add_time":0,"up_time":0}],"price_list":[{"id":2648,"plate_conts_id":1,"new_cate_one_id":1,"new_cate_two_id":355,"new_cate_three_id":356,"name":"\u94dc\u82af\u5bfc\u4f53","ratio":"1.00","sort":1000,"is_del":1,"cat_index":1,"blank_id":1739},{"id":2649,"plate_conts_id":1,"new_cate_one_id":1,"new_cate_two_id":355,"new_cate_three_id":362,"name":"\u8f90\u7167\u4ea4\u8054\u7edd\u7f18","ratio":"1.00","sort":1000,"is_del":1,"cat_index":1,"blank_id":1739},{"id":2650,"plate_conts_id":1,"new_cate_one_id":1,"new_cate_two_id":355,"new_cate_three_id":371,"name":"PVC\u62a4\u5957","ratio":"1.00","sort":1000,"is_del":1,"cat_index":1,"blank_id":1739},{"id":7812,"plate_conts_id":1,"new_cate_one_id":1,"new_cate_two_id":355,"new_cate_three_id":356,"name":"\u94dc\u82af\u5bfc\u4f53","ratio":"0.90","sort":1000,"is_del":1,"cat_index":1,"blank_id":1739},{"id":7813,"plate_conts_id":1,"new_cate_one_id":1,"new_cate_two_id":355,"new_cate_three_id":362,"name":"\u8f90\u7167\u4ea4\u8054\u7edd\u7f18","ratio":"1.00","sort":1000,"is_del":1,"cat_index":1,"blank_id":1739}],"all_blanks":[{"id":1740,"pid":1,"group_id":5,"catname":"\u4e5d\u6298\u6807\u51c6","cat_index":2,"source":"[\"677187340b61b.png\"]","sorts":null,"gimage":"677187340b3d7.png","gnames":"\u94dc\u82af\u4ea4\u8054\u805a\u4e59\u70ef\u7edd\u7f18\u805a\u6c2f\u4e59\u70ef\u62a4\u5957\u963b\u71c3\u7535\u7f06\u3010\u4e5d\u6298\u6807\u51c6\u3011","up_a":"0.0","down_a":"0.0","up_b":"0.0","down_b":"0.0","up_c":"0.0","down_c":"0.0","up_d":"0.0","down_d":"0.0","up_e":"0.0","down_e":"0.0","up_f":"0.0","down_f":"0.0","ticket_nor":3,"ticket_person":11,"status":1,"uptimes":1781228972,"times":1781228972,"new_tax_id":1},{"id":1741,"pid":1,"group_id":5,"catname":"\u516b\u6298\u6807\u51c6","cat_index":3,"source":"[\"677187340b61b.png\"]","sorts":null,"gimage":"677187340b3d7.png","gnames":"\u94dc\u82af\u4ea4\u8054\u805a\u4e59\u70ef\u7edd\u7f18\u805a\u6c2f\u4e59\u70ef\u62a4\u5957\u963b\u71c3\u7535\u7f06\u3010\u4e5d\u6298\u6807\u51c6\u3011","up_a":"0.0","down_a":"0.0","up_b":"0.0","down_b":"0.0","up_c":"0.0","down_c":"0.0","up_d":"0.0","down_d":"0.0","up_e":"0.0","down_e":"0.0","up_f":"0.0","down_f":"0.0","ticket_nor":3,"ticket_person":11,"status":1,"uptimes":1781228972,"times":1781228972,"new_tax_id":1},{"id":1739,"pid":1,"group_id":5,"catname":"\u5546\u54c1","cat_index":1,"source":"[\"6a2bd1928b6ed.png\"]","sorts":0,"gimage":"6a2bcd01617ca.png","gnames":"\u94dc\u82af\u4ea4\u8054\u805a\u4e59\u70ef\u7edd\u7f18\u805a\u6c2f\u4e59\u70ef\u62a4\u5957\u963b\u71c3\u7535\u7f06\u3010\u4e5d\u6298\u6807\u51c6\u3011","up_a":"0.0","down_a":"0.0","up_b":"0.0","down_b":"0.0","up_c":"0.0","down_c":"0.0","up_d":"0.0","down_d":"0.0","up_e":"0.0","down_e":"0.0","up_f":"0.0","down_f":"0.0","ticket_nor":3,"ticket_person":11,"status":1,"uptimes":1781256594,"times":1781095065,"new_tax_id":1}],"group_list":[{"id":1,"pid":0,"name":"\u6807\u51c61\u9009\u9879\u5361","ratio":"1.000000","sort":1,"add_time":1781435857,"up_time":1781435857},{"id":5,"pid":0,"name":"\u6807\u51c61\u9009\u9879\u5361","ratio":"1.000000","sort":1,"add_time":1781423342,"up_time":1781423342},{"id":2,"pid":0,"name":"\u6807\u51c62\u9009\u9879\u5361","ratio":"1.000000","sort":2,"add_time":1781435857,"up_time":1781435857},{"id":6,"pid":0,"name":"\u6807\u51c62\u9009\u9879\u5361","ratio":"1.000000","sort":2,"add_time":1781423342,"up_time":1781423342},{"id":7,"pid":0,"name":"\u6807\u51c63\u9009\u9879\u5361","ratio":"1.000000","sort":3,"add_time":1781423342,"up_time":1781423342},{"id":8,"pid":0,"name":"\u6807\u51c64\u9009\u9879\u5361","ratio":"1.000000","sort":4,"add_time":1781423342,"up_time":1781423342},{"id":9,"pid":0,"name":"\u6807\u51c65\u9009\u9879\u5361","ratio":"1.000000","sort":5,"add_time":1781423342,"up_time":1781423342},{"id":10,"pid":0,"name":"\u6807\u51c66\u9009\u9879\u5361","ratio":"1.000000","sort":6,"add_time":1781423342,"up_time":1781423342},{"id":11,"pid":0,"name":"\u6807\u51c67\u9009\u9879\u5361","ratio":"1.000000","sort":7,"add_time":1781423342,"up_time":1781423342},{"id":12,"pid":0,"name":"\u6807\u51c68\u9009\u9879\u5361","ratio":"1.000000","sort":8,"add_time":1781423342,"up_time":1781423342},{"id":13,"pid":0,"name":"\u6807\u51c69\u9009\u9879\u5361","ratio":"1.000000","sort":9,"add_time":1781423342,"up_time":1781423342},{"id":14,"pid":0,"name":"\u6807\u51c610\u9009\u9879\u5361","ratio":"1.000000","sort":10,"add_time":1781423342,"up_time":1781423342}]}}

[ 2026-06-16T17:23:35+08:00 ] ::1 /Home/Goods/plate_conts_blankr.html
INFO: [ app_init ] --START--
INFO: Run Behavior\BuildLiteBehavior [ RunTime:0.000015s ]
INFO: [ app_init ] --END-- [ RunTime:0.000151s ]
INFO: [ app_begin ] --START--
INFO: Run Behavior\ReadHtmlCacheBehavior [ RunTime:0.000061s ]
INFO: [ app_begin ] --END-- [ RunTime:0.000092s ]
SQL: SHOW COLUMNS FROM `plate_conts_blank` [ RunTime:0.0086s ]
SQL: SHOW COLUMNS FROM `plate_conts_logs` [ RunTime:0.0044s ]
SQL: SHOW COLUMNS FROM `plate_conts_logsr` [ RunTime:0.0038s ]
SQL: SELECT * FROM `plate_conts_blank` WHERE `id` = 1739 AND `status` = 1 LIMIT 1   [ RunTime:0.0018s ]
SQL: SELECT * FROM `plate_conts_logs` WHERE `blank_id` = 1739 ORDER BY number asc,id asc  [ RunTime:0.0016s ]
SQL: SELECT `key_0` FROM `plate_conts_logs` WHERE `blank_id` = 1739 GROUP BY key_0 LIMIT 1   [ RunTime:0.0011s ]
SQL: SELECT `key_1` FROM `plate_conts_logs` WHERE `blank_id` = 1739 GROUP BY key_1 LIMIT 1   [ RunTime:0.0007s ]
SQL: SELECT `key_2` FROM `plate_conts_logs` WHERE `blank_id` = 1739 GROUP BY key_2 LIMIT 1   [ RunTime:0.0006s ]
SQL: SELECT `key_3` FROM `plate_conts_logs` WHERE `blank_id` = 1739 GROUP BY key_3 LIMIT 1   [ RunTime:0.0008s ]
SQL: SELECT `key_4` FROM `plate_conts_logs` WHERE `blank_id` = 1739 GROUP BY key_4 LIMIT 1   [ RunTime:0.0008s ]
SQL: SELECT `key_5` FROM `plate_conts_logs` WHERE `blank_id` = 1739 GROUP BY key_5 LIMIT 1   [ RunTime:0.0007s ]
SQL: SELECT `key_6` FROM `plate_conts_logs` WHERE `blank_id` = 1739 GROUP BY key_6 LIMIT 1   [ RunTime:0.0013s ]
SQL: SELECT `key_7` FROM `plate_conts_logs` WHERE `blank_id` = 1739 GROUP BY key_7 LIMIT 1   [ RunTime:0.0008s ]
NOTIC: [2] Trying to access array offset on value of type null /Users/gangliu/data/catdesk_workspace/yilan/App/Home/Controller/GoodsController.class.php 第 808 行.
NOTIC: [2] Trying to access array offset on value of type null /Users/gangliu/data/catdesk_workspace/yilan/App/Home/Controller/GoodsController.class.php 第 808 行.
NOTIC: [2] Trying to access array offset on value of type null /Users/gangliu/data/catdesk_workspace/yilan/App/Home/Controller/GoodsController.class.php 第 808 行.
NOTIC: [2] Trying to access array offset on value of type null /Users/gangliu/data/catdesk_workspace/yilan/App/Home/Controller/GoodsController.class.php 第 809 行.
NOTIC: [2] Trying to access array offset on value of type null /Users/gangliu/data/catdesk_workspace/yilan/App/Home/Controller/GoodsController.class.php 第 809 行.
NOTIC: [2] Trying to access array offset on value of type null /Users/gangliu/data/catdesk_workspace/yilan/App/Home/Controller/GoodsController.class.php 第 810 行.
NOTIC: [2] Trying to access array offset on value of type null /Users/gangliu/data/catdesk_workspace/yilan/App/Home/Controller/GoodsController.class.php 第 810 行.
NOTIC: [2] Trying to access array offset on value of type null /Users/gangliu/data/catdesk_workspace/yilan/App/Home/Controller/GoodsController.class.php 第 810 行.
SQL: SHOW COLUMNS FROM `new_tax` [ RunTime:0.0031s ]
SQL: SELECT * FROM `new_tax` WHERE `is_del` = 1  [ RunTime:0.0015s ]
SQL: SHOW COLUMNS FROM `plate_conts_price` [ RunTime:0.0030s ]
SQL: SELECT * FROM `plate_conts_price` WHERE `blank_id` = 1739 AND `is_del` = 1 ORDER BY sort asc, id asc  [ RunTime:0.0013s ]
SQL: SELECT * FROM `plate_conts_blank` WHERE `pid` = 1 AND `status` = 1 ORDER BY sorts asc, cat_index asc  [ RunTime:0.0009s ]
SQL: SHOW COLUMNS FROM `plate_conts_blank_group` [ RunTime:0.0022s ]
SQL: SELECT * FROM `plate_conts_blank_group` WHERE `pid` = 0 ORDER BY sort asc, id asc  [ RunTime:0.0014s ]
ERR: {"status":1,"msg":"\u83b7\u53d6\u6210\u529f","data":{"info":{"id":1739,"pid":1,"group_id":5,"catname":"\u5546\u54c1","cat_index":1,"source":["6a2bd1928b6ed.png"],"sorts":0,"gimage":"6a2bcd01617ca.png","gnames":"\u94dc\u82af\u4ea4\u8054\u805a\u4e59\u70ef\u7edd\u7f18\u805a\u6c2f\u4e59\u70ef\u62a4\u5957\u963b\u71c3\u7535\u7f06\u3010\u4e5d\u6298\u6807\u51c6\u3011","up_a":"0.0","down_a":"0.0","up_b":"0.0","down_b":"0.0","up_c":"0.0","down_c":"0.0","up_d":"0.0","down_d":"0.0","up_e":"0.0","down_e":"0.0","up_f":"0.0","down_f":"0.0","ticket_nor":3,"ticket_person":11,"status":1,"uptimes":1781256594,"times":1781095065,"new_tax_id":1},"key":{"keya":null,"keyb":null,"keyc":null,"keyd":null,"keye":null,"keyf":null,"keyg":null,"keyh":null},"list":[],"tax_list":[{"id":1,"pid":0,"name":"\u7535\u529b\u7535\u7f06\u7a0e\u7387\u53d1\u7968","alias_name":"","normal_tax":"3.00","special_tax":"11.00","status":1,"is_del":1,"add_time":0,"up_time":0},{"id":2,"pid":0,"name":"\u5bb6\u88c5\u7535\u7ebf\u7a0e\u7387","alias_name":"","normal_tax":"3.00","special_tax":"10.00","status":1,"is_del":1,"add_time":0,"up_time":0},{"id":3,"pid":0,"name":"\u521a\u6027\u9632\u706b\u7535\u7f06\u7a0e\u7387","alias_name":"","normal_tax":"3.00","special_tax":"9.00","status":1,"is_del":1,"add_time":0,"up_time":0},{"id":9,"pid":0,"name":"\u6a61\u5957\u7535\u7f06\u7a0e\u7387","alias_name":"","normal_tax":"3.00","special_tax":"11.00","status":1,"is_del":1,"add_time":0,"up_time":0},{"id":10,"pid":0,"name":"\u77ff\u7528\u6a61\u80f6\u7535\u7f06\u7a0e\u7387","alias_name":"","normal_tax":"4.00","special_tax":"12.00","status":1,"is_del":1,"add_time":0,"up_time":0}],"price_list":[{"id":2648,"plate_conts_id":1,"new_cate_one_id":1,"new_cate_two_id":355,"new_cate_three_id":356,"name":"\u94dc\u82af\u5bfc\u4f53","ratio":"1.00","sort":1000,"is_del":1,"cat_index":1,"blank_id":1739},{"id":2649,"plate_conts_id":1,"new_cate_one_id":1,"new_cate_two_id":355,"new_cate_three_id":362,"name":"\u8f90\u7167\u4ea4\u8054\u7edd\u7f18","ratio":"1.00","sort":1000,"is_del":1,"cat_index":1,"blank_id":1739},{"id":2650,"plate_conts_id":1,"new_cate_one_id":1,"new_cate_two_id":355,"new_cate_three_id":371,"name":"PVC\u62a4\u5957","ratio":"1.00","sort":1000,"is_del":1,"cat_index":1,"blank_id":1739},{"id":7812,"plate_conts_id":1,"new_cate_one_id":1,"new_cate_two_id":355,"new_cate_three_id":356,"name":"\u94dc\u82af\u5bfc\u4f53","ratio":"0.90","sort":1000,"is_del":1,"cat_index":1,"blank_id":1739},{"id":7813,"plate_conts_id":1,"new_cate_one_id":1,"new_cate_two_id":355,"new_cate_three_id":362,"name":"\u8f90\u7167\u4ea4\u8054\u7edd\u7f18","ratio":"1.00","sort":1000,"is_del":1,"cat_index":1,"blank_id":1739}],"all_blanks":[{"id":1740,"pid":1,"group_id":5,"catname":"\u4e5d\u6298\u6807\u51c6","cat_index":2,"source":"[\"677187340b61b.png\"]","sorts":null,"gimage":"677187340b3d7.png","gnames":"\u94dc\u82af\u4ea4\u8054\u805a\u4e59\u70ef\u7edd\u7f18\u805a\u6c2f\u4e59\u70ef\u62a4\u5957\u963b\u71c3\u7535\u7f06\u3010\u4e5d\u6298\u6807\u51c6\u3011","up_a":"0.0","down_a":"0.0","up_b":"0.0","down_b":"0.0","up_c":"0.0","down_c":"0.0","up_d":"0.0","down_d":"0.0","up_e":"0.0","down_e":"0.0","up_f":"0.0","down_f":"0.0","ticket_nor":3,"ticket_person":11,"status":1,"uptimes":1781228972,"times":1781228972,"new_tax_id":1},{"id":1741,"pid":1,"group_id":5,"catname":"\u516b\u6298\u6807\u51c6","cat_index":3,"source":"[\"677187340b61b.png\"]","sorts":null,"gimage":"677187340b3d7.png","gnames":"\u94dc\u82af\u4ea4\u8054\u805a\u4e59\u70ef\u7edd\u7f18\u805a\u6c2f\u4e59\u70ef\u62a4\u5957\u963b\u71c3\u7535\u7f06\u3010\u4e5d\u6298\u6807\u51c6\u3011","up_a":"0.0","down_a":"0.0","up_b":"0.0","down_b":"0.0","up_c":"0.0","down_c":"0.0","up_d":"0.0","down_d":"0.0","up_e":"0.0","down_e":"0.0","up_f":"0.0","down_f":"0.0","ticket_nor":3,"ticket_person":11,"status":1,"uptimes":1781228972,"times":1781228972,"new_tax_id":1},{"id":1739,"pid":1,"group_id":5,"catname":"\u5546\u54c1","cat_index":1,"source":"[\"6a2bd1928b6ed.png\"]","sorts":0,"gimage":"6a2bcd01617ca.png","gnames":"\u94dc\u82af\u4ea4\u8054\u805a\u4e59\u70ef\u7edd\u7f18\u805a\u6c2f\u4e59\u70ef\u62a4\u5957\u963b\u71c3\u7535\u7f06\u3010\u4e5d\u6298\u6807\u51c6\u3011","up_a":"0.0","down_a":"0.0","up_b":"0.0","down_b":"0.0","up_c":"0.0","down_c":"0.0","up_d":"0.0","down_d":"0.0","up_e":"0.0","down_e":"0.0","up_f":"0.0","down_f":"0.0","ticket_nor":3,"ticket_person":11,"status":1,"uptimes":1781256594,"times":1781095065,"new_tax_id":1}],"group_list":[{"id":1,"pid":0,"name":"\u6807\u51c61\u9009\u9879\u5361","ratio":"1.000000","sort":1,"add_time":1781435857,"up_time":1781435857},{"id":5,"pid":0,"name":"\u6807\u51c61\u9009\u9879\u5361","ratio":"1.000000","sort":1,"add_time":1781423342,"up_time":1781423342},{"id":2,"pid":0,"name":"\u6807\u51c62\u9009\u9879\u5361","ratio":"1.000000","sort":2,"add_time":1781435857,"up_time":1781435857},{"id":6,"pid":0,"name":"\u6807\u51c62\u9009\u9879\u5361","ratio":"1.000000","sort":2,"add_time":1781423342,"up_time":1781423342},{"id":7,"pid":0,"name":"\u6807\u51c63\u9009\u9879\u5361","ratio":"1.000000","sort":3,"add_time":1781423342,"up_time":1781423342},{"id":8,"pid":0,"name":"\u6807\u51c64\u9009\u9879\u5361","ratio":"1.000000","sort":4,"add_time":1781423342,"up_time":1781423342},{"id":9,"pid":0,"name":"\u6807\u51c65\u9009\u9879\u5361","ratio":"1.000000","sort":5,"add_time":1781423342,"up_time":1781423342},{"id":10,"pid":0,"name":"\u6807\u51c66\u9009\u9879\u5361","ratio":"1.000000","sort":6,"add_time":1781423342,"up_time":1781423342},{"id":11,"pid":0,"name":"\u6807\u51c67\u9009\u9879\u5361","ratio":"1.000000","sort":7,"add_time":1781423342,"up_time":1781423342},{"id":12,"pid":0,"name":"\u6807\u51c68\u9009\u9879\u5361","ratio":"1.000000","sort":8,"add_time":1781423342,"up_time":1781423342},{"id":13,"pid":0,"name":"\u6807\u51c69\u9009\u9879\u5361","ratio":"1.000000","sort":9,"add_time":1781423342,"up_time":1781423342},{"id":14,"pid":0,"name":"\u6807\u51c610\u9009\u9879\u5361","ratio":"1.000000","sort":10,"add_time":1781423342,"up_time":1781423342}]}}

[ 2026-06-16T17:23:41+08:00 ] ::1 /Home/Goods/plate_conts_blankr.html
INFO: [ app_init ] --START--
INFO: Run Behavior\BuildLiteBehavior [ RunTime:0.000008s ]
INFO: [ app_init ] --END-- [ RunTime:0.000087s ]
INFO: [ app_begin ] --START--
INFO: Run Behavior\ReadHtmlCacheBehavior [ RunTime:0.000062s ]
INFO: [ app_begin ] --END-- [ RunTime:0.000102s ]
SQL: SHOW COLUMNS FROM `plate_conts_blank` [ RunTime:0.0041s ]
SQL: SHOW COLUMNS FROM `plate_conts_logs` [ RunTime:0.0028s ]
SQL: SHOW COLUMNS FROM `plate_conts_logsr` [ RunTime:0.0033s ]
SQL: SELECT * FROM `plate_conts_blank` WHERE `id` = 1740 AND `status` = 1 LIMIT 1   [ RunTime:0.0009s ]
SQL: SELECT * FROM `plate_conts_logs` WHERE `blank_id` = 1740 ORDER BY number asc,id asc  [ RunTime:0.0010s ]
SQL: SELECT `key_0` FROM `plate_conts_logs` WHERE `blank_id` = 1740 GROUP BY key_0 LIMIT 1   [ RunTime:0.0010s ]
SQL: SELECT `key_1` FROM `plate_conts_logs` WHERE `blank_id` = 1740 GROUP BY key_1 LIMIT 1   [ RunTime:0.0006s ]
SQL: SELECT `key_2` FROM `plate_conts_logs` WHERE `blank_id` = 1740 GROUP BY key_2 LIMIT 1   [ RunTime:0.0005s ]
SQL: SELECT `key_3` FROM `plate_conts_logs` WHERE `blank_id` = 1740 GROUP BY key_3 LIMIT 1   [ RunTime:0.0005s ]
SQL: SELECT `key_4` FROM `plate_conts_logs` WHERE `blank_id` = 1740 GROUP BY key_4 LIMIT 1   [ RunTime:0.0005s ]
SQL: SELECT `key_5` FROM `plate_conts_logs` WHERE `blank_id` = 1740 GROUP BY key_5 LIMIT 1   [ RunTime:0.0006s ]
SQL: SELECT `key_6` FROM `plate_conts_logs` WHERE `blank_id` = 1740 GROUP BY key_6 LIMIT 1   [ RunTime:0.0007s ]
SQL: SELECT `key_7` FROM `plate_conts_logs` WHERE `blank_id` = 1740 GROUP BY key_7 LIMIT 1   [ RunTime:0.0006s ]
NOTIC: [2] Trying to access array offset on value of type null /Users/gangliu/data/catdesk_workspace/yilan/App/Home/Controller/GoodsController.class.php 第 808 行.
NOTIC: [2] Trying to access array offset on value of type null /Users/gangliu/data/catdesk_workspace/yilan/App/Home/Controller/GoodsController.class.php 第 808 行.
NOTIC: [2] Trying to access array offset on value of type null /Users/gangliu/data/catdesk_workspace/yilan/App/Home/Controller/GoodsController.class.php 第 808 行.
NOTIC: [2] Trying to access array offset on value of type null /Users/gangliu/data/catdesk_workspace/yilan/App/Home/Controller/GoodsController.class.php 第 809 行.
NOTIC: [2] Trying to access array offset on value of type null /Users/gangliu/data/catdesk_workspace/yilan/App/Home/Controller/GoodsController.class.php 第 809 行.
NOTIC: [2] Trying to access array offset on value of type null /Users/gangliu/data/catdesk_workspace/yilan/App/Home/Controller/GoodsController.class.php 第 810 行.
NOTIC: [2] Trying to access array offset on value of type null /Users/gangliu/data/catdesk_workspace/yilan/App/Home/Controller/GoodsController.class.php 第 810 行.
NOTIC: [2] Trying to access array offset on value of type null /Users/gangliu/data/catdesk_workspace/yilan/App/Home/Controller/GoodsController.class.php 第 810 行.
SQL: SHOW COLUMNS FROM `new_tax` [ RunTime:0.0032s ]
SQL: SELECT * FROM `new_tax` WHERE `is_del` = 1  [ RunTime:0.0025s ]
SQL: SHOW COLUMNS FROM `plate_conts_price` [ RunTime:0.0032s ]
SQL: SELECT * FROM `plate_conts_price` WHERE `blank_id` = 1740 AND `is_del` = 1 ORDER BY sort asc, id asc  [ RunTime:0.0009s ]
SQL: SELECT * FROM `plate_conts_blank` WHERE `pid` = 1 AND `status` = 1 ORDER BY sorts asc, cat_index asc  [ RunTime:0.0011s ]
SQL: SHOW COLUMNS FROM `plate_conts_blank_group` [ RunTime:0.0032s ]
SQL: SELECT * FROM `plate_conts_blank_group` WHERE `pid` = 0 ORDER BY sort asc, id asc  [ RunTime:0.0008s ]
ERR: {"status":1,"msg":"\u83b7\u53d6\u6210\u529f","data":{"info":{"id":1740,"pid":1,"group_id":5,"catname":"\u4e5d\u6298\u6807\u51c6","cat_index":2,"source":["677187340b61b.png"],"sorts":null,"gimage":"677187340b3d7.png","gnames":"\u94dc\u82af\u4ea4\u8054\u805a\u4e59\u70ef\u7edd\u7f18\u805a\u6c2f\u4e59\u70ef\u62a4\u5957\u963b\u71c3\u7535\u7f06\u3010\u4e5d\u6298\u6807\u51c6\u3011","up_a":"0.0","down_a":"0.0","up_b":"0.0","down_b":"0.0","up_c":"0.0","down_c":"0.0","up_d":"0.0","down_d":"0.0","up_e":"0.0","down_e":"0.0","up_f":"0.0","down_f":"0.0","ticket_nor":3,"ticket_person":11,"status":1,"uptimes":1781228972,"times":1781228972,"new_tax_id":1},"key":{"keya":null,"keyb":null,"keyc":null,"keyd":null,"keye":null,"keyf":null,"keyg":null,"keyh":null},"list":[],"tax_list":[{"id":1,"pid":0,"name":"\u7535\u529b\u7535\u7f06\u7a0e\u7387\u53d1\u7968","alias_name":"","normal_tax":"3.00","special_tax":"11.00","status":1,"is_del":1,"add_time":0,"up_time":0},{"id":2,"pid":0,"name":"\u5bb6\u88c5\u7535\u7ebf\u7a0e\u7387","alias_name":"","normal_tax":"3.00","special_tax":"10.00","status":1,"is_del":1,"add_time":0,"up_time":0},{"id":3,"pid":0,"name":"\u521a\u6027\u9632\u706b\u7535\u7f06\u7a0e\u7387","alias_name":"","normal_tax":"3.00","special_tax":"9.00","status":1,"is_del":1,"add_time":0,"up_time":0},{"id":9,"pid":0,"name":"\u6a61\u5957\u7535\u7f06\u7a0e\u7387","alias_name":"","normal_tax":"3.00","special_tax":"11.00","status":1,"is_del":1,"add_time":0,"up_time":0},{"id":10,"pid":0,"name":"\u77ff\u7528\u6a61\u80f6\u7535\u7f06\u7a0e\u7387","alias_name":"","normal_tax":"4.00","special_tax":"12.00","status":1,"is_del":1,"add_time":0,"up_time":0}],"price_list":[{"id":2651,"plate_conts_id":1,"new_cate_one_id":1,"new_cate_two_id":355,"new_cate_three_id":356,"name":"\u94dc\u82af\u5bfc\u4f53","ratio":"0.90","sort":1000,"is_del":1,"cat_index":2,"blank_id":1740},{"id":2652,"plate_conts_id":1,"new_cate_one_id":1,"new_cate_two_id":355,"new_cate_three_id":362,"name":"\u8f90\u7167\u4ea4\u8054\u7edd\u7f18","ratio":"1.00","sort":1000,"is_del":1,"cat_index":2,"blank_id":1740},{"id":2653,"plate_conts_id":1,"new_cate_one_id":1,"new_cate_two_id":355,"new_cate_three_id":371,"name":"PVC\u62a4\u5957","ratio":"1.00","sort":1000,"is_del":1,"cat_index":2,"blank_id":1740}],"all_blanks":[{"id":1740,"pid":1,"group_id":5,"catname":"\u4e5d\u6298\u6807\u51c6","cat_index":2,"source":"[\"677187340b61b.png\"]","sorts":null,"gimage":"677187340b3d7.png","gnames":"\u94dc\u82af\u4ea4\u8054\u805a\u4e59\u70ef\u7edd\u7f18\u805a\u6c2f\u4e59\u70ef\u62a4\u5957\u963b\u71c3\u7535\u7f06\u3010\u4e5d\u6298\u6807\u51c6\u3011","up_a":"0.0","down_a":"0.0","up_b":"0.0","down_b":"0.0","up_c":"0.0","down_c":"0.0","up_d":"0.0","down_d":"0.0","up_e":"0.0","down_e":"0.0","up_f":"0.0","down_f":"0.0","ticket_nor":3,"ticket_person":11,"status":1,"uptimes":1781228972,"times":1781228972,"new_tax_id":1},{"id":1741,"pid":1,"group_id":5,"catname":"\u516b\u6298\u6807\u51c6","cat_index":3,"source":"[\"677187340b61b.png\"]","sorts":null,"gimage":"677187340b3d7.png","gnames":"\u94dc\u82af\u4ea4\u8054\u805a\u4e59\u70ef\u7edd\u7f18\u805a\u6c2f\u4e59\u70ef\u62a4\u5957\u963b\u71c3\u7535\u7f06\u3010\u4e5d\u6298\u6807\u51c6\u3011","up_a":"0.0","down_a":"0.0","up_b":"0.0","down_b":"0.0","up_c":"0.0","down_c":"0.0","up_d":"0.0","down_d":"0.0","up_e":"0.0","down_e":"0.0","up_f":"0.0","down_f":"0.0","ticket_nor":3,"ticket_person":11,"status":1,"uptimes":1781228972,"times":1781228972,"new_tax_id":1},{"id":1739,"pid":1,"group_id":5,"catname":"\u5546\u54c1","cat_index":1,"source":"[\"6a2bd1928b6ed.png\"]","sorts":0,"gimage":"6a2bcd01617ca.png","gnames":"\u94dc\u82af\u4ea4\u8054\u805a\u4e59\u70ef\u7edd\u7f18\u805a\u6c2f\u4e59\u70ef\u62a4\u5957\u963b\u71c3\u7535\u7f06\u3010\u4e5d\u6298\u6807\u51c6\u3011","up_a":"0.0","down_a":"0.0","up_b":"0.0","down_b":"0.0","up_c":"0.0","down_c":"0.0","up_d":"0.0","down_d":"0.0","up_e":"0.0","down_e":"0.0","up_f":"0.0","down_f":"0.0","ticket_nor":3,"ticket_person":11,"status":1,"uptimes":1781256594,"times":1781095065,"new_tax_id":1}],"group_list":[{"id":1,"pid":0,"name":"\u6807\u51c61\u9009\u9879\u5361","ratio":"1.000000","sort":1,"add_time":1781435857,"up_time":1781435857},{"id":5,"pid":0,"name":"\u6807\u51c61\u9009\u9879\u5361","ratio":"1.000000","sort":1,"add_time":1781423342,"up_time":1781423342},{"id":2,"pid":0,"name":"\u6807\u51c62\u9009\u9879\u5361","ratio":"1.000000","sort":2,"add_time":1781435857,"up_time":1781435857},{"id":6,"pid":0,"name":"\u6807\u51c62\u9009\u9879\u5361","ratio":"1.000000","sort":2,"add_time":1781423342,"up_time":1781423342},{"id":7,"pid":0,"name":"\u6807\u51c63\u9009\u9879\u5361","ratio":"1.000000","sort":3,"add_time":1781423342,"up_time":1781423342},{"id":8,"pid":0,"name":"\u6807\u51c64\u9009\u9879\u5361","ratio":"1.000000","sort":4,"add_time":1781423342,"up_time":1781423342},{"id":9,"pid":0,"name":"\u6807\u51c65\u9009\u9879\u5361","ratio":"1.000000","sort":5,"add_time":1781423342,"up_time":1781423342},{"id":10,"pid":0,"name":"\u6807\u51c66\u9009\u9879\u5361","ratio":"1.000000","sort":6,"add_time":1781423342,"up_time":1781423342},{"id":11,"pid":0,"name":"\u6807\u51c67\u9009\u9879\u5361","ratio":"1.000000","sort":7,"add_time":1781423342,"up_time":1781423342},{"id":12,"pid":0,"name":"\u6807\u51c68\u9009\u9879\u5361","ratio":"1.000000","sort":8,"add_time":1781423342,"up_time":1781423342},{"id":13,"pid":0,"name":"\u6807\u51c69\u9009\u9879\u5361","ratio":"1.000000","sort":9,"add_time":1781423342,"up_time":1781423342},{"id":14,"pid":0,"name":"\u6807\u51c610\u9009\u9879\u5361","ratio":"1.000000","sort":10,"add_time":1781423342,"up_time":1781423342}]}}

[ 2026-06-16T17:26:05+08:00 ] ::1 /Home/Goods/plate_conts_list/id/1.html
INFO: [ app_init ] --START--
INFO: Run Behavior\BuildLiteBehavior [ RunTime:0.000022s ]
INFO: [ app_init ] --END-- [ RunTime:0.000226s ]
INFO: [ app_begin ] --START--
INFO: Run Behavior\ReadHtmlCacheBehavior [ RunTime:0.000049s ]
INFO: [ app_begin ] --END-- [ RunTime:0.000078s ]
SQL: SHOW COLUMNS FROM `plate_conts` [ RunTime:0.0065s ]
SQL: SHOW COLUMNS FROM `sys_tmps` [ RunTime:0.0030s ]
SQL: SELECT * FROM `plate_conts` WHERE `id` = 1 LIMIT 1   [ RunTime:0.0022s ]
SQL: SELECT * FROM `sys_tmps` WHERE `types` = 2 ORDER BY id desc  [ RunTime:0.0028s ]
INFO: [ view_parse ] --START--
INFO: [ template_filter ] --START--
INFO: Run Behavior\ContentReplaceBehavior [ RunTime:0.000303s ]
INFO: [ template_filter ] --END-- [ RunTime:0.000391s ]
INFO: Run Behavior\ParseTemplateBehavior [ RunTime:0.020606s ]
INFO: [ view_parse ] --END-- [ RunTime:0.020669s ]
INFO: [ view_filter ] --START--
INFO: Run Behavior\WriteHtmlCacheBehavior [ RunTime:0.000157s ]
INFO: [ view_filter ] --END-- [ RunTime:0.000168s ]
INFO: [ app_end ] --START--
INFO: Run Behavior\ShowPageTraceBehavior [ RunTime:0.000078s ]
INFO: [ app_end ] --END-- [ RunTime:0.000091s ]

[ 2026-06-16T17:26:06+08:00 ] ::1 /Home/Goods/plate_conts_blankr.html
INFO: [ app_init ] --START--
INFO: Run Behavior\BuildLiteBehavior [ RunTime:0.000006s ]
INFO: [ app_init ] --END-- [ RunTime:0.000052s ]
INFO: [ app_begin ] --START--
INFO: Run Behavior\ReadHtmlCacheBehavior [ RunTime:0.000028s ]
INFO: [ app_begin ] --END-- [ RunTime:0.000050s ]
SQL: SHOW COLUMNS FROM `plate_conts_blank` [ RunTime:0.0050s ]
SQL: SHOW COLUMNS FROM `plate_conts_logs` [ RunTime:0.0035s ]
SQL: SHOW COLUMNS FROM `plate_conts_logsr` [ RunTime:0.0064s ]
SQL: SELECT * FROM `plate_conts_blank` WHERE `pid` = 1 AND `cat_index` = 1 AND `status` = 1 LIMIT 1   [ RunTime:0.0124s ]
SQL: SELECT * FROM `plate_conts_logs` WHERE `blank_id` = 1739 ORDER BY number asc,id asc  [ RunTime:0.0022s ]
SQL: SELECT `key_0` FROM `plate_conts_logs` WHERE `blank_id` = 1739 GROUP BY key_0 LIMIT 1   [ RunTime:0.0016s ]
SQL: SELECT `key_1` FROM `plate_conts_logs` WHERE `blank_id` = 1739 GROUP BY key_1 LIMIT 1   [ RunTime:0.0031s ]
SQL: SELECT `key_2` FROM `plate_conts_logs` WHERE `blank_id` = 1739 GROUP BY key_2 LIMIT 1   [ RunTime:0.0045s ]
SQL: SELECT `key_3` FROM `plate_conts_logs` WHERE `blank_id` = 1739 GROUP BY key_3 LIMIT 1   [ RunTime:0.0026s ]
SQL: SELECT `key_4` FROM `plate_conts_logs` WHERE `blank_id` = 1739 GROUP BY key_4 LIMIT 1   [ RunTime:0.0013s ]
SQL: SELECT `key_5` FROM `plate_conts_logs` WHERE `blank_id` = 1739 GROUP BY key_5 LIMIT 1   [ RunTime:0.0013s ]
SQL: SELECT `key_6` FROM `plate_conts_logs` WHERE `blank_id` = 1739 GROUP BY key_6 LIMIT 1   [ RunTime:0.0010s ]
SQL: SELECT `key_7` FROM `plate_conts_logs` WHERE `blank_id` = 1739 GROUP BY key_7 LIMIT 1   [ RunTime:0.0007s ]
NOTIC: [2] Trying to access array offset on value of type null /Users/gangliu/data/catdesk_workspace/yilan/App/Home/Controller/GoodsController.class.php 第 808 行.
NOTIC: [2] Trying to access array offset on value of type null /Users/gangliu/data/catdesk_workspace/yilan/App/Home/Controller/GoodsController.class.php 第 808 行.
NOTIC: [2] Trying to access array offset on value of type null /Users/gangliu/data/catdesk_workspace/yilan/App/Home/Controller/GoodsController.class.php 第 808 行.
NOTIC: [2] Trying to access array offset on value of type null /Users/gangliu/data/catdesk_workspace/yilan/App/Home/Controller/GoodsController.class.php 第 809 行.
NOTIC: [2] Trying to access array offset on value of type null /Users/gangliu/data/catdesk_workspace/yilan/App/Home/Controller/GoodsController.class.php 第 809 行.
NOTIC: [2] Trying to access array offset on value of type null /Users/gangliu/data/catdesk_workspace/yilan/App/Home/Controller/GoodsController.class.php 第 810 行.
NOTIC: [2] Trying to access array offset on value of type null /Users/gangliu/data/catdesk_workspace/yilan/App/Home/Controller/GoodsController.class.php 第 810 行.
NOTIC: [2] Trying to access array offset on value of type null /Users/gangliu/data/catdesk_workspace/yilan/App/Home/Controller/GoodsController.class.php 第 810 行.
SQL: SHOW COLUMNS FROM `new_tax` [ RunTime:0.0027s ]
SQL: SELECT * FROM `new_tax` WHERE `is_del` = 1  [ RunTime:0.0016s ]
SQL: SHOW COLUMNS FROM `plate_conts_price` [ RunTime:0.0041s ]
SQL: SELECT * FROM `plate_conts_price` WHERE `blank_id` = 1739 AND `is_del` = 1 ORDER BY sort asc, id asc  [ RunTime:0.0012s ]
SQL: SELECT * FROM `plate_conts_blank` WHERE `pid` = 1 AND `status` = 1 ORDER BY sorts asc, cat_index asc  [ RunTime:0.0016s ]
SQL: SHOW COLUMNS FROM `plate_conts_blank_group` [ RunTime:0.0025s ]
SQL: SELECT * FROM `plate_conts_blank_group` WHERE `pid` = 0 ORDER BY sort asc, id asc  [ RunTime:0.0012s ]
ERR: {"status":1,"msg":"\u83b7\u53d6\u6210\u529f","data":{"info":{"id":1739,"pid":1,"group_id":5,"catname":"\u5546\u54c1","cat_index":1,"source":["6a2bd1928b6ed.png"],"sorts":0,"gimage":"6a2bcd01617ca.png","gnames":"\u94dc\u82af\u4ea4\u8054\u805a\u4e59\u70ef\u7edd\u7f18\u805a\u6c2f\u4e59\u70ef\u62a4\u5957\u963b\u71c3\u7535\u7f06\u3010\u4e5d\u6298\u6807\u51c6\u3011","up_a":"0.0","down_a":"0.0","up_b":"0.0","down_b":"0.0","up_c":"0.0","down_c":"0.0","up_d":"0.0","down_d":"0.0","up_e":"0.0","down_e":"0.0","up_f":"0.0","down_f":"0.0","ticket_nor":3,"ticket_person":11,"status":1,"uptimes":1781256594,"times":1781095065,"new_tax_id":1},"key":{"keya":null,"keyb":null,"keyc":null,"keyd":null,"keye":null,"keyf":null,"keyg":null,"keyh":null},"list":[],"tax_list":[{"id":1,"pid":0,"name":"\u7535\u529b\u7535\u7f06\u7a0e\u7387\u53d1\u7968","alias_name":"","normal_tax":"3.00","special_tax":"11.00","status":1,"is_del":1,"add_time":0,"up_time":0},{"id":2,"pid":0,"name":"\u5bb6\u88c5\u7535\u7ebf\u7a0e\u7387","alias_name":"","normal_tax":"3.00","special_tax":"10.00","status":1,"is_del":1,"add_time":0,"up_time":0},{"id":3,"pid":0,"name":"\u521a\u6027\u9632\u706b\u7535\u7f06\u7a0e\u7387","alias_name":"","normal_tax":"3.00","special_tax":"9.00","status":1,"is_del":1,"add_time":0,"up_time":0},{"id":9,"pid":0,"name":"\u6a61\u5957\u7535\u7f06\u7a0e\u7387","alias_name":"","normal_tax":"3.00","special_tax":"11.00","status":1,"is_del":1,"add_time":0,"up_time":0},{"id":10,"pid":0,"name":"\u77ff\u7528\u6a61\u80f6\u7535\u7f06\u7a0e\u7387","alias_name":"","normal_tax":"4.00","special_tax":"12.00","status":1,"is_del":1,"add_time":0,"up_time":0}],"price_list":[{"id":2648,"plate_conts_id":1,"new_cate_one_id":1,"new_cate_two_id":355,"new_cate_three_id":356,"name":"\u94dc\u82af\u5bfc\u4f53","ratio":"1.00","sort":1000,"is_del":1,"cat_index":1,"blank_id":1739},{"id":2649,"plate_conts_id":1,"new_cate_one_id":1,"new_cate_two_id":355,"new_cate_three_id":362,"name":"\u8f90\u7167\u4ea4\u8054\u7edd\u7f18","ratio":"1.00","sort":1000,"is_del":1,"cat_index":1,"blank_id":1739},{"id":2650,"plate_conts_id":1,"new_cate_one_id":1,"new_cate_two_id":355,"new_cate_three_id":371,"name":"PVC\u62a4\u5957","ratio":"1.00","sort":1000,"is_del":1,"cat_index":1,"blank_id":1739},{"id":7812,"plate_conts_id":1,"new_cate_one_id":1,"new_cate_two_id":355,"new_cate_three_id":356,"name":"\u94dc\u82af\u5bfc\u4f53","ratio":"0.90","sort":1000,"is_del":1,"cat_index":1,"blank_id":1739},{"id":7813,"plate_conts_id":1,"new_cate_one_id":1,"new_cate_two_id":355,"new_cate_three_id":362,"name":"\u8f90\u7167\u4ea4\u8054\u7edd\u7f18","ratio":"1.00","sort":1000,"is_del":1,"cat_index":1,"blank_id":1739}],"all_blanks":[{"id":1740,"pid":1,"group_id":5,"catname":"\u4e5d\u6298\u6807\u51c6","cat_index":2,"source":"[\"677187340b61b.png\"]","sorts":null,"gimage":"677187340b3d7.png","gnames":"\u94dc\u82af\u4ea4\u8054\u805a\u4e59\u70ef\u7edd\u7f18\u805a\u6c2f\u4e59\u70ef\u62a4\u5957\u963b\u71c3\u7535\u7f06\u3010\u4e5d\u6298\u6807\u51c6\u3011","up_a":"0.0","down_a":"0.0","up_b":"0.0","down_b":"0.0","up_c":"0.0","down_c":"0.0","up_d":"0.0","down_d":"0.0","up_e":"0.0","down_e":"0.0","up_f":"0.0","down_f":"0.0","ticket_nor":3,"ticket_person":11,"status":1,"uptimes":1781228972,"times":1781228972,"new_tax_id":1},{"id":1741,"pid":1,"group_id":5,"catname":"\u516b\u6298\u6807\u51c6","cat_index":3,"source":"[\"677187340b61b.png\"]","sorts":null,"gimage":"677187340b3d7.png","gnames":"\u94dc\u82af\u4ea4\u8054\u805a\u4e59\u70ef\u7edd\u7f18\u805a\u6c2f\u4e59\u70ef\u62a4\u5957\u963b\u71c3\u7535\u7f06\u3010\u4e5d\u6298\u6807\u51c6\u3011","up_a":"0.0","down_a":"0.0","up_b":"0.0","down_b":"0.0","up_c":"0.0","down_c":"0.0","up_d":"0.0","down_d":"0.0","up_e":"0.0","down_e":"0.0","up_f":"0.0","down_f":"0.0","ticket_nor":3,"ticket_person":11,"status":1,"uptimes":1781228972,"times":1781228972,"new_tax_id":1},{"id":1739,"pid":1,"group_id":5,"catname":"\u5546\u54c1","cat_index":1,"source":"[\"6a2bd1928b6ed.png\"]","sorts":0,"gimage":"6a2bcd01617ca.png","gnames":"\u94dc\u82af\u4ea4\u8054\u805a\u4e59\u70ef\u7edd\u7f18\u805a\u6c2f\u4e59\u70ef\u62a4\u5957\u963b\u71c3\u7535\u7f06\u3010\u4e5d\u6298\u6807\u51c6\u3011","up_a":"0.0","down_a":"0.0","up_b":"0.0","down_b":"0.0","up_c":"0.0","down_c":"0.0","up_d":"0.0","down_d":"0.0","up_e":"0.0","down_e":"0.0","up_f":"0.0","down_f":"0.0","ticket_nor":3,"ticket_person":11,"status":1,"uptimes":1781256594,"times":1781095065,"new_tax_id":1}],"group_list":[{"id":1,"pid":0,"name":"\u6807\u51c61\u9009\u9879\u5361","ratio":"1.000000","sort":1,"add_time":1781435857,"up_time":1781435857},{"id":5,"pid":0,"name":"\u6807\u51c61\u9009\u9879\u5361","ratio":"1.000000","sort":1,"add_time":1781423342,"up_time":1781423342},{"id":2,"pid":0,"name":"\u6807\u51c62\u9009\u9879\u5361","ratio":"1.000000","sort":2,"add_time":1781435857,"up_time":1781435857},{"id":6,"pid":0,"name":"\u6807\u51c62\u9009\u9879\u5361","ratio":"1.000000","sort":2,"add_time":1781423342,"up_time":1781423342},{"id":7,"pid":0,"name":"\u6807\u51c63\u9009\u9879\u5361","ratio":"1.000000","sort":3,"add_time":1781423342,"up_time":1781423342},{"id":8,"pid":0,"name":"\u6807\u51c64\u9009\u9879\u5361","ratio":"1.000000","sort":4,"add_time":1781423342,"up_time":1781423342},{"id":9,"pid":0,"name":"\u6807\u51c65\u9009\u9879\u5361","ratio":"1.000000","sort":5,"add_time":1781423342,"up_time":1781423342},{"id":10,"pid":0,"name":"\u6807\u51c66\u9009\u9879\u5361","ratio":"1.000000","sort":6,"add_time":1781423342,"up_time":1781423342},{"id":11,"pid":0,"name":"\u6807\u51c67\u9009\u9879\u5361","ratio":"1.000000","sort":7,"add_time":1781423342,"up_time":1781423342},{"id":12,"pid":0,"name":"\u6807\u51c68\u9009\u9879\u5361","ratio":"1.000000","sort":8,"add_time":1781423342,"up_time":1781423342},{"id":13,"pid":0,"name":"\u6807\u51c69\u9009\u9879\u5361","ratio":"1.000000","sort":9,"add_time":1781423342,"up_time":1781423342},{"id":14,"pid":0,"name":"\u6807\u51c610\u9009\u9879\u5361","ratio":"1.000000","sort":10,"add_time":1781423342,"up_time":1781423342}]}}

[ 2026-06-16T17:26:58+08:00 ] ::1 /Home/Goods/plate_conts_blankr.html
INFO: [ app_init ] --START--
INFO: Run Behavior\BuildLiteBehavior [ RunTime:0.000015s ]
INFO: [ app_init ] --END-- [ RunTime:0.000129s ]
INFO: [ app_begin ] --START--
INFO: Run Behavior\ReadHtmlCacheBehavior [ RunTime:0.000067s ]
INFO: [ app_begin ] --END-- [ RunTime:0.000099s ]
SQL: SHOW COLUMNS FROM `plate_conts_blank` [ RunTime:0.0079s ]
SQL: SHOW COLUMNS FROM `plate_conts_logs` [ RunTime:0.0043s ]
SQL: SHOW COLUMNS FROM `plate_conts_logsr` [ RunTime:0.0040s ]
SQL: SELECT * FROM `plate_conts_blank` WHERE `id` = 1739 AND `status` = 1 LIMIT 1   [ RunTime:0.0019s ]
SQL: SELECT * FROM `plate_conts_logs` WHERE `blank_id` = 1739 ORDER BY number asc,id asc  [ RunTime:0.0017s ]
SQL: SELECT `key_0` FROM `plate_conts_logs` WHERE `blank_id` = 1739 GROUP BY key_0 LIMIT 1   [ RunTime:0.0013s ]
SQL: SELECT `key_1` FROM `plate_conts_logs` WHERE `blank_id` = 1739 GROUP BY key_1 LIMIT 1   [ RunTime:0.0009s ]
SQL: SELECT `key_2` FROM `plate_conts_logs` WHERE `blank_id` = 1739 GROUP BY key_2 LIMIT 1   [ RunTime:0.0006s ]
SQL: SELECT `key_3` FROM `plate_conts_logs` WHERE `blank_id` = 1739 GROUP BY key_3 LIMIT 1   [ RunTime:0.0007s ]
SQL: SELECT `key_4` FROM `plate_conts_logs` WHERE `blank_id` = 1739 GROUP BY key_4 LIMIT 1   [ RunTime:0.0007s ]
SQL: SELECT `key_5` FROM `plate_conts_logs` WHERE `blank_id` = 1739 GROUP BY key_5 LIMIT 1   [ RunTime:0.0009s ]
SQL: SELECT `key_6` FROM `plate_conts_logs` WHERE `blank_id` = 1739 GROUP BY key_6 LIMIT 1   [ RunTime:0.0007s ]
SQL: SELECT `key_7` FROM `plate_conts_logs` WHERE `blank_id` = 1739 GROUP BY key_7 LIMIT 1   [ RunTime:0.0006s ]
NOTIC: [2] Trying to access array offset on value of type null /Users/gangliu/data/catdesk_workspace/yilan/App/Home/Controller/GoodsController.class.php 第 808 行.
NOTIC: [2] Trying to access array offset on value of type null /Users/gangliu/data/catdesk_workspace/yilan/App/Home/Controller/GoodsController.class.php 第 808 行.
NOTIC: [2] Trying to access array offset on value of type null /Users/gangliu/data/catdesk_workspace/yilan/App/Home/Controller/GoodsController.class.php 第 808 行.
NOTIC: [2] Trying to access array offset on value of type null /Users/gangliu/data/catdesk_workspace/yilan/App/Home/Controller/GoodsController.class.php 第 809 行.
NOTIC: [2] Trying to access array offset on value of type null /Users/gangliu/data/catdesk_workspace/yilan/App/Home/Controller/GoodsController.class.php 第 809 行.
NOTIC: [2] Trying to access array offset on value of type null /Users/gangliu/data/catdesk_workspace/yilan/App/Home/Controller/GoodsController.class.php 第 810 行.
NOTIC: [2] Trying to access array offset on value of type null /Users/gangliu/data/catdesk_workspace/yilan/App/Home/Controller/GoodsController.class.php 第 810 行.
NOTIC: [2] Trying to access array offset on value of type null /Users/gangliu/data/catdesk_workspace/yilan/App/Home/Controller/GoodsController.class.php 第 810 行.
SQL: SHOW COLUMNS FROM `new_tax` [ RunTime:0.0039s ]
SQL: SELECT * FROM `new_tax` WHERE `is_del` = 1  [ RunTime:0.0022s ]
SQL: SHOW COLUMNS FROM `plate_conts_price` [ RunTime:0.0033s ]
SQL: SELECT * FROM `plate_conts_price` WHERE `blank_id` = 1739 AND `is_del` = 1 ORDER BY sort asc, id asc  [ RunTime:0.0012s ]
SQL: SELECT * FROM `plate_conts_blank` WHERE `pid` = 1 AND `status` = 1 ORDER BY sorts asc, cat_index asc  [ RunTime:0.0009s ]
SQL: SHOW COLUMNS FROM `plate_conts_blank_group` [ RunTime:0.0031s ]
SQL: SELECT * FROM `plate_conts_blank_group` WHERE `pid` = 0 ORDER BY sort asc, id asc  [ RunTime:0.0017s ]
ERR: {"status":1,"msg":"\u83b7\u53d6\u6210\u529f","data":{"info":{"id":1739,"pid":1,"group_id":5,"catname":"\u5546\u54c1","cat_index":1,"source":["6a2bd1928b6ed.png"],"sorts":0,"gimage":"6a2bcd01617ca.png","gnames":"\u94dc\u82af\u4ea4\u8054\u805a\u4e59\u70ef\u7edd\u7f18\u805a\u6c2f\u4e59\u70ef\u62a4\u5957\u963b\u71c3\u7535\u7f06\u3010\u4e5d\u6298\u6807\u51c6\u3011","up_a":"0.0","down_a":"0.0","up_b":"0.0","down_b":"0.0","up_c":"0.0","down_c":"0.0","up_d":"0.0","down_d":"0.0","up_e":"0.0","down_e":"0.0","up_f":"0.0","down_f":"0.0","ticket_nor":3,"ticket_person":11,"status":1,"uptimes":1781256594,"times":1781095065,"new_tax_id":1},"key":{"keya":null,"keyb":null,"keyc":null,"keyd":null,"keye":null,"keyf":null,"keyg":null,"keyh":null},"list":[],"tax_list":[{"id":1,"pid":0,"name":"\u7535\u529b\u7535\u7f06\u7a0e\u7387\u53d1\u7968","alias_name":"","normal_tax":"3.00","special_tax":"11.00","status":1,"is_del":1,"add_time":0,"up_time":0},{"id":2,"pid":0,"name":"\u5bb6\u88c5\u7535\u7ebf\u7a0e\u7387","alias_name":"","normal_tax":"3.00","special_tax":"10.00","status":1,"is_del":1,"add_time":0,"up_time":0},{"id":3,"pid":0,"name":"\u521a\u6027\u9632\u706b\u7535\u7f06\u7a0e\u7387","alias_name":"","normal_tax":"3.00","special_tax":"9.00","status":1,"is_del":1,"add_time":0,"up_time":0},{"id":9,"pid":0,"name":"\u6a61\u5957\u7535\u7f06\u7a0e\u7387","alias_name":"","normal_tax":"3.00","special_tax":"11.00","status":1,"is_del":1,"add_time":0,"up_time":0},{"id":10,"pid":0,"name":"\u77ff\u7528\u6a61\u80f6\u7535\u7f06\u7a0e\u7387","alias_name":"","normal_tax":"4.00","special_tax":"12.00","status":1,"is_del":1,"add_time":0,"up_time":0}],"price_list":[{"id":2648,"plate_conts_id":1,"new_cate_one_id":1,"new_cate_two_id":355,"new_cate_three_id":356,"name":"\u94dc\u82af\u5bfc\u4f53","ratio":"1.00","sort":1000,"is_del":1,"cat_index":1,"blank_id":1739},{"id":2649,"plate_conts_id":1,"new_cate_one_id":1,"new_cate_two_id":355,"new_cate_three_id":362,"name":"\u8f90\u7167\u4ea4\u8054\u7edd\u7f18","ratio":"1.00","sort":1000,"is_del":1,"cat_index":1,"blank_id":1739},{"id":2650,"plate_conts_id":1,"new_cate_one_id":1,"new_cate_two_id":355,"new_cate_three_id":371,"name":"PVC\u62a4\u5957","ratio":"1.00","sort":1000,"is_del":1,"cat_index":1,"blank_id":1739},{"id":7812,"plate_conts_id":1,"new_cate_one_id":1,"new_cate_two_id":355,"new_cate_three_id":356,"name":"\u94dc\u82af\u5bfc\u4f53","ratio":"0.90","sort":1000,"is_del":1,"cat_index":1,"blank_id":1739},{"id":7813,"plate_conts_id":1,"new_cate_one_id":1,"new_cate_two_id":355,"new_cate_three_id":362,"name":"\u8f90\u7167\u4ea4\u8054\u7edd\u7f18","ratio":"1.00","sort":1000,"is_del":1,"cat_index":1,"blank_id":1739}],"all_blanks":[{"id":1740,"pid":1,"group_id":5,"catname":"\u4e5d\u6298\u6807\u51c6","cat_index":2,"source":"[\"677187340b61b.png\"]","sorts":null,"gimage":"677187340b3d7.png","gnames":"\u94dc\u82af\u4ea4\u8054\u805a\u4e59\u70ef\u7edd\u7f18\u805a\u6c2f\u4e59\u70ef\u62a4\u5957\u963b\u71c3\u7535\u7f06\u3010\u4e5d\u6298\u6807\u51c6\u3011","up_a":"0.0","down_a":"0.0","up_b":"0.0","down_b":"0.0","up_c":"0.0","down_c":"0.0","up_d":"0.0","down_d":"0.0","up_e":"0.0","down_e":"0.0","up_f":"0.0","down_f":"0.0","ticket_nor":3,"ticket_person":11,"status":1,"uptimes":1781228972,"times":1781228972,"new_tax_id":1},{"id":1741,"pid":1,"group_id":5,"catname":"\u516b\u6298\u6807\u51c6","cat_index":3,"source":"[\"677187340b61b.png\"]","sorts":null,"gimage":"677187340b3d7.png","gnames":"\u94dc\u82af\u4ea4\u8054\u805a\u4e59\u70ef\u7edd\u7f18\u805a\u6c2f\u4e59\u70ef\u62a4\u5957\u963b\u71c3\u7535\u7f06\u3010\u4e5d\u6298\u6807\u51c6\u3011","up_a":"0.0","down_a":"0.0","up_b":"0.0","down_b":"0.0","up_c":"0.0","down_c":"0.0","up_d":"0.0","down_d":"0.0","up_e":"0.0","down_e":"0.0","up_f":"0.0","down_f":"0.0","ticket_nor":3,"ticket_person":11,"status":1,"uptimes":1781228972,"times":1781228972,"new_tax_id":1},{"id":1739,"pid":1,"group_id":5,"catname":"\u5546\u54c1","cat_index":1,"source":"[\"6a2bd1928b6ed.png\"]","sorts":0,"gimage":"6a2bcd01617ca.png","gnames":"\u94dc\u82af\u4ea4\u8054\u805a\u4e59\u70ef\u7edd\u7f18\u805a\u6c2f\u4e59\u70ef\u62a4\u5957\u963b\u71c3\u7535\u7f06\u3010\u4e5d\u6298\u6807\u51c6\u3011","up_a":"0.0","down_a":"0.0","up_b":"0.0","down_b":"0.0","up_c":"0.0","down_c":"0.0","up_d":"0.0","down_d":"0.0","up_e":"0.0","down_e":"0.0","up_f":"0.0","down_f":"0.0","ticket_nor":3,"ticket_person":11,"status":1,"uptimes":1781256594,"times":1781095065,"new_tax_id":1}],"group_list":[{"id":1,"pid":0,"name":"\u6807\u51c61\u9009\u9879\u5361","ratio":"1.000000","sort":1,"add_time":1781435857,"up_time":1781435857},{"id":5,"pid":0,"name":"\u6807\u51c61\u9009\u9879\u5361","ratio":"1.000000","sort":1,"add_time":1781423342,"up_time":1781423342},{"id":2,"pid":0,"name":"\u6807\u51c62\u9009\u9879\u5361","ratio":"1.000000","sort":2,"add_time":1781435857,"up_time":1781435857},{"id":6,"pid":0,"name":"\u6807\u51c62\u9009\u9879\u5361","ratio":"1.000000","sort":2,"add_time":1781423342,"up_time":1781423342},{"id":7,"pid":0,"name":"\u6807\u51c63\u9009\u9879\u5361","ratio":"1.000000","sort":3,"add_time":1781423342,"up_time":1781423342},{"id":8,"pid":0,"name":"\u6807\u51c64\u9009\u9879\u5361","ratio":"1.000000","sort":4,"add_time":1781423342,"up_time":1781423342},{"id":9,"pid":0,"name":"\u6807\u51c65\u9009\u9879\u5361","ratio":"1.000000","sort":5,"add_time":1781423342,"up_time":1781423342},{"id":10,"pid":0,"name":"\u6807\u51c66\u9009\u9879\u5361","ratio":"1.000000","sort":6,"add_time":1781423342,"up_time":1781423342},{"id":11,"pid":0,"name":"\u6807\u51c67\u9009\u9879\u5361","ratio":"1.000000","sort":7,"add_time":1781423342,"up_time":1781423342},{"id":12,"pid":0,"name":"\u6807\u51c68\u9009\u9879\u5361","ratio":"1.000000","sort":8,"add_time":1781423342,"up_time":1781423342},{"id":13,"pid":0,"name":"\u6807\u51c69\u9009\u9879\u5361","ratio":"1.000000","sort":9,"add_time":1781423342,"up_time":1781423342},{"id":14,"pid":0,"name":"\u6807\u51c610\u9009\u9879\u5361","ratio":"1.000000","sort":10,"add_time":1781423342,"up_time":1781423342}]}}

[ 2026-06-16T17:27:14+08:00 ] ::1 /Home/Goods/plate_conts_list/id/1.html
INFO: [ app_init ] --START--
INFO: Run Behavior\BuildLiteBehavior [ RunTime:0.000017s ]
INFO: [ app_init ] --END-- [ RunTime:0.000194s ]
INFO: [ app_begin ] --START--
INFO: Run Behavior\ReadHtmlCacheBehavior [ RunTime:0.000059s ]
INFO: [ app_begin ] --END-- [ RunTime:0.000103s ]
SQL: SHOW COLUMNS FROM `plate_conts` [ RunTime:0.0065s ]
SQL: SHOW COLUMNS FROM `sys_tmps` [ RunTime:0.0035s ]
SQL: SELECT * FROM `plate_conts` WHERE `id` = 1 LIMIT 1   [ RunTime:0.0027s ]
SQL: SELECT * FROM `sys_tmps` WHERE `types` = 2 ORDER BY id desc  [ RunTime:0.0018s ]
INFO: [ view_parse ] --START--
INFO: [ template_filter ] --START--
INFO: Run Behavior\ContentReplaceBehavior [ RunTime:0.000520s ]
INFO: [ template_filter ] --END-- [ RunTime:0.000584s ]
INFO: Run Behavior\ParseTemplateBehavior [ RunTime:0.016510s ]
INFO: [ view_parse ] --END-- [ RunTime:0.016578s ]
INFO: [ view_filter ] --START--
INFO: Run Behavior\WriteHtmlCacheBehavior [ RunTime:0.000107s ]
INFO: [ view_filter ] --END-- [ RunTime:0.000120s ]
INFO: [ app_end ] --START--
INFO: Run Behavior\ShowPageTraceBehavior [ RunTime:0.000117s ]
INFO: [ app_end ] --END-- [ RunTime:0.000153s ]

[ 2026-06-16T17:27:14+08:00 ] ::1 /Home/Goods/plate_conts_blankr.html
INFO: [ app_init ] --START--
INFO: Run Behavior\BuildLiteBehavior [ RunTime:0.000007s ]
INFO: [ app_init ] --END-- [ RunTime:0.000058s ]
INFO: [ app_begin ] --START--
INFO: Run Behavior\ReadHtmlCacheBehavior [ RunTime:0.000045s ]
INFO: [ app_begin ] --END-- [ RunTime:0.000076s ]
SQL: SHOW COLUMNS FROM `plate_conts_blank` [ RunTime:0.0254s ]
SQL: SHOW COLUMNS FROM `plate_conts_logs` [ RunTime:0.0084s ]
SQL: SHOW COLUMNS FROM `plate_conts_logsr` [ RunTime:0.0038s ]
SQL: SELECT * FROM `plate_conts_blank` WHERE `pid` = 1 AND `cat_index` = 1 AND `status` = 1 LIMIT 1   [ RunTime:0.0025s ]
SQL: SELECT * FROM `plate_conts_logs` WHERE `blank_id` = 1739 ORDER BY number asc,id asc  [ RunTime:0.0014s ]
SQL: SELECT `key_0` FROM `plate_conts_logs` WHERE `blank_id` = 1739 GROUP BY key_0 LIMIT 1   [ RunTime:0.0011s ]
SQL: SELECT `key_1` FROM `plate_conts_logs` WHERE `blank_id` = 1739 GROUP BY key_1 LIMIT 1   [ RunTime:0.0011s ]
SQL: SELECT `key_2` FROM `plate_conts_logs` WHERE `blank_id` = 1739 GROUP BY key_2 LIMIT 1   [ RunTime:0.0013s ]
SQL: SELECT `key_3` FROM `plate_conts_logs` WHERE `blank_id` = 1739 GROUP BY key_3 LIMIT 1   [ RunTime:0.0010s ]
SQL: SELECT `key_4` FROM `plate_conts_logs` WHERE `blank_id` = 1739 GROUP BY key_4 LIMIT 1   [ RunTime:0.0009s ]
SQL: SELECT `key_5` FROM `plate_conts_logs` WHERE `blank_id` = 1739 GROUP BY key_5 LIMIT 1   [ RunTime:0.0010s ]
SQL: SELECT `key_6` FROM `plate_conts_logs` WHERE `blank_id` = 1739 GROUP BY key_6 LIMIT 1   [ RunTime:0.0007s ]
SQL: SELECT `key_7` FROM `plate_conts_logs` WHERE `blank_id` = 1739 GROUP BY key_7 LIMIT 1   [ RunTime:0.0011s ]
NOTIC: [2] Trying to access array offset on value of type null /Users/gangliu/data/catdesk_workspace/yilan/App/Home/Controller/GoodsController.class.php 第 808 行.
NOTIC: [2] Trying to access array offset on value of type null /Users/gangliu/data/catdesk_workspace/yilan/App/Home/Controller/GoodsController.class.php 第 808 行.
NOTIC: [2] Trying to access array offset on value of type null /Users/gangliu/data/catdesk_workspace/yilan/App/Home/Controller/GoodsController.class.php 第 808 行.
NOTIC: [2] Trying to access array offset on value of type null /Users/gangliu/data/catdesk_workspace/yilan/App/Home/Controller/GoodsController.class.php 第 809 行.
NOTIC: [2] Trying to access array offset on value of type null /Users/gangliu/data/catdesk_workspace/yilan/App/Home/Controller/GoodsController.class.php 第 809 行.
NOTIC: [2] Trying to access array offset on value of type null /Users/gangliu/data/catdesk_workspace/yilan/App/Home/Controller/GoodsController.class.php 第 810 行.
NOTIC: [2] Trying to access array offset on value of type null /Users/gangliu/data/catdesk_workspace/yilan/App/Home/Controller/GoodsController.class.php 第 810 行.
NOTIC: [2] Trying to access array offset on value of type null /Users/gangliu/data/catdesk_workspace/yilan/App/Home/Controller/GoodsController.class.php 第 810 行.
SQL: SHOW COLUMNS FROM `new_tax` [ RunTime:0.0032s ]
SQL: SELECT * FROM `new_tax` WHERE `is_del` = 1  [ RunTime:0.0016s ]
SQL: SHOW COLUMNS FROM `plate_conts_price` [ RunTime:0.0060s ]
SQL: SELECT * FROM `plate_conts_price` WHERE `blank_id` = 1739 AND `is_del` = 1 ORDER BY sort asc, id asc  [ RunTime:0.0063s ]
SQL: SELECT * FROM `plate_conts_blank` WHERE `pid` = 1 AND `status` = 1 ORDER BY sorts asc, cat_index asc  [ RunTime:0.0011s ]
SQL: SHOW COLUMNS FROM `plate_conts_blank_group` [ RunTime:0.0035s ]
SQL: SELECT * FROM `plate_conts_blank_group` WHERE `pid` = 0 ORDER BY sort asc, id asc  [ RunTime:0.0010s ]
ERR: {"status":1,"msg":"\u83b7\u53d6\u6210\u529f","data":{"info":{"id":1739,"pid":1,"group_id":5,"catname":"\u5546\u54c1","cat_index":1,"source":["6a2bd1928b6ed.png"],"sorts":0,"gimage":"6a2bcd01617ca.png","gnames":"\u94dc\u82af\u4ea4\u8054\u805a\u4e59\u70ef\u7edd\u7f18\u805a\u6c2f\u4e59\u70ef\u62a4\u5957\u963b\u71c3\u7535\u7f06\u3010\u4e5d\u6298\u6807\u51c6\u3011","up_a":"0.0","down_a":"0.0","up_b":"0.0","down_b":"0.0","up_c":"0.0","down_c":"0.0","up_d":"0.0","down_d":"0.0","up_e":"0.0","down_e":"0.0","up_f":"0.0","down_f":"0.0","ticket_nor":3,"ticket_person":11,"status":1,"uptimes":1781256594,"times":1781095065,"new_tax_id":1},"key":{"keya":null,"keyb":null,"keyc":null,"keyd":null,"keye":null,"keyf":null,"keyg":null,"keyh":null},"list":[],"tax_list":[{"id":1,"pid":0,"name":"\u7535\u529b\u7535\u7f06\u7a0e\u7387\u53d1\u7968","alias_name":"","normal_tax":"3.00","special_tax":"11.00","status":1,"is_del":1,"add_time":0,"up_time":0},{"id":2,"pid":0,"name":"\u5bb6\u88c5\u7535\u7ebf\u7a0e\u7387","alias_name":"","normal_tax":"3.00","special_tax":"10.00","status":1,"is_del":1,"add_time":0,"up_time":0},{"id":3,"pid":0,"name":"\u521a\u6027\u9632\u706b\u7535\u7f06\u7a0e\u7387","alias_name":"","normal_tax":"3.00","special_tax":"9.00","status":1,"is_del":1,"add_time":0,"up_time":0},{"id":9,"pid":0,"name":"\u6a61\u5957\u7535\u7f06\u7a0e\u7387","alias_name":"","normal_tax":"3.00","special_tax":"11.00","status":1,"is_del":1,"add_time":0,"up_time":0},{"id":10,"pid":0,"name":"\u77ff\u7528\u6a61\u80f6\u7535\u7f06\u7a0e\u7387","alias_name":"","normal_tax":"4.00","special_tax":"12.00","status":1,"is_del":1,"add_time":0,"up_time":0}],"price_list":[{"id":2648,"plate_conts_id":1,"new_cate_one_id":1,"new_cate_two_id":355,"new_cate_three_id":356,"name":"\u94dc\u82af\u5bfc\u4f53","ratio":"1.00","sort":1000,"is_del":1,"cat_index":1,"blank_id":1739},{"id":2649,"plate_conts_id":1,"new_cate_one_id":1,"new_cate_two_id":355,"new_cate_three_id":362,"name":"\u8f90\u7167\u4ea4\u8054\u7edd\u7f18","ratio":"1.00","sort":1000,"is_del":1,"cat_index":1,"blank_id":1739},{"id":2650,"plate_conts_id":1,"new_cate_one_id":1,"new_cate_two_id":355,"new_cate_three_id":371,"name":"PVC\u62a4\u5957","ratio":"1.00","sort":1000,"is_del":1,"cat_index":1,"blank_id":1739},{"id":7812,"plate_conts_id":1,"new_cate_one_id":1,"new_cate_two_id":355,"new_cate_three_id":356,"name":"\u94dc\u82af\u5bfc\u4f53","ratio":"0.90","sort":1000,"is_del":1,"cat_index":1,"blank_id":1739},{"id":7813,"plate_conts_id":1,"new_cate_one_id":1,"new_cate_two_id":355,"new_cate_three_id":362,"name":"\u8f90\u7167\u4ea4\u8054\u7edd\u7f18","ratio":"1.00","sort":1000,"is_del":1,"cat_index":1,"blank_id":1739}],"all_blanks":[{"id":1740,"pid":1,"group_id":5,"catname":"\u4e5d\u6298\u6807\u51c6","cat_index":2,"source":"[\"677187340b61b.png\"]","sorts":null,"gimage":"677187340b3d7.png","gnames":"\u94dc\u82af\u4ea4\u8054\u805a\u4e59\u70ef\u7edd\u7f18\u805a\u6c2f\u4e59\u70ef\u62a4\u5957\u963b\u71c3\u7535\u7f06\u3010\u4e5d\u6298\u6807\u51c6\u3011","up_a":"0.0","down_a":"0.0","up_b":"0.0","down_b":"0.0","up_c":"0.0","down_c":"0.0","up_d":"0.0","down_d":"0.0","up_e":"0.0","down_e":"0.0","up_f":"0.0","down_f":"0.0","ticket_nor":3,"ticket_person":11,"status":1,"uptimes":1781228972,"times":1781228972,"new_tax_id":1},{"id":1741,"pid":1,"group_id":5,"catname":"\u516b\u6298\u6807\u51c6","cat_index":3,"source":"[\"677187340b61b.png\"]","sorts":null,"gimage":"677187340b3d7.png","gnames":"\u94dc\u82af\u4ea4\u8054\u805a\u4e59\u70ef\u7edd\u7f18\u805a\u6c2f\u4e59\u70ef\u62a4\u5957\u963b\u71c3\u7535\u7f06\u3010\u4e5d\u6298\u6807\u51c6\u3011","up_a":"0.0","down_a":"0.0","up_b":"0.0","down_b":"0.0","up_c":"0.0","down_c":"0.0","up_d":"0.0","down_d":"0.0","up_e":"0.0","down_e":"0.0","up_f":"0.0","down_f":"0.0","ticket_nor":3,"ticket_person":11,"status":1,"uptimes":1781228972,"times":1781228972,"new_tax_id":1},{"id":1739,"pid":1,"group_id":5,"catname":"\u5546\u54c1","cat_index":1,"source":"[\"6a2bd1928b6ed.png\"]","sorts":0,"gimage":"6a2bcd01617ca.png","gnames":"\u94dc\u82af\u4ea4\u8054\u805a\u4e59\u70ef\u7edd\u7f18\u805a\u6c2f\u4e59\u70ef\u62a4\u5957\u963b\u71c3\u7535\u7f06\u3010\u4e5d\u6298\u6807\u51c6\u3011","up_a":"0.0","down_a":"0.0","up_b":"0.0","down_b":"0.0","up_c":"0.0","down_c":"0.0","up_d":"0.0","down_d":"0.0","up_e":"0.0","down_e":"0.0","up_f":"0.0","down_f":"0.0","ticket_nor":3,"ticket_person":11,"status":1,"uptimes":1781256594,"times":1781095065,"new_tax_id":1}],"group_list":[{"id":1,"pid":0,"name":"\u6807\u51c61\u9009\u9879\u5361","ratio":"1.000000","sort":1,"add_time":1781435857,"up_time":1781435857},{"id":5,"pid":0,"name":"\u6807\u51c61\u9009\u9879\u5361","ratio":"1.000000","sort":1,"add_time":1781423342,"up_time":1781423342},{"id":2,"pid":0,"name":"\u6807\u51c62\u9009\u9879\u5361","ratio":"1.000000","sort":2,"add_time":1781435857,"up_time":1781435857},{"id":6,"pid":0,"name":"\u6807\u51c62\u9009\u9879\u5361","ratio":"1.000000","sort":2,"add_time":1781423342,"up_time":1781423342},{"id":7,"pid":0,"name":"\u6807\u51c63\u9009\u9879\u5361","ratio":"1.000000","sort":3,"add_time":1781423342,"up_time":1781423342},{"id":8,"pid":0,"name":"\u6807\u51c64\u9009\u9879\u5361","ratio":"1.000000","sort":4,"add_time":1781423342,"up_time":1781423342},{"id":9,"pid":0,"name":"\u6807\u51c65\u9009\u9879\u5361","ratio":"1.000000","sort":5,"add_time":1781423342,"up_time":1781423342},{"id":10,"pid":0,"name":"\u6807\u51c66\u9009\u9879\u5361","ratio":"1.000000","sort":6,"add_time":1781423342,"up_time":1781423342},{"id":11,"pid":0,"name":"\u6807\u51c67\u9009\u9879\u5361","ratio":"1.000000","sort":7,"add_time":1781423342,"up_time":1781423342},{"id":12,"pid":0,"name":"\u6807\u51c68\u9009\u9879\u5361","ratio":"1.000000","sort":8,"add_time":1781423342,"up_time":1781423342},{"id":13,"pid":0,"name":"\u6807\u51c69\u9009\u9879\u5361","ratio":"1.000000","sort":9,"add_time":1781423342,"up_time":1781423342},{"id":14,"pid":0,"name":"\u6807\u51c610\u9009\u9879\u5361","ratio":"1.000000","sort":10,"add_time":1781423342,"up_time":1781423342}]}}

[ 2026-06-16T17:28:30+08:00 ] ::1 /Home/Goods/plate_conts_list/id/1.html
INFO: [ app_init ] --START--
INFO: Run Behavior\BuildLiteBehavior [ RunTime:0.000014s ]
INFO: [ app_init ] --END-- [ RunTime:0.000118s ]
INFO: [ app_begin ] --START--
INFO: Run Behavior\ReadHtmlCacheBehavior [ RunTime:0.000051s ]
INFO: [ app_begin ] --END-- [ RunTime:0.000070s ]
SQL: SHOW COLUMNS FROM `plate_conts` [ RunTime:0.0225s ]
SQL: SHOW COLUMNS FROM `sys_tmps` [ RunTime:0.0038s ]
SQL: SELECT * FROM `plate_conts` WHERE `id` = 1 LIMIT 1   [ RunTime:0.0018s ]
SQL: SELECT * FROM `sys_tmps` WHERE `types` = 2 ORDER BY id desc  [ RunTime:0.0014s ]
INFO: [ view_parse ] --START--
INFO: [ template_filter ] --START--
INFO: Run Behavior\ContentReplaceBehavior [ RunTime:0.000443s ]
INFO: [ template_filter ] --END-- [ RunTime:0.000509s ]
INFO: Run Behavior\ParseTemplateBehavior [ RunTime:0.017188s ]
INFO: [ view_parse ] --END-- [ RunTime:0.017275s ]
INFO: [ view_filter ] --START--
INFO: Run Behavior\WriteHtmlCacheBehavior [ RunTime:0.000137s ]
INFO: [ view_filter ] --END-- [ RunTime:0.000149s ]
INFO: [ app_end ] --START--
INFO: Run Behavior\ShowPageTraceBehavior [ RunTime:0.000085s ]
INFO: [ app_end ] --END-- [ RunTime:0.000097s ]

[ 2026-06-16T17:28:30+08:00 ] ::1 /Home/Goods/plate_conts_blankr.html
INFO: [ app_init ] --START--
INFO: Run Behavior\BuildLiteBehavior [ RunTime:0.000006s ]
INFO: [ app_init ] --END-- [ RunTime:0.000046s ]
INFO: [ app_begin ] --START--
INFO: Run Behavior\ReadHtmlCacheBehavior [ RunTime:0.000032s ]
INFO: [ app_begin ] --END-- [ RunTime:0.000052s ]
SQL: SHOW COLUMNS FROM `plate_conts_blank` [ RunTime:0.0040s ]
SQL: SHOW COLUMNS FROM `plate_conts_logs` [ RunTime:0.0038s ]
SQL: SHOW COLUMNS FROM `plate_conts_logsr` [ RunTime:0.0030s ]
SQL: SELECT * FROM `plate_conts_blank` WHERE `pid` = 1 AND `cat_index` = 1 AND `status` = 1 LIMIT 1   [ RunTime:0.0024s ]
SQL: SELECT * FROM `plate_conts_logs` WHERE `blank_id` = 1739 ORDER BY number asc,id asc  [ RunTime:0.0025s ]
SQL: SELECT `key_0` FROM `plate_conts_logs` WHERE `blank_id` = 1739 GROUP BY key_0 LIMIT 1   [ RunTime:0.0008s ]
SQL: SELECT `key_1` FROM `plate_conts_logs` WHERE `blank_id` = 1739 GROUP BY key_1 LIMIT 1   [ RunTime:0.0005s ]
SQL: SELECT `key_2` FROM `plate_conts_logs` WHERE `blank_id` = 1739 GROUP BY key_2 LIMIT 1   [ RunTime:0.0003s ]
SQL: SELECT `key_3` FROM `plate_conts_logs` WHERE `blank_id` = 1739 GROUP BY key_3 LIMIT 1   [ RunTime:0.0020s ]
SQL: SELECT `key_4` FROM `plate_conts_logs` WHERE `blank_id` = 1739 GROUP BY key_4 LIMIT 1   [ RunTime:0.0006s ]
SQL: SELECT `key_5` FROM `plate_conts_logs` WHERE `blank_id` = 1739 GROUP BY key_5 LIMIT 1   [ RunTime:0.0005s ]
SQL: SELECT `key_6` FROM `plate_conts_logs` WHERE `blank_id` = 1739 GROUP BY key_6 LIMIT 1   [ RunTime:0.0004s ]
SQL: SELECT `key_7` FROM `plate_conts_logs` WHERE `blank_id` = 1739 GROUP BY key_7 LIMIT 1   [ RunTime:0.0002s ]
NOTIC: [2] Trying to access array offset on value of type null /Users/gangliu/data/catdesk_workspace/yilan/App/Home/Controller/GoodsController.class.php 第 808 行.
NOTIC: [2] Trying to access array offset on value of type null /Users/gangliu/data/catdesk_workspace/yilan/App/Home/Controller/GoodsController.class.php 第 808 行.
NOTIC: [2] Trying to access array offset on value of type null /Users/gangliu/data/catdesk_workspace/yilan/App/Home/Controller/GoodsController.class.php 第 808 行.
NOTIC: [2] Trying to access array offset on value of type null /Users/gangliu/data/catdesk_workspace/yilan/App/Home/Controller/GoodsController.class.php 第 809 行.
NOTIC: [2] Trying to access array offset on value of type null /Users/gangliu/data/catdesk_workspace/yilan/App/Home/Controller/GoodsController.class.php 第 809 行.
NOTIC: [2] Trying to access array offset on value of type null /Users/gangliu/data/catdesk_workspace/yilan/App/Home/Controller/GoodsController.class.php 第 810 行.
NOTIC: [2] Trying to access array offset on value of type null /Users/gangliu/data/catdesk_workspace/yilan/App/Home/Controller/GoodsController.class.php 第 810 行.
NOTIC: [2] Trying to access array offset on value of type null /Users/gangliu/data/catdesk_workspace/yilan/App/Home/Controller/GoodsController.class.php 第 810 行.
SQL: SHOW COLUMNS FROM `new_tax` [ RunTime:0.0033s ]
SQL: SELECT * FROM `new_tax` WHERE `is_del` = 1  [ RunTime:0.0016s ]
SQL: SHOW COLUMNS FROM `plate_conts_price` [ RunTime:0.0033s ]
SQL: SELECT * FROM `plate_conts_price` WHERE `blank_id` = 1739 AND `is_del` = 1 ORDER BY sort asc, id asc  [ RunTime:0.0022s ]
SQL: SELECT * FROM `plate_conts_blank` WHERE `pid` = 1 AND `status` = 1 ORDER BY sorts asc, cat_index asc  [ RunTime:0.0012s ]
SQL: SHOW COLUMNS FROM `plate_conts_blank_group` [ RunTime:0.0024s ]
SQL: SELECT * FROM `plate_conts_blank_group` WHERE `pid` = 0 ORDER BY sort asc, id asc  [ RunTime:0.0008s ]
ERR: {"status":1,"msg":"\u83b7\u53d6\u6210\u529f","data":{"info":{"id":1739,"pid":1,"group_id":5,"catname":"\u5546\u54c1","cat_index":1,"source":["6a2bd1928b6ed.png"],"sorts":0,"gimage":"6a2bcd01617ca.png","gnames":"\u94dc\u82af\u4ea4\u8054\u805a\u4e59\u70ef\u7edd\u7f18\u805a\u6c2f\u4e59\u70ef\u62a4\u5957\u963b\u71c3\u7535\u7f06\u3010\u4e5d\u6298\u6807\u51c6\u3011","up_a":"0.0","down_a":"0.0","up_b":"0.0","down_b":"0.0","up_c":"0.0","down_c":"0.0","up_d":"0.0","down_d":"0.0","up_e":"0.0","down_e":"0.0","up_f":"0.0","down_f":"0.0","ticket_nor":3,"ticket_person":11,"status":1,"uptimes":1781256594,"times":1781095065,"new_tax_id":1},"key":{"keya":null,"keyb":null,"keyc":null,"keyd":null,"keye":null,"keyf":null,"keyg":null,"keyh":null},"list":[],"tax_list":[{"id":1,"pid":0,"name":"\u7535\u529b\u7535\u7f06\u7a0e\u7387\u53d1\u7968","alias_name":"","normal_tax":"3.00","special_tax":"11.00","status":1,"is_del":1,"add_time":0,"up_time":0},{"id":2,"pid":0,"name":"\u5bb6\u88c5\u7535\u7ebf\u7a0e\u7387","alias_name":"","normal_tax":"3.00","special_tax":"10.00","status":1,"is_del":1,"add_time":0,"up_time":0},{"id":3,"pid":0,"name":"\u521a\u6027\u9632\u706b\u7535\u7f06\u7a0e\u7387","alias_name":"","normal_tax":"3.00","special_tax":"9.00","status":1,"is_del":1,"add_time":0,"up_time":0},{"id":9,"pid":0,"name":"\u6a61\u5957\u7535\u7f06\u7a0e\u7387","alias_name":"","normal_tax":"3.00","special_tax":"11.00","status":1,"is_del":1,"add_time":0,"up_time":0},{"id":10,"pid":0,"name":"\u77ff\u7528\u6a61\u80f6\u7535\u7f06\u7a0e\u7387","alias_name":"","normal_tax":"4.00","special_tax":"12.00","status":1,"is_del":1,"add_time":0,"up_time":0}],"price_list":[{"id":2648,"plate_conts_id":1,"new_cate_one_id":1,"new_cate_two_id":355,"new_cate_three_id":356,"name":"\u94dc\u82af\u5bfc\u4f53","ratio":"1.00","sort":1000,"is_del":1,"cat_index":1,"blank_id":1739},{"id":2649,"plate_conts_id":1,"new_cate_one_id":1,"new_cate_two_id":355,"new_cate_three_id":362,"name":"\u8f90\u7167\u4ea4\u8054\u7edd\u7f18","ratio":"1.00","sort":1000,"is_del":1,"cat_index":1,"blank_id":1739},{"id":2650,"plate_conts_id":1,"new_cate_one_id":1,"new_cate_two_id":355,"new_cate_three_id":371,"name":"PVC\u62a4\u5957","ratio":"1.00","sort":1000,"is_del":1,"cat_index":1,"blank_id":1739},{"id":7812,"plate_conts_id":1,"new_cate_one_id":1,"new_cate_two_id":355,"new_cate_three_id":356,"name":"\u94dc\u82af\u5bfc\u4f53","ratio":"0.90","sort":1000,"is_del":1,"cat_index":1,"blank_id":1739},{"id":7813,"plate_conts_id":1,"new_cate_one_id":1,"new_cate_two_id":355,"new_cate_three_id":362,"name":"\u8f90\u7167\u4ea4\u8054\u7edd\u7f18","ratio":"1.00","sort":1000,"is_del":1,"cat_index":1,"blank_id":1739}],"all_blanks":[{"id":1740,"pid":1,"group_id":5,"catname":"\u4e5d\u6298\u6807\u51c6","cat_index":2,"source":"[\"677187340b61b.png\"]","sorts":null,"gimage":"677187340b3d7.png","gnames":"\u94dc\u82af\u4ea4\u8054\u805a\u4e59\u70ef\u7edd\u7f18\u805a\u6c2f\u4e59\u70ef\u62a4\u5957\u963b\u71c3\u7535\u7f06\u3010\u4e5d\u6298\u6807\u51c6\u3011","up_a":"0.0","down_a":"0.0","up_b":"0.0","down_b":"0.0","up_c":"0.0","down_c":"0.0","up_d":"0.0","down_d":"0.0","up_e":"0.0","down_e":"0.0","up_f":"0.0","down_f":"0.0","ticket_nor":3,"ticket_person":11,"status":1,"uptimes":1781228972,"times":1781228972,"new_tax_id":1},{"id":1741,"pid":1,"group_id":5,"catname":"\u516b\u6298\u6807\u51c6","cat_index":3,"source":"[\"677187340b61b.png\"]","sorts":null,"gimage":"677187340b3d7.png","gnames":"\u94dc\u82af\u4ea4\u8054\u805a\u4e59\u70ef\u7edd\u7f18\u805a\u6c2f\u4e59\u70ef\u62a4\u5957\u963b\u71c3\u7535\u7f06\u3010\u4e5d\u6298\u6807\u51c6\u3011","up_a":"0.0","down_a":"0.0","up_b":"0.0","down_b":"0.0","up_c":"0.0","down_c":"0.0","up_d":"0.0","down_d":"0.0","up_e":"0.0","down_e":"0.0","up_f":"0.0","down_f":"0.0","ticket_nor":3,"ticket_person":11,"status":1,"uptimes":1781228972,"times":1781228972,"new_tax_id":1},{"id":1739,"pid":1,"group_id":5,"catname":"\u5546\u54c1","cat_index":1,"source":"[\"6a2bd1928b6ed.png\"]","sorts":0,"gimage":"6a2bcd01617ca.png","gnames":"\u94dc\u82af\u4ea4\u8054\u805a\u4e59\u70ef\u7edd\u7f18\u805a\u6c2f\u4e59\u70ef\u62a4\u5957\u963b\u71c3\u7535\u7f06\u3010\u4e5d\u6298\u6807\u51c6\u3011","up_a":"0.0","down_a":"0.0","up_b":"0.0","down_b":"0.0","up_c":"0.0","down_c":"0.0","up_d":"0.0","down_d":"0.0","up_e":"0.0","down_e":"0.0","up_f":"0.0","down_f":"0.0","ticket_nor":3,"ticket_person":11,"status":1,"uptimes":1781256594,"times":1781095065,"new_tax_id":1}],"group_list":[{"id":1,"pid":0,"name":"\u6807\u51c61\u9009\u9879\u5361","ratio":"1.000000","sort":1,"add_time":1781435857,"up_time":1781435857},{"id":5,"pid":0,"name":"\u6807\u51c61\u9009\u9879\u5361","ratio":"1.000000","sort":1,"add_time":1781423342,"up_time":1781423342},{"id":2,"pid":0,"name":"\u6807\u51c62\u9009\u9879\u5361","ratio":"1.000000","sort":2,"add_time":1781435857,"up_time":1781435857},{"id":6,"pid":0,"name":"\u6807\u51c62\u9009\u9879\u5361","ratio":"1.000000","sort":2,"add_time":1781423342,"up_time":1781423342},{"id":7,"pid":0,"name":"\u6807\u51c63\u9009\u9879\u5361","ratio":"1.000000","sort":3,"add_time":1781423342,"up_time":1781423342},{"id":8,"pid":0,"name":"\u6807\u51c64\u9009\u9879\u5361","ratio":"1.000000","sort":4,"add_time":1781423342,"up_time":1781423342},{"id":9,"pid":0,"name":"\u6807\u51c65\u9009\u9879\u5361","ratio":"1.000000","sort":5,"add_time":1781423342,"up_time":1781423342},{"id":10,"pid":0,"name":"\u6807\u51c66\u9009\u9879\u5361","ratio":"1.000000","sort":6,"add_time":1781423342,"up_time":1781423342},{"id":11,"pid":0,"name":"\u6807\u51c67\u9009\u9879\u5361","ratio":"1.000000","sort":7,"add_time":1781423342,"up_time":1781423342},{"id":12,"pid":0,"name":"\u6807\u51c68\u9009\u9879\u5361","ratio":"1.000000","sort":8,"add_time":1781423342,"up_time":1781423342},{"id":13,"pid":0,"name":"\u6807\u51c69\u9009\u9879\u5361","ratio":"1.000000","sort":9,"add_time":1781423342,"up_time":1781423342},{"id":14,"pid":0,"name":"\u6807\u51c610\u9009\u9879\u5361","ratio":"1.000000","sort":10,"add_time":1781423342,"up_time":1781423342}]}}

[ 2026-06-16T17:28:31+08:00 ] ::1 /Home/Goods/plate_conts_list/id/1.html
INFO: [ app_init ] --START--
INFO: Run Behavior\BuildLiteBehavior [ RunTime:0.000006s ]
INFO: [ app_init ] --END-- [ RunTime:0.000054s ]
INFO: [ app_begin ] --START--
INFO: Run Behavior\ReadHtmlCacheBehavior [ RunTime:0.000054s ]
INFO: [ app_begin ] --END-- [ RunTime:0.000091s ]
SQL: SHOW COLUMNS FROM `plate_conts` [ RunTime:0.0029s ]
SQL: SHOW COLUMNS FROM `sys_tmps` [ RunTime:0.0032s ]
SQL: SELECT * FROM `plate_conts` WHERE `id` = 1 LIMIT 1   [ RunTime:0.0008s ]
SQL: SELECT * FROM `sys_tmps` WHERE `types` = 2 ORDER BY id desc  [ RunTime:0.0009s ]
INFO: [ view_parse ] --START--
INFO: [ template_filter ] --START--
INFO: Run Behavior\ContentReplaceBehavior [ RunTime:0.000259s ]
INFO: [ template_filter ] --END-- [ RunTime:0.000305s ]
INFO: Run Behavior\ParseTemplateBehavior [ RunTime:0.007887s ]
INFO: [ view_parse ] --END-- [ RunTime:0.007932s ]
INFO: [ view_filter ] --START--
INFO: Run Behavior\WriteHtmlCacheBehavior [ RunTime:0.000055s ]
INFO: [ view_filter ] --END-- [ RunTime:0.000064s ]
INFO: [ app_end ] --START--
INFO: Run Behavior\ShowPageTraceBehavior [ RunTime:0.000024s ]
INFO: [ app_end ] --END-- [ RunTime:0.000035s ]

[ 2026-06-16T17:28:31+08:00 ] ::1 /Home/Goods/plate_conts_blankr.html
INFO: [ app_init ] --START--
INFO: Run Behavior\BuildLiteBehavior [ RunTime:0.000005s ]
INFO: [ app_init ] --END-- [ RunTime:0.000048s ]
INFO: [ app_begin ] --START--
INFO: Run Behavior\ReadHtmlCacheBehavior [ RunTime:0.000028s ]
INFO: [ app_begin ] --END-- [ RunTime:0.000051s ]
SQL: SHOW COLUMNS FROM `plate_conts_blank` [ RunTime:0.0027s ]
SQL: SHOW COLUMNS FROM `plate_conts_logs` [ RunTime:0.0030s ]
SQL: SHOW COLUMNS FROM `plate_conts_logsr` [ RunTime:0.0024s ]
SQL: SELECT * FROM `plate_conts_blank` WHERE `pid` = 1 AND `cat_index` = 1 AND `status` = 1 LIMIT 1   [ RunTime:0.0022s ]
SQL: SELECT * FROM `plate_conts_logs` WHERE `blank_id` = 1739 ORDER BY number asc,id asc  [ RunTime:0.0014s ]
SQL: SELECT `key_0` FROM `plate_conts_logs` WHERE `blank_id` = 1739 GROUP BY key_0 LIMIT 1   [ RunTime:0.0021s ]
SQL: SELECT `key_1` FROM `plate_conts_logs` WHERE `blank_id` = 1739 GROUP BY key_1 LIMIT 1   [ RunTime:0.0044s ]
SQL: SELECT `key_2` FROM `plate_conts_logs` WHERE `blank_id` = 1739 GROUP BY key_2 LIMIT 1   [ RunTime:0.0010s ]
SQL: SELECT `key_3` FROM `plate_conts_logs` WHERE `blank_id` = 1739 GROUP BY key_3 LIMIT 1   [ RunTime:0.0009s ]
SQL: SELECT `key_4` FROM `plate_conts_logs` WHERE `blank_id` = 1739 GROUP BY key_4 LIMIT 1   [ RunTime:0.0007s ]
SQL: SELECT `key_5` FROM `plate_conts_logs` WHERE `blank_id` = 1739 GROUP BY key_5 LIMIT 1   [ RunTime:0.0015s ]
SQL: SELECT `key_6` FROM `plate_conts_logs` WHERE `blank_id` = 1739 GROUP BY key_6 LIMIT 1   [ RunTime:0.0009s ]
SQL: SELECT `key_7` FROM `plate_conts_logs` WHERE `blank_id` = 1739 GROUP BY key_7 LIMIT 1   [ RunTime:0.0027s ]
NOTIC: [2] Trying to access array offset on value of type null /Users/gangliu/data/catdesk_workspace/yilan/App/Home/Controller/GoodsController.class.php 第 808 行.
NOTIC: [2] Trying to access array offset on value of type null /Users/gangliu/data/catdesk_workspace/yilan/App/Home/Controller/GoodsController.class.php 第 808 行.
NOTIC: [2] Trying to access array offset on value of type null /Users/gangliu/data/catdesk_workspace/yilan/App/Home/Controller/GoodsController.class.php 第 808 行.
NOTIC: [2] Trying to access array offset on value of type null /Users/gangliu/data/catdesk_workspace/yilan/App/Home/Controller/GoodsController.class.php 第 809 行.
NOTIC: [2] Trying to access array offset on value of type null /Users/gangliu/data/catdesk_workspace/yilan/App/Home/Controller/GoodsController.class.php 第 809 行.
NOTIC: [2] Trying to access array offset on value of type null /Users/gangliu/data/catdesk_workspace/yilan/App/Home/Controller/GoodsController.class.php 第 810 行.
NOTIC: [2] Trying to access array offset on value of type null /Users/gangliu/data/catdesk_workspace/yilan/App/Home/Controller/GoodsController.class.php 第 810 行.
NOTIC: [2] Trying to access array offset on value of type null /Users/gangliu/data/catdesk_workspace/yilan/App/Home/Controller/GoodsController.class.php 第 810 行.
SQL: SHOW COLUMNS FROM `new_tax` [ RunTime:0.0034s ]
SQL: SELECT * FROM `new_tax` WHERE `is_del` = 1  [ RunTime:0.0012s ]
SQL: SHOW COLUMNS FROM `plate_conts_price` [ RunTime:0.0026s ]
SQL: SELECT * FROM `plate_conts_price` WHERE `blank_id` = 1739 AND `is_del` = 1 ORDER BY sort asc, id asc  [ RunTime:0.0010s ]
SQL: SELECT * FROM `plate_conts_blank` WHERE `pid` = 1 AND `status` = 1 ORDER BY sorts asc, cat_index asc  [ RunTime:0.0008s ]
SQL: SHOW COLUMNS FROM `plate_conts_blank_group` [ RunTime:0.0030s ]
SQL: SELECT * FROM `plate_conts_blank_group` WHERE `pid` = 0 ORDER BY sort asc, id asc  [ RunTime:0.0009s ]
ERR: {"status":1,"msg":"\u83b7\u53d6\u6210\u529f","data":{"info":{"id":1739,"pid":1,"group_id":5,"catname":"\u5546\u54c1","cat_index":1,"source":["6a2bd1928b6ed.png"],"sorts":0,"gimage":"6a2bcd01617ca.png","gnames":"\u94dc\u82af\u4ea4\u8054\u805a\u4e59\u70ef\u7edd\u7f18\u805a\u6c2f\u4e59\u70ef\u62a4\u5957\u963b\u71c3\u7535\u7f06\u3010\u4e5d\u6298\u6807\u51c6\u3011","up_a":"0.0","down_a":"0.0","up_b":"0.0","down_b":"0.0","up_c":"0.0","down_c":"0.0","up_d":"0.0","down_d":"0.0","up_e":"0.0","down_e":"0.0","up_f":"0.0","down_f":"0.0","ticket_nor":3,"ticket_person":11,"status":1,"uptimes":1781256594,"times":1781095065,"new_tax_id":1},"key":{"keya":null,"keyb":null,"keyc":null,"keyd":null,"keye":null,"keyf":null,"keyg":null,"keyh":null},"list":[],"tax_list":[{"id":1,"pid":0,"name":"\u7535\u529b\u7535\u7f06\u7a0e\u7387\u53d1\u7968","alias_name":"","normal_tax":"3.00","special_tax":"11.00","status":1,"is_del":1,"add_time":0,"up_time":0},{"id":2,"pid":0,"name":"\u5bb6\u88c5\u7535\u7ebf\u7a0e\u7387","alias_name":"","normal_tax":"3.00","special_tax":"10.00","status":1,"is_del":1,"add_time":0,"up_time":0},{"id":3,"pid":0,"name":"\u521a\u6027\u9632\u706b\u7535\u7f06\u7a0e\u7387","alias_name":"","normal_tax":"3.00","special_tax":"9.00","status":1,"is_del":1,"add_time":0,"up_time":0},{"id":9,"pid":0,"name":"\u6a61\u5957\u7535\u7f06\u7a0e\u7387","alias_name":"","normal_tax":"3.00","special_tax":"11.00","status":1,"is_del":1,"add_time":0,"up_time":0},{"id":10,"pid":0,"name":"\u77ff\u7528\u6a61\u80f6\u7535\u7f06\u7a0e\u7387","alias_name":"","normal_tax":"4.00","special_tax":"12.00","status":1,"is_del":1,"add_time":0,"up_time":0}],"price_list":[{"id":2648,"plate_conts_id":1,"new_cate_one_id":1,"new_cate_two_id":355,"new_cate_three_id":356,"name":"\u94dc\u82af\u5bfc\u4f53","ratio":"1.00","sort":1000,"is_del":1,"cat_index":1,"blank_id":1739},{"id":2649,"plate_conts_id":1,"new_cate_one_id":1,"new_cate_two_id":355,"new_cate_three_id":362,"name":"\u8f90\u7167\u4ea4\u8054\u7edd\u7f18","ratio":"1.00","sort":1000,"is_del":1,"cat_index":1,"blank_id":1739},{"id":2650,"plate_conts_id":1,"new_cate_one_id":1,"new_cate_two_id":355,"new_cate_three_id":371,"name":"PVC\u62a4\u5957","ratio":"1.00","sort":1000,"is_del":1,"cat_index":1,"blank_id":1739},{"id":7812,"plate_conts_id":1,"new_cate_one_id":1,"new_cate_two_id":355,"new_cate_three_id":356,"name":"\u94dc\u82af\u5bfc\u4f53","ratio":"0.90","sort":1000,"is_del":1,"cat_index":1,"blank_id":1739},{"id":7813,"plate_conts_id":1,"new_cate_one_id":1,"new_cate_two_id":355,"new_cate_three_id":362,"name":"\u8f90\u7167\u4ea4\u8054\u7edd\u7f18","ratio":"1.00","sort":1000,"is_del":1,"cat_index":1,"blank_id":1739}],"all_blanks":[{"id":1740,"pid":1,"group_id":5,"catname":"\u4e5d\u6298\u6807\u51c6","cat_index":2,"source":"[\"677187340b61b.png\"]","sorts":null,"gimage":"677187340b3d7.png","gnames":"\u94dc\u82af\u4ea4\u8054\u805a\u4e59\u70ef\u7edd\u7f18\u805a\u6c2f\u4e59\u70ef\u62a4\u5957\u963b\u71c3\u7535\u7f06\u3010\u4e5d\u6298\u6807\u51c6\u3011","up_a":"0.0","down_a":"0.0","up_b":"0.0","down_b":"0.0","up_c":"0.0","down_c":"0.0","up_d":"0.0","down_d":"0.0","up_e":"0.0","down_e":"0.0","up_f":"0.0","down_f":"0.0","ticket_nor":3,"ticket_person":11,"status":1,"uptimes":1781228972,"times":1781228972,"new_tax_id":1},{"id":1741,"pid":1,"group_id":5,"catname":"\u516b\u6298\u6807\u51c6","cat_index":3,"source":"[\"677187340b61b.png\"]","sorts":null,"gimage":"677187340b3d7.png","gnames":"\u94dc\u82af\u4ea4\u8054\u805a\u4e59\u70ef\u7edd\u7f18\u805a\u6c2f\u4e59\u70ef\u62a4\u5957\u963b\u71c3\u7535\u7f06\u3010\u4e5d\u6298\u6807\u51c6\u3011","up_a":"0.0","down_a":"0.0","up_b":"0.0","down_b":"0.0","up_c":"0.0","down_c":"0.0","up_d":"0.0","down_d":"0.0","up_e":"0.0","down_e":"0.0","up_f":"0.0","down_f":"0.0","ticket_nor":3,"ticket_person":11,"status":1,"uptimes":1781228972,"times":1781228972,"new_tax_id":1},{"id":1739,"pid":1,"group_id":5,"catname":"\u5546\u54c1","cat_index":1,"source":"[\"6a2bd1928b6ed.png\"]","sorts":0,"gimage":"6a2bcd01617ca.png","gnames":"\u94dc\u82af\u4ea4\u8054\u805a\u4e59\u70ef\u7edd\u7f18\u805a\u6c2f\u4e59\u70ef\u62a4\u5957\u963b\u71c3\u7535\u7f06\u3010\u4e5d\u6298\u6807\u51c6\u3011","up_a":"0.0","down_a":"0.0","up_b":"0.0","down_b":"0.0","up_c":"0.0","down_c":"0.0","up_d":"0.0","down_d":"0.0","up_e":"0.0","down_e":"0.0","up_f":"0.0","down_f":"0.0","ticket_nor":3,"ticket_person":11,"status":1,"uptimes":1781256594,"times":1781095065,"new_tax_id":1}],"group_list":[{"id":1,"pid":0,"name":"\u6807\u51c61\u9009\u9879\u5361","ratio":"1.000000","sort":1,"add_time":1781435857,"up_time":1781435857},{"id":5,"pid":0,"name":"\u6807\u51c61\u9009\u9879\u5361","ratio":"1.000000","sort":1,"add_time":1781423342,"up_time":1781423342},{"id":2,"pid":0,"name":"\u6807\u51c62\u9009\u9879\u5361","ratio":"1.000000","sort":2,"add_time":1781435857,"up_time":1781435857},{"id":6,"pid":0,"name":"\u6807\u51c62\u9009\u9879\u5361","ratio":"1.000000","sort":2,"add_time":1781423342,"up_time":1781423342},{"id":7,"pid":0,"name":"\u6807\u51c63\u9009\u9879\u5361","ratio":"1.000000","sort":3,"add_time":1781423342,"up_time":1781423342},{"id":8,"pid":0,"name":"\u6807\u51c64\u9009\u9879\u5361","ratio":"1.000000","sort":4,"add_time":1781423342,"up_time":1781423342},{"id":9,"pid":0,"name":"\u6807\u51c65\u9009\u9879\u5361","ratio":"1.000000","sort":5,"add_time":1781423342,"up_time":1781423342},{"id":10,"pid":0,"name":"\u6807\u51c66\u9009\u9879\u5361","ratio":"1.000000","sort":6,"add_time":1781423342,"up_time":1781423342},{"id":11,"pid":0,"name":"\u6807\u51c67\u9009\u9879\u5361","ratio":"1.000000","sort":7,"add_time":1781423342,"up_time":1781423342},{"id":12,"pid":0,"name":"\u6807\u51c68\u9009\u9879\u5361","ratio":"1.000000","sort":8,"add_time":1781423342,"up_time":1781423342},{"id":13,"pid":0,"name":"\u6807\u51c69\u9009\u9879\u5361","ratio":"1.000000","sort":9,"add_time":1781423342,"up_time":1781423342},{"id":14,"pid":0,"name":"\u6807\u51c610\u9009\u9879\u5361","ratio":"1.000000","sort":10,"add_time":1781423342,"up_time":1781423342}]}}

[ 2026-06-16T17:28:40+08:00 ] ::1 /Home/Goods/plate_conts_blankr.html
INFO: [ app_init ] --START--
INFO: Run Behavior\BuildLiteBehavior [ RunTime:0.000006s ]
INFO: [ app_init ] --END-- [ RunTime:0.000066s ]
INFO: [ app_begin ] --START--
INFO: Run Behavior\ReadHtmlCacheBehavior [ RunTime:0.000029s ]
INFO: [ app_begin ] --END-- [ RunTime:0.000045s ]
SQL: SHOW COLUMNS FROM `plate_conts_blank` [ RunTime:0.0043s ]
SQL: SHOW COLUMNS FROM `plate_conts_logs` [ RunTime:0.0037s ]
SQL: SHOW COLUMNS FROM `plate_conts_logsr` [ RunTime:0.0030s ]
SQL: SELECT * FROM `plate_conts_blank` WHERE `id` = 1739 AND `status` = 1 LIMIT 1   [ RunTime:0.0009s ]
SQL: SELECT * FROM `plate_conts_logs` WHERE `blank_id` = 1739 ORDER BY number asc,id asc  [ RunTime:0.0011s ]
SQL: SELECT `key_0` FROM `plate_conts_logs` WHERE `blank_id` = 1739 GROUP BY key_0 LIMIT 1   [ RunTime:0.0009s ]
SQL: SELECT `key_1` FROM `plate_conts_logs` WHERE `blank_id` = 1739 GROUP BY key_1 LIMIT 1   [ RunTime:0.0012s ]
SQL: SELECT `key_2` FROM `plate_conts_logs` WHERE `blank_id` = 1739 GROUP BY key_2 LIMIT 1   [ RunTime:0.0010s ]
SQL: SELECT `key_3` FROM `plate_conts_logs` WHERE `blank_id` = 1739 GROUP BY key_3 LIMIT 1   [ RunTime:0.0006s ]
SQL: SELECT `key_4` FROM `plate_conts_logs` WHERE `blank_id` = 1739 GROUP BY key_4 LIMIT 1   [ RunTime:0.0005s ]
SQL: SELECT `key_5` FROM `plate_conts_logs` WHERE `blank_id` = 1739 GROUP BY key_5 LIMIT 1   [ RunTime:0.0015s ]
SQL: SELECT `key_6` FROM `plate_conts_logs` WHERE `blank_id` = 1739 GROUP BY key_6 LIMIT 1   [ RunTime:0.0020s ]
SQL: SELECT `key_7` FROM `plate_conts_logs` WHERE `blank_id` = 1739 GROUP BY key_7 LIMIT 1   [ RunTime:0.0010s ]
NOTIC: [2] Trying to access array offset on value of type null /Users/gangliu/data/catdesk_workspace/yilan/App/Home/Controller/GoodsController.class.php 第 808 行.
NOTIC: [2] Trying to access array offset on value of type null /Users/gangliu/data/catdesk_workspace/yilan/App/Home/Controller/GoodsController.class.php 第 808 行.
NOTIC: [2] Trying to access array offset on value of type null /Users/gangliu/data/catdesk_workspace/yilan/App/Home/Controller/GoodsController.class.php 第 808 行.
NOTIC: [2] Trying to access array offset on value of type null /Users/gangliu/data/catdesk_workspace/yilan/App/Home/Controller/GoodsController.class.php 第 809 行.
NOTIC: [2] Trying to access array offset on value of type null /Users/gangliu/data/catdesk_workspace/yilan/App/Home/Controller/GoodsController.class.php 第 809 行.
NOTIC: [2] Trying to access array offset on value of type null /Users/gangliu/data/catdesk_workspace/yilan/App/Home/Controller/GoodsController.class.php 第 810 行.
NOTIC: [2] Trying to access array offset on value of type null /Users/gangliu/data/catdesk_workspace/yilan/App/Home/Controller/GoodsController.class.php 第 810 行.
NOTIC: [2] Trying to access array offset on value of type null /Users/gangliu/data/catdesk_workspace/yilan/App/Home/Controller/GoodsController.class.php 第 810 行.
SQL: SHOW COLUMNS FROM `new_tax` [ RunTime:0.0046s ]
SQL: SELECT * FROM `new_tax` WHERE `is_del` = 1  [ RunTime:0.0007s ]
SQL: SHOW COLUMNS FROM `plate_conts_price` [ RunTime:0.0025s ]
SQL: SELECT * FROM `plate_conts_price` WHERE `blank_id` = 1739 AND `is_del` = 1 ORDER BY sort asc, id asc  [ RunTime:0.0007s ]
SQL: SELECT * FROM `plate_conts_blank` WHERE `pid` = 1 AND `status` = 1 ORDER BY sorts asc, cat_index asc  [ RunTime:0.0006s ]
SQL: SHOW COLUMNS FROM `plate_conts_blank_group` [ RunTime:0.0028s ]
SQL: SELECT * FROM `plate_conts_blank_group` WHERE `pid` = 0 ORDER BY sort asc, id asc  [ RunTime:0.0009s ]
ERR: {"status":1,"msg":"\u83b7\u53d6\u6210\u529f","data":{"info":{"id":1739,"pid":1,"group_id":5,"catname":"\u5546\u54c1","cat_index":1,"source":["6a2bd1928b6ed.png"],"sorts":0,"gimage":"6a2bcd01617ca.png","gnames":"\u94dc\u82af\u4ea4\u8054\u805a\u4e59\u70ef\u7edd\u7f18\u805a\u6c2f\u4e59\u70ef\u62a4\u5957\u963b\u71c3\u7535\u7f06\u3010\u4e5d\u6298\u6807\u51c6\u3011","up_a":"0.0","down_a":"0.0","up_b":"0.0","down_b":"0.0","up_c":"0.0","down_c":"0.0","up_d":"0.0","down_d":"0.0","up_e":"0.0","down_e":"0.0","up_f":"0.0","down_f":"0.0","ticket_nor":3,"ticket_person":11,"status":1,"uptimes":1781256594,"times":1781095065,"new_tax_id":1},"key":{"keya":null,"keyb":null,"keyc":null,"keyd":null,"keye":null,"keyf":null,"keyg":null,"keyh":null},"list":[],"tax_list":[{"id":1,"pid":0,"name":"\u7535\u529b\u7535\u7f06\u7a0e\u7387\u53d1\u7968","alias_name":"","normal_tax":"3.00","special_tax":"11.00","status":1,"is_del":1,"add_time":0,"up_time":0},{"id":2,"pid":0,"name":"\u5bb6\u88c5\u7535\u7ebf\u7a0e\u7387","alias_name":"","normal_tax":"3.00","special_tax":"10.00","status":1,"is_del":1,"add_time":0,"up_time":0},{"id":3,"pid":0,"name":"\u521a\u6027\u9632\u706b\u7535\u7f06\u7a0e\u7387","alias_name":"","normal_tax":"3.00","special_tax":"9.00","status":1,"is_del":1,"add_time":0,"up_time":0},{"id":9,"pid":0,"name":"\u6a61\u5957\u7535\u7f06\u7a0e\u7387","alias_name":"","normal_tax":"3.00","special_tax":"11.00","status":1,"is_del":1,"add_time":0,"up_time":0},{"id":10,"pid":0,"name":"\u77ff\u7528\u6a61\u80f6\u7535\u7f06\u7a0e\u7387","alias_name":"","normal_tax":"4.00","special_tax":"12.00","status":1,"is_del":1,"add_time":0,"up_time":0}],"price_list":[{"id":2648,"plate_conts_id":1,"new_cate_one_id":1,"new_cate_two_id":355,"new_cate_three_id":356,"name":"\u94dc\u82af\u5bfc\u4f53","ratio":"1.00","sort":1000,"is_del":1,"cat_index":1,"blank_id":1739},{"id":2649,"plate_conts_id":1,"new_cate_one_id":1,"new_cate_two_id":355,"new_cate_three_id":362,"name":"\u8f90\u7167\u4ea4\u8054\u7edd\u7f18","ratio":"1.00","sort":1000,"is_del":1,"cat_index":1,"blank_id":1739},{"id":2650,"plate_conts_id":1,"new_cate_one_id":1,"new_cate_two_id":355,"new_cate_three_id":371,"name":"PVC\u62a4\u5957","ratio":"1.00","sort":1000,"is_del":1,"cat_index":1,"blank_id":1739},{"id":7812,"plate_conts_id":1,"new_cate_one_id":1,"new_cate_two_id":355,"new_cate_three_id":356,"name":"\u94dc\u82af\u5bfc\u4f53","ratio":"0.90","sort":1000,"is_del":1,"cat_index":1,"blank_id":1739},{"id":7813,"plate_conts_id":1,"new_cate_one_id":1,"new_cate_two_id":355,"new_cate_three_id":362,"name":"\u8f90\u7167\u4ea4\u8054\u7edd\u7f18","ratio":"1.00","sort":1000,"is_del":1,"cat_index":1,"blank_id":1739}],"all_blanks":[{"id":1740,"pid":1,"group_id":5,"catname":"\u4e5d\u6298\u6807\u51c6","cat_index":2,"source":"[\"677187340b61b.png\"]","sorts":null,"gimage":"677187340b3d7.png","gnames":"\u94dc\u82af\u4ea4\u8054\u805a\u4e59\u70ef\u7edd\u7f18\u805a\u6c2f\u4e59\u70ef\u62a4\u5957\u963b\u71c3\u7535\u7f06\u3010\u4e5d\u6298\u6807\u51c6\u3011","up_a":"0.0","down_a":"0.0","up_b":"0.0","down_b":"0.0","up_c":"0.0","down_c":"0.0","up_d":"0.0","down_d":"0.0","up_e":"0.0","down_e":"0.0","up_f":"0.0","down_f":"0.0","ticket_nor":3,"ticket_person":11,"status":1,"uptimes":1781228972,"times":1781228972,"new_tax_id":1},{"id":1741,"pid":1,"group_id":5,"catname":"\u516b\u6298\u6807\u51c6","cat_index":3,"source":"[\"677187340b61b.png\"]","sorts":null,"gimage":"677187340b3d7.png","gnames":"\u94dc\u82af\u4ea4\u8054\u805a\u4e59\u70ef\u7edd\u7f18\u805a\u6c2f\u4e59\u70ef\u62a4\u5957\u963b\u71c3\u7535\u7f06\u3010\u4e5d\u6298\u6807\u51c6\u3011","up_a":"0.0","down_a":"0.0","up_b":"0.0","down_b":"0.0","up_c":"0.0","down_c":"0.0","up_d":"0.0","down_d":"0.0","up_e":"0.0","down_e":"0.0","up_f":"0.0","down_f":"0.0","ticket_nor":3,"ticket_person":11,"status":1,"uptimes":1781228972,"times":1781228972,"new_tax_id":1},{"id":1739,"pid":1,"group_id":5,"catname":"\u5546\u54c1","cat_index":1,"source":"[\"6a2bd1928b6ed.png\"]","sorts":0,"gimage":"6a2bcd01617ca.png","gnames":"\u94dc\u82af\u4ea4\u8054\u805a\u4e59\u70ef\u7edd\u7f18\u805a\u6c2f\u4e59\u70ef\u62a4\u5957\u963b\u71c3\u7535\u7f06\u3010\u4e5d\u6298\u6807\u51c6\u3011","up_a":"0.0","down_a":"0.0","up_b":"0.0","down_b":"0.0","up_c":"0.0","down_c":"0.0","up_d":"0.0","down_d":"0.0","up_e":"0.0","down_e":"0.0","up_f":"0.0","down_f":"0.0","ticket_nor":3,"ticket_person":11,"status":1,"uptimes":1781256594,"times":1781095065,"new_tax_id":1}],"group_list":[{"id":1,"pid":0,"name":"\u6807\u51c61\u9009\u9879\u5361","ratio":"1.000000","sort":1,"add_time":1781435857,"up_time":1781435857},{"id":5,"pid":0,"name":"\u6807\u51c61\u9009\u9879\u5361","ratio":"1.000000","sort":1,"add_time":1781423342,"up_time":1781423342},{"id":2,"pid":0,"name":"\u6807\u51c62\u9009\u9879\u5361","ratio":"1.000000","sort":2,"add_time":1781435857,"up_time":1781435857},{"id":6,"pid":0,"name":"\u6807\u51c62\u9009\u9879\u5361","ratio":"1.000000","sort":2,"add_time":1781423342,"up_time":1781423342},{"id":7,"pid":0,"name":"\u6807\u51c63\u9009\u9879\u5361","ratio":"1.000000","sort":3,"add_time":1781423342,"up_time":1781423342},{"id":8,"pid":0,"name":"\u6807\u51c64\u9009\u9879\u5361","ratio":"1.000000","sort":4,"add_time":1781423342,"up_time":1781423342},{"id":9,"pid":0,"name":"\u6807\u51c65\u9009\u9879\u5361","ratio":"1.000000","sort":5,"add_time":1781423342,"up_time":1781423342},{"id":10,"pid":0,"name":"\u6807\u51c66\u9009\u9879\u5361","ratio":"1.000000","sort":6,"add_time":1781423342,"up_time":1781423342},{"id":11,"pid":0,"name":"\u6807\u51c67\u9009\u9879\u5361","ratio":"1.000000","sort":7,"add_time":1781423342,"up_time":1781423342},{"id":12,"pid":0,"name":"\u6807\u51c68\u9009\u9879\u5361","ratio":"1.000000","sort":8,"add_time":1781423342,"up_time":1781423342},{"id":13,"pid":0,"name":"\u6807\u51c69\u9009\u9879\u5361","ratio":"1.000000","sort":9,"add_time":1781423342,"up_time":1781423342},{"id":14,"pid":0,"name":"\u6807\u51c610\u9009\u9879\u5361","ratio":"1.000000","sort":10,"add_time":1781423342,"up_time":1781423342}]}}

[ 2026-06-16T17:28:48+08:00 ] ::1 /Home/Goods/plate_conts_blankr.html
INFO: [ app_init ] --START--
INFO: Run Behavior\BuildLiteBehavior [ RunTime:0.000007s ]
INFO: [ app_init ] --END-- [ RunTime:0.000060s ]
INFO: [ app_begin ] --START--
INFO: Run Behavior\ReadHtmlCacheBehavior [ RunTime:0.000054s ]
INFO: [ app_begin ] --END-- [ RunTime:0.000091s ]
SQL: SHOW COLUMNS FROM `plate_conts_blank` [ RunTime:0.0041s ]
SQL: SHOW COLUMNS FROM `plate_conts_logs` [ RunTime:0.0034s ]
SQL: SHOW COLUMNS FROM `plate_conts_logsr` [ RunTime:0.0033s ]
SQL: SELECT * FROM `plate_conts_blank` WHERE `id` = 1740 AND `status` = 1 LIMIT 1   [ RunTime:0.0010s ]
SQL: SELECT * FROM `plate_conts_logs` WHERE `blank_id` = 1740 ORDER BY number asc,id asc  [ RunTime:0.0009s ]
SQL: SELECT `key_0` FROM `plate_conts_logs` WHERE `blank_id` = 1740 GROUP BY key_0 LIMIT 1   [ RunTime:0.0011s ]
SQL: SELECT `key_1` FROM `plate_conts_logs` WHERE `blank_id` = 1740 GROUP BY key_1 LIMIT 1   [ RunTime:0.0006s ]
SQL: SELECT `key_2` FROM `plate_conts_logs` WHERE `blank_id` = 1740 GROUP BY key_2 LIMIT 1   [ RunTime:0.0005s ]
SQL: SELECT `key_3` FROM `plate_conts_logs` WHERE `blank_id` = 1740 GROUP BY key_3 LIMIT 1   [ RunTime:0.0006s ]
SQL: SELECT `key_4` FROM `plate_conts_logs` WHERE `blank_id` = 1740 GROUP BY key_4 LIMIT 1   [ RunTime:0.0007s ]
SQL: SELECT `key_5` FROM `plate_conts_logs` WHERE `blank_id` = 1740 GROUP BY key_5 LIMIT 1   [ RunTime:0.0007s ]
SQL: SELECT `key_6` FROM `plate_conts_logs` WHERE `blank_id` = 1740 GROUP BY key_6 LIMIT 1   [ RunTime:0.0009s ]
SQL: SELECT `key_7` FROM `plate_conts_logs` WHERE `blank_id` = 1740 GROUP BY key_7 LIMIT 1   [ RunTime:0.0006s ]
NOTIC: [2] Trying to access array offset on value of type null /Users/gangliu/data/catdesk_workspace/yilan/App/Home/Controller/GoodsController.class.php 第 808 行.
NOTIC: [2] Trying to access array offset on value of type null /Users/gangliu/data/catdesk_workspace/yilan/App/Home/Controller/GoodsController.class.php 第 808 行.
NOTIC: [2] Trying to access array offset on value of type null /Users/gangliu/data/catdesk_workspace/yilan/App/Home/Controller/GoodsController.class.php 第 808 行.
NOTIC: [2] Trying to access array offset on value of type null /Users/gangliu/data/catdesk_workspace/yilan/App/Home/Controller/GoodsController.class.php 第 809 行.
NOTIC: [2] Trying to access array offset on value of type null /Users/gangliu/data/catdesk_workspace/yilan/App/Home/Controller/GoodsController.class.php 第 809 行.
NOTIC: [2] Trying to access array offset on value of type null /Users/gangliu/data/catdesk_workspace/yilan/App/Home/Controller/GoodsController.class.php 第 810 行.
NOTIC: [2] Trying to access array offset on value of type null /Users/gangliu/data/catdesk_workspace/yilan/App/Home/Controller/GoodsController.class.php 第 810 行.
NOTIC: [2] Trying to access array offset on value of type null /Users/gangliu/data/catdesk_workspace/yilan/App/Home/Controller/GoodsController.class.php 第 810 行.
SQL: SHOW COLUMNS FROM `new_tax` [ RunTime:0.0027s ]
SQL: SELECT * FROM `new_tax` WHERE `is_del` = 1  [ RunTime:0.0007s ]
SQL: SHOW COLUMNS FROM `plate_conts_price` [ RunTime:0.0024s ]
SQL: SELECT * FROM `plate_conts_price` WHERE `blank_id` = 1740 AND `is_del` = 1 ORDER BY sort asc, id asc  [ RunTime:0.0007s ]
SQL: SELECT * FROM `plate_conts_blank` WHERE `pid` = 1 AND `status` = 1 ORDER BY sorts asc, cat_index asc  [ RunTime:0.0005s ]
SQL: SHOW COLUMNS FROM `plate_conts_blank_group` [ RunTime:0.0019s ]
SQL: SELECT * FROM `plate_conts_blank_group` WHERE `pid` = 0 ORDER BY sort asc, id asc  [ RunTime:0.0010s ]
ERR: {"status":1,"msg":"\u83b7\u53d6\u6210\u529f","data":{"info":{"id":1740,"pid":1,"group_id":5,"catname":"\u4e5d\u6298\u6807\u51c6","cat_index":2,"source":["677187340b61b.png"],"sorts":null,"gimage":"677187340b3d7.png","gnames":"\u94dc\u82af\u4ea4\u8054\u805a\u4e59\u70ef\u7edd\u7f18\u805a\u6c2f\u4e59\u70ef\u62a4\u5957\u963b\u71c3\u7535\u7f06\u3010\u4e5d\u6298\u6807\u51c6\u3011","up_a":"0.0","down_a":"0.0","up_b":"0.0","down_b":"0.0","up_c":"0.0","down_c":"0.0","up_d":"0.0","down_d":"0.0","up_e":"0.0","down_e":"0.0","up_f":"0.0","down_f":"0.0","ticket_nor":3,"ticket_person":11,"status":1,"uptimes":1781228972,"times":1781228972,"new_tax_id":1},"key":{"keya":null,"keyb":null,"keyc":null,"keyd":null,"keye":null,"keyf":null,"keyg":null,"keyh":null},"list":[],"tax_list":[{"id":1,"pid":0,"name":"\u7535\u529b\u7535\u7f06\u7a0e\u7387\u53d1\u7968","alias_name":"","normal_tax":"3.00","special_tax":"11.00","status":1,"is_del":1,"add_time":0,"up_time":0},{"id":2,"pid":0,"name":"\u5bb6\u88c5\u7535\u7ebf\u7a0e\u7387","alias_name":"","normal_tax":"3.00","special_tax":"10.00","status":1,"is_del":1,"add_time":0,"up_time":0},{"id":3,"pid":0,"name":"\u521a\u6027\u9632\u706b\u7535\u7f06\u7a0e\u7387","alias_name":"","normal_tax":"3.00","special_tax":"9.00","status":1,"is_del":1,"add_time":0,"up_time":0},{"id":9,"pid":0,"name":"\u6a61\u5957\u7535\u7f06\u7a0e\u7387","alias_name":"","normal_tax":"3.00","special_tax":"11.00","status":1,"is_del":1,"add_time":0,"up_time":0},{"id":10,"pid":0,"name":"\u77ff\u7528\u6a61\u80f6\u7535\u7f06\u7a0e\u7387","alias_name":"","normal_tax":"4.00","special_tax":"12.00","status":1,"is_del":1,"add_time":0,"up_time":0}],"price_list":[{"id":2651,"plate_conts_id":1,"new_cate_one_id":1,"new_cate_two_id":355,"new_cate_three_id":356,"name":"\u94dc\u82af\u5bfc\u4f53","ratio":"0.90","sort":1000,"is_del":1,"cat_index":2,"blank_id":1740},{"id":2652,"plate_conts_id":1,"new_cate_one_id":1,"new_cate_two_id":355,"new_cate_three_id":362,"name":"\u8f90\u7167\u4ea4\u8054\u7edd\u7f18","ratio":"1.00","sort":1000,"is_del":1,"cat_index":2,"blank_id":1740},{"id":2653,"plate_conts_id":1,"new_cate_one_id":1,"new_cate_two_id":355,"new_cate_three_id":371,"name":"PVC\u62a4\u5957","ratio":"1.00","sort":1000,"is_del":1,"cat_index":2,"blank_id":1740}],"all_blanks":[{"id":1740,"pid":1,"group_id":5,"catname":"\u4e5d\u6298\u6807\u51c6","cat_index":2,"source":"[\"677187340b61b.png\"]","sorts":null,"gimage":"677187340b3d7.png","gnames":"\u94dc\u82af\u4ea4\u8054\u805a\u4e59\u70ef\u7edd\u7f18\u805a\u6c2f\u4e59\u70ef\u62a4\u5957\u963b\u71c3\u7535\u7f06\u3010\u4e5d\u6298\u6807\u51c6\u3011","up_a":"0.0","down_a":"0.0","up_b":"0.0","down_b":"0.0","up_c":"0.0","down_c":"0.0","up_d":"0.0","down_d":"0.0","up_e":"0.0","down_e":"0.0","up_f":"0.0","down_f":"0.0","ticket_nor":3,"ticket_person":11,"status":1,"uptimes":1781228972,"times":1781228972,"new_tax_id":1},{"id":1741,"pid":1,"group_id":5,"catname":"\u516b\u6298\u6807\u51c6","cat_index":3,"source":"[\"677187340b61b.png\"]","sorts":null,"gimage":"677187340b3d7.png","gnames":"\u94dc\u82af\u4ea4\u8054\u805a\u4e59\u70ef\u7edd\u7f18\u805a\u6c2f\u4e59\u70ef\u62a4\u5957\u963b\u71c3\u7535\u7f06\u3010\u4e5d\u6298\u6807\u51c6\u3011","up_a":"0.0","down_a":"0.0","up_b":"0.0","down_b":"0.0","up_c":"0.0","down_c":"0.0","up_d":"0.0","down_d":"0.0","up_e":"0.0","down_e":"0.0","up_f":"0.0","down_f":"0.0","ticket_nor":3,"ticket_person":11,"status":1,"uptimes":1781228972,"times":1781228972,"new_tax_id":1},{"id":1739,"pid":1,"group_id":5,"catname":"\u5546\u54c1","cat_index":1,"source":"[\"6a2bd1928b6ed.png\"]","sorts":0,"gimage":"6a2bcd01617ca.png","gnames":"\u94dc\u82af\u4ea4\u8054\u805a\u4e59\u70ef\u7edd\u7f18\u805a\u6c2f\u4e59\u70ef\u62a4\u5957\u963b\u71c3\u7535\u7f06\u3010\u4e5d\u6298\u6807\u51c6\u3011","up_a":"0.0","down_a":"0.0","up_b":"0.0","down_b":"0.0","up_c":"0.0","down_c":"0.0","up_d":"0.0","down_d":"0.0","up_e":"0.0","down_e":"0.0","up_f":"0.0","down_f":"0.0","ticket_nor":3,"ticket_person":11,"status":1,"uptimes":1781256594,"times":1781095065,"new_tax_id":1}],"group_list":[{"id":1,"pid":0,"name":"\u6807\u51c61\u9009\u9879\u5361","ratio":"1.000000","sort":1,"add_time":1781435857,"up_time":1781435857},{"id":5,"pid":0,"name":"\u6807\u51c61\u9009\u9879\u5361","ratio":"1.000000","sort":1,"add_time":1781423342,"up_time":1781423342},{"id":2,"pid":0,"name":"\u6807\u51c62\u9009\u9879\u5361","ratio":"1.000000","sort":2,"add_time":1781435857,"up_time":1781435857},{"id":6,"pid":0,"name":"\u6807\u51c62\u9009\u9879\u5361","ratio":"1.000000","sort":2,"add_time":1781423342,"up_time":1781423342},{"id":7,"pid":0,"name":"\u6807\u51c63\u9009\u9879\u5361","ratio":"1.000000","sort":3,"add_time":1781423342,"up_time":1781423342},{"id":8,"pid":0,"name":"\u6807\u51c64\u9009\u9879\u5361","ratio":"1.000000","sort":4,"add_time":1781423342,"up_time":1781423342},{"id":9,"pid":0,"name":"\u6807\u51c65\u9009\u9879\u5361","ratio":"1.000000","sort":5,"add_time":1781423342,"up_time":1781423342},{"id":10,"pid":0,"name":"\u6807\u51c66\u9009\u9879\u5361","ratio":"1.000000","sort":6,"add_time":1781423342,"up_time":1781423342},{"id":11,"pid":0,"name":"\u6807\u51c67\u9009\u9879\u5361","ratio":"1.000000","sort":7,"add_time":1781423342,"up_time":1781423342},{"id":12,"pid":0,"name":"\u6807\u51c68\u9009\u9879\u5361","ratio":"1.000000","sort":8,"add_time":1781423342,"up_time":1781423342},{"id":13,"pid":0,"name":"\u6807\u51c69\u9009\u9879\u5361","ratio":"1.000000","sort":9,"add_time":1781423342,"up_time":1781423342},{"id":14,"pid":0,"name":"\u6807\u51c610\u9009\u9879\u5361","ratio":"1.000000","sort":10,"add_time":1781423342,"up_time":1781423342}]}}

[ 2026-06-16T17:41:35+08:00 ] ::1 /Home/Goods/plate_conts_list/id/1.html
INFO: [ app_init ] --START--
INFO: Run Behavior\BuildLiteBehavior [ RunTime:0.000016s ]
INFO: [ app_init ] --END-- [ RunTime:0.000669s ]
INFO: [ app_begin ] --START--
INFO: Run Behavior\ReadHtmlCacheBehavior [ RunTime:0.000052s ]
INFO: [ app_begin ] --END-- [ RunTime:0.000071s ]
SQL: SHOW COLUMNS FROM `plate_conts` [ RunTime:0.0382s ]
SQL: SHOW COLUMNS FROM `sys_tmps` [ RunTime:0.0029s ]
SQL: SELECT * FROM `plate_conts` WHERE `id` = 1 LIMIT 1   [ RunTime:0.0051s ]
SQL: SELECT * FROM `sys_tmps` WHERE `types` = 2 ORDER BY id desc  [ RunTime:0.0017s ]
INFO: [ view_parse ] --START--
INFO: [ template_filter ] --START--
INFO: Run Behavior\ContentReplaceBehavior [ RunTime:0.000303s ]
INFO: [ template_filter ] --END-- [ RunTime:0.000364s ]
INFO: Run Behavior\ParseTemplateBehavior [ RunTime:0.019030s ]
INFO: [ view_parse ] --END-- [ RunTime:0.019112s ]
INFO: [ view_filter ] --START--
INFO: Run Behavior\WriteHtmlCacheBehavior [ RunTime:0.000193s ]
INFO: [ view_filter ] --END-- [ RunTime:0.000216s ]
INFO: [ app_end ] --START--
INFO: Run Behavior\ShowPageTraceBehavior [ RunTime:0.000258s ]
INFO: [ app_end ] --END-- [ RunTime:0.000341s ]

[ 2026-06-16T17:41:36+08:00 ] ::1 /Home/Goods/plate_conts_blankr.html
INFO: [ app_init ] --START--
INFO: Run Behavior\BuildLiteBehavior [ RunTime:0.000005s ]
INFO: [ app_init ] --END-- [ RunTime:0.000052s ]
INFO: [ app_begin ] --START--
INFO: Run Behavior\ReadHtmlCacheBehavior [ RunTime:0.000035s ]
INFO: [ app_begin ] --END-- [ RunTime:0.000064s ]
SQL: SHOW COLUMNS FROM `plate_conts_blank` [ RunTime:0.0050s ]
SQL: SHOW COLUMNS FROM `plate_conts_logs` [ RunTime:0.0039s ]
SQL: SHOW COLUMNS FROM `plate_conts_logsr` [ RunTime:0.0026s ]
SQL: SELECT * FROM `plate_conts_blank` WHERE `pid` = 1 AND `cat_index` = 1 AND `status` = 1 LIMIT 1   [ RunTime:0.0277s ]
SQL: SELECT * FROM `plate_conts_logs` WHERE `blank_id` = 1739 ORDER BY number asc,id asc  [ RunTime:0.0013s ]
SQL: SELECT `key_0` FROM `plate_conts_logs` WHERE `blank_id` = 1739 GROUP BY key_0 LIMIT 1   [ RunTime:0.0008s ]
SQL: SELECT `key_1` FROM `plate_conts_logs` WHERE `blank_id` = 1739 GROUP BY key_1 LIMIT 1   [ RunTime:0.0007s ]
SQL: SELECT `key_2` FROM `plate_conts_logs` WHERE `blank_id` = 1739 GROUP BY key_2 LIMIT 1   [ RunTime:0.0011s ]
SQL: SELECT `key_3` FROM `plate_conts_logs` WHERE `blank_id` = 1739 GROUP BY key_3 LIMIT 1   [ RunTime:0.0008s ]
SQL: SELECT `key_4` FROM `plate_conts_logs` WHERE `blank_id` = 1739 GROUP BY key_4 LIMIT 1   [ RunTime:0.0006s ]
SQL: SELECT `key_5` FROM `plate_conts_logs` WHERE `blank_id` = 1739 GROUP BY key_5 LIMIT 1   [ RunTime:0.0005s ]
SQL: SELECT `key_6` FROM `plate_conts_logs` WHERE `blank_id` = 1739 GROUP BY key_6 LIMIT 1   [ RunTime:0.0004s ]
SQL: SELECT `key_7` FROM `plate_conts_logs` WHERE `blank_id` = 1739 GROUP BY key_7 LIMIT 1   [ RunTime:0.0003s ]
NOTIC: [2] Trying to access array offset on value of type null /Users/gangliu/data/catdesk_workspace/yilan/App/Home/Controller/GoodsController.class.php 第 808 行.
NOTIC: [2] Trying to access array offset on value of type null /Users/gangliu/data/catdesk_workspace/yilan/App/Home/Controller/GoodsController.class.php 第 808 行.
NOTIC: [2] Trying to access array offset on value of type null /Users/gangliu/data/catdesk_workspace/yilan/App/Home/Controller/GoodsController.class.php 第 808 行.
NOTIC: [2] Trying to access array offset on value of type null /Users/gangliu/data/catdesk_workspace/yilan/App/Home/Controller/GoodsController.class.php 第 809 行.
NOTIC: [2] Trying to access array offset on value of type null /Users/gangliu/data/catdesk_workspace/yilan/App/Home/Controller/GoodsController.class.php 第 809 行.
NOTIC: [2] Trying to access array offset on value of type null /Users/gangliu/data/catdesk_workspace/yilan/App/Home/Controller/GoodsController.class.php 第 810 行.
NOTIC: [2] Trying to access array offset on value of type null /Users/gangliu/data/catdesk_workspace/yilan/App/Home/Controller/GoodsController.class.php 第 810 行.
NOTIC: [2] Trying to access array offset on value of type null /Users/gangliu/data/catdesk_workspace/yilan/App/Home/Controller/GoodsController.class.php 第 810 行.
SQL: SHOW COLUMNS FROM `new_tax` [ RunTime:0.0034s ]
SQL: SELECT * FROM `new_tax` WHERE `is_del` = 1  [ RunTime:0.0010s ]
SQL: SHOW COLUMNS FROM `plate_conts_price` [ RunTime:0.0028s ]
SQL: SELECT * FROM `plate_conts_price` WHERE `blank_id` = 1739 AND `is_del` = 1 ORDER BY sort asc, id asc  [ RunTime:0.0020s ]
SQL: SELECT * FROM `plate_conts_blank` WHERE `pid` = 1 AND `status` = 1 ORDER BY sorts asc, cat_index asc  [ RunTime:0.0010s ]
SQL: SHOW COLUMNS FROM `plate_conts_blank_group` [ RunTime:0.0027s ]
SQL: SELECT * FROM `plate_conts_blank_group` WHERE `pid` = 0 ORDER BY sort asc, id asc  [ RunTime:0.0015s ]
ERR: {"status":1,"msg":"\u83b7\u53d6\u6210\u529f","data":{"info":{"id":1739,"pid":1,"group_id":5,"catname":"\u5546\u54c1","cat_index":1,"source":["6a2bd1928b6ed.png"],"sorts":0,"gimage":"6a2bcd01617ca.png","gnames":"\u94dc\u82af\u4ea4\u8054\u805a\u4e59\u70ef\u7edd\u7f18\u805a\u6c2f\u4e59\u70ef\u62a4\u5957\u963b\u71c3\u7535\u7f06\u3010\u4e5d\u6298\u6807\u51c6\u3011","up_a":"0.0","down_a":"0.0","up_b":"0.0","down_b":"0.0","up_c":"0.0","down_c":"0.0","up_d":"0.0","down_d":"0.0","up_e":"0.0","down_e":"0.0","up_f":"0.0","down_f":"0.0","ticket_nor":3,"ticket_person":11,"status":1,"uptimes":1781256594,"times":1781095065,"new_tax_id":1},"key":{"keya":null,"keyb":null,"keyc":null,"keyd":null,"keye":null,"keyf":null,"keyg":null,"keyh":null},"list":[],"tax_list":[{"id":1,"pid":0,"name":"\u7535\u529b\u7535\u7f06\u7a0e\u7387\u53d1\u7968","alias_name":"","normal_tax":"3.00","special_tax":"11.00","status":1,"is_del":1,"add_time":0,"up_time":0},{"id":2,"pid":0,"name":"\u5bb6\u88c5\u7535\u7ebf\u7a0e\u7387","alias_name":"","normal_tax":"3.00","special_tax":"10.00","status":1,"is_del":1,"add_time":0,"up_time":0},{"id":3,"pid":0,"name":"\u521a\u6027\u9632\u706b\u7535\u7f06\u7a0e\u7387","alias_name":"","normal_tax":"3.00","special_tax":"9.00","status":1,"is_del":1,"add_time":0,"up_time":0},{"id":9,"pid":0,"name":"\u6a61\u5957\u7535\u7f06\u7a0e\u7387","alias_name":"","normal_tax":"3.00","special_tax":"11.00","status":1,"is_del":1,"add_time":0,"up_time":0},{"id":10,"pid":0,"name":"\u77ff\u7528\u6a61\u80f6\u7535\u7f06\u7a0e\u7387","alias_name":"","normal_tax":"4.00","special_tax":"12.00","status":1,"is_del":1,"add_time":0,"up_time":0}],"price_list":[{"id":2648,"plate_conts_id":1,"new_cate_one_id":1,"new_cate_two_id":355,"new_cate_three_id":356,"name":"\u94dc\u82af\u5bfc\u4f53","ratio":"1.00","sort":1000,"is_del":1,"cat_index":1,"blank_id":1739},{"id":2649,"plate_conts_id":1,"new_cate_one_id":1,"new_cate_two_id":355,"new_cate_three_id":362,"name":"\u8f90\u7167\u4ea4\u8054\u7edd\u7f18","ratio":"1.00","sort":1000,"is_del":1,"cat_index":1,"blank_id":1739},{"id":2650,"plate_conts_id":1,"new_cate_one_id":1,"new_cate_two_id":355,"new_cate_three_id":371,"name":"PVC\u62a4\u5957","ratio":"1.00","sort":1000,"is_del":1,"cat_index":1,"blank_id":1739},{"id":7812,"plate_conts_id":1,"new_cate_one_id":1,"new_cate_two_id":355,"new_cate_three_id":356,"name":"\u94dc\u82af\u5bfc\u4f53","ratio":"0.90","sort":1000,"is_del":1,"cat_index":1,"blank_id":1739},{"id":7813,"plate_conts_id":1,"new_cate_one_id":1,"new_cate_two_id":355,"new_cate_three_id":362,"name":"\u8f90\u7167\u4ea4\u8054\u7edd\u7f18","ratio":"1.00","sort":1000,"is_del":1,"cat_index":1,"blank_id":1739}],"all_blanks":[{"id":1740,"pid":1,"group_id":5,"catname":"\u4e5d\u6298\u6807\u51c6","cat_index":2,"source":"[\"677187340b61b.png\"]","sorts":null,"gimage":"677187340b3d7.png","gnames":"\u94dc\u82af\u4ea4\u8054\u805a\u4e59\u70ef\u7edd\u7f18\u805a\u6c2f\u4e59\u70ef\u62a4\u5957\u963b\u71c3\u7535\u7f06\u3010\u4e5d\u6298\u6807\u51c6\u3011","up_a":"0.0","down_a":"0.0","up_b":"0.0","down_b":"0.0","up_c":"0.0","down_c":"0.0","up_d":"0.0","down_d":"0.0","up_e":"0.0","down_e":"0.0","up_f":"0.0","down_f":"0.0","ticket_nor":3,"ticket_person":11,"status":1,"uptimes":1781228972,"times":1781228972,"new_tax_id":1},{"id":1741,"pid":1,"group_id":5,"catname":"\u516b\u6298\u6807\u51c6","cat_index":3,"source":"[\"677187340b61b.png\"]","sorts":null,"gimage":"677187340b3d7.png","gnames":"\u94dc\u82af\u4ea4\u8054\u805a\u4e59\u70ef\u7edd\u7f18\u805a\u6c2f\u4e59\u70ef\u62a4\u5957\u963b\u71c3\u7535\u7f06\u3010\u4e5d\u6298\u6807\u51c6\u3011","up_a":"0.0","down_a":"0.0","up_b":"0.0","down_b":"0.0","up_c":"0.0","down_c":"0.0","up_d":"0.0","down_d":"0.0","up_e":"0.0","down_e":"0.0","up_f":"0.0","down_f":"0.0","ticket_nor":3,"ticket_person":11,"status":1,"uptimes":1781228972,"times":1781228972,"new_tax_id":1},{"id":1739,"pid":1,"group_id":5,"catname":"\u5546\u54c1","cat_index":1,"source":"[\"6a2bd1928b6ed.png\"]","sorts":0,"gimage":"6a2bcd01617ca.png","gnames":"\u94dc\u82af\u4ea4\u8054\u805a\u4e59\u70ef\u7edd\u7f18\u805a\u6c2f\u4e59\u70ef\u62a4\u5957\u963b\u71c3\u7535\u7f06\u3010\u4e5d\u6298\u6807\u51c6\u3011","up_a":"0.0","down_a":"0.0","up_b":"0.0","down_b":"0.0","up_c":"0.0","down_c":"0.0","up_d":"0.0","down_d":"0.0","up_e":"0.0","down_e":"0.0","up_f":"0.0","down_f":"0.0","ticket_nor":3,"ticket_person":11,"status":1,"uptimes":1781256594,"times":1781095065,"new_tax_id":1}],"group_list":[{"id":1,"pid":0,"name":"\u6807\u51c61\u9009\u9879\u5361","ratio":"1.000000","sort":1,"add_time":1781435857,"up_time":1781435857},{"id":5,"pid":0,"name":"\u6807\u51c61\u9009\u9879\u5361","ratio":"1.000000","sort":1,"add_time":1781423342,"up_time":1781423342},{"id":2,"pid":0,"name":"\u6807\u51c62\u9009\u9879\u5361","ratio":"1.000000","sort":2,"add_time":1781435857,"up_time":1781435857},{"id":6,"pid":0,"name":"\u6807\u51c62\u9009\u9879\u5361","ratio":"1.000000","sort":2,"add_time":1781423342,"up_time":1781423342},{"id":7,"pid":0,"name":"\u6807\u51c63\u9009\u9879\u5361","ratio":"1.000000","sort":3,"add_time":1781423342,"up_time":1781423342},{"id":8,"pid":0,"name":"\u6807\u51c64\u9009\u9879\u5361","ratio":"1.000000","sort":4,"add_time":1781423342,"up_time":1781423342},{"id":9,"pid":0,"name":"\u6807\u51c65\u9009\u9879\u5361","ratio":"1.000000","sort":5,"add_time":1781423342,"up_time":1781423342},{"id":10,"pid":0,"name":"\u6807\u51c66\u9009\u9879\u5361","ratio":"1.000000","sort":6,"add_time":1781423342,"up_time":1781423342},{"id":11,"pid":0,"name":"\u6807\u51c67\u9009\u9879\u5361","ratio":"1.000000","sort":7,"add_time":1781423342,"up_time":1781423342},{"id":12,"pid":0,"name":"\u6807\u51c68\u9009\u9879\u5361","ratio":"1.000000","sort":8,"add_time":1781423342,"up_time":1781423342},{"id":13,"pid":0,"name":"\u6807\u51c69\u9009\u9879\u5361","ratio":"1.000000","sort":9,"add_time":1781423342,"up_time":1781423342},{"id":14,"pid":0,"name":"\u6807\u51c610\u9009\u9879\u5361","ratio":"1.000000","sort":10,"add_time":1781423342,"up_time":1781423342}]}}

[ 2026-06-16T17:41:37+08:00 ] ::1 /Home/Goods/plate_conts_list/id/1.html
INFO: [ app_init ] --START--
INFO: Run Behavior\BuildLiteBehavior [ RunTime:0.000006s ]
INFO: [ app_init ] --END-- [ RunTime:0.000050s ]
INFO: [ app_begin ] --START--
INFO: Run Behavior\ReadHtmlCacheBehavior [ RunTime:0.000033s ]
INFO: [ app_begin ] --END-- [ RunTime:0.000056s ]
SQL: SHOW COLUMNS FROM `plate_conts` [ RunTime:0.0483s ]
SQL: SHOW COLUMNS FROM `sys_tmps` [ RunTime:0.0034s ]
SQL: SELECT * FROM `plate_conts` WHERE `id` = 1 LIMIT 1   [ RunTime:0.0007s ]
SQL: SELECT * FROM `sys_tmps` WHERE `types` = 2 ORDER BY id desc  [ RunTime:0.0013s ]
INFO: [ view_parse ] --START--
INFO: [ template_filter ] --START--
INFO: Run Behavior\ContentReplaceBehavior [ RunTime:0.000380s ]
INFO: [ template_filter ] --END-- [ RunTime:0.000449s ]
INFO: Run Behavior\ParseTemplateBehavior [ RunTime:0.009533s ]
INFO: [ view_parse ] --END-- [ RunTime:0.009604s ]
INFO: [ view_filter ] --START--
INFO: Run Behavior\WriteHtmlCacheBehavior [ RunTime:0.000082s ]
INFO: [ view_filter ] --END-- [ RunTime:0.000097s ]
INFO: [ app_end ] --START--
INFO: Run Behavior\ShowPageTraceBehavior [ RunTime:0.000088s ]
INFO: [ app_end ] --END-- [ RunTime:0.000130s ]

[ 2026-06-16T17:41:37+08:00 ] ::1 /Home/Goods/plate_conts_blankr.html
INFO: [ app_init ] --START--
INFO: Run Behavior\BuildLiteBehavior [ RunTime:0.000004s ]
INFO: [ app_init ] --END-- [ RunTime:0.000043s ]
INFO: [ app_begin ] --START--
INFO: Run Behavior\ReadHtmlCacheBehavior [ RunTime:0.000025s ]
INFO: [ app_begin ] --END-- [ RunTime:0.000042s ]
SQL: SHOW COLUMNS FROM `plate_conts_blank` [ RunTime:0.0031s ]
SQL: SHOW COLUMNS FROM `plate_conts_logs` [ RunTime:0.0040s ]
SQL: SHOW COLUMNS FROM `plate_conts_logsr` [ RunTime:0.0032s ]
SQL: SELECT * FROM `plate_conts_blank` WHERE `pid` = 1 AND `cat_index` = 1 AND `status` = 1 LIMIT 1   [ RunTime:0.0014s ]
SQL: SELECT * FROM `plate_conts_logs` WHERE `blank_id` = 1739 ORDER BY number asc,id asc  [ RunTime:0.0034s ]
SQL: SELECT `key_0` FROM `plate_conts_logs` WHERE `blank_id` = 1739 GROUP BY key_0 LIMIT 1   [ RunTime:0.0008s ]
SQL: SELECT `key_1` FROM `plate_conts_logs` WHERE `blank_id` = 1739 GROUP BY key_1 LIMIT 1   [ RunTime:0.0004s ]
SQL: SELECT `key_2` FROM `plate_conts_logs` WHERE `blank_id` = 1739 GROUP BY key_2 LIMIT 1   [ RunTime:0.0004s ]
SQL: SELECT `key_3` FROM `plate_conts_logs` WHERE `blank_id` = 1739 GROUP BY key_3 LIMIT 1   [ RunTime:0.0358s ]
SQL: SELECT `key_4` FROM `plate_conts_logs` WHERE `blank_id` = 1739 GROUP BY key_4 LIMIT 1   [ RunTime:0.0007s ]
SQL: SELECT `key_5` FROM `plate_conts_logs` WHERE `blank_id` = 1739 GROUP BY key_5 LIMIT 1   [ RunTime:0.0004s ]
SQL: SELECT `key_6` FROM `plate_conts_logs` WHERE `blank_id` = 1739 GROUP BY key_6 LIMIT 1   [ RunTime:0.0011s ]
SQL: SELECT `key_7` FROM `plate_conts_logs` WHERE `blank_id` = 1739 GROUP BY key_7 LIMIT 1   [ RunTime:0.0005s ]
NOTIC: [2] Trying to access array offset on value of type null /Users/gangliu/data/catdesk_workspace/yilan/App/Home/Controller/GoodsController.class.php 第 808 行.
NOTIC: [2] Trying to access array offset on value of type null /Users/gangliu/data/catdesk_workspace/yilan/App/Home/Controller/GoodsController.class.php 第 808 行.
NOTIC: [2] Trying to access array offset on value of type null /Users/gangliu/data/catdesk_workspace/yilan/App/Home/Controller/GoodsController.class.php 第 808 行.
NOTIC: [2] Trying to access array offset on value of type null /Users/gangliu/data/catdesk_workspace/yilan/App/Home/Controller/GoodsController.class.php 第 809 行.
NOTIC: [2] Trying to access array offset on value of type null /Users/gangliu/data/catdesk_workspace/yilan/App/Home/Controller/GoodsController.class.php 第 809 行.
NOTIC: [2] Trying to access array offset on value of type null /Users/gangliu/data/catdesk_workspace/yilan/App/Home/Controller/GoodsController.class.php 第 810 行.
NOTIC: [2] Trying to access array offset on value of type null /Users/gangliu/data/catdesk_workspace/yilan/App/Home/Controller/GoodsController.class.php 第 810 行.
NOTIC: [2] Trying to access array offset on value of type null /Users/gangliu/data/catdesk_workspace/yilan/App/Home/Controller/GoodsController.class.php 第 810 行.
SQL: SHOW COLUMNS FROM `new_tax` [ RunTime:0.0019s ]
SQL: SELECT * FROM `new_tax` WHERE `is_del` = 1  [ RunTime:0.0006s ]
SQL: SHOW COLUMNS FROM `plate_conts_price` [ RunTime:0.0414s ]
SQL: SELECT * FROM `plate_conts_price` WHERE `blank_id` = 1739 AND `is_del` = 1 ORDER BY sort asc, id asc  [ RunTime:0.0010s ]
SQL: SELECT * FROM `plate_conts_blank` WHERE `pid` = 1 AND `status` = 1 ORDER BY sorts asc, cat_index asc  [ RunTime:0.0011s ]
SQL: SHOW COLUMNS FROM `plate_conts_blank_group` [ RunTime:0.0029s ]
SQL: SELECT * FROM `plate_conts_blank_group` WHERE `pid` = 0 ORDER BY sort asc, id asc  [ RunTime:0.0009s ]
ERR: {"status":1,"msg":"\u83b7\u53d6\u6210\u529f","data":{"info":{"id":1739,"pid":1,"group_id":5,"catname":"\u5546\u54c1","cat_index":1,"source":["6a2bd1928b6ed.png"],"sorts":0,"gimage":"6a2bcd01617ca.png","gnames":"\u94dc\u82af\u4ea4\u8054\u805a\u4e59\u70ef\u7edd\u7f18\u805a\u6c2f\u4e59\u70ef\u62a4\u5957\u963b\u71c3\u7535\u7f06\u3010\u4e5d\u6298\u6807\u51c6\u3011","up_a":"0.0","down_a":"0.0","up_b":"0.0","down_b":"0.0","up_c":"0.0","down_c":"0.0","up_d":"0.0","down_d":"0.0","up_e":"0.0","down_e":"0.0","up_f":"0.0","down_f":"0.0","ticket_nor":3,"ticket_person":11,"status":1,"uptimes":1781256594,"times":1781095065,"new_tax_id":1},"key":{"keya":null,"keyb":null,"keyc":null,"keyd":null,"keye":null,"keyf":null,"keyg":null,"keyh":null},"list":[],"tax_list":[{"id":1,"pid":0,"name":"\u7535\u529b\u7535\u7f06\u7a0e\u7387\u53d1\u7968","alias_name":"","normal_tax":"3.00","special_tax":"11.00","status":1,"is_del":1,"add_time":0,"up_time":0},{"id":2,"pid":0,"name":"\u5bb6\u88c5\u7535\u7ebf\u7a0e\u7387","alias_name":"","normal_tax":"3.00","special_tax":"10.00","status":1,"is_del":1,"add_time":0,"up_time":0},{"id":3,"pid":0,"name":"\u521a\u6027\u9632\u706b\u7535\u7f06\u7a0e\u7387","alias_name":"","normal_tax":"3.00","special_tax":"9.00","status":1,"is_del":1,"add_time":0,"up_time":0},{"id":9,"pid":0,"name":"\u6a61\u5957\u7535\u7f06\u7a0e\u7387","alias_name":"","normal_tax":"3.00","special_tax":"11.00","status":1,"is_del":1,"add_time":0,"up_time":0},{"id":10,"pid":0,"name":"\u77ff\u7528\u6a61\u80f6\u7535\u7f06\u7a0e\u7387","alias_name":"","normal_tax":"4.00","special_tax":"12.00","status":1,"is_del":1,"add_time":0,"up_time":0}],"price_list":[{"id":2648,"plate_conts_id":1,"new_cate_one_id":1,"new_cate_two_id":355,"new_cate_three_id":356,"name":"\u94dc\u82af\u5bfc\u4f53","ratio":"1.00","sort":1000,"is_del":1,"cat_index":1,"blank_id":1739},{"id":2649,"plate_conts_id":1,"new_cate_one_id":1,"new_cate_two_id":355,"new_cate_three_id":362,"name":"\u8f90\u7167\u4ea4\u8054\u7edd\u7f18","ratio":"1.00","sort":1000,"is_del":1,"cat_index":1,"blank_id":1739},{"id":2650,"plate_conts_id":1,"new_cate_one_id":1,"new_cate_two_id":355,"new_cate_three_id":371,"name":"PVC\u62a4\u5957","ratio":"1.00","sort":1000,"is_del":1,"cat_index":1,"blank_id":1739},{"id":7812,"plate_conts_id":1,"new_cate_one_id":1,"new_cate_two_id":355,"new_cate_three_id":356,"name":"\u94dc\u82af\u5bfc\u4f53","ratio":"0.90","sort":1000,"is_del":1,"cat_index":1,"blank_id":1739},{"id":7813,"plate_conts_id":1,"new_cate_one_id":1,"new_cate_two_id":355,"new_cate_three_id":362,"name":"\u8f90\u7167\u4ea4\u8054\u7edd\u7f18","ratio":"1.00","sort":1000,"is_del":1,"cat_index":1,"blank_id":1739}],"all_blanks":[{"id":1740,"pid":1,"group_id":5,"catname":"\u4e5d\u6298\u6807\u51c6","cat_index":2,"source":"[\"677187340b61b.png\"]","sorts":null,"gimage":"677187340b3d7.png","gnames":"\u94dc\u82af\u4ea4\u8054\u805a\u4e59\u70ef\u7edd\u7f18\u805a\u6c2f\u4e59\u70ef\u62a4\u5957\u963b\u71c3\u7535\u7f06\u3010\u4e5d\u6298\u6807\u51c6\u3011","up_a":"0.0","down_a":"0.0","up_b":"0.0","down_b":"0.0","up_c":"0.0","down_c":"0.0","up_d":"0.0","down_d":"0.0","up_e":"0.0","down_e":"0.0","up_f":"0.0","down_f":"0.0","ticket_nor":3,"ticket_person":11,"status":1,"uptimes":1781228972,"times":1781228972,"new_tax_id":1},{"id":1741,"pid":1,"group_id":5,"catname":"\u516b\u6298\u6807\u51c6","cat_index":3,"source":"[\"677187340b61b.png\"]","sorts":null,"gimage":"677187340b3d7.png","gnames":"\u94dc\u82af\u4ea4\u8054\u805a\u4e59\u70ef\u7edd\u7f18\u805a\u6c2f\u4e59\u70ef\u62a4\u5957\u963b\u71c3\u7535\u7f06\u3010\u4e5d\u6298\u6807\u51c6\u3011","up_a":"0.0","down_a":"0.0","up_b":"0.0","down_b":"0.0","up_c":"0.0","down_c":"0.0","up_d":"0.0","down_d":"0.0","up_e":"0.0","down_e":"0.0","up_f":"0.0","down_f":"0.0","ticket_nor":3,"ticket_person":11,"status":1,"uptimes":1781228972,"times":1781228972,"new_tax_id":1},{"id":1739,"pid":1,"group_id":5,"catname":"\u5546\u54c1","cat_index":1,"source":"[\"6a2bd1928b6ed.png\"]","sorts":0,"gimage":"6a2bcd01617ca.png","gnames":"\u94dc\u82af\u4ea4\u8054\u805a\u4e59\u70ef\u7edd\u7f18\u805a\u6c2f\u4e59\u70ef\u62a4\u5957\u963b\u71c3\u7535\u7f06\u3010\u4e5d\u6298\u6807\u51c6\u3011","up_a":"0.0","down_a":"0.0","up_b":"0.0","down_b":"0.0","up_c":"0.0","down_c":"0.0","up_d":"0.0","down_d":"0.0","up_e":"0.0","down_e":"0.0","up_f":"0.0","down_f":"0.0","ticket_nor":3,"ticket_person":11,"status":1,"uptimes":1781256594,"times":1781095065,"new_tax_id":1}],"group_list":[{"id":1,"pid":0,"name":"\u6807\u51c61\u9009\u9879\u5361","ratio":"1.000000","sort":1,"add_time":1781435857,"up_time":1781435857},{"id":5,"pid":0,"name":"\u6807\u51c61\u9009\u9879\u5361","ratio":"1.000000","sort":1,"add_time":1781423342,"up_time":1781423342},{"id":2,"pid":0,"name":"\u6807\u51c62\u9009\u9879\u5361","ratio":"1.000000","sort":2,"add_time":1781435857,"up_time":1781435857},{"id":6,"pid":0,"name":"\u6807\u51c62\u9009\u9879\u5361","ratio":"1.000000","sort":2,"add_time":1781423342,"up_time":1781423342},{"id":7,"pid":0,"name":"\u6807\u51c63\u9009\u9879\u5361","ratio":"1.000000","sort":3,"add_time":1781423342,"up_time":1781423342},{"id":8,"pid":0,"name":"\u6807\u51c64\u9009\u9879\u5361","ratio":"1.000000","sort":4,"add_time":1781423342,"up_time":1781423342},{"id":9,"pid":0,"name":"\u6807\u51c65\u9009\u9879\u5361","ratio":"1.000000","sort":5,"add_time":1781423342,"up_time":1781423342},{"id":10,"pid":0,"name":"\u6807\u51c66\u9009\u9879\u5361","ratio":"1.000000","sort":6,"add_time":1781423342,"up_time":1781423342},{"id":11,"pid":0,"name":"\u6807\u51c67\u9009\u9879\u5361","ratio":"1.000000","sort":7,"add_time":1781423342,"up_time":1781423342},{"id":12,"pid":0,"name":"\u6807\u51c68\u9009\u9879\u5361","ratio":"1.000000","sort":8,"add_time":1781423342,"up_time":1781423342},{"id":13,"pid":0,"name":"\u6807\u51c69\u9009\u9879\u5361","ratio":"1.000000","sort":9,"add_time":1781423342,"up_time":1781423342},{"id":14,"pid":0,"name":"\u6807\u51c610\u9009\u9879\u5361","ratio":"1.000000","sort":10,"add_time":1781423342,"up_time":1781423342}]}}

[ 2026-06-16T17:41:48+08:00 ] ::1 /Home/Goods/plate_conts_blankr.html
INFO: [ app_init ] --START--
INFO: Run Behavior\BuildLiteBehavior [ RunTime:0.000011s ]
INFO: [ app_init ] --END-- [ RunTime:0.000105s ]
INFO: [ app_begin ] --START--
INFO: Run Behavior\ReadHtmlCacheBehavior [ RunTime:0.000058s ]
INFO: [ app_begin ] --END-- [ RunTime:0.000099s ]
SQL: SHOW COLUMNS FROM `plate_conts_blank` [ RunTime:0.0037s ]
SQL: SHOW COLUMNS FROM `plate_conts_logs` [ RunTime:0.0032s ]
SQL: SHOW COLUMNS FROM `plate_conts_logsr` [ RunTime:0.0023s ]
SQL: SELECT * FROM `plate_conts_blank` WHERE `id` = 1740 AND `status` = 1 LIMIT 1   [ RunTime:0.0008s ]
SQL: SELECT * FROM `plate_conts_logs` WHERE `blank_id` = 1740 ORDER BY number asc,id asc  [ RunTime:0.0007s ]
SQL: SELECT `key_0` FROM `plate_conts_logs` WHERE `blank_id` = 1740 GROUP BY key_0 LIMIT 1   [ RunTime:0.0005s ]
SQL: SELECT `key_1` FROM `plate_conts_logs` WHERE `blank_id` = 1740 GROUP BY key_1 LIMIT 1   [ RunTime:0.0004s ]
SQL: SELECT `key_2` FROM `plate_conts_logs` WHERE `blank_id` = 1740 GROUP BY key_2 LIMIT 1   [ RunTime:0.0005s ]
SQL: SELECT `key_3` FROM `plate_conts_logs` WHERE `blank_id` = 1740 GROUP BY key_3 LIMIT 1   [ RunTime:0.0006s ]
SQL: SELECT `key_4` FROM `plate_conts_logs` WHERE `blank_id` = 1740 GROUP BY key_4 LIMIT 1   [ RunTime:0.0007s ]
SQL: SELECT `key_5` FROM `plate_conts_logs` WHERE `blank_id` = 1740 GROUP BY key_5 LIMIT 1   [ RunTime:0.0005s ]
SQL: SELECT `key_6` FROM `plate_conts_logs` WHERE `blank_id` = 1740 GROUP BY key_6 LIMIT 1   [ RunTime:0.0005s ]
SQL: SELECT `key_7` FROM `plate_conts_logs` WHERE `blank_id` = 1740 GROUP BY key_7 LIMIT 1   [ RunTime:0.0003s ]
NOTIC: [2] Trying to access array offset on value of type null /Users/gangliu/data/catdesk_workspace/yilan/App/Home/Controller/GoodsController.class.php 第 808 行.
NOTIC: [2] Trying to access array offset on value of type null /Users/gangliu/data/catdesk_workspace/yilan/App/Home/Controller/GoodsController.class.php 第 808 行.
NOTIC: [2] Trying to access array offset on value of type null /Users/gangliu/data/catdesk_workspace/yilan/App/Home/Controller/GoodsController.class.php 第 808 行.
NOTIC: [2] Trying to access array offset on value of type null /Users/gangliu/data/catdesk_workspace/yilan/App/Home/Controller/GoodsController.class.php 第 809 行.
NOTIC: [2] Trying to access array offset on value of type null /Users/gangliu/data/catdesk_workspace/yilan/App/Home/Controller/GoodsController.class.php 第 809 行.
NOTIC: [2] Trying to access array offset on value of type null /Users/gangliu/data/catdesk_workspace/yilan/App/Home/Controller/GoodsController.class.php 第 810 行.
NOTIC: [2] Trying to access array offset on value of type null /Users/gangliu/data/catdesk_workspace/yilan/App/Home/Controller/GoodsController.class.php 第 810 行.
NOTIC: [2] Trying to access array offset on value of type null /Users/gangliu/data/catdesk_workspace/yilan/App/Home/Controller/GoodsController.class.php 第 810 行.
SQL: SHOW COLUMNS FROM `new_tax` [ RunTime:0.0032s ]
SQL: SELECT * FROM `new_tax` WHERE `is_del` = 1  [ RunTime:0.0010s ]
SQL: SHOW COLUMNS FROM `plate_conts_price` [ RunTime:0.0028s ]
SQL: SELECT * FROM `plate_conts_price` WHERE `blank_id` = 1740 AND `is_del` = 1 ORDER BY sort asc, id asc  [ RunTime:0.0008s ]
SQL: SELECT * FROM `plate_conts_blank` WHERE `pid` = 1 AND `status` = 1 ORDER BY sorts asc, cat_index asc  [ RunTime:0.0008s ]
SQL: SHOW COLUMNS FROM `plate_conts_blank_group` [ RunTime:0.0024s ]
SQL: SELECT * FROM `plate_conts_blank_group` WHERE `pid` = 0 ORDER BY sort asc, id asc  [ RunTime:0.0008s ]
ERR: {"status":1,"msg":"\u83b7\u53d6\u6210\u529f","data":{"info":{"id":1740,"pid":1,"group_id":5,"catname":"\u4e5d\u6298\u6807\u51c6","cat_index":2,"source":["677187340b61b.png"],"sorts":null,"gimage":"677187340b3d7.png","gnames":"\u94dc\u82af\u4ea4\u8054\u805a\u4e59\u70ef\u7edd\u7f18\u805a\u6c2f\u4e59\u70ef\u62a4\u5957\u963b\u71c3\u7535\u7f06\u3010\u4e5d\u6298\u6807\u51c6\u3011","up_a":"0.0","down_a":"0.0","up_b":"0.0","down_b":"0.0","up_c":"0.0","down_c":"0.0","up_d":"0.0","down_d":"0.0","up_e":"0.0","down_e":"0.0","up_f":"0.0","down_f":"0.0","ticket_nor":3,"ticket_person":11,"status":1,"uptimes":1781228972,"times":1781228972,"new_tax_id":1},"key":{"keya":null,"keyb":null,"keyc":null,"keyd":null,"keye":null,"keyf":null,"keyg":null,"keyh":null},"list":[],"tax_list":[{"id":1,"pid":0,"name":"\u7535\u529b\u7535\u7f06\u7a0e\u7387\u53d1\u7968","alias_name":"","normal_tax":"3.00","special_tax":"11.00","status":1,"is_del":1,"add_time":0,"up_time":0},{"id":2,"pid":0,"name":"\u5bb6\u88c5\u7535\u7ebf\u7a0e\u7387","alias_name":"","normal_tax":"3.00","special_tax":"10.00","status":1,"is_del":1,"add_time":0,"up_time":0},{"id":3,"pid":0,"name":"\u521a\u6027\u9632\u706b\u7535\u7f06\u7a0e\u7387","alias_name":"","normal_tax":"3.00","special_tax":"9.00","status":1,"is_del":1,"add_time":0,"up_time":0},{"id":9,"pid":0,"name":"\u6a61\u5957\u7535\u7f06\u7a0e\u7387","alias_name":"","normal_tax":"3.00","special_tax":"11.00","status":1,"is_del":1,"add_time":0,"up_time":0},{"id":10,"pid":0,"name":"\u77ff\u7528\u6a61\u80f6\u7535\u7f06\u7a0e\u7387","alias_name":"","normal_tax":"4.00","special_tax":"12.00","status":1,"is_del":1,"add_time":0,"up_time":0}],"price_list":[{"id":2651,"plate_conts_id":1,"new_cate_one_id":1,"new_cate_two_id":355,"new_cate_three_id":356,"name":"\u94dc\u82af\u5bfc\u4f53","ratio":"0.90","sort":1000,"is_del":1,"cat_index":2,"blank_id":1740},{"id":2652,"plate_conts_id":1,"new_cate_one_id":1,"new_cate_two_id":355,"new_cate_three_id":362,"name":"\u8f90\u7167\u4ea4\u8054\u7edd\u7f18","ratio":"1.00","sort":1000,"is_del":1,"cat_index":2,"blank_id":1740},{"id":2653,"plate_conts_id":1,"new_cate_one_id":1,"new_cate_two_id":355,"new_cate_three_id":371,"name":"PVC\u62a4\u5957","ratio":"1.00","sort":1000,"is_del":1,"cat_index":2,"blank_id":1740}],"all_blanks":[{"id":1740,"pid":1,"group_id":5,"catname":"\u4e5d\u6298\u6807\u51c6","cat_index":2,"source":"[\"677187340b61b.png\"]","sorts":null,"gimage":"677187340b3d7.png","gnames":"\u94dc\u82af\u4ea4\u8054\u805a\u4e59\u70ef\u7edd\u7f18\u805a\u6c2f\u4e59\u70ef\u62a4\u5957\u963b\u71c3\u7535\u7f06\u3010\u4e5d\u6298\u6807\u51c6\u3011","up_a":"0.0","down_a":"0.0","up_b":"0.0","down_b":"0.0","up_c":"0.0","down_c":"0.0","up_d":"0.0","down_d":"0.0","up_e":"0.0","down_e":"0.0","up_f":"0.0","down_f":"0.0","ticket_nor":3,"ticket_person":11,"status":1,"uptimes":1781228972,"times":1781228972,"new_tax_id":1},{"id":1741,"pid":1,"group_id":5,"catname":"\u516b\u6298\u6807\u51c6","cat_index":3,"source":"[\"677187340b61b.png\"]","sorts":null,"gimage":"677187340b3d7.png","gnames":"\u94dc\u82af\u4ea4\u8054\u805a\u4e59\u70ef\u7edd\u7f18\u805a\u6c2f\u4e59\u70ef\u62a4\u5957\u963b\u71c3\u7535\u7f06\u3010\u4e5d\u6298\u6807\u51c6\u3011","up_a":"0.0","down_a":"0.0","up_b":"0.0","down_b":"0.0","up_c":"0.0","down_c":"0.0","up_d":"0.0","down_d":"0.0","up_e":"0.0","down_e":"0.0","up_f":"0.0","down_f":"0.0","ticket_nor":3,"ticket_person":11,"status":1,"uptimes":1781228972,"times":1781228972,"new_tax_id":1},{"id":1739,"pid":1,"group_id":5,"catname":"\u5546\u54c1","cat_index":1,"source":"[\"6a2bd1928b6ed.png\"]","sorts":0,"gimage":"6a2bcd01617ca.png","gnames":"\u94dc\u82af\u4ea4\u8054\u805a\u4e59\u70ef\u7edd\u7f18\u805a\u6c2f\u4e59\u70ef\u62a4\u5957\u963b\u71c3\u7535\u7f06\u3010\u4e5d\u6298\u6807\u51c6\u3011","up_a":"0.0","down_a":"0.0","up_b":"0.0","down_b":"0.0","up_c":"0.0","down_c":"0.0","up_d":"0.0","down_d":"0.0","up_e":"0.0","down_e":"0.0","up_f":"0.0","down_f":"0.0","ticket_nor":3,"ticket_person":11,"status":1,"uptimes":1781256594,"times":1781095065,"new_tax_id":1}],"group_list":[{"id":1,"pid":0,"name":"\u6807\u51c61\u9009\u9879\u5361","ratio":"1.000000","sort":1,"add_time":1781435857,"up_time":1781435857},{"id":5,"pid":0,"name":"\u6807\u51c61\u9009\u9879\u5361","ratio":"1.000000","sort":1,"add_time":1781423342,"up_time":1781423342},{"id":2,"pid":0,"name":"\u6807\u51c62\u9009\u9879\u5361","ratio":"1.000000","sort":2,"add_time":1781435857,"up_time":1781435857},{"id":6,"pid":0,"name":"\u6807\u51c62\u9009\u9879\u5361","ratio":"1.000000","sort":2,"add_time":1781423342,"up_time":1781423342},{"id":7,"pid":0,"name":"\u6807\u51c63\u9009\u9879\u5361","ratio":"1.000000","sort":3,"add_time":1781423342,"up_time":1781423342},{"id":8,"pid":0,"name":"\u6807\u51c64\u9009\u9879\u5361","ratio":"1.000000","sort":4,"add_time":1781423342,"up_time":1781423342},{"id":9,"pid":0,"name":"\u6807\u51c65\u9009\u9879\u5361","ratio":"1.000000","sort":5,"add_time":1781423342,"up_time":1781423342},{"id":10,"pid":0,"name":"\u6807\u51c66\u9009\u9879\u5361","ratio":"1.000000","sort":6,"add_time":1781423342,"up_time":1781423342},{"id":11,"pid":0,"name":"\u6807\u51c67\u9009\u9879\u5361","ratio":"1.000000","sort":7,"add_time":1781423342,"up_time":1781423342},{"id":12,"pid":0,"name":"\u6807\u51c68\u9009\u9879\u5361","ratio":"1.000000","sort":8,"add_time":1781423342,"up_time":1781423342},{"id":13,"pid":0,"name":"\u6807\u51c69\u9009\u9879\u5361","ratio":"1.000000","sort":9,"add_time":1781423342,"up_time":1781423342},{"id":14,"pid":0,"name":"\u6807\u51c610\u9009\u9879\u5361","ratio":"1.000000","sort":10,"add_time":1781423342,"up_time":1781423342}]}}

[ 2026-06-16T17:41:52+08:00 ] ::1 /Home/Goods/plate_conts_blankr.html
INFO: [ app_init ] --START--
INFO: Run Behavior\BuildLiteBehavior [ RunTime:0.000004s ]
INFO: [ app_init ] --END-- [ RunTime:0.000046s ]
INFO: [ app_begin ] --START--
INFO: Run Behavior\ReadHtmlCacheBehavior [ RunTime:0.000017s ]
INFO: [ app_begin ] --END-- [ RunTime:0.000035s ]
SQL: SHOW COLUMNS FROM `plate_conts_blank` [ RunTime:0.0040s ]
SQL: SHOW COLUMNS FROM `plate_conts_logs` [ RunTime:0.0034s ]
SQL: SHOW COLUMNS FROM `plate_conts_logsr` [ RunTime:0.0044s ]
SQL: SELECT * FROM `plate_conts_blank` WHERE `id` = 1740 AND `status` = 1 LIMIT 1   [ RunTime:0.0013s ]
SQL: SELECT * FROM `plate_conts_logs` WHERE `blank_id` = 1740 ORDER BY number asc,id asc  [ RunTime:0.0014s ]
SQL: SELECT `key_0` FROM `plate_conts_logs` WHERE `blank_id` = 1740 GROUP BY key_0 LIMIT 1   [ RunTime:0.0009s ]
SQL: SELECT `key_1` FROM `plate_conts_logs` WHERE `blank_id` = 1740 GROUP BY key_1 LIMIT 1   [ RunTime:0.0449s ]
SQL: SELECT `key_2` FROM `plate_conts_logs` WHERE `blank_id` = 1740 GROUP BY key_2 LIMIT 1   [ RunTime:0.0005s ]
SQL: SELECT `key_3` FROM `plate_conts_logs` WHERE `blank_id` = 1740 GROUP BY key_3 LIMIT 1   [ RunTime:0.0006s ]
SQL: SELECT `key_4` FROM `plate_conts_logs` WHERE `blank_id` = 1740 GROUP BY key_4 LIMIT 1   [ RunTime:0.0038s ]
SQL: SELECT `key_5` FROM `plate_conts_logs` WHERE `blank_id` = 1740 GROUP BY key_5 LIMIT 1   [ RunTime:0.0012s ]
SQL: SELECT `key_6` FROM `plate_conts_logs` WHERE `blank_id` = 1740 GROUP BY key_6 LIMIT 1   [ RunTime:0.0005s ]
SQL: SELECT `key_7` FROM `plate_conts_logs` WHERE `blank_id` = 1740 GROUP BY key_7 LIMIT 1   [ RunTime:0.0007s ]
NOTIC: [2] Trying to access array offset on value of type null /Users/gangliu/data/catdesk_workspace/yilan/App/Home/Controller/GoodsController.class.php 第 808 行.
NOTIC: [2] Trying to access array offset on value of type null /Users/gangliu/data/catdesk_workspace/yilan/App/Home/Controller/GoodsController.class.php 第 808 行.
NOTIC: [2] Trying to access array offset on value of type null /Users/gangliu/data/catdesk_workspace/yilan/App/Home/Controller/GoodsController.class.php 第 808 行.
NOTIC: [2] Trying to access array offset on value of type null /Users/gangliu/data/catdesk_workspace/yilan/App/Home/Controller/GoodsController.class.php 第 809 行.
NOTIC: [2] Trying to access array offset on value of type null /Users/gangliu/data/catdesk_workspace/yilan/App/Home/Controller/GoodsController.class.php 第 809 行.
NOTIC: [2] Trying to access array offset on value of type null /Users/gangliu/data/catdesk_workspace/yilan/App/Home/Controller/GoodsController.class.php 第 810 行.
NOTIC: [2] Trying to access array offset on value of type null /Users/gangliu/data/catdesk_workspace/yilan/App/Home/Controller/GoodsController.class.php 第 810 行.
NOTIC: [2] Trying to access array offset on value of type null /Users/gangliu/data/catdesk_workspace/yilan/App/Home/Controller/GoodsController.class.php 第 810 行.
SQL: SHOW COLUMNS FROM `new_tax` [ RunTime:0.0029s ]
SQL: SELECT * FROM `new_tax` WHERE `is_del` = 1  [ RunTime:0.0010s ]
SQL: SHOW COLUMNS FROM `plate_conts_price` [ RunTime:0.0025s ]
SQL: SELECT * FROM `plate_conts_price` WHERE `blank_id` = 1740 AND `is_del` = 1 ORDER BY sort asc, id asc  [ RunTime:0.0010s ]
SQL: SELECT * FROM `plate_conts_blank` WHERE `pid` = 1 AND `status` = 1 ORDER BY sorts asc, cat_index asc  [ RunTime:0.0007s ]
SQL: SHOW COLUMNS FROM `plate_conts_blank_group` [ RunTime:0.0026s ]
SQL: SELECT * FROM `plate_conts_blank_group` WHERE `pid` = 0 ORDER BY sort asc, id asc  [ RunTime:0.0008s ]
ERR: {"status":1,"msg":"\u83b7\u53d6\u6210\u529f","data":{"info":{"id":1740,"pid":1,"group_id":5,"catname":"\u4e5d\u6298\u6807\u51c6","cat_index":2,"source":["677187340b61b.png"],"sorts":null,"gimage":"677187340b3d7.png","gnames":"\u94dc\u82af\u4ea4\u8054\u805a\u4e59\u70ef\u7edd\u7f18\u805a\u6c2f\u4e59\u70ef\u62a4\u5957\u963b\u71c3\u7535\u7f06\u3010\u4e5d\u6298\u6807\u51c6\u3011","up_a":"0.0","down_a":"0.0","up_b":"0.0","down_b":"0.0","up_c":"0.0","down_c":"0.0","up_d":"0.0","down_d":"0.0","up_e":"0.0","down_e":"0.0","up_f":"0.0","down_f":"0.0","ticket_nor":3,"ticket_person":11,"status":1,"uptimes":1781228972,"times":1781228972,"new_tax_id":1},"key":{"keya":null,"keyb":null,"keyc":null,"keyd":null,"keye":null,"keyf":null,"keyg":null,"keyh":null},"list":[],"tax_list":[{"id":1,"pid":0,"name":"\u7535\u529b\u7535\u7f06\u7a0e\u7387\u53d1\u7968","alias_name":"","normal_tax":"3.00","special_tax":"11.00","status":1,"is_del":1,"add_time":0,"up_time":0},{"id":2,"pid":0,"name":"\u5bb6\u88c5\u7535\u7ebf\u7a0e\u7387","alias_name":"","normal_tax":"3.00","special_tax":"10.00","status":1,"is_del":1,"add_time":0,"up_time":0},{"id":3,"pid":0,"name":"\u521a\u6027\u9632\u706b\u7535\u7f06\u7a0e\u7387","alias_name":"","normal_tax":"3.00","special_tax":"9.00","status":1,"is_del":1,"add_time":0,"up_time":0},{"id":9,"pid":0,"name":"\u6a61\u5957\u7535\u7f06\u7a0e\u7387","alias_name":"","normal_tax":"3.00","special_tax":"11.00","status":1,"is_del":1,"add_time":0,"up_time":0},{"id":10,"pid":0,"name":"\u77ff\u7528\u6a61\u80f6\u7535\u7f06\u7a0e\u7387","alias_name":"","normal_tax":"4.00","special_tax":"12.00","status":1,"is_del":1,"add_time":0,"up_time":0}],"price_list":[{"id":2651,"plate_conts_id":1,"new_cate_one_id":1,"new_cate_two_id":355,"new_cate_three_id":356,"name":"\u94dc\u82af\u5bfc\u4f53","ratio":"0.90","sort":1000,"is_del":1,"cat_index":2,"blank_id":1740},{"id":2652,"plate_conts_id":1,"new_cate_one_id":1,"new_cate_two_id":355,"new_cate_three_id":362,"name":"\u8f90\u7167\u4ea4\u8054\u7edd\u7f18","ratio":"1.00","sort":1000,"is_del":1,"cat_index":2,"blank_id":1740},{"id":2653,"plate_conts_id":1,"new_cate_one_id":1,"new_cate_two_id":355,"new_cate_three_id":371,"name":"PVC\u62a4\u5957","ratio":"1.00","sort":1000,"is_del":1,"cat_index":2,"blank_id":1740}],"all_blanks":[{"id":1740,"pid":1,"group_id":5,"catname":"\u4e5d\u6298\u6807\u51c6","cat_index":2,"source":"[\"677187340b61b.png\"]","sorts":null,"gimage":"677187340b3d7.png","gnames":"\u94dc\u82af\u4ea4\u8054\u805a\u4e59\u70ef\u7edd\u7f18\u805a\u6c2f\u4e59\u70ef\u62a4\u5957\u963b\u71c3\u7535\u7f06\u3010\u4e5d\u6298\u6807\u51c6\u3011","up_a":"0.0","down_a":"0.0","up_b":"0.0","down_b":"0.0","up_c":"0.0","down_c":"0.0","up_d":"0.0","down_d":"0.0","up_e":"0.0","down_e":"0.0","up_f":"0.0","down_f":"0.0","ticket_nor":3,"ticket_person":11,"status":1,"uptimes":1781228972,"times":1781228972,"new_tax_id":1},{"id":1741,"pid":1,"group_id":5,"catname":"\u516b\u6298\u6807\u51c6","cat_index":3,"source":"[\"677187340b61b.png\"]","sorts":null,"gimage":"677187340b3d7.png","gnames":"\u94dc\u82af\u4ea4\u8054\u805a\u4e59\u70ef\u7edd\u7f18\u805a\u6c2f\u4e59\u70ef\u62a4\u5957\u963b\u71c3\u7535\u7f06\u3010\u4e5d\u6298\u6807\u51c6\u3011","up_a":"0.0","down_a":"0.0","up_b":"0.0","down_b":"0.0","up_c":"0.0","down_c":"0.0","up_d":"0.0","down_d":"0.0","up_e":"0.0","down_e":"0.0","up_f":"0.0","down_f":"0.0","ticket_nor":3,"ticket_person":11,"status":1,"uptimes":1781228972,"times":1781228972,"new_tax_id":1},{"id":1739,"pid":1,"group_id":5,"catname":"\u5546\u54c1","cat_index":1,"source":"[\"6a2bd1928b6ed.png\"]","sorts":0,"gimage":"6a2bcd01617ca.png","gnames":"\u94dc\u82af\u4ea4\u8054\u805a\u4e59\u70ef\u7edd\u7f18\u805a\u6c2f\u4e59\u70ef\u62a4\u5957\u963b\u71c3\u7535\u7f06\u3010\u4e5d\u6298\u6807\u51c6\u3011","up_a":"0.0","down_a":"0.0","up_b":"0.0","down_b":"0.0","up_c":"0.0","down_c":"0.0","up_d":"0.0","down_d":"0.0","up_e":"0.0","down_e":"0.0","up_f":"0.0","down_f":"0.0","ticket_nor":3,"ticket_person":11,"status":1,"uptimes":1781256594,"times":1781095065,"new_tax_id":1}],"group_list":[{"id":1,"pid":0,"name":"\u6807\u51c61\u9009\u9879\u5361","ratio":"1.000000","sort":1,"add_time":1781435857,"up_time":1781435857},{"id":5,"pid":0,"name":"\u6807\u51c61\u9009\u9879\u5361","ratio":"1.000000","sort":1,"add_time":1781423342,"up_time":1781423342},{"id":2,"pid":0,"name":"\u6807\u51c62\u9009\u9879\u5361","ratio":"1.000000","sort":2,"add_time":1781435857,"up_time":1781435857},{"id":6,"pid":0,"name":"\u6807\u51c62\u9009\u9879\u5361","ratio":"1.000000","sort":2,"add_time":1781423342,"up_time":1781423342},{"id":7,"pid":0,"name":"\u6807\u51c63\u9009\u9879\u5361","ratio":"1.000000","sort":3,"add_time":1781423342,"up_time":1781423342},{"id":8,"pid":0,"name":"\u6807\u51c64\u9009\u9879\u5361","ratio":"1.000000","sort":4,"add_time":1781423342,"up_time":1781423342},{"id":9,"pid":0,"name":"\u6807\u51c65\u9009\u9879\u5361","ratio":"1.000000","sort":5,"add_time":1781423342,"up_time":1781423342},{"id":10,"pid":0,"name":"\u6807\u51c66\u9009\u9879\u5361","ratio":"1.000000","sort":6,"add_time":1781423342,"up_time":1781423342},{"id":11,"pid":0,"name":"\u6807\u51c67\u9009\u9879\u5361","ratio":"1.000000","sort":7,"add_time":1781423342,"up_time":1781423342},{"id":12,"pid":0,"name":"\u6807\u51c68\u9009\u9879\u5361","ratio":"1.000000","sort":8,"add_time":1781423342,"up_time":1781423342},{"id":13,"pid":0,"name":"\u6807\u51c69\u9009\u9879\u5361","ratio":"1.000000","sort":9,"add_time":1781423342,"up_time":1781423342},{"id":14,"pid":0,"name":"\u6807\u51c610\u9009\u9879\u5361","ratio":"1.000000","sort":10,"add_time":1781423342,"up_time":1781423342}]}}

[ 2026-06-16T17:41:54+08:00 ] ::1 /Home/Goods/plate_conts_blankr.html
INFO: [ app_init ] --START--
INFO: Run Behavior\BuildLiteBehavior [ RunTime:0.000007s ]
INFO: [ app_init ] --END-- [ RunTime:0.000057s ]
INFO: [ app_begin ] --START--
INFO: Run Behavior\ReadHtmlCacheBehavior [ RunTime:0.000017s ]
INFO: [ app_begin ] --END-- [ RunTime:0.000031s ]
SQL: SHOW COLUMNS FROM `plate_conts_blank` [ RunTime:0.0038s ]
SQL: SHOW COLUMNS FROM `plate_conts_logs` [ RunTime:0.0025s ]
SQL: SHOW COLUMNS FROM `plate_conts_logsr` [ RunTime:0.0019s ]
SQL: SELECT * FROM `plate_conts_blank` WHERE `id` = 1741 AND `status` = 1 LIMIT 1   [ RunTime:0.0007s ]
SQL: SELECT * FROM `plate_conts_logs` WHERE `blank_id` = 1741 ORDER BY number asc,id asc  [ RunTime:0.0007s ]
SQL: SELECT `key_0` FROM `plate_conts_logs` WHERE `blank_id` = 1741 GROUP BY key_0 LIMIT 1   [ RunTime:0.0005s ]
SQL: SELECT `key_1` FROM `plate_conts_logs` WHERE `blank_id` = 1741 GROUP BY key_1 LIMIT 1   [ RunTime:0.0004s ]
SQL: SELECT `key_2` FROM `plate_conts_logs` WHERE `blank_id` = 1741 GROUP BY key_2 LIMIT 1   [ RunTime:0.0003s ]
SQL: SELECT `key_3` FROM `plate_conts_logs` WHERE `blank_id` = 1741 GROUP BY key_3 LIMIT 1   [ RunTime:0.0003s ]
SQL: SELECT `key_4` FROM `plate_conts_logs` WHERE `blank_id` = 1741 GROUP BY key_4 LIMIT 1   [ RunTime:0.0004s ]
SQL: SELECT `key_5` FROM `plate_conts_logs` WHERE `blank_id` = 1741 GROUP BY key_5 LIMIT 1   [ RunTime:0.0007s ]
SQL: SELECT `key_6` FROM `plate_conts_logs` WHERE `blank_id` = 1741 GROUP BY key_6 LIMIT 1   [ RunTime:0.0006s ]
SQL: SELECT `key_7` FROM `plate_conts_logs` WHERE `blank_id` = 1741 GROUP BY key_7 LIMIT 1   [ RunTime:0.0010s ]
NOTIC: [2] Trying to access array offset on value of type null /Users/gangliu/data/catdesk_workspace/yilan/App/Home/Controller/GoodsController.class.php 第 808 行.
NOTIC: [2] Trying to access array offset on value of type null /Users/gangliu/data/catdesk_workspace/yilan/App/Home/Controller/GoodsController.class.php 第 808 行.
NOTIC: [2] Trying to access array offset on value of type null /Users/gangliu/data/catdesk_workspace/yilan/App/Home/Controller/GoodsController.class.php 第 808 行.
NOTIC: [2] Trying to access array offset on value of type null /Users/gangliu/data/catdesk_workspace/yilan/App/Home/Controller/GoodsController.class.php 第 809 行.
NOTIC: [2] Trying to access array offset on value of type null /Users/gangliu/data/catdesk_workspace/yilan/App/Home/Controller/GoodsController.class.php 第 809 行.
NOTIC: [2] Trying to access array offset on value of type null /Users/gangliu/data/catdesk_workspace/yilan/App/Home/Controller/GoodsController.class.php 第 810 行.
NOTIC: [2] Trying to access array offset on value of type null /Users/gangliu/data/catdesk_workspace/yilan/App/Home/Controller/GoodsController.class.php 第 810 行.
NOTIC: [2] Trying to access array offset on value of type null /Users/gangliu/data/catdesk_workspace/yilan/App/Home/Controller/GoodsController.class.php 第 810 行.
SQL: SHOW COLUMNS FROM `new_tax` [ RunTime:0.0442s ]
SQL: SELECT * FROM `new_tax` WHERE `is_del` = 1  [ RunTime:0.0013s ]
SQL: SHOW COLUMNS FROM `plate_conts_price` [ RunTime:0.0028s ]
SQL: SELECT * FROM `plate_conts_price` WHERE `blank_id` = 1741 AND `is_del` = 1 ORDER BY sort asc, id asc  [ RunTime:0.0010s ]
SQL: SELECT * FROM `plate_conts_blank` WHERE `pid` = 1 AND `status` = 1 ORDER BY sorts asc, cat_index asc  [ RunTime:0.0010s ]
SQL: SHOW COLUMNS FROM `plate_conts_blank_group` [ RunTime:0.0530s ]
SQL: SELECT * FROM `plate_conts_blank_group` WHERE `pid` = 0 ORDER BY sort asc, id asc  [ RunTime:0.0008s ]
ERR: {"status":1,"msg":"\u83b7\u53d6\u6210\u529f","data":{"info":{"id":1741,"pid":1,"group_id":5,"catname":"\u516b\u6298\u6807\u51c6","cat_index":3,"source":["677187340b61b.png"],"sorts":null,"gimage":"677187340b3d7.png","gnames":"\u94dc\u82af\u4ea4\u8054\u805a\u4e59\u70ef\u7edd\u7f18\u805a\u6c2f\u4e59\u70ef\u62a4\u5957\u963b\u71c3\u7535\u7f06\u3010\u4e5d\u6298\u6807\u51c6\u3011","up_a":"0.0","down_a":"0.0","up_b":"0.0","down_b":"0.0","up_c":"0.0","down_c":"0.0","up_d":"0.0","down_d":"0.0","up_e":"0.0","down_e":"0.0","up_f":"0.0","down_f":"0.0","ticket_nor":3,"ticket_person":11,"status":1,"uptimes":1781228972,"times":1781228972,"new_tax_id":1},"key":{"keya":null,"keyb":null,"keyc":null,"keyd":null,"keye":null,"keyf":null,"keyg":null,"keyh":null},"list":[],"tax_list":[{"id":1,"pid":0,"name":"\u7535\u529b\u7535\u7f06\u7a0e\u7387\u53d1\u7968","alias_name":"","normal_tax":"3.00","special_tax":"11.00","status":1,"is_del":1,"add_time":0,"up_time":0},{"id":2,"pid":0,"name":"\u5bb6\u88c5\u7535\u7ebf\u7a0e\u7387","alias_name":"","normal_tax":"3.00","special_tax":"10.00","status":1,"is_del":1,"add_time":0,"up_time":0},{"id":3,"pid":0,"name":"\u521a\u6027\u9632\u706b\u7535\u7f06\u7a0e\u7387","alias_name":"","normal_tax":"3.00","special_tax":"9.00","status":1,"is_del":1,"add_time":0,"up_time":0},{"id":9,"pid":0,"name":"\u6a61\u5957\u7535\u7f06\u7a0e\u7387","alias_name":"","normal_tax":"3.00","special_tax":"11.00","status":1,"is_del":1,"add_time":0,"up_time":0},{"id":10,"pid":0,"name":"\u77ff\u7528\u6a61\u80f6\u7535\u7f06\u7a0e\u7387","alias_name":"","normal_tax":"4.00","special_tax":"12.00","status":1,"is_del":1,"add_time":0,"up_time":0}],"price_list":[{"id":2654,"plate_conts_id":1,"new_cate_one_id":1,"new_cate_two_id":355,"new_cate_three_id":356,"name":"\u94dc\u82af\u5bfc\u4f53","ratio":"0.80","sort":1000,"is_del":1,"cat_index":3,"blank_id":1741},{"id":2655,"plate_conts_id":1,"new_cate_one_id":1,"new_cate_two_id":355,"new_cate_three_id":362,"name":"\u8f90\u7167\u4ea4\u8054\u7edd\u7f18","ratio":"1.00","sort":1000,"is_del":1,"cat_index":3,"blank_id":1741},{"id":2656,"plate_conts_id":1,"new_cate_one_id":1,"new_cate_two_id":355,"new_cate_three_id":371,"name":"PVC\u62a4\u5957","ratio":"1.00","sort":1000,"is_del":1,"cat_index":3,"blank_id":1741},{"id":7815,"plate_conts_id":1,"new_cate_one_id":1,"new_cate_two_id":355,"new_cate_three_id":356,"name":"\u94dc\u82af\u5bfc\u4f53","ratio":"0.90","sort":1000,"is_del":1,"cat_index":3,"blank_id":1741},{"id":7816,"plate_conts_id":1,"new_cate_one_id":1,"new_cate_two_id":355,"new_cate_three_id":362,"name":"\u8f90\u7167\u4ea4\u8054\u7edd\u7f18","ratio":"1.00","sort":1000,"is_del":1,"cat_index":3,"blank_id":1741}],"all_blanks":[{"id":1740,"pid":1,"group_id":5,"catname":"\u4e5d\u6298\u6807\u51c6","cat_index":2,"source":"[\"677187340b61b.png\"]","sorts":null,"gimage":"677187340b3d7.png","gnames":"\u94dc\u82af\u4ea4\u8054\u805a\u4e59\u70ef\u7edd\u7f18\u805a\u6c2f\u4e59\u70ef\u62a4\u5957\u963b\u71c3\u7535\u7f06\u3010\u4e5d\u6298\u6807\u51c6\u3011","up_a":"0.0","down_a":"0.0","up_b":"0.0","down_b":"0.0","up_c":"0.0","down_c":"0.0","up_d":"0.0","down_d":"0.0","up_e":"0.0","down_e":"0.0","up_f":"0.0","down_f":"0.0","ticket_nor":3,"ticket_person":11,"status":1,"uptimes":1781228972,"times":1781228972,"new_tax_id":1},{"id":1741,"pid":1,"group_id":5,"catname":"\u516b\u6298\u6807\u51c6","cat_index":3,"source":"[\"677187340b61b.png\"]","sorts":null,"gimage":"677187340b3d7.png","gnames":"\u94dc\u82af\u4ea4\u8054\u805a\u4e59\u70ef\u7edd\u7f18\u805a\u6c2f\u4e59\u70ef\u62a4\u5957\u963b\u71c3\u7535\u7f06\u3010\u4e5d\u6298\u6807\u51c6\u3011","up_a":"0.0","down_a":"0.0","up_b":"0.0","down_b":"0.0","up_c":"0.0","down_c":"0.0","up_d":"0.0","down_d":"0.0","up_e":"0.0","down_e":"0.0","up_f":"0.0","down_f":"0.0","ticket_nor":3,"ticket_person":11,"status":1,"uptimes":1781228972,"times":1781228972,"new_tax_id":1},{"id":1739,"pid":1,"group_id":5,"catname":"\u5546\u54c1","cat_index":1,"source":"[\"6a2bd1928b6ed.png\"]","sorts":0,"gimage":"6a2bcd01617ca.png","gnames":"\u94dc\u82af\u4ea4\u8054\u805a\u4e59\u70ef\u7edd\u7f18\u805a\u6c2f\u4e59\u70ef\u62a4\u5957\u963b\u71c3\u7535\u7f06\u3010\u4e5d\u6298\u6807\u51c6\u3011","up_a":"0.0","down_a":"0.0","up_b":"0.0","down_b":"0.0","up_c":"0.0","down_c":"0.0","up_d":"0.0","down_d":"0.0","up_e":"0.0","down_e":"0.0","up_f":"0.0","down_f":"0.0","ticket_nor":3,"ticket_person":11,"status":1,"uptimes":1781256594,"times":1781095065,"new_tax_id":1}],"group_list":[{"id":1,"pid":0,"name":"\u6807\u51c61\u9009\u9879\u5361","ratio":"1.000000","sort":1,"add_time":1781435857,"up_time":1781435857},{"id":5,"pid":0,"name":"\u6807\u51c61\u9009\u9879\u5361","ratio":"1.000000","sort":1,"add_time":1781423342,"up_time":1781423342},{"id":2,"pid":0,"name":"\u6807\u51c62\u9009\u9879\u5361","ratio":"1.000000","sort":2,"add_time":1781435857,"up_time":1781435857},{"id":6,"pid":0,"name":"\u6807\u51c62\u9009\u9879\u5361","ratio":"1.000000","sort":2,"add_time":1781423342,"up_time":1781423342},{"id":7,"pid":0,"name":"\u6807\u51c63\u9009\u9879\u5361","ratio":"1.000000","sort":3,"add_time":1781423342,"up_time":1781423342},{"id":8,"pid":0,"name":"\u6807\u51c64\u9009\u9879\u5361","ratio":"1.000000","sort":4,"add_time":1781423342,"up_time":1781423342},{"id":9,"pid":0,"name":"\u6807\u51c65\u9009\u9879\u5361","ratio":"1.000000","sort":5,"add_time":1781423342,"up_time":1781423342},{"id":10,"pid":0,"name":"\u6807\u51c66\u9009\u9879\u5361","ratio":"1.000000","sort":6,"add_time":1781423342,"up_time":1781423342},{"id":11,"pid":0,"name":"\u6807\u51c67\u9009\u9879\u5361","ratio":"1.000000","sort":7,"add_time":1781423342,"up_time":1781423342},{"id":12,"pid":0,"name":"\u6807\u51c68\u9009\u9879\u5361","ratio":"1.000000","sort":8,"add_time":1781423342,"up_time":1781423342},{"id":13,"pid":0,"name":"\u6807\u51c69\u9009\u9879\u5361","ratio":"1.000000","sort":9,"add_time":1781423342,"up_time":1781423342},{"id":14,"pid":0,"name":"\u6807\u51c610\u9009\u9879\u5361","ratio":"1.000000","sort":10,"add_time":1781423342,"up_time":1781423342}]}}

[ 2026-06-16T17:41:56+08:00 ] ::1 /Home/Goods/plate_conts_list/id/1.html
INFO: [ app_init ] --START--
INFO: Run Behavior\BuildLiteBehavior [ RunTime:0.000007s ]
INFO: [ app_init ] --END-- [ RunTime:0.000066s ]
INFO: [ app_begin ] --START--
INFO: Run Behavior\ReadHtmlCacheBehavior [ RunTime:0.000033s ]
INFO: [ app_begin ] --END-- [ RunTime:0.000067s ]
SQL: SHOW COLUMNS FROM `plate_conts` [ RunTime:0.0043s ]
SQL: SHOW COLUMNS FROM `sys_tmps` [ RunTime:0.0042s ]
SQL: SELECT * FROM `plate_conts` WHERE `id` = 1 LIMIT 1   [ RunTime:0.0009s ]
SQL: SELECT * FROM `sys_tmps` WHERE `types` = 2 ORDER BY id desc  [ RunTime:0.0011s ]
INFO: [ view_parse ] --START--
INFO: [ template_filter ] --START--
INFO: Run Behavior\ContentReplaceBehavior [ RunTime:0.000466s ]
INFO: [ template_filter ] --END-- [ RunTime:0.000513s ]
INFO: Run Behavior\ParseTemplateBehavior [ RunTime:0.012244s ]
INFO: [ view_parse ] --END-- [ RunTime:0.012316s ]
INFO: [ view_filter ] --START--
INFO: Run Behavior\WriteHtmlCacheBehavior [ RunTime:0.000158s ]
INFO: [ view_filter ] --END-- [ RunTime:0.000170s ]
INFO: [ app_end ] --START--
INFO: Run Behavior\ShowPageTraceBehavior [ RunTime:0.000089s ]
INFO: [ app_end ] --END-- [ RunTime:0.000118s ]

[ 2026-06-16T17:41:56+08:00 ] ::1 /Home/Goods/plate_conts_blankr.html
INFO: [ app_init ] --START--
INFO: Run Behavior\BuildLiteBehavior [ RunTime:0.000009s ]
INFO: [ app_init ] --END-- [ RunTime:0.000080s ]
INFO: [ app_begin ] --START--
INFO: Run Behavior\ReadHtmlCacheBehavior [ RunTime:0.000064s ]
INFO: [ app_begin ] --END-- [ RunTime:0.000118s ]
SQL: SHOW COLUMNS FROM `plate_conts_blank` [ RunTime:0.0035s ]
SQL: SHOW COLUMNS FROM `plate_conts_logs` [ RunTime:0.0030s ]
SQL: SHOW COLUMNS FROM `plate_conts_logsr` [ RunTime:0.0029s ]
SQL: SELECT * FROM `plate_conts_blank` WHERE `pid` = 1 AND `cat_index` = 1 AND `status` = 1 LIMIT 1   [ RunTime:0.0016s ]
SQL: SELECT * FROM `plate_conts_logs` WHERE `blank_id` = 1739 ORDER BY number asc,id asc  [ RunTime:0.0040s ]
SQL: SELECT `key_0` FROM `plate_conts_logs` WHERE `blank_id` = 1739 GROUP BY key_0 LIMIT 1   [ RunTime:0.0011s ]
SQL: SELECT `key_1` FROM `plate_conts_logs` WHERE `blank_id` = 1739 GROUP BY key_1 LIMIT 1   [ RunTime:0.0008s ]
SQL: SELECT `key_2` FROM `plate_conts_logs` WHERE `blank_id` = 1739 GROUP BY key_2 LIMIT 1   [ RunTime:0.0007s ]
SQL: SELECT `key_3` FROM `plate_conts_logs` WHERE `blank_id` = 1739 GROUP BY key_3 LIMIT 1   [ RunTime:0.0011s ]
SQL: SELECT `key_4` FROM `plate_conts_logs` WHERE `blank_id` = 1739 GROUP BY key_4 LIMIT 1   [ RunTime:0.0017s ]
SQL: SELECT `key_5` FROM `plate_conts_logs` WHERE `blank_id` = 1739 GROUP BY key_5 LIMIT 1   [ RunTime:0.0013s ]
SQL: SELECT `key_6` FROM `plate_conts_logs` WHERE `blank_id` = 1739 GROUP BY key_6 LIMIT 1   [ RunTime:0.0008s ]
SQL: SELECT `key_7` FROM `plate_conts_logs` WHERE `blank_id` = 1739 GROUP BY key_7 LIMIT 1   [ RunTime:0.0006s ]
NOTIC: [2] Trying to access array offset on value of type null /Users/gangliu/data/catdesk_workspace/yilan/App/Home/Controller/GoodsController.class.php 第 808 行.
NOTIC: [2] Trying to access array offset on value of type null /Users/gangliu/data/catdesk_workspace/yilan/App/Home/Controller/GoodsController.class.php 第 808 行.
NOTIC: [2] Trying to access array offset on value of type null /Users/gangliu/data/catdesk_workspace/yilan/App/Home/Controller/GoodsController.class.php 第 808 行.
NOTIC: [2] Trying to access array offset on value of type null /Users/gangliu/data/catdesk_workspace/yilan/App/Home/Controller/GoodsController.class.php 第 809 行.
NOTIC: [2] Trying to access array offset on value of type null /Users/gangliu/data/catdesk_workspace/yilan/App/Home/Controller/GoodsController.class.php 第 809 行.
NOTIC: [2] Trying to access array offset on value of type null /Users/gangliu/data/catdesk_workspace/yilan/App/Home/Controller/GoodsController.class.php 第 810 行.
NOTIC: [2] Trying to access array offset on value of type null /Users/gangliu/data/catdesk_workspace/yilan/App/Home/Controller/GoodsController.class.php 第 810 行.
NOTIC: [2] Trying to access array offset on value of type null /Users/gangliu/data/catdesk_workspace/yilan/App/Home/Controller/GoodsController.class.php 第 810 行.
SQL: SHOW COLUMNS FROM `new_tax` [ RunTime:0.0025s ]
SQL: SELECT * FROM `new_tax` WHERE `is_del` = 1  [ RunTime:0.0010s ]
SQL: SHOW COLUMNS FROM `plate_conts_price` [ RunTime:0.0050s ]
SQL: SELECT * FROM `plate_conts_price` WHERE `blank_id` = 1739 AND `is_del` = 1 ORDER BY sort asc, id asc  [ RunTime:0.0018s ]
SQL: SELECT * FROM `plate_conts_blank` WHERE `pid` = 1 AND `status` = 1 ORDER BY sorts asc, cat_index asc  [ RunTime:0.0012s ]
SQL: SHOW COLUMNS FROM `plate_conts_blank_group` [ RunTime:0.0025s ]
SQL: SELECT * FROM `plate_conts_blank_group` WHERE `pid` = 0 ORDER BY sort asc, id asc  [ RunTime:0.0011s ]
ERR: {"status":1,"msg":"\u83b7\u53d6\u6210\u529f","data":{"info":{"id":1739,"pid":1,"group_id":5,"catname":"\u5546\u54c1","cat_index":1,"source":["6a2bd1928b6ed.png"],"sorts":0,"gimage":"6a2bcd01617ca.png","gnames":"\u94dc\u82af\u4ea4\u8054\u805a\u4e59\u70ef\u7edd\u7f18\u805a\u6c2f\u4e59\u70ef\u62a4\u5957\u963b\u71c3\u7535\u7f06\u3010\u4e5d\u6298\u6807\u51c6\u3011","up_a":"0.0","down_a":"0.0","up_b":"0.0","down_b":"0.0","up_c":"0.0","down_c":"0.0","up_d":"0.0","down_d":"0.0","up_e":"0.0","down_e":"0.0","up_f":"0.0","down_f":"0.0","ticket_nor":3,"ticket_person":11,"status":1,"uptimes":1781256594,"times":1781095065,"new_tax_id":1},"key":{"keya":null,"keyb":null,"keyc":null,"keyd":null,"keye":null,"keyf":null,"keyg":null,"keyh":null},"list":[],"tax_list":[{"id":1,"pid":0,"name":"\u7535\u529b\u7535\u7f06\u7a0e\u7387\u53d1\u7968","alias_name":"","normal_tax":"3.00","special_tax":"11.00","status":1,"is_del":1,"add_time":0,"up_time":0},{"id":2,"pid":0,"name":"\u5bb6\u88c5\u7535\u7ebf\u7a0e\u7387","alias_name":"","normal_tax":"3.00","special_tax":"10.00","status":1,"is_del":1,"add_time":0,"up_time":0},{"id":3,"pid":0,"name":"\u521a\u6027\u9632\u706b\u7535\u7f06\u7a0e\u7387","alias_name":"","normal_tax":"3.00","special_tax":"9.00","status":1,"is_del":1,"add_time":0,"up_time":0},{"id":9,"pid":0,"name":"\u6a61\u5957\u7535\u7f06\u7a0e\u7387","alias_name":"","normal_tax":"3.00","special_tax":"11.00","status":1,"is_del":1,"add_time":0,"up_time":0},{"id":10,"pid":0,"name":"\u77ff\u7528\u6a61\u80f6\u7535\u7f06\u7a0e\u7387","alias_name":"","normal_tax":"4.00","special_tax":"12.00","status":1,"is_del":1,"add_time":0,"up_time":0}],"price_list":[{"id":2648,"plate_conts_id":1,"new_cate_one_id":1,"new_cate_two_id":355,"new_cate_three_id":356,"name":"\u94dc\u82af\u5bfc\u4f53","ratio":"1.00","sort":1000,"is_del":1,"cat_index":1,"blank_id":1739},{"id":2649,"plate_conts_id":1,"new_cate_one_id":1,"new_cate_two_id":355,"new_cate_three_id":362,"name":"\u8f90\u7167\u4ea4\u8054\u7edd\u7f18","ratio":"1.00","sort":1000,"is_del":1,"cat_index":1,"blank_id":1739},{"id":2650,"plate_conts_id":1,"new_cate_one_id":1,"new_cate_two_id":355,"new_cate_three_id":371,"name":"PVC\u62a4\u5957","ratio":"1.00","sort":1000,"is_del":1,"cat_index":1,"blank_id":1739},{"id":7812,"plate_conts_id":1,"new_cate_one_id":1,"new_cate_two_id":355,"new_cate_three_id":356,"name":"\u94dc\u82af\u5bfc\u4f53","ratio":"0.90","sort":1000,"is_del":1,"cat_index":1,"blank_id":1739},{"id":7813,"plate_conts_id":1,"new_cate_one_id":1,"new_cate_two_id":355,"new_cate_three_id":362,"name":"\u8f90\u7167\u4ea4\u8054\u7edd\u7f18","ratio":"1.00","sort":1000,"is_del":1,"cat_index":1,"blank_id":1739}],"all_blanks":[{"id":1740,"pid":1,"group_id":5,"catname":"\u4e5d\u6298\u6807\u51c6","cat_index":2,"source":"[\"677187340b61b.png\"]","sorts":null,"gimage":"677187340b3d7.png","gnames":"\u94dc\u82af\u4ea4\u8054\u805a\u4e59\u70ef\u7edd\u7f18\u805a\u6c2f\u4e59\u70ef\u62a4\u5957\u963b\u71c3\u7535\u7f06\u3010\u4e5d\u6298\u6807\u51c6\u3011","up_a":"0.0","down_a":"0.0","up_b":"0.0","down_b":"0.0","up_c":"0.0","down_c":"0.0","up_d":"0.0","down_d":"0.0","up_e":"0.0","down_e":"0.0","up_f":"0.0","down_f":"0.0","ticket_nor":3,"ticket_person":11,"status":1,"uptimes":1781228972,"times":1781228972,"new_tax_id":1},{"id":1741,"pid":1,"group_id":5,"catname":"\u516b\u6298\u6807\u51c6","cat_index":3,"source":"[\"677187340b61b.png\"]","sorts":null,"gimage":"677187340b3d7.png","gnames":"\u94dc\u82af\u4ea4\u8054\u805a\u4e59\u70ef\u7edd\u7f18\u805a\u6c2f\u4e59\u70ef\u62a4\u5957\u963b\u71c3\u7535\u7f06\u3010\u4e5d\u6298\u6807\u51c6\u3011","up_a":"0.0","down_a":"0.0","up_b":"0.0","down_b":"0.0","up_c":"0.0","down_c":"0.0","up_d":"0.0","down_d":"0.0","up_e":"0.0","down_e":"0.0","up_f":"0.0","down_f":"0.0","ticket_nor":3,"ticket_person":11,"status":1,"uptimes":1781228972,"times":1781228972,"new_tax_id":1},{"id":1739,"pid":1,"group_id":5,"catname":"\u5546\u54c1","cat_index":1,"source":"[\"6a2bd1928b6ed.png\"]","sorts":0,"gimage":"6a2bcd01617ca.png","gnames":"\u94dc\u82af\u4ea4\u8054\u805a\u4e59\u70ef\u7edd\u7f18\u805a\u6c2f\u4e59\u70ef\u62a4\u5957\u963b\u71c3\u7535\u7f06\u3010\u4e5d\u6298\u6807\u51c6\u3011","up_a":"0.0","down_a":"0.0","up_b":"0.0","down_b":"0.0","up_c":"0.0","down_c":"0.0","up_d":"0.0","down_d":"0.0","up_e":"0.0","down_e":"0.0","up_f":"0.0","down_f":"0.0","ticket_nor":3,"ticket_person":11,"status":1,"uptimes":1781256594,"times":1781095065,"new_tax_id":1}],"group_list":[{"id":1,"pid":0,"name":"\u6807\u51c61\u9009\u9879\u5361","ratio":"1.000000","sort":1,"add_time":1781435857,"up_time":1781435857},{"id":5,"pid":0,"name":"\u6807\u51c61\u9009\u9879\u5361","ratio":"1.000000","sort":1,"add_time":1781423342,"up_time":1781423342},{"id":2,"pid":0,"name":"\u6807\u51c62\u9009\u9879\u5361","ratio":"1.000000","sort":2,"add_time":1781435857,"up_time":1781435857},{"id":6,"pid":0,"name":"\u6807\u51c62\u9009\u9879\u5361","ratio":"1.000000","sort":2,"add_time":1781423342,"up_time":1781423342},{"id":7,"pid":0,"name":"\u6807\u51c63\u9009\u9879\u5361","ratio":"1.000000","sort":3,"add_time":1781423342,"up_time":1781423342},{"id":8,"pid":0,"name":"\u6807\u51c64\u9009\u9879\u5361","ratio":"1.000000","sort":4,"add_time":1781423342,"up_time":1781423342},{"id":9,"pid":0,"name":"\u6807\u51c65\u9009\u9879\u5361","ratio":"1.000000","sort":5,"add_time":1781423342,"up_time":1781423342},{"id":10,"pid":0,"name":"\u6807\u51c66\u9009\u9879\u5361","ratio":"1.000000","sort":6,"add_time":1781423342,"up_time":1781423342},{"id":11,"pid":0,"name":"\u6807\u51c67\u9009\u9879\u5361","ratio":"1.000000","sort":7,"add_time":1781423342,"up_time":1781423342},{"id":12,"pid":0,"name":"\u6807\u51c68\u9009\u9879\u5361","ratio":"1.000000","sort":8,"add_time":1781423342,"up_time":1781423342},{"id":13,"pid":0,"name":"\u6807\u51c69\u9009\u9879\u5361","ratio":"1.000000","sort":9,"add_time":1781423342,"up_time":1781423342},{"id":14,"pid":0,"name":"\u6807\u51c610\u9009\u9879\u5361","ratio":"1.000000","sort":10,"add_time":1781423342,"up_time":1781423342}]}}

[ 2026-06-16T17:41:58+08:00 ] ::1 /Home/Goods/plate_conts_list/id/1.html
INFO: [ app_init ] --START--
INFO: Run Behavior\BuildLiteBehavior [ RunTime:0.000010s ]
INFO: [ app_init ] --END-- [ RunTime:0.000159s ]
INFO: [ app_begin ] --START--
INFO: Run Behavior\ReadHtmlCacheBehavior [ RunTime:0.000050s ]
INFO: [ app_begin ] --END-- [ RunTime:0.000095s ]
SQL: SHOW COLUMNS FROM `plate_conts` [ RunTime:0.0038s ]
SQL: SHOW COLUMNS FROM `sys_tmps` [ RunTime:0.0035s ]
SQL: SELECT * FROM `plate_conts` WHERE `id` = 1 LIMIT 1   [ RunTime:0.0011s ]
SQL: SELECT * FROM `sys_tmps` WHERE `types` = 2 ORDER BY id desc  [ RunTime:0.0010s ]
INFO: [ view_parse ] --START--
INFO: [ template_filter ] --START--
INFO: Run Behavior\ContentReplaceBehavior [ RunTime:0.000275s ]
INFO: [ template_filter ] --END-- [ RunTime:0.000323s ]
INFO: Run Behavior\ParseTemplateBehavior [ RunTime:0.008818s ]
INFO: [ view_parse ] --END-- [ RunTime:0.008899s ]
INFO: [ view_filter ] --START--
INFO: Run Behavior\WriteHtmlCacheBehavior [ RunTime:0.000169s ]
INFO: [ view_filter ] --END-- [ RunTime:0.000191s ]
INFO: [ app_end ] --START--
INFO: Run Behavior\ShowPageTraceBehavior [ RunTime:0.000097s ]
INFO: [ app_end ] --END-- [ RunTime:0.000124s ]

[ 2026-06-16T17:41:58+08:00 ] ::1 /Home/Goods/plate_conts_blankr.html
INFO: [ app_init ] --START--
INFO: Run Behavior\BuildLiteBehavior [ RunTime:0.000009s ]
INFO: [ app_init ] --END-- [ RunTime:0.000098s ]
INFO: [ app_begin ] --START--
INFO: Run Behavior\ReadHtmlCacheBehavior [ RunTime:0.000048s ]
INFO: [ app_begin ] --END-- [ RunTime:0.000092s ]
SQL: SHOW COLUMNS FROM `plate_conts_blank` [ RunTime:0.0062s ]
SQL: SHOW COLUMNS FROM `plate_conts_logs` [ RunTime:0.0054s ]
SQL: SHOW COLUMNS FROM `plate_conts_logsr` [ RunTime:0.0083s ]
SQL: SELECT * FROM `plate_conts_blank` WHERE `pid` = 1 AND `cat_index` = 1 AND `status` = 1 LIMIT 1   [ RunTime:0.0014s ]
SQL: SELECT * FROM `plate_conts_logs` WHERE `blank_id` = 1739 ORDER BY number asc,id asc  [ RunTime:0.0023s ]
SQL: SELECT `key_0` FROM `plate_conts_logs` WHERE `blank_id` = 1739 GROUP BY key_0 LIMIT 1   [ RunTime:0.0014s ]
SQL: SELECT `key_1` FROM `plate_conts_logs` WHERE `blank_id` = 1739 GROUP BY key_1 LIMIT 1   [ RunTime:0.0010s ]
SQL: SELECT `key_2` FROM `plate_conts_logs` WHERE `blank_id` = 1739 GROUP BY key_2 LIMIT 1   [ RunTime:0.0010s ]
SQL: SELECT `key_3` FROM `plate_conts_logs` WHERE `blank_id` = 1739 GROUP BY key_3 LIMIT 1   [ RunTime:0.0010s ]
SQL: SELECT `key_4` FROM `plate_conts_logs` WHERE `blank_id` = 1739 GROUP BY key_4 LIMIT 1   [ RunTime:0.0010s ]
SQL: SELECT `key_5` FROM `plate_conts_logs` WHERE `blank_id` = 1739 GROUP BY key_5 LIMIT 1   [ RunTime:0.0010s ]
SQL: SELECT `key_6` FROM `plate_conts_logs` WHERE `blank_id` = 1739 GROUP BY key_6 LIMIT 1   [ RunTime:0.0014s ]
SQL: SELECT `key_7` FROM `plate_conts_logs` WHERE `blank_id` = 1739 GROUP BY key_7 LIMIT 1   [ RunTime:0.0008s ]
NOTIC: [2] Trying to access array offset on value of type null /Users/gangliu/data/catdesk_workspace/yilan/App/Home/Controller/GoodsController.class.php 第 808 行.
NOTIC: [2] Trying to access array offset on value of type null /Users/gangliu/data/catdesk_workspace/yilan/App/Home/Controller/GoodsController.class.php 第 808 行.
NOTIC: [2] Trying to access array offset on value of type null /Users/gangliu/data/catdesk_workspace/yilan/App/Home/Controller/GoodsController.class.php 第 808 行.
NOTIC: [2] Trying to access array offset on value of type null /Users/gangliu/data/catdesk_workspace/yilan/App/Home/Controller/GoodsController.class.php 第 809 行.
NOTIC: [2] Trying to access array offset on value of type null /Users/gangliu/data/catdesk_workspace/yilan/App/Home/Controller/GoodsController.class.php 第 809 行.
NOTIC: [2] Trying to access array offset on value of type null /Users/gangliu/data/catdesk_workspace/yilan/App/Home/Controller/GoodsController.class.php 第 810 行.
NOTIC: [2] Trying to access array offset on value of type null /Users/gangliu/data/catdesk_workspace/yilan/App/Home/Controller/GoodsController.class.php 第 810 行.
NOTIC: [2] Trying to access array offset on value of type null /Users/gangliu/data/catdesk_workspace/yilan/App/Home/Controller/GoodsController.class.php 第 810 行.
SQL: SHOW COLUMNS FROM `new_tax` [ RunTime:0.0032s ]
SQL: SELECT * FROM `new_tax` WHERE `is_del` = 1  [ RunTime:0.0020s ]
SQL: SHOW COLUMNS FROM `plate_conts_price` [ RunTime:0.0030s ]
SQL: SELECT * FROM `plate_conts_price` WHERE `blank_id` = 1739 AND `is_del` = 1 ORDER BY sort asc, id asc  [ RunTime:0.0010s ]
SQL: SELECT * FROM `plate_conts_blank` WHERE `pid` = 1 AND `status` = 1 ORDER BY sorts asc, cat_index asc  [ RunTime:0.0006s ]
SQL: SHOW COLUMNS FROM `plate_conts_blank_group` [ RunTime:0.0042s ]
SQL: SELECT * FROM `plate_conts_blank_group` WHERE `pid` = 0 ORDER BY sort asc, id asc  [ RunTime:0.0012s ]
ERR: {"status":1,"msg":"\u83b7\u53d6\u6210\u529f","data":{"info":{"id":1739,"pid":1,"group_id":5,"catname":"\u5546\u54c1","cat_index":1,"source":["6a2bd1928b6ed.png"],"sorts":0,"gimage":"6a2bcd01617ca.png","gnames":"\u94dc\u82af\u4ea4\u8054\u805a\u4e59\u70ef\u7edd\u7f18\u805a\u6c2f\u4e59\u70ef\u62a4\u5957\u963b\u71c3\u7535\u7f06\u3010\u4e5d\u6298\u6807\u51c6\u3011","up_a":"0.0","down_a":"0.0","up_b":"0.0","down_b":"0.0","up_c":"0.0","down_c":"0.0","up_d":"0.0","down_d":"0.0","up_e":"0.0","down_e":"0.0","up_f":"0.0","down_f":"0.0","ticket_nor":3,"ticket_person":11,"status":1,"uptimes":1781256594,"times":1781095065,"new_tax_id":1},"key":{"keya":null,"keyb":null,"keyc":null,"keyd":null,"keye":null,"keyf":null,"keyg":null,"keyh":null},"list":[],"tax_list":[{"id":1,"pid":0,"name":"\u7535\u529b\u7535\u7f06\u7a0e\u7387\u53d1\u7968","alias_name":"","normal_tax":"3.00","special_tax":"11.00","status":1,"is_del":1,"add_time":0,"up_time":0},{"id":2,"pid":0,"name":"\u5bb6\u88c5\u7535\u7ebf\u7a0e\u7387","alias_name":"","normal_tax":"3.00","special_tax":"10.00","status":1,"is_del":1,"add_time":0,"up_time":0},{"id":3,"pid":0,"name":"\u521a\u6027\u9632\u706b\u7535\u7f06\u7a0e\u7387","alias_name":"","normal_tax":"3.00","special_tax":"9.00","status":1,"is_del":1,"add_time":0,"up_time":0},{"id":9,"pid":0,"name":"\u6a61\u5957\u7535\u7f06\u7a0e\u7387","alias_name":"","normal_tax":"3.00","special_tax":"11.00","status":1,"is_del":1,"add_time":0,"up_time":0},{"id":10,"pid":0,"name":"\u77ff\u7528\u6a61\u80f6\u7535\u7f06\u7a0e\u7387","alias_name":"","normal_tax":"4.00","special_tax":"12.00","status":1,"is_del":1,"add_time":0,"up_time":0}],"price_list":[{"id":2648,"plate_conts_id":1,"new_cate_one_id":1,"new_cate_two_id":355,"new_cate_three_id":356,"name":"\u94dc\u82af\u5bfc\u4f53","ratio":"1.00","sort":1000,"is_del":1,"cat_index":1,"blank_id":1739},{"id":2649,"plate_conts_id":1,"new_cate_one_id":1,"new_cate_two_id":355,"new_cate_three_id":362,"name":"\u8f90\u7167\u4ea4\u8054\u7edd\u7f18","ratio":"1.00","sort":1000,"is_del":1,"cat_index":1,"blank_id":1739},{"id":2650,"plate_conts_id":1,"new_cate_one_id":1,"new_cate_two_id":355,"new_cate_three_id":371,"name":"PVC\u62a4\u5957","ratio":"1.00","sort":1000,"is_del":1,"cat_index":1,"blank_id":1739},{"id":7812,"plate_conts_id":1,"new_cate_one_id":1,"new_cate_two_id":355,"new_cate_three_id":356,"name":"\u94dc\u82af\u5bfc\u4f53","ratio":"0.90","sort":1000,"is_del":1,"cat_index":1,"blank_id":1739},{"id":7813,"plate_conts_id":1,"new_cate_one_id":1,"new_cate_two_id":355,"new_cate_three_id":362,"name":"\u8f90\u7167\u4ea4\u8054\u7edd\u7f18","ratio":"1.00","sort":1000,"is_del":1,"cat_index":1,"blank_id":1739}],"all_blanks":[{"id":1740,"pid":1,"group_id":5,"catname":"\u4e5d\u6298\u6807\u51c6","cat_index":2,"source":"[\"677187340b61b.png\"]","sorts":null,"gimage":"677187340b3d7.png","gnames":"\u94dc\u82af\u4ea4\u8054\u805a\u4e59\u70ef\u7edd\u7f18\u805a\u6c2f\u4e59\u70ef\u62a4\u5957\u963b\u71c3\u7535\u7f06\u3010\u4e5d\u6298\u6807\u51c6\u3011","up_a":"0.0","down_a":"0.0","up_b":"0.0","down_b":"0.0","up_c":"0.0","down_c":"0.0","up_d":"0.0","down_d":"0.0","up_e":"0.0","down_e":"0.0","up_f":"0.0","down_f":"0.0","ticket_nor":3,"ticket_person":11,"status":1,"uptimes":1781228972,"times":1781228972,"new_tax_id":1},{"id":1741,"pid":1,"group_id":5,"catname":"\u516b\u6298\u6807\u51c6","cat_index":3,"source":"[\"677187340b61b.png\"]","sorts":null,"gimage":"677187340b3d7.png","gnames":"\u94dc\u82af\u4ea4\u8054\u805a\u4e59\u70ef\u7edd\u7f18\u805a\u6c2f\u4e59\u70ef\u62a4\u5957\u963b\u71c3\u7535\u7f06\u3010\u4e5d\u6298\u6807\u51c6\u3011","up_a":"0.0","down_a":"0.0","up_b":"0.0","down_b":"0.0","up_c":"0.0","down_c":"0.0","up_d":"0.0","down_d":"0.0","up_e":"0.0","down_e":"0.0","up_f":"0.0","down_f":"0.0","ticket_nor":3,"ticket_person":11,"status":1,"uptimes":1781228972,"times":1781228972,"new_tax_id":1},{"id":1739,"pid":1,"group_id":5,"catname":"\u5546\u54c1","cat_index":1,"source":"[\"6a2bd1928b6ed.png\"]","sorts":0,"gimage":"6a2bcd01617ca.png","gnames":"\u94dc\u82af\u4ea4\u8054\u805a\u4e59\u70ef\u7edd\u7f18\u805a\u6c2f\u4e59\u70ef\u62a4\u5957\u963b\u71c3\u7535\u7f06\u3010\u4e5d\u6298\u6807\u51c6\u3011","up_a":"0.0","down_a":"0.0","up_b":"0.0","down_b":"0.0","up_c":"0.0","down_c":"0.0","up_d":"0.0","down_d":"0.0","up_e":"0.0","down_e":"0.0","up_f":"0.0","down_f":"0.0","ticket_nor":3,"ticket_person":11,"status":1,"uptimes":1781256594,"times":1781095065,"new_tax_id":1}],"group_list":[{"id":1,"pid":0,"name":"\u6807\u51c61\u9009\u9879\u5361","ratio":"1.000000","sort":1,"add_time":1781435857,"up_time":1781435857},{"id":5,"pid":0,"name":"\u6807\u51c61\u9009\u9879\u5361","ratio":"1.000000","sort":1,"add_time":1781423342,"up_time":1781423342},{"id":2,"pid":0,"name":"\u6807\u51c62\u9009\u9879\u5361","ratio":"1.000000","sort":2,"add_time":1781435857,"up_time":1781435857},{"id":6,"pid":0,"name":"\u6807\u51c62\u9009\u9879\u5361","ratio":"1.000000","sort":2,"add_time":1781423342,"up_time":1781423342},{"id":7,"pid":0,"name":"\u6807\u51c63\u9009\u9879\u5361","ratio":"1.000000","sort":3,"add_time":1781423342,"up_time":1781423342},{"id":8,"pid":0,"name":"\u6807\u51c64\u9009\u9879\u5361","ratio":"1.000000","sort":4,"add_time":1781423342,"up_time":1781423342},{"id":9,"pid":0,"name":"\u6807\u51c65\u9009\u9879\u5361","ratio":"1.000000","sort":5,"add_time":1781423342,"up_time":1781423342},{"id":10,"pid":0,"name":"\u6807\u51c66\u9009\u9879\u5361","ratio":"1.000000","sort":6,"add_time":1781423342,"up_time":1781423342},{"id":11,"pid":0,"name":"\u6807\u51c67\u9009\u9879\u5361","ratio":"1.000000","sort":7,"add_time":1781423342,"up_time":1781423342},{"id":12,"pid":0,"name":"\u6807\u51c68\u9009\u9879\u5361","ratio":"1.000000","sort":8,"add_time":1781423342,"up_time":1781423342},{"id":13,"pid":0,"name":"\u6807\u51c69\u9009\u9879\u5361","ratio":"1.000000","sort":9,"add_time":1781423342,"up_time":1781423342},{"id":14,"pid":0,"name":"\u6807\u51c610\u9009\u9879\u5361","ratio":"1.000000","sort":10,"add_time":1781423342,"up_time":1781423342}]}}

[ 2026-06-16T17:42:08+08:00 ] ::1 /Home/Goods/plate_conts_blankr.html
INFO: [ app_init ] --START--
INFO: Run Behavior\BuildLiteBehavior [ RunTime:0.000017s ]
INFO: [ app_init ] --END-- [ RunTime:0.000169s ]
INFO: [ app_begin ] --START--
INFO: Run Behavior\ReadHtmlCacheBehavior [ RunTime:0.000110s ]
INFO: [ app_begin ] --END-- [ RunTime:0.000189s ]
SQL: SHOW COLUMNS FROM `plate_conts_blank` [ RunTime:0.0046s ]
SQL: SHOW COLUMNS FROM `plate_conts_logs` [ RunTime:0.0034s ]
SQL: SHOW COLUMNS FROM `plate_conts_logsr` [ RunTime:0.0028s ]
SQL: SELECT * FROM `plate_conts_blank` WHERE `id` = 1739 AND `status` = 1 LIMIT 1   [ RunTime:0.0010s ]
SQL: SELECT * FROM `plate_conts_logs` WHERE `blank_id` = 1739 ORDER BY number asc,id asc  [ RunTime:0.0011s ]
SQL: SELECT `key_0` FROM `plate_conts_logs` WHERE `blank_id` = 1739 GROUP BY key_0 LIMIT 1   [ RunTime:0.0010s ]
SQL: SELECT `key_1` FROM `plate_conts_logs` WHERE `blank_id` = 1739 GROUP BY key_1 LIMIT 1   [ RunTime:0.0002s ]
SQL: SELECT `key_2` FROM `plate_conts_logs` WHERE `blank_id` = 1739 GROUP BY key_2 LIMIT 1   [ RunTime:0.0002s ]
SQL: SELECT `key_3` FROM `plate_conts_logs` WHERE `blank_id` = 1739 GROUP BY key_3 LIMIT 1   [ RunTime:0.0007s ]
SQL: SELECT `key_4` FROM `plate_conts_logs` WHERE `blank_id` = 1739 GROUP BY key_4 LIMIT 1   [ RunTime:0.0003s ]
SQL: SELECT `key_5` FROM `plate_conts_logs` WHERE `blank_id` = 1739 GROUP BY key_5 LIMIT 1   [ RunTime:0.0002s ]
SQL: SELECT `key_6` FROM `plate_conts_logs` WHERE `blank_id` = 1739 GROUP BY key_6 LIMIT 1   [ RunTime:0.0004s ]
SQL: SELECT `key_7` FROM `plate_conts_logs` WHERE `blank_id` = 1739 GROUP BY key_7 LIMIT 1   [ RunTime:0.0004s ]
NOTIC: [2] Trying to access array offset on value of type null /Users/gangliu/data/catdesk_workspace/yilan/App/Home/Controller/GoodsController.class.php 第 808 行.
NOTIC: [2] Trying to access array offset on value of type null /Users/gangliu/data/catdesk_workspace/yilan/App/Home/Controller/GoodsController.class.php 第 808 行.
NOTIC: [2] Trying to access array offset on value of type null /Users/gangliu/data/catdesk_workspace/yilan/App/Home/Controller/GoodsController.class.php 第 808 行.
NOTIC: [2] Trying to access array offset on value of type null /Users/gangliu/data/catdesk_workspace/yilan/App/Home/Controller/GoodsController.class.php 第 809 行.
NOTIC: [2] Trying to access array offset on value of type null /Users/gangliu/data/catdesk_workspace/yilan/App/Home/Controller/GoodsController.class.php 第 809 行.
NOTIC: [2] Trying to access array offset on value of type null /Users/gangliu/data/catdesk_workspace/yilan/App/Home/Controller/GoodsController.class.php 第 810 行.
NOTIC: [2] Trying to access array offset on value of type null /Users/gangliu/data/catdesk_workspace/yilan/App/Home/Controller/GoodsController.class.php 第 810 行.
NOTIC: [2] Trying to access array offset on value of type null /Users/gangliu/data/catdesk_workspace/yilan/App/Home/Controller/GoodsController.class.php 第 810 行.
SQL: SHOW COLUMNS FROM `new_tax` [ RunTime:0.0028s ]
SQL: SELECT * FROM `new_tax` WHERE `is_del` = 1  [ RunTime:0.0010s ]
SQL: SHOW COLUMNS FROM `plate_conts_price` [ RunTime:0.0037s ]
SQL: SELECT * FROM `plate_conts_price` WHERE `blank_id` = 1739 AND `is_del` = 1 ORDER BY sort asc, id asc  [ RunTime:0.0013s ]
SQL: SELECT * FROM `plate_conts_blank` WHERE `pid` = 1 AND `status` = 1 ORDER BY sorts asc, cat_index asc  [ RunTime:0.0008s ]
SQL: SHOW COLUMNS FROM `plate_conts_blank_group` [ RunTime:0.0032s ]
SQL: SELECT * FROM `plate_conts_blank_group` WHERE `pid` = 0 ORDER BY sort asc, id asc  [ RunTime:0.0013s ]
ERR: {"status":1,"msg":"\u83b7\u53d6\u6210\u529f","data":{"info":{"id":1739,"pid":1,"group_id":5,"catname":"\u5546\u54c1","cat_index":1,"source":["6a2bd1928b6ed.png"],"sorts":0,"gimage":"6a2bcd01617ca.png","gnames":"\u94dc\u82af\u4ea4\u8054\u805a\u4e59\u70ef\u7edd\u7f18\u805a\u6c2f\u4e59\u70ef\u62a4\u5957\u963b\u71c3\u7535\u7f06\u3010\u4e5d\u6298\u6807\u51c6\u3011","up_a":"0.0","down_a":"0.0","up_b":"0.0","down_b":"0.0","up_c":"0.0","down_c":"0.0","up_d":"0.0","down_d":"0.0","up_e":"0.0","down_e":"0.0","up_f":"0.0","down_f":"0.0","ticket_nor":3,"ticket_person":11,"status":1,"uptimes":1781256594,"times":1781095065,"new_tax_id":1},"key":{"keya":null,"keyb":null,"keyc":null,"keyd":null,"keye":null,"keyf":null,"keyg":null,"keyh":null},"list":[],"tax_list":[{"id":1,"pid":0,"name":"\u7535\u529b\u7535\u7f06\u7a0e\u7387\u53d1\u7968","alias_name":"","normal_tax":"3.00","special_tax":"11.00","status":1,"is_del":1,"add_time":0,"up_time":0},{"id":2,"pid":0,"name":"\u5bb6\u88c5\u7535\u7ebf\u7a0e\u7387","alias_name":"","normal_tax":"3.00","special_tax":"10.00","status":1,"is_del":1,"add_time":0,"up_time":0},{"id":3,"pid":0,"name":"\u521a\u6027\u9632\u706b\u7535\u7f06\u7a0e\u7387","alias_name":"","normal_tax":"3.00","special_tax":"9.00","status":1,"is_del":1,"add_time":0,"up_time":0},{"id":9,"pid":0,"name":"\u6a61\u5957\u7535\u7f06\u7a0e\u7387","alias_name":"","normal_tax":"3.00","special_tax":"11.00","status":1,"is_del":1,"add_time":0,"up_time":0},{"id":10,"pid":0,"name":"\u77ff\u7528\u6a61\u80f6\u7535\u7f06\u7a0e\u7387","alias_name":"","normal_tax":"4.00","special_tax":"12.00","status":1,"is_del":1,"add_time":0,"up_time":0}],"price_list":[{"id":2648,"plate_conts_id":1,"new_cate_one_id":1,"new_cate_two_id":355,"new_cate_three_id":356,"name":"\u94dc\u82af\u5bfc\u4f53","ratio":"1.00","sort":1000,"is_del":1,"cat_index":1,"blank_id":1739},{"id":2649,"plate_conts_id":1,"new_cate_one_id":1,"new_cate_two_id":355,"new_cate_three_id":362,"name":"\u8f90\u7167\u4ea4\u8054\u7edd\u7f18","ratio":"1.00","sort":1000,"is_del":1,"cat_index":1,"blank_id":1739},{"id":2650,"plate_conts_id":1,"new_cate_one_id":1,"new_cate_two_id":355,"new_cate_three_id":371,"name":"PVC\u62a4\u5957","ratio":"1.00","sort":1000,"is_del":1,"cat_index":1,"blank_id":1739},{"id":7812,"plate_conts_id":1,"new_cate_one_id":1,"new_cate_two_id":355,"new_cate_three_id":356,"name":"\u94dc\u82af\u5bfc\u4f53","ratio":"0.90","sort":1000,"is_del":1,"cat_index":1,"blank_id":1739},{"id":7813,"plate_conts_id":1,"new_cate_one_id":1,"new_cate_two_id":355,"new_cate_three_id":362,"name":"\u8f90\u7167\u4ea4\u8054\u7edd\u7f18","ratio":"1.00","sort":1000,"is_del":1,"cat_index":1,"blank_id":1739}],"all_blanks":[{"id":1740,"pid":1,"group_id":5,"catname":"\u4e5d\u6298\u6807\u51c6","cat_index":2,"source":"[\"677187340b61b.png\"]","sorts":null,"gimage":"677187340b3d7.png","gnames":"\u94dc\u82af\u4ea4\u8054\u805a\u4e59\u70ef\u7edd\u7f18\u805a\u6c2f\u4e59\u70ef\u62a4\u5957\u963b\u71c3\u7535\u7f06\u3010\u4e5d\u6298\u6807\u51c6\u3011","up_a":"0.0","down_a":"0.0","up_b":"0.0","down_b":"0.0","up_c":"0.0","down_c":"0.0","up_d":"0.0","down_d":"0.0","up_e":"0.0","down_e":"0.0","up_f":"0.0","down_f":"0.0","ticket_nor":3,"ticket_person":11,"status":1,"uptimes":1781228972,"times":1781228972,"new_tax_id":1},{"id":1741,"pid":1,"group_id":5,"catname":"\u516b\u6298\u6807\u51c6","cat_index":3,"source":"[\"677187340b61b.png\"]","sorts":null,"gimage":"677187340b3d7.png","gnames":"\u94dc\u82af\u4ea4\u8054\u805a\u4e59\u70ef\u7edd\u7f18\u805a\u6c2f\u4e59\u70ef\u62a4\u5957\u963b\u71c3\u7535\u7f06\u3010\u4e5d\u6298\u6807\u51c6\u3011","up_a":"0.0","down_a":"0.0","up_b":"0.0","down_b":"0.0","up_c":"0.0","down_c":"0.0","up_d":"0.0","down_d":"0.0","up_e":"0.0","down_e":"0.0","up_f":"0.0","down_f":"0.0","ticket_nor":3,"ticket_person":11,"status":1,"uptimes":1781228972,"times":1781228972,"new_tax_id":1},{"id":1739,"pid":1,"group_id":5,"catname":"\u5546\u54c1","cat_index":1,"source":"[\"6a2bd1928b6ed.png\"]","sorts":0,"gimage":"6a2bcd01617ca.png","gnames":"\u94dc\u82af\u4ea4\u8054\u805a\u4e59\u70ef\u7edd\u7f18\u805a\u6c2f\u4e59\u70ef\u62a4\u5957\u963b\u71c3\u7535\u7f06\u3010\u4e5d\u6298\u6807\u51c6\u3011","up_a":"0.0","down_a":"0.0","up_b":"0.0","down_b":"0.0","up_c":"0.0","down_c":"0.0","up_d":"0.0","down_d":"0.0","up_e":"0.0","down_e":"0.0","up_f":"0.0","down_f":"0.0","ticket_nor":3,"ticket_person":11,"status":1,"uptimes":1781256594,"times":1781095065,"new_tax_id":1}],"group_list":[{"id":1,"pid":0,"name":"\u6807\u51c61\u9009\u9879\u5361","ratio":"1.000000","sort":1,"add_time":1781435857,"up_time":1781435857},{"id":5,"pid":0,"name":"\u6807\u51c61\u9009\u9879\u5361","ratio":"1.000000","sort":1,"add_time":1781423342,"up_time":1781423342},{"id":2,"pid":0,"name":"\u6807\u51c62\u9009\u9879\u5361","ratio":"1.000000","sort":2,"add_time":1781435857,"up_time":1781435857},{"id":6,"pid":0,"name":"\u6807\u51c62\u9009\u9879\u5361","ratio":"1.000000","sort":2,"add_time":1781423342,"up_time":1781423342},{"id":7,"pid":0,"name":"\u6807\u51c63\u9009\u9879\u5361","ratio":"1.000000","sort":3,"add_time":1781423342,"up_time":1781423342},{"id":8,"pid":0,"name":"\u6807\u51c64\u9009\u9879\u5361","ratio":"1.000000","sort":4,"add_time":1781423342,"up_time":1781423342},{"id":9,"pid":0,"name":"\u6807\u51c65\u9009\u9879\u5361","ratio":"1.000000","sort":5,"add_time":1781423342,"up_time":1781423342},{"id":10,"pid":0,"name":"\u6807\u51c66\u9009\u9879\u5361","ratio":"1.000000","sort":6,"add_time":1781423342,"up_time":1781423342},{"id":11,"pid":0,"name":"\u6807\u51c67\u9009\u9879\u5361","ratio":"1.000000","sort":7,"add_time":1781423342,"up_time":1781423342},{"id":12,"pid":0,"name":"\u6807\u51c68\u9009\u9879\u5361","ratio":"1.000000","sort":8,"add_time":1781423342,"up_time":1781423342},{"id":13,"pid":0,"name":"\u6807\u51c69\u9009\u9879\u5361","ratio":"1.000000","sort":9,"add_time":1781423342,"up_time":1781423342},{"id":14,"pid":0,"name":"\u6807\u51c610\u9009\u9879\u5361","ratio":"1.000000","sort":10,"add_time":1781423342,"up_time":1781423342}]}}

[ 2026-06-16T17:42:15+08:00 ] ::1 /Home/Goods/plate_conts_blank.html
INFO: [ app_init ] --START--
INFO: Run Behavior\BuildLiteBehavior [ RunTime:0.000009s ]
INFO: [ app_init ] --END-- [ RunTime:0.000091s ]
INFO: [ app_begin ] --START--
INFO: Run Behavior\ReadHtmlCacheBehavior [ RunTime:0.000037s ]
INFO: [ app_begin ] --END-- [ RunTime:0.000061s ]
SQL: SHOW COLUMNS FROM `plate_conts_blank` [ RunTime:0.0043s ]
SQL: SELECT COUNT(*) AS tp_count FROM `plate_conts_blank` WHERE `pid` = 1 AND `cat_index` = 2 LIMIT 1   [ RunTime:0.0021s ]
SQL: SHOW COLUMNS FROM `new_tax` [ RunTime:0.0051s ]
SQL: SELECT * FROM `new_tax` WHERE `id` = 1 LIMIT 1   [ RunTime:0.0024s ]
SQL: UPDATE `plate_conts_blank` SET `pid`='1',`catname`='九折标准',`cat_index`='2',`sorts`='0',`gimage`='677187340b3d7.png',`gnames`='铜芯交联聚乙烯绝缘聚氯乙烯护套阻燃电缆【九折标准】',`up_a`='100',`down_a`='0.0',`up_b`='0.0',`down_b`='0.0',`up_c`='0.0',`down_c`='0.0',`up_d`='0.0',`down_d`='0.0',`up_e`='0.0',`down_e`='0.0',`up_f`='0.0',`down_f`='0.0',`ticket_nor`='3',`ticket_person`='11',`status`='1',`uptimes`='1781602935',`times`='1781228972',`new_tax_id`='1' WHERE `pid` = 1 AND `cat_index` = 2 [ RunTime:0.0293s ]
SQL: SHOW COLUMNS FROM `plate_conts_logs` [ RunTime:0.0033s ]
SQL: SELECT * FROM `plate_conts_logs` WHERE `pid` = 1 AND `cat_index` = 2  [ RunTime:0.0153s ]
ERR: {"status":1,"msg":"\u66f4\u65b0\u6210\u529f","data":null}

[ 2026-06-16T17:42:15+08:00 ] ::1 /Home/Goods/plate_conts_blankr.html
INFO: [ app_init ] --START--
INFO: Run Behavior\BuildLiteBehavior [ RunTime:0.000006s ]
INFO: [ app_init ] --END-- [ RunTime:0.000051s ]
INFO: [ app_begin ] --START--
INFO: Run Behavior\ReadHtmlCacheBehavior [ RunTime:0.000036s ]
INFO: [ app_begin ] --END-- [ RunTime:0.000067s ]
SQL: SHOW COLUMNS FROM `plate_conts_blank` [ RunTime:0.0040s ]
SQL: SHOW COLUMNS FROM `plate_conts_logs` [ RunTime:0.0046s ]
SQL: SHOW COLUMNS FROM `plate_conts_logsr` [ RunTime:0.0026s ]
SQL: SELECT * FROM `plate_conts_blank` WHERE `id` = 1739 AND `status` = 1 LIMIT 1   [ RunTime:0.0010s ]
SQL: SELECT * FROM `plate_conts_logs` WHERE `blank_id` = 1739 ORDER BY number asc,id asc  [ RunTime:0.0010s ]
SQL: SELECT `key_0` FROM `plate_conts_logs` WHERE `blank_id` = 1739 GROUP BY key_0 LIMIT 1   [ RunTime:0.0004s ]
SQL: SELECT `key_1` FROM `plate_conts_logs` WHERE `blank_id` = 1739 GROUP BY key_1 LIMIT 1   [ RunTime:0.0027s ]
SQL: SELECT `key_2` FROM `plate_conts_logs` WHERE `blank_id` = 1739 GROUP BY key_2 LIMIT 1   [ RunTime:0.0007s ]
SQL: SELECT `key_3` FROM `plate_conts_logs` WHERE `blank_id` = 1739 GROUP BY key_3 LIMIT 1   [ RunTime:0.0007s ]
SQL: SELECT `key_4` FROM `plate_conts_logs` WHERE `blank_id` = 1739 GROUP BY key_4 LIMIT 1   [ RunTime:0.0009s ]
SQL: SELECT `key_5` FROM `plate_conts_logs` WHERE `blank_id` = 1739 GROUP BY key_5 LIMIT 1   [ RunTime:0.0030s ]
SQL: SELECT `key_6` FROM `plate_conts_logs` WHERE `blank_id` = 1739 GROUP BY key_6 LIMIT 1   [ RunTime:0.0008s ]
SQL: SELECT `key_7` FROM `plate_conts_logs` WHERE `blank_id` = 1739 GROUP BY key_7 LIMIT 1   [ RunTime:0.0006s ]
NOTIC: [2] Trying to access array offset on value of type null /Users/gangliu/data/catdesk_workspace/yilan/App/Home/Controller/GoodsController.class.php 第 808 行.
NOTIC: [2] Trying to access array offset on value of type null /Users/gangliu/data/catdesk_workspace/yilan/App/Home/Controller/GoodsController.class.php 第 808 行.
NOTIC: [2] Trying to access array offset on value of type null /Users/gangliu/data/catdesk_workspace/yilan/App/Home/Controller/GoodsController.class.php 第 808 行.
NOTIC: [2] Trying to access array offset on value of type null /Users/gangliu/data/catdesk_workspace/yilan/App/Home/Controller/GoodsController.class.php 第 809 行.
NOTIC: [2] Trying to access array offset on value of type null /Users/gangliu/data/catdesk_workspace/yilan/App/Home/Controller/GoodsController.class.php 第 809 行.
NOTIC: [2] Trying to access array offset on value of type null /Users/gangliu/data/catdesk_workspace/yilan/App/Home/Controller/GoodsController.class.php 第 810 行.
NOTIC: [2] Trying to access array offset on value of type null /Users/gangliu/data/catdesk_workspace/yilan/App/Home/Controller/GoodsController.class.php 第 810 行.
NOTIC: [2] Trying to access array offset on value of type null /Users/gangliu/data/catdesk_workspace/yilan/App/Home/Controller/GoodsController.class.php 第 810 行.
SQL: SHOW COLUMNS FROM `new_tax` [ RunTime:0.0026s ]
SQL: SELECT * FROM `new_tax` WHERE `is_del` = 1  [ RunTime:0.0008s ]
SQL: SHOW COLUMNS FROM `plate_conts_price` [ RunTime:0.0023s ]
SQL: SELECT * FROM `plate_conts_price` WHERE `blank_id` = 1739 AND `is_del` = 1 ORDER BY sort asc, id asc  [ RunTime:0.0013s ]
SQL: SELECT * FROM `plate_conts_blank` WHERE `pid` = 1 AND `status` = 1 ORDER BY sorts asc, cat_index asc  [ RunTime:0.0019s ]
SQL: SHOW COLUMNS FROM `plate_conts_blank_group` [ RunTime:0.0027s ]
SQL: SELECT * FROM `plate_conts_blank_group` WHERE `pid` = 0 ORDER BY sort asc, id asc  [ RunTime:0.0010s ]
ERR: {"status":1,"msg":"\u83b7\u53d6\u6210\u529f","data":{"info":{"id":1739,"pid":1,"group_id":5,"catname":"\u5546\u54c1","cat_index":1,"source":["6a2bd1928b6ed.png"],"sorts":0,"gimage":"6a2bcd01617ca.png","gnames":"\u94dc\u82af\u4ea4\u8054\u805a\u4e59\u70ef\u7edd\u7f18\u805a\u6c2f\u4e59\u70ef\u62a4\u5957\u963b\u71c3\u7535\u7f06\u3010\u4e5d\u6298\u6807\u51c6\u3011","up_a":"0.0","down_a":"0.0","up_b":"0.0","down_b":"0.0","up_c":"0.0","down_c":"0.0","up_d":"0.0","down_d":"0.0","up_e":"0.0","down_e":"0.0","up_f":"0.0","down_f":"0.0","ticket_nor":3,"ticket_person":11,"status":1,"uptimes":1781256594,"times":1781095065,"new_tax_id":1},"key":{"keya":null,"keyb":null,"keyc":null,"keyd":null,"keye":null,"keyf":null,"keyg":null,"keyh":null},"list":[],"tax_list":[{"id":1,"pid":0,"name":"\u7535\u529b\u7535\u7f06\u7a0e\u7387\u53d1\u7968","alias_name":"","normal_tax":"3.00","special_tax":"11.00","status":1,"is_del":1,"add_time":0,"up_time":0},{"id":2,"pid":0,"name":"\u5bb6\u88c5\u7535\u7ebf\u7a0e\u7387","alias_name":"","normal_tax":"3.00","special_tax":"10.00","status":1,"is_del":1,"add_time":0,"up_time":0},{"id":3,"pid":0,"name":"\u521a\u6027\u9632\u706b\u7535\u7f06\u7a0e\u7387","alias_name":"","normal_tax":"3.00","special_tax":"9.00","status":1,"is_del":1,"add_time":0,"up_time":0},{"id":9,"pid":0,"name":"\u6a61\u5957\u7535\u7f06\u7a0e\u7387","alias_name":"","normal_tax":"3.00","special_tax":"11.00","status":1,"is_del":1,"add_time":0,"up_time":0},{"id":10,"pid":0,"name":"\u77ff\u7528\u6a61\u80f6\u7535\u7f06\u7a0e\u7387","alias_name":"","normal_tax":"4.00","special_tax":"12.00","status":1,"is_del":1,"add_time":0,"up_time":0}],"price_list":[{"id":2648,"plate_conts_id":1,"new_cate_one_id":1,"new_cate_two_id":355,"new_cate_three_id":356,"name":"\u94dc\u82af\u5bfc\u4f53","ratio":"1.00","sort":1000,"is_del":1,"cat_index":1,"blank_id":1739},{"id":2649,"plate_conts_id":1,"new_cate_one_id":1,"new_cate_two_id":355,"new_cate_three_id":362,"name":"\u8f90\u7167\u4ea4\u8054\u7edd\u7f18","ratio":"1.00","sort":1000,"is_del":1,"cat_index":1,"blank_id":1739},{"id":2650,"plate_conts_id":1,"new_cate_one_id":1,"new_cate_two_id":355,"new_cate_three_id":371,"name":"PVC\u62a4\u5957","ratio":"1.00","sort":1000,"is_del":1,"cat_index":1,"blank_id":1739},{"id":7812,"plate_conts_id":1,"new_cate_one_id":1,"new_cate_two_id":355,"new_cate_three_id":356,"name":"\u94dc\u82af\u5bfc\u4f53","ratio":"0.90","sort":1000,"is_del":1,"cat_index":1,"blank_id":1739},{"id":7813,"plate_conts_id":1,"new_cate_one_id":1,"new_cate_two_id":355,"new_cate_three_id":362,"name":"\u8f90\u7167\u4ea4\u8054\u7edd\u7f18","ratio":"1.00","sort":1000,"is_del":1,"cat_index":1,"blank_id":1739}],"all_blanks":[{"id":1741,"pid":1,"group_id":5,"catname":"\u516b\u6298\u6807\u51c6","cat_index":3,"source":"[\"677187340b61b.png\"]","sorts":null,"gimage":"677187340b3d7.png","gnames":"\u94dc\u82af\u4ea4\u8054\u805a\u4e59\u70ef\u7edd\u7f18\u805a\u6c2f\u4e59\u70ef\u62a4\u5957\u963b\u71c3\u7535\u7f06\u3010\u4e5d\u6298\u6807\u51c6\u3011","up_a":"0.0","down_a":"0.0","up_b":"0.0","down_b":"0.0","up_c":"0.0","down_c":"0.0","up_d":"0.0","down_d":"0.0","up_e":"0.0","down_e":"0.0","up_f":"0.0","down_f":"0.0","ticket_nor":3,"ticket_person":11,"status":1,"uptimes":1781228972,"times":1781228972,"new_tax_id":1},{"id":1739,"pid":1,"group_id":5,"catname":"\u5546\u54c1","cat_index":1,"source":"[\"6a2bd1928b6ed.png\"]","sorts":0,"gimage":"6a2bcd01617ca.png","gnames":"\u94dc\u82af\u4ea4\u8054\u805a\u4e59\u70ef\u7edd\u7f18\u805a\u6c2f\u4e59\u70ef\u62a4\u5957\u963b\u71c3\u7535\u7f06\u3010\u4e5d\u6298\u6807\u51c6\u3011","up_a":"0.0","down_a":"0.0","up_b":"0.0","down_b":"0.0","up_c":"0.0","down_c":"0.0","up_d":"0.0","down_d":"0.0","up_e":"0.0","down_e":"0.0","up_f":"0.0","down_f":"0.0","ticket_nor":3,"ticket_person":11,"status":1,"uptimes":1781256594,"times":1781095065,"new_tax_id":1},{"id":1740,"pid":1,"group_id":5,"catname":"\u4e5d\u6298\u6807\u51c6","cat_index":2,"source":"[\"677187340b61b.png\"]","sorts":0,"gimage":"677187340b3d7.png","gnames":"\u94dc\u82af\u4ea4\u8054\u805a\u4e59\u70ef\u7edd\u7f18\u805a\u6c2f\u4e59\u70ef\u62a4\u5957\u963b\u71c3\u7535\u7f06\u3010\u4e5d\u6298\u6807\u51c6\u3011","up_a":"100.0","down_a":"0.0","up_b":"0.0","down_b":"0.0","up_c":"0.0","down_c":"0.0","up_d":"0.0","down_d":"0.0","up_e":"0.0","down_e":"0.0","up_f":"0.0","down_f":"0.0","ticket_nor":3,"ticket_person":11,"status":1,"uptimes":1781602935,"times":1781228972,"new_tax_id":1}],"group_list":[{"id":1,"pid":0,"name":"\u6807\u51c61\u9009\u9879\u5361","ratio":"1.000000","sort":1,"add_time":1781435857,"up_time":1781435857},{"id":5,"pid":0,"name":"\u6807\u51c61\u9009\u9879\u5361","ratio":"1.000000","sort":1,"add_time":1781423342,"up_time":1781423342},{"id":2,"pid":0,"name":"\u6807\u51c62\u9009\u9879\u5361","ratio":"1.000000","sort":2,"add_time":1781435857,"up_time":1781435857},{"id":6,"pid":0,"name":"\u6807\u51c62\u9009\u9879\u5361","ratio":"1.000000","sort":2,"add_time":1781423342,"up_time":1781423342},{"id":7,"pid":0,"name":"\u6807\u51c63\u9009\u9879\u5361","ratio":"1.000000","sort":3,"add_time":1781423342,"up_time":1781423342},{"id":8,"pid":0,"name":"\u6807\u51c64\u9009\u9879\u5361","ratio":"1.000000","sort":4,"add_time":1781423342,"up_time":1781423342},{"id":9,"pid":0,"name":"\u6807\u51c65\u9009\u9879\u5361","ratio":"1.000000","sort":5,"add_time":1781423342,"up_time":1781423342},{"id":10,"pid":0,"name":"\u6807\u51c66\u9009\u9879\u5361","ratio":"1.000000","sort":6,"add_time":1781423342,"up_time":1781423342},{"id":11,"pid":0,"name":"\u6807\u51c67\u9009\u9879\u5361","ratio":"1.000000","sort":7,"add_time":1781423342,"up_time":1781423342},{"id":12,"pid":0,"name":"\u6807\u51c68\u9009\u9879\u5361","ratio":"1.000000","sort":8,"add_time":1781423342,"up_time":1781423342},{"id":13,"pid":0,"name":"\u6807\u51c69\u9009\u9879\u5361","ratio":"1.000000","sort":9,"add_time":1781423342,"up_time":1781423342},{"id":14,"pid":0,"name":"\u6807\u51c610\u9009\u9879\u5361","ratio":"1.000000","sort":10,"add_time":1781423342,"up_time":1781423342}]}}

[ 2026-06-16T17:42:18+08:00 ] ::1 /Home/Goods/plate_conts_list/id/1.html
INFO: [ app_init ] --START--
INFO: Run Behavior\BuildLiteBehavior [ RunTime:0.000008s ]
INFO: [ app_init ] --END-- [ RunTime:0.000077s ]
INFO: [ app_begin ] --START--
INFO: Run Behavior\ReadHtmlCacheBehavior [ RunTime:0.000034s ]
INFO: [ app_begin ] --END-- [ RunTime:0.000054s ]
SQL: SHOW COLUMNS FROM `plate_conts` [ RunTime:0.0036s ]
SQL: SHOW COLUMNS FROM `sys_tmps` [ RunTime:0.0030s ]
SQL: SELECT * FROM `plate_conts` WHERE `id` = 1 LIMIT 1   [ RunTime:0.0012s ]
SQL: SELECT * FROM `sys_tmps` WHERE `types` = 2 ORDER BY id desc  [ RunTime:0.0013s ]
INFO: [ view_parse ] --START--
INFO: [ template_filter ] --START--
INFO: Run Behavior\ContentReplaceBehavior [ RunTime:0.000296s ]
INFO: [ template_filter ] --END-- [ RunTime:0.000348s ]
INFO: Run Behavior\ParseTemplateBehavior [ RunTime:0.013101s ]
INFO: [ view_parse ] --END-- [ RunTime:0.013156s ]
INFO: [ view_filter ] --START--
INFO: Run Behavior\WriteHtmlCacheBehavior [ RunTime:0.000125s ]
INFO: [ view_filter ] --END-- [ RunTime:0.000138s ]
INFO: [ app_end ] --START--
INFO: Run Behavior\ShowPageTraceBehavior [ RunTime:0.000077s ]
INFO: [ app_end ] --END-- [ RunTime:0.000091s ]

[ 2026-06-16T17:42:18+08:00 ] ::1 /Home/Goods/plate_conts_blankr.html
INFO: [ app_init ] --START--
INFO: Run Behavior\BuildLiteBehavior [ RunTime:0.000005s ]
INFO: [ app_init ] --END-- [ RunTime:0.000048s ]
INFO: [ app_begin ] --START--
INFO: Run Behavior\ReadHtmlCacheBehavior [ RunTime:0.000018s ]
INFO: [ app_begin ] --END-- [ RunTime:0.000031s ]
SQL: SHOW COLUMNS FROM `plate_conts_blank` [ RunTime:0.0031s ]
SQL: SHOW COLUMNS FROM `plate_conts_logs` [ RunTime:0.0032s ]
SQL: SHOW COLUMNS FROM `plate_conts_logsr` [ RunTime:0.0030s ]
SQL: SELECT * FROM `plate_conts_blank` WHERE `pid` = 1 AND `cat_index` = 1 AND `status` = 1 LIMIT 1   [ RunTime:0.0014s ]
SQL: SELECT * FROM `plate_conts_logs` WHERE `blank_id` = 1739 ORDER BY number asc,id asc  [ RunTime:0.0013s ]
SQL: SELECT `key_0` FROM `plate_conts_logs` WHERE `blank_id` = 1739 GROUP BY key_0 LIMIT 1   [ RunTime:0.0010s ]
SQL: SELECT `key_1` FROM `plate_conts_logs` WHERE `blank_id` = 1739 GROUP BY key_1 LIMIT 1   [ RunTime:0.0007s ]
SQL: SELECT `key_2` FROM `plate_conts_logs` WHERE `blank_id` = 1739 GROUP BY key_2 LIMIT 1   [ RunTime:0.0003s ]
SQL: SELECT `key_3` FROM `plate_conts_logs` WHERE `blank_id` = 1739 GROUP BY key_3 LIMIT 1   [ RunTime:0.0011s ]
SQL: SELECT `key_4` FROM `plate_conts_logs` WHERE `blank_id` = 1739 GROUP BY key_4 LIMIT 1   [ RunTime:0.0003s ]
SQL: SELECT `key_5` FROM `plate_conts_logs` WHERE `blank_id` = 1739 GROUP BY key_5 LIMIT 1   [ RunTime:0.0002s ]
SQL: SELECT `key_6` FROM `plate_conts_logs` WHERE `blank_id` = 1739 GROUP BY key_6 LIMIT 1   [ RunTime:0.0002s ]
SQL: SELECT `key_7` FROM `plate_conts_logs` WHERE `blank_id` = 1739 GROUP BY key_7 LIMIT 1   [ RunTime:0.0003s ]
NOTIC: [2] Trying to access array offset on value of type null /Users/gangliu/data/catdesk_workspace/yilan/App/Home/Controller/GoodsController.class.php 第 808 行.
NOTIC: [2] Trying to access array offset on value of type null /Users/gangliu/data/catdesk_workspace/yilan/App/Home/Controller/GoodsController.class.php 第 808 行.
NOTIC: [2] Trying to access array offset on value of type null /Users/gangliu/data/catdesk_workspace/yilan/App/Home/Controller/GoodsController.class.php 第 808 行.
NOTIC: [2] Trying to access array offset on value of type null /Users/gangliu/data/catdesk_workspace/yilan/App/Home/Controller/GoodsController.class.php 第 809 行.
NOTIC: [2] Trying to access array offset on value of type null /Users/gangliu/data/catdesk_workspace/yilan/App/Home/Controller/GoodsController.class.php 第 809 行.
NOTIC: [2] Trying to access array offset on value of type null /Users/gangliu/data/catdesk_workspace/yilan/App/Home/Controller/GoodsController.class.php 第 810 行.
NOTIC: [2] Trying to access array offset on value of type null /Users/gangliu/data/catdesk_workspace/yilan/App/Home/Controller/GoodsController.class.php 第 810 行.
NOTIC: [2] Trying to access array offset on value of type null /Users/gangliu/data/catdesk_workspace/yilan/App/Home/Controller/GoodsController.class.php 第 810 行.
SQL: SHOW COLUMNS FROM `new_tax` [ RunTime:0.0029s ]
SQL: SELECT * FROM `new_tax` WHERE `is_del` = 1  [ RunTime:0.0005s ]
SQL: SHOW COLUMNS FROM `plate_conts_price` [ RunTime:0.0023s ]
SQL: SELECT * FROM `plate_conts_price` WHERE `blank_id` = 1739 AND `is_del` = 1 ORDER BY sort asc, id asc  [ RunTime:0.0007s ]
SQL: SELECT * FROM `plate_conts_blank` WHERE `pid` = 1 AND `status` = 1 ORDER BY sorts asc, cat_index asc  [ RunTime:0.0006s ]
SQL: SHOW COLUMNS FROM `plate_conts_blank_group` [ RunTime:0.0027s ]
SQL: SELECT * FROM `plate_conts_blank_group` WHERE `pid` = 0 ORDER BY sort asc, id asc  [ RunTime:0.0008s ]
ERR: {"status":1,"msg":"\u83b7\u53d6\u6210\u529f","data":{"info":{"id":1739,"pid":1,"group_id":5,"catname":"\u5546\u54c1","cat_index":1,"source":["6a2bd1928b6ed.png"],"sorts":0,"gimage":"6a2bcd01617ca.png","gnames":"\u94dc\u82af\u4ea4\u8054\u805a\u4e59\u70ef\u7edd\u7f18\u805a\u6c2f\u4e59\u70ef\u62a4\u5957\u963b\u71c3\u7535\u7f06\u3010\u4e5d\u6298\u6807\u51c6\u3011","up_a":"0.0","down_a":"0.0","up_b":"0.0","down_b":"0.0","up_c":"0.0","down_c":"0.0","up_d":"0.0","down_d":"0.0","up_e":"0.0","down_e":"0.0","up_f":"0.0","down_f":"0.0","ticket_nor":3,"ticket_person":11,"status":1,"uptimes":1781256594,"times":1781095065,"new_tax_id":1},"key":{"keya":null,"keyb":null,"keyc":null,"keyd":null,"keye":null,"keyf":null,"keyg":null,"keyh":null},"list":[],"tax_list":[{"id":1,"pid":0,"name":"\u7535\u529b\u7535\u7f06\u7a0e\u7387\u53d1\u7968","alias_name":"","normal_tax":"3.00","special_tax":"11.00","status":1,"is_del":1,"add_time":0,"up_time":0},{"id":2,"pid":0,"name":"\u5bb6\u88c5\u7535\u7ebf\u7a0e\u7387","alias_name":"","normal_tax":"3.00","special_tax":"10.00","status":1,"is_del":1,"add_time":0,"up_time":0},{"id":3,"pid":0,"name":"\u521a\u6027\u9632\u706b\u7535\u7f06\u7a0e\u7387","alias_name":"","normal_tax":"3.00","special_tax":"9.00","status":1,"is_del":1,"add_time":0,"up_time":0},{"id":9,"pid":0,"name":"\u6a61\u5957\u7535\u7f06\u7a0e\u7387","alias_name":"","normal_tax":"3.00","special_tax":"11.00","status":1,"is_del":1,"add_time":0,"up_time":0},{"id":10,"pid":0,"name":"\u77ff\u7528\u6a61\u80f6\u7535\u7f06\u7a0e\u7387","alias_name":"","normal_tax":"4.00","special_tax":"12.00","status":1,"is_del":1,"add_time":0,"up_time":0}],"price_list":[{"id":2648,"plate_conts_id":1,"new_cate_one_id":1,"new_cate_two_id":355,"new_cate_three_id":356,"name":"\u94dc\u82af\u5bfc\u4f53","ratio":"1.00","sort":1000,"is_del":1,"cat_index":1,"blank_id":1739},{"id":2649,"plate_conts_id":1,"new_cate_one_id":1,"new_cate_two_id":355,"new_cate_three_id":362,"name":"\u8f90\u7167\u4ea4\u8054\u7edd\u7f18","ratio":"1.00","sort":1000,"is_del":1,"cat_index":1,"blank_id":1739},{"id":2650,"plate_conts_id":1,"new_cate_one_id":1,"new_cate_two_id":355,"new_cate_three_id":371,"name":"PVC\u62a4\u5957","ratio":"1.00","sort":1000,"is_del":1,"cat_index":1,"blank_id":1739},{"id":7812,"plate_conts_id":1,"new_cate_one_id":1,"new_cate_two_id":355,"new_cate_three_id":356,"name":"\u94dc\u82af\u5bfc\u4f53","ratio":"0.90","sort":1000,"is_del":1,"cat_index":1,"blank_id":1739},{"id":7813,"plate_conts_id":1,"new_cate_one_id":1,"new_cate_two_id":355,"new_cate_three_id":362,"name":"\u8f90\u7167\u4ea4\u8054\u7edd\u7f18","ratio":"1.00","sort":1000,"is_del":1,"cat_index":1,"blank_id":1739}],"all_blanks":[{"id":1741,"pid":1,"group_id":5,"catname":"\u516b\u6298\u6807\u51c6","cat_index":3,"source":"[\"677187340b61b.png\"]","sorts":null,"gimage":"677187340b3d7.png","gnames":"\u94dc\u82af\u4ea4\u8054\u805a\u4e59\u70ef\u7edd\u7f18\u805a\u6c2f\u4e59\u70ef\u62a4\u5957\u963b\u71c3\u7535\u7f06\u3010\u4e5d\u6298\u6807\u51c6\u3011","up_a":"0.0","down_a":"0.0","up_b":"0.0","down_b":"0.0","up_c":"0.0","down_c":"0.0","up_d":"0.0","down_d":"0.0","up_e":"0.0","down_e":"0.0","up_f":"0.0","down_f":"0.0","ticket_nor":3,"ticket_person":11,"status":1,"uptimes":1781228972,"times":1781228972,"new_tax_id":1},{"id":1739,"pid":1,"group_id":5,"catname":"\u5546\u54c1","cat_index":1,"source":"[\"6a2bd1928b6ed.png\"]","sorts":0,"gimage":"6a2bcd01617ca.png","gnames":"\u94dc\u82af\u4ea4\u8054\u805a\u4e59\u70ef\u7edd\u7f18\u805a\u6c2f\u4e59\u70ef\u62a4\u5957\u963b\u71c3\u7535\u7f06\u3010\u4e5d\u6298\u6807\u51c6\u3011","up_a":"0.0","down_a":"0.0","up_b":"0.0","down_b":"0.0","up_c":"0.0","down_c":"0.0","up_d":"0.0","down_d":"0.0","up_e":"0.0","down_e":"0.0","up_f":"0.0","down_f":"0.0","ticket_nor":3,"ticket_person":11,"status":1,"uptimes":1781256594,"times":1781095065,"new_tax_id":1},{"id":1740,"pid":1,"group_id":5,"catname":"\u4e5d\u6298\u6807\u51c6","cat_index":2,"source":"[\"677187340b61b.png\"]","sorts":0,"gimage":"677187340b3d7.png","gnames":"\u94dc\u82af\u4ea4\u8054\u805a\u4e59\u70ef\u7edd\u7f18\u805a\u6c2f\u4e59\u70ef\u62a4\u5957\u963b\u71c3\u7535\u7f06\u3010\u4e5d\u6298\u6807\u51c6\u3011","up_a":"100.0","down_a":"0.0","up_b":"0.0","down_b":"0.0","up_c":"0.0","down_c":"0.0","up_d":"0.0","down_d":"0.0","up_e":"0.0","down_e":"0.0","up_f":"0.0","down_f":"0.0","ticket_nor":3,"ticket_person":11,"status":1,"uptimes":1781602935,"times":1781228972,"new_tax_id":1}],"group_list":[{"id":1,"pid":0,"name":"\u6807\u51c61\u9009\u9879\u5361","ratio":"1.000000","sort":1,"add_time":1781435857,"up_time":1781435857},{"id":5,"pid":0,"name":"\u6807\u51c61\u9009\u9879\u5361","ratio":"1.000000","sort":1,"add_time":1781423342,"up_time":1781423342},{"id":2,"pid":0,"name":"\u6807\u51c62\u9009\u9879\u5361","ratio":"1.000000","sort":2,"add_time":1781435857,"up_time":1781435857},{"id":6,"pid":0,"name":"\u6807\u51c62\u9009\u9879\u5361","ratio":"1.000000","sort":2,"add_time":1781423342,"up_time":1781423342},{"id":7,"pid":0,"name":"\u6807\u51c63\u9009\u9879\u5361","ratio":"1.000000","sort":3,"add_time":1781423342,"up_time":1781423342},{"id":8,"pid":0,"name":"\u6807\u51c64\u9009\u9879\u5361","ratio":"1.000000","sort":4,"add_time":1781423342,"up_time":1781423342},{"id":9,"pid":0,"name":"\u6807\u51c65\u9009\u9879\u5361","ratio":"1.000000","sort":5,"add_time":1781423342,"up_time":1781423342},{"id":10,"pid":0,"name":"\u6807\u51c66\u9009\u9879\u5361","ratio":"1.000000","sort":6,"add_time":1781423342,"up_time":1781423342},{"id":11,"pid":0,"name":"\u6807\u51c67\u9009\u9879\u5361","ratio":"1.000000","sort":7,"add_time":1781423342,"up_time":1781423342},{"id":12,"pid":0,"name":"\u6807\u51c68\u9009\u9879\u5361","ratio":"1.000000","sort":8,"add_time":1781423342,"up_time":1781423342},{"id":13,"pid":0,"name":"\u6807\u51c69\u9009\u9879\u5361","ratio":"1.000000","sort":9,"add_time":1781423342,"up_time":1781423342},{"id":14,"pid":0,"name":"\u6807\u51c610\u9009\u9879\u5361","ratio":"1.000000","sort":10,"add_time":1781423342,"up_time":1781423342}]}}

[ 2026-06-16T17:42:20+08:00 ] ::1 /Home/Goods/plate_conts_blankr.html
INFO: [ app_init ] --START--
INFO: Run Behavior\BuildLiteBehavior [ RunTime:0.000006s ]
INFO: [ app_init ] --END-- [ RunTime:0.000058s ]
INFO: [ app_begin ] --START--
INFO: Run Behavior\ReadHtmlCacheBehavior [ RunTime:0.000051s ]
INFO: [ app_begin ] --END-- [ RunTime:0.000094s ]
SQL: SHOW COLUMNS FROM `plate_conts_blank` [ RunTime:0.0035s ]
SQL: SHOW COLUMNS FROM `plate_conts_logs` [ RunTime:0.0027s ]
SQL: SHOW COLUMNS FROM `plate_conts_logsr` [ RunTime:0.0026s ]
SQL: SELECT * FROM `plate_conts_blank` WHERE `id` = 1739 AND `status` = 1 LIMIT 1   [ RunTime:0.0010s ]
SQL: SELECT * FROM `plate_conts_logs` WHERE `blank_id` = 1739 ORDER BY number asc,id asc  [ RunTime:0.0009s ]
SQL: SELECT `key_0` FROM `plate_conts_logs` WHERE `blank_id` = 1739 GROUP BY key_0 LIMIT 1   [ RunTime:0.0005s ]
SQL: SELECT `key_1` FROM `plate_conts_logs` WHERE `blank_id` = 1739 GROUP BY key_1 LIMIT 1   [ RunTime:0.0007s ]
SQL: SELECT `key_2` FROM `plate_conts_logs` WHERE `blank_id` = 1739 GROUP BY key_2 LIMIT 1   [ RunTime:0.0004s ]
SQL: SELECT `key_3` FROM `plate_conts_logs` WHERE `blank_id` = 1739 GROUP BY key_3 LIMIT 1   [ RunTime:0.0003s ]
SQL: SELECT `key_4` FROM `plate_conts_logs` WHERE `blank_id` = 1739 GROUP BY key_4 LIMIT 1   [ RunTime:0.0007s ]
SQL: SELECT `key_5` FROM `plate_conts_logs` WHERE `blank_id` = 1739 GROUP BY key_5 LIMIT 1   [ RunTime:0.0006s ]
SQL: SELECT `key_6` FROM `plate_conts_logs` WHERE `blank_id` = 1739 GROUP BY key_6 LIMIT 1   [ RunTime:0.0002s ]
SQL: SELECT `key_7` FROM `plate_conts_logs` WHERE `blank_id` = 1739 GROUP BY key_7 LIMIT 1   [ RunTime:0.0005s ]
NOTIC: [2] Trying to access array offset on value of type null /Users/gangliu/data/catdesk_workspace/yilan/App/Home/Controller/GoodsController.class.php 第 808 行.
NOTIC: [2] Trying to access array offset on value of type null /Users/gangliu/data/catdesk_workspace/yilan/App/Home/Controller/GoodsController.class.php 第 808 行.
NOTIC: [2] Trying to access array offset on value of type null /Users/gangliu/data/catdesk_workspace/yilan/App/Home/Controller/GoodsController.class.php 第 808 行.
NOTIC: [2] Trying to access array offset on value of type null /Users/gangliu/data/catdesk_workspace/yilan/App/Home/Controller/GoodsController.class.php 第 809 行.
NOTIC: [2] Trying to access array offset on value of type null /Users/gangliu/data/catdesk_workspace/yilan/App/Home/Controller/GoodsController.class.php 第 809 行.
NOTIC: [2] Trying to access array offset on value of type null /Users/gangliu/data/catdesk_workspace/yilan/App/Home/Controller/GoodsController.class.php 第 810 行.
NOTIC: [2] Trying to access array offset on value of type null /Users/gangliu/data/catdesk_workspace/yilan/App/Home/Controller/GoodsController.class.php 第 810 行.
NOTIC: [2] Trying to access array offset on value of type null /Users/gangliu/data/catdesk_workspace/yilan/App/Home/Controller/GoodsController.class.php 第 810 行.
SQL: SHOW COLUMNS FROM `new_tax` [ RunTime:0.0025s ]
SQL: SELECT * FROM `new_tax` WHERE `is_del` = 1  [ RunTime:0.0008s ]
SQL: SHOW COLUMNS FROM `plate_conts_price` [ RunTime:0.0033s ]
SQL: SELECT * FROM `plate_conts_price` WHERE `blank_id` = 1739 AND `is_del` = 1 ORDER BY sort asc, id asc  [ RunTime:0.0015s ]
SQL: SELECT * FROM `plate_conts_blank` WHERE `pid` = 1 AND `status` = 1 ORDER BY sorts asc, cat_index asc  [ RunTime:0.0009s ]
SQL: SHOW COLUMNS FROM `plate_conts_blank_group` [ RunTime:0.0026s ]
SQL: SELECT * FROM `plate_conts_blank_group` WHERE `pid` = 0 ORDER BY sort asc, id asc  [ RunTime:0.0009s ]
ERR: {"status":1,"msg":"\u83b7\u53d6\u6210\u529f","data":{"info":{"id":1739,"pid":1,"group_id":5,"catname":"\u5546\u54c1","cat_index":1,"source":["6a2bd1928b6ed.png"],"sorts":0,"gimage":"6a2bcd01617ca.png","gnames":"\u94dc\u82af\u4ea4\u8054\u805a\u4e59\u70ef\u7edd\u7f18\u805a\u6c2f\u4e59\u70ef\u62a4\u5957\u963b\u71c3\u7535\u7f06\u3010\u4e5d\u6298\u6807\u51c6\u3011","up_a":"0.0","down_a":"0.0","up_b":"0.0","down_b":"0.0","up_c":"0.0","down_c":"0.0","up_d":"0.0","down_d":"0.0","up_e":"0.0","down_e":"0.0","up_f":"0.0","down_f":"0.0","ticket_nor":3,"ticket_person":11,"status":1,"uptimes":1781256594,"times":1781095065,"new_tax_id":1},"key":{"keya":null,"keyb":null,"keyc":null,"keyd":null,"keye":null,"keyf":null,"keyg":null,"keyh":null},"list":[],"tax_list":[{"id":1,"pid":0,"name":"\u7535\u529b\u7535\u7f06\u7a0e\u7387\u53d1\u7968","alias_name":"","normal_tax":"3.00","special_tax":"11.00","status":1,"is_del":1,"add_time":0,"up_time":0},{"id":2,"pid":0,"name":"\u5bb6\u88c5\u7535\u7ebf\u7a0e\u7387","alias_name":"","normal_tax":"3.00","special_tax":"10.00","status":1,"is_del":1,"add_time":0,"up_time":0},{"id":3,"pid":0,"name":"\u521a\u6027\u9632\u706b\u7535\u7f06\u7a0e\u7387","alias_name":"","normal_tax":"3.00","special_tax":"9.00","status":1,"is_del":1,"add_time":0,"up_time":0},{"id":9,"pid":0,"name":"\u6a61\u5957\u7535\u7f06\u7a0e\u7387","alias_name":"","normal_tax":"3.00","special_tax":"11.00","status":1,"is_del":1,"add_time":0,"up_time":0},{"id":10,"pid":0,"name":"\u77ff\u7528\u6a61\u80f6\u7535\u7f06\u7a0e\u7387","alias_name":"","normal_tax":"4.00","special_tax":"12.00","status":1,"is_del":1,"add_time":0,"up_time":0}],"price_list":[{"id":2648,"plate_conts_id":1,"new_cate_one_id":1,"new_cate_two_id":355,"new_cate_three_id":356,"name":"\u94dc\u82af\u5bfc\u4f53","ratio":"1.00","sort":1000,"is_del":1,"cat_index":1,"blank_id":1739},{"id":2649,"plate_conts_id":1,"new_cate_one_id":1,"new_cate_two_id":355,"new_cate_three_id":362,"name":"\u8f90\u7167\u4ea4\u8054\u7edd\u7f18","ratio":"1.00","sort":1000,"is_del":1,"cat_index":1,"blank_id":1739},{"id":2650,"plate_conts_id":1,"new_cate_one_id":1,"new_cate_two_id":355,"new_cate_three_id":371,"name":"PVC\u62a4\u5957","ratio":"1.00","sort":1000,"is_del":1,"cat_index":1,"blank_id":1739},{"id":7812,"plate_conts_id":1,"new_cate_one_id":1,"new_cate_two_id":355,"new_cate_three_id":356,"name":"\u94dc\u82af\u5bfc\u4f53","ratio":"0.90","sort":1000,"is_del":1,"cat_index":1,"blank_id":1739},{"id":7813,"plate_conts_id":1,"new_cate_one_id":1,"new_cate_two_id":355,"new_cate_three_id":362,"name":"\u8f90\u7167\u4ea4\u8054\u7edd\u7f18","ratio":"1.00","sort":1000,"is_del":1,"cat_index":1,"blank_id":1739}],"all_blanks":[{"id":1741,"pid":1,"group_id":5,"catname":"\u516b\u6298\u6807\u51c6","cat_index":3,"source":"[\"677187340b61b.png\"]","sorts":null,"gimage":"677187340b3d7.png","gnames":"\u94dc\u82af\u4ea4\u8054\u805a\u4e59\u70ef\u7edd\u7f18\u805a\u6c2f\u4e59\u70ef\u62a4\u5957\u963b\u71c3\u7535\u7f06\u3010\u4e5d\u6298\u6807\u51c6\u3011","up_a":"0.0","down_a":"0.0","up_b":"0.0","down_b":"0.0","up_c":"0.0","down_c":"0.0","up_d":"0.0","down_d":"0.0","up_e":"0.0","down_e":"0.0","up_f":"0.0","down_f":"0.0","ticket_nor":3,"ticket_person":11,"status":1,"uptimes":1781228972,"times":1781228972,"new_tax_id":1},{"id":1739,"pid":1,"group_id":5,"catname":"\u5546\u54c1","cat_index":1,"source":"[\"6a2bd1928b6ed.png\"]","sorts":0,"gimage":"6a2bcd01617ca.png","gnames":"\u94dc\u82af\u4ea4\u8054\u805a\u4e59\u70ef\u7edd\u7f18\u805a\u6c2f\u4e59\u70ef\u62a4\u5957\u963b\u71c3\u7535\u7f06\u3010\u4e5d\u6298\u6807\u51c6\u3011","up_a":"0.0","down_a":"0.0","up_b":"0.0","down_b":"0.0","up_c":"0.0","down_c":"0.0","up_d":"0.0","down_d":"0.0","up_e":"0.0","down_e":"0.0","up_f":"0.0","down_f":"0.0","ticket_nor":3,"ticket_person":11,"status":1,"uptimes":1781256594,"times":1781095065,"new_tax_id":1},{"id":1740,"pid":1,"group_id":5,"catname":"\u4e5d\u6298\u6807\u51c6","cat_index":2,"source":"[\"677187340b61b.png\"]","sorts":0,"gimage":"677187340b3d7.png","gnames":"\u94dc\u82af\u4ea4\u8054\u805a\u4e59\u70ef\u7edd\u7f18\u805a\u6c2f\u4e59\u70ef\u62a4\u5957\u963b\u71c3\u7535\u7f06\u3010\u4e5d\u6298\u6807\u51c6\u3011","up_a":"100.0","down_a":"0.0","up_b":"0.0","down_b":"0.0","up_c":"0.0","down_c":"0.0","up_d":"0.0","down_d":"0.0","up_e":"0.0","down_e":"0.0","up_f":"0.0","down_f":"0.0","ticket_nor":3,"ticket_person":11,"status":1,"uptimes":1781602935,"times":1781228972,"new_tax_id":1}],"group_list":[{"id":1,"pid":0,"name":"\u6807\u51c61\u9009\u9879\u5361","ratio":"1.000000","sort":1,"add_time":1781435857,"up_time":1781435857},{"id":5,"pid":0,"name":"\u6807\u51c61\u9009\u9879\u5361","ratio":"1.000000","sort":1,"add_time":1781423342,"up_time":1781423342},{"id":2,"pid":0,"name":"\u6807\u51c62\u9009\u9879\u5361","ratio":"1.000000","sort":2,"add_time":1781435857,"up_time":1781435857},{"id":6,"pid":0,"name":"\u6807\u51c62\u9009\u9879\u5361","ratio":"1.000000","sort":2,"add_time":1781423342,"up_time":1781423342},{"id":7,"pid":0,"name":"\u6807\u51c63\u9009\u9879\u5361","ratio":"1.000000","sort":3,"add_time":1781423342,"up_time":1781423342},{"id":8,"pid":0,"name":"\u6807\u51c64\u9009\u9879\u5361","ratio":"1.000000","sort":4,"add_time":1781423342,"up_time":1781423342},{"id":9,"pid":0,"name":"\u6807\u51c65\u9009\u9879\u5361","ratio":"1.000000","sort":5,"add_time":1781423342,"up_time":1781423342},{"id":10,"pid":0,"name":"\u6807\u51c66\u9009\u9879\u5361","ratio":"1.000000","sort":6,"add_time":1781423342,"up_time":1781423342},{"id":11,"pid":0,"name":"\u6807\u51c67\u9009\u9879\u5361","ratio":"1.000000","sort":7,"add_time":1781423342,"up_time":1781423342},{"id":12,"pid":0,"name":"\u6807\u51c68\u9009\u9879\u5361","ratio":"1.000000","sort":8,"add_time":1781423342,"up_time":1781423342},{"id":13,"pid":0,"name":"\u6807\u51c69\u9009\u9879\u5361","ratio":"1.000000","sort":9,"add_time":1781423342,"up_time":1781423342},{"id":14,"pid":0,"name":"\u6807\u51c610\u9009\u9879\u5361","ratio":"1.000000","sort":10,"add_time":1781423342,"up_time":1781423342}]}}

[ 2026-06-16T17:42:22+08:00 ] ::1 /Home/Goods/plate_conts_blankr.html
INFO: [ app_init ] --START--
INFO: Run Behavior\BuildLiteBehavior [ RunTime:0.000008s ]
INFO: [ app_init ] --END-- [ RunTime:0.000075s ]
INFO: [ app_begin ] --START--
INFO: Run Behavior\ReadHtmlCacheBehavior [ RunTime:0.000036s ]
INFO: [ app_begin ] --END-- [ RunTime:0.000060s ]
SQL: SHOW COLUMNS FROM `plate_conts_blank` [ RunTime:0.0040s ]
SQL: SHOW COLUMNS FROM `plate_conts_logs` [ RunTime:0.0028s ]
SQL: SHOW COLUMNS FROM `plate_conts_logsr` [ RunTime:0.0029s ]
SQL: SELECT * FROM `plate_conts_blank` WHERE `id` = 1741 AND `status` = 1 LIMIT 1   [ RunTime:0.0016s ]
SQL: SELECT * FROM `plate_conts_logs` WHERE `blank_id` = 1741 ORDER BY number asc,id asc  [ RunTime:0.0011s ]
SQL: SELECT `key_0` FROM `plate_conts_logs` WHERE `blank_id` = 1741 GROUP BY key_0 LIMIT 1   [ RunTime:0.0005s ]
SQL: SELECT `key_1` FROM `plate_conts_logs` WHERE `blank_id` = 1741 GROUP BY key_1 LIMIT 1   [ RunTime:0.0002s ]
SQL: SELECT `key_2` FROM `plate_conts_logs` WHERE `blank_id` = 1741 GROUP BY key_2 LIMIT 1   [ RunTime:0.0009s ]
SQL: SELECT `key_3` FROM `plate_conts_logs` WHERE `blank_id` = 1741 GROUP BY key_3 LIMIT 1   [ RunTime:0.0003s ]
SQL: SELECT `key_4` FROM `plate_conts_logs` WHERE `blank_id` = 1741 GROUP BY key_4 LIMIT 1   [ RunTime:0.0011s ]
SQL: SELECT `key_5` FROM `plate_conts_logs` WHERE `blank_id` = 1741 GROUP BY key_5 LIMIT 1   [ RunTime:0.0006s ]
SQL: SELECT `key_6` FROM `plate_conts_logs` WHERE `blank_id` = 1741 GROUP BY key_6 LIMIT 1   [ RunTime:0.0003s ]
SQL: SELECT `key_7` FROM `plate_conts_logs` WHERE `blank_id` = 1741 GROUP BY key_7 LIMIT 1   [ RunTime:0.0002s ]
NOTIC: [2] Trying to access array offset on value of type null /Users/gangliu/data/catdesk_workspace/yilan/App/Home/Controller/GoodsController.class.php 第 808 行.
NOTIC: [2] Trying to access array offset on value of type null /Users/gangliu/data/catdesk_workspace/yilan/App/Home/Controller/GoodsController.class.php 第 808 行.
NOTIC: [2] Trying to access array offset on value of type null /Users/gangliu/data/catdesk_workspace/yilan/App/Home/Controller/GoodsController.class.php 第 808 行.
NOTIC: [2] Trying to access array offset on value of type null /Users/gangliu/data/catdesk_workspace/yilan/App/Home/Controller/GoodsController.class.php 第 809 行.
NOTIC: [2] Trying to access array offset on value of type null /Users/gangliu/data/catdesk_workspace/yilan/App/Home/Controller/GoodsController.class.php 第 809 行.
NOTIC: [2] Trying to access array offset on value of type null /Users/gangliu/data/catdesk_workspace/yilan/App/Home/Controller/GoodsController.class.php 第 810 行.
NOTIC: [2] Trying to access array offset on value of type null /Users/gangliu/data/catdesk_workspace/yilan/App/Home/Controller/GoodsController.class.php 第 810 行.
NOTIC: [2] Trying to access array offset on value of type null /Users/gangliu/data/catdesk_workspace/yilan/App/Home/Controller/GoodsController.class.php 第 810 行.
SQL: SHOW COLUMNS FROM `new_tax` [ RunTime:0.0032s ]
SQL: SELECT * FROM `new_tax` WHERE `is_del` = 1  [ RunTime:0.0008s ]
SQL: SHOW COLUMNS FROM `plate_conts_price` [ RunTime:0.0030s ]
SQL: SELECT * FROM `plate_conts_price` WHERE `blank_id` = 1741 AND `is_del` = 1 ORDER BY sort asc, id asc  [ RunTime:0.0007s ]
SQL: SELECT * FROM `plate_conts_blank` WHERE `pid` = 1 AND `status` = 1 ORDER BY sorts asc, cat_index asc  [ RunTime:0.0006s ]
SQL: SHOW COLUMNS FROM `plate_conts_blank_group` [ RunTime:0.0022s ]
SQL: SELECT * FROM `plate_conts_blank_group` WHERE `pid` = 0 ORDER BY sort asc, id asc  [ RunTime:0.0007s ]
ERR: {"status":1,"msg":"\u83b7\u53d6\u6210\u529f","data":{"info":{"id":1741,"pid":1,"group_id":5,"catname":"\u516b\u6298\u6807\u51c6","cat_index":3,"source":["677187340b61b.png"],"sorts":null,"gimage":"677187340b3d7.png","gnames":"\u94dc\u82af\u4ea4\u8054\u805a\u4e59\u70ef\u7edd\u7f18\u805a\u6c2f\u4e59\u70ef\u62a4\u5957\u963b\u71c3\u7535\u7f06\u3010\u4e5d\u6298\u6807\u51c6\u3011","up_a":"0.0","down_a":"0.0","up_b":"0.0","down_b":"0.0","up_c":"0.0","down_c":"0.0","up_d":"0.0","down_d":"0.0","up_e":"0.0","down_e":"0.0","up_f":"0.0","down_f":"0.0","ticket_nor":3,"ticket_person":11,"status":1,"uptimes":1781228972,"times":1781228972,"new_tax_id":1},"key":{"keya":null,"keyb":null,"keyc":null,"keyd":null,"keye":null,"keyf":null,"keyg":null,"keyh":null},"list":[],"tax_list":[{"id":1,"pid":0,"name":"\u7535\u529b\u7535\u7f06\u7a0e\u7387\u53d1\u7968","alias_name":"","normal_tax":"3.00","special_tax":"11.00","status":1,"is_del":1,"add_time":0,"up_time":0},{"id":2,"pid":0,"name":"\u5bb6\u88c5\u7535\u7ebf\u7a0e\u7387","alias_name":"","normal_tax":"3.00","special_tax":"10.00","status":1,"is_del":1,"add_time":0,"up_time":0},{"id":3,"pid":0,"name":"\u521a\u6027\u9632\u706b\u7535\u7f06\u7a0e\u7387","alias_name":"","normal_tax":"3.00","special_tax":"9.00","status":1,"is_del":1,"add_time":0,"up_time":0},{"id":9,"pid":0,"name":"\u6a61\u5957\u7535\u7f06\u7a0e\u7387","alias_name":"","normal_tax":"3.00","special_tax":"11.00","status":1,"is_del":1,"add_time":0,"up_time":0},{"id":10,"pid":0,"name":"\u77ff\u7528\u6a61\u80f6\u7535\u7f06\u7a0e\u7387","alias_name":"","normal_tax":"4.00","special_tax":"12.00","status":1,"is_del":1,"add_time":0,"up_time":0}],"price_list":[{"id":2654,"plate_conts_id":1,"new_cate_one_id":1,"new_cate_two_id":355,"new_cate_three_id":356,"name":"\u94dc\u82af\u5bfc\u4f53","ratio":"0.80","sort":1000,"is_del":1,"cat_index":3,"blank_id":1741},{"id":2655,"plate_conts_id":1,"new_cate_one_id":1,"new_cate_two_id":355,"new_cate_three_id":362,"name":"\u8f90\u7167\u4ea4\u8054\u7edd\u7f18","ratio":"1.00","sort":1000,"is_del":1,"cat_index":3,"blank_id":1741},{"id":2656,"plate_conts_id":1,"new_cate_one_id":1,"new_cate_two_id":355,"new_cate_three_id":371,"name":"PVC\u62a4\u5957","ratio":"1.00","sort":1000,"is_del":1,"cat_index":3,"blank_id":1741},{"id":7815,"plate_conts_id":1,"new_cate_one_id":1,"new_cate_two_id":355,"new_cate_three_id":356,"name":"\u94dc\u82af\u5bfc\u4f53","ratio":"0.90","sort":1000,"is_del":1,"cat_index":3,"blank_id":1741},{"id":7816,"plate_conts_id":1,"new_cate_one_id":1,"new_cate_two_id":355,"new_cate_three_id":362,"name":"\u8f90\u7167\u4ea4\u8054\u7edd\u7f18","ratio":"1.00","sort":1000,"is_del":1,"cat_index":3,"blank_id":1741}],"all_blanks":[{"id":1741,"pid":1,"group_id":5,"catname":"\u516b\u6298\u6807\u51c6","cat_index":3,"source":"[\"677187340b61b.png\"]","sorts":null,"gimage":"677187340b3d7.png","gnames":"\u94dc\u82af\u4ea4\u8054\u805a\u4e59\u70ef\u7edd\u7f18\u805a\u6c2f\u4e59\u70ef\u62a4\u5957\u963b\u71c3\u7535\u7f06\u3010\u4e5d\u6298\u6807\u51c6\u3011","up_a":"0.0","down_a":"0.0","up_b":"0.0","down_b":"0.0","up_c":"0.0","down_c":"0.0","up_d":"0.0","down_d":"0.0","up_e":"0.0","down_e":"0.0","up_f":"0.0","down_f":"0.0","ticket_nor":3,"ticket_person":11,"status":1,"uptimes":1781228972,"times":1781228972,"new_tax_id":1},{"id":1739,"pid":1,"group_id":5,"catname":"\u5546\u54c1","cat_index":1,"source":"[\"6a2bd1928b6ed.png\"]","sorts":0,"gimage":"6a2bcd01617ca.png","gnames":"\u94dc\u82af\u4ea4\u8054\u805a\u4e59\u70ef\u7edd\u7f18\u805a\u6c2f\u4e59\u70ef\u62a4\u5957\u963b\u71c3\u7535\u7f06\u3010\u4e5d\u6298\u6807\u51c6\u3011","up_a":"0.0","down_a":"0.0","up_b":"0.0","down_b":"0.0","up_c":"0.0","down_c":"0.0","up_d":"0.0","down_d":"0.0","up_e":"0.0","down_e":"0.0","up_f":"0.0","down_f":"0.0","ticket_nor":3,"ticket_person":11,"status":1,"uptimes":1781256594,"times":1781095065,"new_tax_id":1},{"id":1740,"pid":1,"group_id":5,"catname":"\u4e5d\u6298\u6807\u51c6","cat_index":2,"source":"[\"677187340b61b.png\"]","sorts":0,"gimage":"677187340b3d7.png","gnames":"\u94dc\u82af\u4ea4\u8054\u805a\u4e59\u70ef\u7edd\u7f18\u805a\u6c2f\u4e59\u70ef\u62a4\u5957\u963b\u71c3\u7535\u7f06\u3010\u4e5d\u6298\u6807\u51c6\u3011","up_a":"100.0","down_a":"0.0","up_b":"0.0","down_b":"0.0","up_c":"0.0","down_c":"0.0","up_d":"0.0","down_d":"0.0","up_e":"0.0","down_e":"0.0","up_f":"0.0","down_f":"0.0","ticket_nor":3,"ticket_person":11,"status":1,"uptimes":1781602935,"times":1781228972,"new_tax_id":1}],"group_list":[{"id":1,"pid":0,"name":"\u6807\u51c61\u9009\u9879\u5361","ratio":"1.000000","sort":1,"add_time":1781435857,"up_time":1781435857},{"id":5,"pid":0,"name":"\u6807\u51c61\u9009\u9879\u5361","ratio":"1.000000","sort":1,"add_time":1781423342,"up_time":1781423342},{"id":2,"pid":0,"name":"\u6807\u51c62\u9009\u9879\u5361","ratio":"1.000000","sort":2,"add_time":1781435857,"up_time":1781435857},{"id":6,"pid":0,"name":"\u6807\u51c62\u9009\u9879\u5361","ratio":"1.000000","sort":2,"add_time":1781423342,"up_time":1781423342},{"id":7,"pid":0,"name":"\u6807\u51c63\u9009\u9879\u5361","ratio":"1.000000","sort":3,"add_time":1781423342,"up_time":1781423342},{"id":8,"pid":0,"name":"\u6807\u51c64\u9009\u9879\u5361","ratio":"1.000000","sort":4,"add_time":1781423342,"up_time":1781423342},{"id":9,"pid":0,"name":"\u6807\u51c65\u9009\u9879\u5361","ratio":"1.000000","sort":5,"add_time":1781423342,"up_time":1781423342},{"id":10,"pid":0,"name":"\u6807\u51c66\u9009\u9879\u5361","ratio":"1.000000","sort":6,"add_time":1781423342,"up_time":1781423342},{"id":11,"pid":0,"name":"\u6807\u51c67\u9009\u9879\u5361","ratio":"1.000000","sort":7,"add_time":1781423342,"up_time":1781423342},{"id":12,"pid":0,"name":"\u6807\u51c68\u9009\u9879\u5361","ratio":"1.000000","sort":8,"add_time":1781423342,"up_time":1781423342},{"id":13,"pid":0,"name":"\u6807\u51c69\u9009\u9879\u5361","ratio":"1.000000","sort":9,"add_time":1781423342,"up_time":1781423342},{"id":14,"pid":0,"name":"\u6807\u51c610\u9009\u9879\u5361","ratio":"1.000000","sort":10,"add_time":1781423342,"up_time":1781423342}]}}

[ 2026-06-16T17:42:29+08:00 ] ::1 /Home/Goods/plate_conts_blank.html
INFO: [ app_init ] --START--
INFO: Run Behavior\BuildLiteBehavior [ RunTime:0.000008s ]
INFO: [ app_init ] --END-- [ RunTime:0.000081s ]
INFO: [ app_begin ] --START--
INFO: Run Behavior\ReadHtmlCacheBehavior [ RunTime:0.000043s ]
INFO: [ app_begin ] --END-- [ RunTime:0.000076s ]
SQL: SHOW COLUMNS FROM `plate_conts_blank` [ RunTime:0.0031s ]
SQL: SELECT COUNT(*) AS tp_count FROM `plate_conts_blank` WHERE `pid` = 1 AND `cat_index` = 1 LIMIT 1   [ RunTime:0.0014s ]
SQL: SHOW COLUMNS FROM `new_tax` [ RunTime:0.0022s ]
SQL: SELECT * FROM `new_tax` WHERE `id` = 1 LIMIT 1   [ RunTime:0.0009s ]
SQL: UPDATE `plate_conts_blank` SET `pid`='1',`catname`='商品',`cat_index`='1',`sorts`='0',`gimage`='6a2bcd01617ca.png',`gnames`='铜芯交联聚乙烯绝缘聚氯乙烯护套阻燃电缆【九折标准】',`up_a`='100',`down_a`='0.0',`up_b`='0.0',`down_b`='0.0',`up_c`='0.0',`down_c`='0.0',`up_d`='0.0',`down_d`='0.0',`up_e`='0.0',`down_e`='0.0',`up_f`='0.0',`down_f`='0.0',`ticket_nor`='3',`ticket_person`='11',`status`='1',`uptimes`='1781602949',`times`='1781095065',`new_tax_id`='1' WHERE `pid` = 1 AND `cat_index` = 1 [ RunTime:0.0040s ]
SQL: SHOW COLUMNS FROM `plate_conts_logs` [ RunTime:0.0025s ]
SQL: SELECT * FROM `plate_conts_logs` WHERE `pid` = 1 AND `cat_index` = 1  [ RunTime:0.0034s ]
SQL: UPDATE `plate_conts_logs` SET `market`='0',`uptimes`='1781602949' WHERE `id` = 1397294 [ RunTime:0.0022s ]
SQL: UPDATE `plate_conts_logs` SET `market`='3.43',`uptimes`='1781602949' WHERE `id` = 1397848 [ RunTime:0.0025s ]
ERR: {"status":1,"msg":"\u66f4\u65b0\u6210\u529f","data":null}

[ 2026-06-16T17:42:29+08:00 ] ::1 /Home/Goods/plate_conts_blankr.html
INFO: [ app_init ] --START--
INFO: Run Behavior\BuildLiteBehavior [ RunTime:0.000011s ]
INFO: [ app_init ] --END-- [ RunTime:0.000089s ]
INFO: [ app_begin ] --START--
INFO: Run Behavior\ReadHtmlCacheBehavior [ RunTime:0.000039s ]
INFO: [ app_begin ] --END-- [ RunTime:0.000070s ]
SQL: SHOW COLUMNS FROM `plate_conts_blank` [ RunTime:0.0038s ]
SQL: SHOW COLUMNS FROM `plate_conts_logs` [ RunTime:0.0046s ]
SQL: SHOW COLUMNS FROM `plate_conts_logsr` [ RunTime:0.0024s ]
SQL: SELECT * FROM `plate_conts_blank` WHERE `id` = 1741 AND `status` = 1 LIMIT 1   [ RunTime:0.0009s ]
SQL: SELECT * FROM `plate_conts_logs` WHERE `blank_id` = 1741 ORDER BY number asc,id asc  [ RunTime:0.0012s ]
SQL: SELECT `key_0` FROM `plate_conts_logs` WHERE `blank_id` = 1741 GROUP BY key_0 LIMIT 1   [ RunTime:0.0008s ]
SQL: SELECT `key_1` FROM `plate_conts_logs` WHERE `blank_id` = 1741 GROUP BY key_1 LIMIT 1   [ RunTime:0.0006s ]
SQL: SELECT `key_2` FROM `plate_conts_logs` WHERE `blank_id` = 1741 GROUP BY key_2 LIMIT 1   [ RunTime:0.0005s ]
SQL: SELECT `key_3` FROM `plate_conts_logs` WHERE `blank_id` = 1741 GROUP BY key_3 LIMIT 1   [ RunTime:0.0007s ]
SQL: SELECT `key_4` FROM `plate_conts_logs` WHERE `blank_id` = 1741 GROUP BY key_4 LIMIT 1   [ RunTime:0.0018s ]
SQL: SELECT `key_5` FROM `plate_conts_logs` WHERE `blank_id` = 1741 GROUP BY key_5 LIMIT 1   [ RunTime:0.0011s ]
SQL: SELECT `key_6` FROM `plate_conts_logs` WHERE `blank_id` = 1741 GROUP BY key_6 LIMIT 1   [ RunTime:0.0013s ]
SQL: SELECT `key_7` FROM `plate_conts_logs` WHERE `blank_id` = 1741 GROUP BY key_7 LIMIT 1   [ RunTime:0.0009s ]
NOTIC: [2] Trying to access array offset on value of type null /Users/gangliu/data/catdesk_workspace/yilan/App/Home/Controller/GoodsController.class.php 第 808 行.
NOTIC: [2] Trying to access array offset on value of type null /Users/gangliu/data/catdesk_workspace/yilan/App/Home/Controller/GoodsController.class.php 第 808 行.
NOTIC: [2] Trying to access array offset on value of type null /Users/gangliu/data/catdesk_workspace/yilan/App/Home/Controller/GoodsController.class.php 第 808 行.
NOTIC: [2] Trying to access array offset on value of type null /Users/gangliu/data/catdesk_workspace/yilan/App/Home/Controller/GoodsController.class.php 第 809 行.
NOTIC: [2] Trying to access array offset on value of type null /Users/gangliu/data/catdesk_workspace/yilan/App/Home/Controller/GoodsController.class.php 第 809 行.
NOTIC: [2] Trying to access array offset on value of type null /Users/gangliu/data/catdesk_workspace/yilan/App/Home/Controller/GoodsController.class.php 第 810 行.
NOTIC: [2] Trying to access array offset on value of type null /Users/gangliu/data/catdesk_workspace/yilan/App/Home/Controller/GoodsController.class.php 第 810 行.
NOTIC: [2] Trying to access array offset on value of type null /Users/gangliu/data/catdesk_workspace/yilan/App/Home/Controller/GoodsController.class.php 第 810 行.
SQL: SHOW COLUMNS FROM `new_tax` [ RunTime:0.0029s ]
SQL: SELECT * FROM `new_tax` WHERE `is_del` = 1  [ RunTime:0.0011s ]
SQL: SHOW COLUMNS FROM `plate_conts_price` [ RunTime:0.0032s ]
SQL: SELECT * FROM `plate_conts_price` WHERE `blank_id` = 1741 AND `is_del` = 1 ORDER BY sort asc, id asc  [ RunTime:0.0010s ]
SQL: SELECT * FROM `plate_conts_blank` WHERE `pid` = 1 AND `status` = 1 ORDER BY sorts asc, cat_index asc  [ RunTime:0.0007s ]
SQL: SHOW COLUMNS FROM `plate_conts_blank_group` [ RunTime:0.0029s ]
SQL: SELECT * FROM `plate_conts_blank_group` WHERE `pid` = 0 ORDER BY sort asc, id asc  [ RunTime:0.0011s ]
ERR: {"status":1,"msg":"\u83b7\u53d6\u6210\u529f","data":{"info":{"id":1741,"pid":1,"group_id":5,"catname":"\u516b\u6298\u6807\u51c6","cat_index":3,"source":["677187340b61b.png"],"sorts":null,"gimage":"677187340b3d7.png","gnames":"\u94dc\u82af\u4ea4\u8054\u805a\u4e59\u70ef\u7edd\u7f18\u805a\u6c2f\u4e59\u70ef\u62a4\u5957\u963b\u71c3\u7535\u7f06\u3010\u4e5d\u6298\u6807\u51c6\u3011","up_a":"0.0","down_a":"0.0","up_b":"0.0","down_b":"0.0","up_c":"0.0","down_c":"0.0","up_d":"0.0","down_d":"0.0","up_e":"0.0","down_e":"0.0","up_f":"0.0","down_f":"0.0","ticket_nor":3,"ticket_person":11,"status":1,"uptimes":1781228972,"times":1781228972,"new_tax_id":1},"key":{"keya":null,"keyb":null,"keyc":null,"keyd":null,"keye":null,"keyf":null,"keyg":null,"keyh":null},"list":[],"tax_list":[{"id":1,"pid":0,"name":"\u7535\u529b\u7535\u7f06\u7a0e\u7387\u53d1\u7968","alias_name":"","normal_tax":"3.00","special_tax":"11.00","status":1,"is_del":1,"add_time":0,"up_time":0},{"id":2,"pid":0,"name":"\u5bb6\u88c5\u7535\u7ebf\u7a0e\u7387","alias_name":"","normal_tax":"3.00","special_tax":"10.00","status":1,"is_del":1,"add_time":0,"up_time":0},{"id":3,"pid":0,"name":"\u521a\u6027\u9632\u706b\u7535\u7f06\u7a0e\u7387","alias_name":"","normal_tax":"3.00","special_tax":"9.00","status":1,"is_del":1,"add_time":0,"up_time":0},{"id":9,"pid":0,"name":"\u6a61\u5957\u7535\u7f06\u7a0e\u7387","alias_name":"","normal_tax":"3.00","special_tax":"11.00","status":1,"is_del":1,"add_time":0,"up_time":0},{"id":10,"pid":0,"name":"\u77ff\u7528\u6a61\u80f6\u7535\u7f06\u7a0e\u7387","alias_name":"","normal_tax":"4.00","special_tax":"12.00","status":1,"is_del":1,"add_time":0,"up_time":0}],"price_list":[{"id":2654,"plate_conts_id":1,"new_cate_one_id":1,"new_cate_two_id":355,"new_cate_three_id":356,"name":"\u94dc\u82af\u5bfc\u4f53","ratio":"0.80","sort":1000,"is_del":1,"cat_index":3,"blank_id":1741},{"id":2655,"plate_conts_id":1,"new_cate_one_id":1,"new_cate_two_id":355,"new_cate_three_id":362,"name":"\u8f90\u7167\u4ea4\u8054\u7edd\u7f18","ratio":"1.00","sort":1000,"is_del":1,"cat_index":3,"blank_id":1741},{"id":2656,"plate_conts_id":1,"new_cate_one_id":1,"new_cate_two_id":355,"new_cate_three_id":371,"name":"PVC\u62a4\u5957","ratio":"1.00","sort":1000,"is_del":1,"cat_index":3,"blank_id":1741},{"id":7815,"plate_conts_id":1,"new_cate_one_id":1,"new_cate_two_id":355,"new_cate_three_id":356,"name":"\u94dc\u82af\u5bfc\u4f53","ratio":"0.90","sort":1000,"is_del":1,"cat_index":3,"blank_id":1741},{"id":7816,"plate_conts_id":1,"new_cate_one_id":1,"new_cate_two_id":355,"new_cate_three_id":362,"name":"\u8f90\u7167\u4ea4\u8054\u7edd\u7f18","ratio":"1.00","sort":1000,"is_del":1,"cat_index":3,"blank_id":1741}],"all_blanks":[{"id":1741,"pid":1,"group_id":5,"catname":"\u516b\u6298\u6807\u51c6","cat_index":3,"source":"[\"677187340b61b.png\"]","sorts":null,"gimage":"677187340b3d7.png","gnames":"\u94dc\u82af\u4ea4\u8054\u805a\u4e59\u70ef\u7edd\u7f18\u805a\u6c2f\u4e59\u70ef\u62a4\u5957\u963b\u71c3\u7535\u7f06\u3010\u4e5d\u6298\u6807\u51c6\u3011","up_a":"0.0","down_a":"0.0","up_b":"0.0","down_b":"0.0","up_c":"0.0","down_c":"0.0","up_d":"0.0","down_d":"0.0","up_e":"0.0","down_e":"0.0","up_f":"0.0","down_f":"0.0","ticket_nor":3,"ticket_person":11,"status":1,"uptimes":1781228972,"times":1781228972,"new_tax_id":1},{"id":1739,"pid":1,"group_id":5,"catname":"\u5546\u54c1","cat_index":1,"source":"[\"6a2bd1928b6ed.png\"]","sorts":0,"gimage":"6a2bcd01617ca.png","gnames":"\u94dc\u82af\u4ea4\u8054\u805a\u4e59\u70ef\u7edd\u7f18\u805a\u6c2f\u4e59\u70ef\u62a4\u5957\u963b\u71c3\u7535\u7f06\u3010\u4e5d\u6298\u6807\u51c6\u3011","up_a":"100.0","down_a":"0.0","up_b":"0.0","down_b":"0.0","up_c":"0.0","down_c":"0.0","up_d":"0.0","down_d":"0.0","up_e":"0.0","down_e":"0.0","up_f":"0.0","down_f":"0.0","ticket_nor":3,"ticket_person":11,"status":1,"uptimes":1781602949,"times":1781095065,"new_tax_id":1},{"id":1740,"pid":1,"group_id":5,"catname":"\u4e5d\u6298\u6807\u51c6","cat_index":2,"source":"[\"677187340b61b.png\"]","sorts":0,"gimage":"677187340b3d7.png","gnames":"\u94dc\u82af\u4ea4\u8054\u805a\u4e59\u70ef\u7edd\u7f18\u805a\u6c2f\u4e59\u70ef\u62a4\u5957\u963b\u71c3\u7535\u7f06\u3010\u4e5d\u6298\u6807\u51c6\u3011","up_a":"100.0","down_a":"0.0","up_b":"0.0","down_b":"0.0","up_c":"0.0","down_c":"0.0","up_d":"0.0","down_d":"0.0","up_e":"0.0","down_e":"0.0","up_f":"0.0","down_f":"0.0","ticket_nor":3,"ticket_person":11,"status":1,"uptimes":1781602935,"times":1781228972,"new_tax_id":1}],"group_list":[{"id":1,"pid":0,"name":"\u6807\u51c61\u9009\u9879\u5361","ratio":"1.000000","sort":1,"add_time":1781435857,"up_time":1781435857},{"id":5,"pid":0,"name":"\u6807\u51c61\u9009\u9879\u5361","ratio":"1.000000","sort":1,"add_time":1781423342,"up_time":1781423342},{"id":2,"pid":0,"name":"\u6807\u51c62\u9009\u9879\u5361","ratio":"1.000000","sort":2,"add_time":1781435857,"up_time":1781435857},{"id":6,"pid":0,"name":"\u6807\u51c62\u9009\u9879\u5361","ratio":"1.000000","sort":2,"add_time":1781423342,"up_time":1781423342},{"id":7,"pid":0,"name":"\u6807\u51c63\u9009\u9879\u5361","ratio":"1.000000","sort":3,"add_time":1781423342,"up_time":1781423342},{"id":8,"pid":0,"name":"\u6807\u51c64\u9009\u9879\u5361","ratio":"1.000000","sort":4,"add_time":1781423342,"up_time":1781423342},{"id":9,"pid":0,"name":"\u6807\u51c65\u9009\u9879\u5361","ratio":"1.000000","sort":5,"add_time":1781423342,"up_time":1781423342},{"id":10,"pid":0,"name":"\u6807\u51c66\u9009\u9879\u5361","ratio":"1.000000","sort":6,"add_time":1781423342,"up_time":1781423342},{"id":11,"pid":0,"name":"\u6807\u51c67\u9009\u9879\u5361","ratio":"1.000000","sort":7,"add_time":1781423342,"up_time":1781423342},{"id":12,"pid":0,"name":"\u6807\u51c68\u9009\u9879\u5361","ratio":"1.000000","sort":8,"add_time":1781423342,"up_time":1781423342},{"id":13,"pid":0,"name":"\u6807\u51c69\u9009\u9879\u5361","ratio":"1.000000","sort":9,"add_time":1781423342,"up_time":1781423342},{"id":14,"pid":0,"name":"\u6807\u51c610\u9009\u9879\u5361","ratio":"1.000000","sort":10,"add_time":1781423342,"up_time":1781423342}]}}

[ 2026-06-16T17:42:40+08:00 ] ::1 /Home/Goods/group_save.html
INFO: [ app_init ] --START--
INFO: Run Behavior\BuildLiteBehavior [ RunTime:0.000008s ]
INFO: [ app_init ] --END-- [ RunTime:0.000073s ]
INFO: [ app_begin ] --START--
INFO: Run Behavior\ReadHtmlCacheBehavior [ RunTime:0.000027s ]
INFO: [ app_begin ] --END-- [ RunTime:0.000042s ]
SQL: SHOW COLUMNS FROM `plate_conts_blank_group` [ RunTime:0.0073s ]
SQL: UPDATE `plate_conts_blank_group` SET `name`='标准1选项卡',`ratio`='100',`up_time`='1781602959' WHERE `id` = 5 [ RunTime:0.0200s ]
ERR: {"status":1,"msg":"\u66f4\u65b0\u6210\u529f","data":null}

[ 2026-06-16T17:42:40+08:00 ] ::1 /Home/Goods/plate_conts_blankr.html
INFO: [ app_init ] --START--
INFO: Run Behavior\BuildLiteBehavior [ RunTime:0.000009s ]
INFO: [ app_init ] --END-- [ RunTime:0.000077s ]
INFO: [ app_begin ] --START--
INFO: Run Behavior\ReadHtmlCacheBehavior [ RunTime:0.000062s ]
INFO: [ app_begin ] --END-- [ RunTime:0.000114s ]
SQL: SHOW COLUMNS FROM `plate_conts_blank` [ RunTime:0.0049s ]
SQL: SHOW COLUMNS FROM `plate_conts_logs` [ RunTime:0.0034s ]
SQL: SHOW COLUMNS FROM `plate_conts_logsr` [ RunTime:0.0030s ]
SQL: SELECT * FROM `plate_conts_blank` WHERE `id` = 1741 AND `status` = 1 LIMIT 1   [ RunTime:0.0007s ]
SQL: SELECT * FROM `plate_conts_logs` WHERE `blank_id` = 1741 ORDER BY number asc,id asc  [ RunTime:0.0010s ]
SQL: SELECT `key_0` FROM `plate_conts_logs` WHERE `blank_id` = 1741 GROUP BY key_0 LIMIT 1   [ RunTime:0.0008s ]
SQL: SELECT `key_1` FROM `plate_conts_logs` WHERE `blank_id` = 1741 GROUP BY key_1 LIMIT 1   [ RunTime:0.0005s ]
SQL: SELECT `key_2` FROM `plate_conts_logs` WHERE `blank_id` = 1741 GROUP BY key_2 LIMIT 1   [ RunTime:0.0010s ]
SQL: SELECT `key_3` FROM `plate_conts_logs` WHERE `blank_id` = 1741 GROUP BY key_3 LIMIT 1   [ RunTime:0.0006s ]
SQL: SELECT `key_4` FROM `plate_conts_logs` WHERE `blank_id` = 1741 GROUP BY key_4 LIMIT 1   [ RunTime:0.0005s ]
SQL: SELECT `key_5` FROM `plate_conts_logs` WHERE `blank_id` = 1741 GROUP BY key_5 LIMIT 1   [ RunTime:0.0009s ]
SQL: SELECT `key_6` FROM `plate_conts_logs` WHERE `blank_id` = 1741 GROUP BY key_6 LIMIT 1   [ RunTime:0.0010s ]
SQL: SELECT `key_7` FROM `plate_conts_logs` WHERE `blank_id` = 1741 GROUP BY key_7 LIMIT 1   [ RunTime:0.0008s ]
NOTIC: [2] Trying to access array offset on value of type null /Users/gangliu/data/catdesk_workspace/yilan/App/Home/Controller/GoodsController.class.php 第 808 行.
NOTIC: [2] Trying to access array offset on value of type null /Users/gangliu/data/catdesk_workspace/yilan/App/Home/Controller/GoodsController.class.php 第 808 行.
NOTIC: [2] Trying to access array offset on value of type null /Users/gangliu/data/catdesk_workspace/yilan/App/Home/Controller/GoodsController.class.php 第 808 行.
NOTIC: [2] Trying to access array offset on value of type null /Users/gangliu/data/catdesk_workspace/yilan/App/Home/Controller/GoodsController.class.php 第 809 行.
NOTIC: [2] Trying to access array offset on value of type null /Users/gangliu/data/catdesk_workspace/yilan/App/Home/Controller/GoodsController.class.php 第 809 行.
NOTIC: [2] Trying to access array offset on value of type null /Users/gangliu/data/catdesk_workspace/yilan/App/Home/Controller/GoodsController.class.php 第 810 行.
NOTIC: [2] Trying to access array offset on value of type null /Users/gangliu/data/catdesk_workspace/yilan/App/Home/Controller/GoodsController.class.php 第 810 行.
NOTIC: [2] Trying to access array offset on value of type null /Users/gangliu/data/catdesk_workspace/yilan/App/Home/Controller/GoodsController.class.php 第 810 行.
SQL: SHOW COLUMNS FROM `new_tax` [ RunTime:0.0035s ]
SQL: SELECT * FROM `new_tax` WHERE `is_del` = 1  [ RunTime:0.0009s ]
SQL: SHOW COLUMNS FROM `plate_conts_price` [ RunTime:0.0033s ]
SQL: SELECT * FROM `plate_conts_price` WHERE `blank_id` = 1741 AND `is_del` = 1 ORDER BY sort asc, id asc  [ RunTime:0.0016s ]
SQL: SELECT * FROM `plate_conts_blank` WHERE `pid` = 1 AND `status` = 1 ORDER BY sorts asc, cat_index asc  [ RunTime:0.0010s ]
SQL: SHOW COLUMNS FROM `plate_conts_blank_group` [ RunTime:0.0025s ]
SQL: SELECT * FROM `plate_conts_blank_group` WHERE `pid` = 0 ORDER BY sort asc, id asc  [ RunTime:0.0030s ]
ERR: {"status":1,"msg":"\u83b7\u53d6\u6210\u529f","data":{"info":{"id":1741,"pid":1,"group_id":5,"catname":"\u516b\u6298\u6807\u51c6","cat_index":3,"source":["677187340b61b.png"],"sorts":null,"gimage":"677187340b3d7.png","gnames":"\u94dc\u82af\u4ea4\u8054\u805a\u4e59\u70ef\u7edd\u7f18\u805a\u6c2f\u4e59\u70ef\u62a4\u5957\u963b\u71c3\u7535\u7f06\u3010\u4e5d\u6298\u6807\u51c6\u3011","up_a":"0.0","down_a":"0.0","up_b":"0.0","down_b":"0.0","up_c":"0.0","down_c":"0.0","up_d":"0.0","down_d":"0.0","up_e":"0.0","down_e":"0.0","up_f":"0.0","down_f":"0.0","ticket_nor":3,"ticket_person":11,"status":1,"uptimes":1781228972,"times":1781228972,"new_tax_id":1},"key":{"keya":null,"keyb":null,"keyc":null,"keyd":null,"keye":null,"keyf":null,"keyg":null,"keyh":null},"list":[],"tax_list":[{"id":1,"pid":0,"name":"\u7535\u529b\u7535\u7f06\u7a0e\u7387\u53d1\u7968","alias_name":"","normal_tax":"3.00","special_tax":"11.00","status":1,"is_del":1,"add_time":0,"up_time":0},{"id":2,"pid":0,"name":"\u5bb6\u88c5\u7535\u7ebf\u7a0e\u7387","alias_name":"","normal_tax":"3.00","special_tax":"10.00","status":1,"is_del":1,"add_time":0,"up_time":0},{"id":3,"pid":0,"name":"\u521a\u6027\u9632\u706b\u7535\u7f06\u7a0e\u7387","alias_name":"","normal_tax":"3.00","special_tax":"9.00","status":1,"is_del":1,"add_time":0,"up_time":0},{"id":9,"pid":0,"name":"\u6a61\u5957\u7535\u7f06\u7a0e\u7387","alias_name":"","normal_tax":"3.00","special_tax":"11.00","status":1,"is_del":1,"add_time":0,"up_time":0},{"id":10,"pid":0,"name":"\u77ff\u7528\u6a61\u80f6\u7535\u7f06\u7a0e\u7387","alias_name":"","normal_tax":"4.00","special_tax":"12.00","status":1,"is_del":1,"add_time":0,"up_time":0}],"price_list":[{"id":2654,"plate_conts_id":1,"new_cate_one_id":1,"new_cate_two_id":355,"new_cate_three_id":356,"name":"\u94dc\u82af\u5bfc\u4f53","ratio":"0.80","sort":1000,"is_del":1,"cat_index":3,"blank_id":1741},{"id":2655,"plate_conts_id":1,"new_cate_one_id":1,"new_cate_two_id":355,"new_cate_three_id":362,"name":"\u8f90\u7167\u4ea4\u8054\u7edd\u7f18","ratio":"1.00","sort":1000,"is_del":1,"cat_index":3,"blank_id":1741},{"id":2656,"plate_conts_id":1,"new_cate_one_id":1,"new_cate_two_id":355,"new_cate_three_id":371,"name":"PVC\u62a4\u5957","ratio":"1.00","sort":1000,"is_del":1,"cat_index":3,"blank_id":1741},{"id":7815,"plate_conts_id":1,"new_cate_one_id":1,"new_cate_two_id":355,"new_cate_three_id":356,"name":"\u94dc\u82af\u5bfc\u4f53","ratio":"0.90","sort":1000,"is_del":1,"cat_index":3,"blank_id":1741},{"id":7816,"plate_conts_id":1,"new_cate_one_id":1,"new_cate_two_id":355,"new_cate_three_id":362,"name":"\u8f90\u7167\u4ea4\u8054\u7edd\u7f18","ratio":"1.00","sort":1000,"is_del":1,"cat_index":3,"blank_id":1741}],"all_blanks":[{"id":1741,"pid":1,"group_id":5,"catname":"\u516b\u6298\u6807\u51c6","cat_index":3,"source":"[\"677187340b61b.png\"]","sorts":null,"gimage":"677187340b3d7.png","gnames":"\u94dc\u82af\u4ea4\u8054\u805a\u4e59\u70ef\u7edd\u7f18\u805a\u6c2f\u4e59\u70ef\u62a4\u5957\u963b\u71c3\u7535\u7f06\u3010\u4e5d\u6298\u6807\u51c6\u3011","up_a":"0.0","down_a":"0.0","up_b":"0.0","down_b":"0.0","up_c":"0.0","down_c":"0.0","up_d":"0.0","down_d":"0.0","up_e":"0.0","down_e":"0.0","up_f":"0.0","down_f":"0.0","ticket_nor":3,"ticket_person":11,"status":1,"uptimes":1781228972,"times":1781228972,"new_tax_id":1},{"id":1739,"pid":1,"group_id":5,"catname":"\u5546\u54c1","cat_index":1,"source":"[\"6a2bd1928b6ed.png\"]","sorts":0,"gimage":"6a2bcd01617ca.png","gnames":"\u94dc\u82af\u4ea4\u8054\u805a\u4e59\u70ef\u7edd\u7f18\u805a\u6c2f\u4e59\u70ef\u62a4\u5957\u963b\u71c3\u7535\u7f06\u3010\u4e5d\u6298\u6807\u51c6\u3011","up_a":"100.0","down_a":"0.0","up_b":"0.0","down_b":"0.0","up_c":"0.0","down_c":"0.0","up_d":"0.0","down_d":"0.0","up_e":"0.0","down_e":"0.0","up_f":"0.0","down_f":"0.0","ticket_nor":3,"ticket_person":11,"status":1,"uptimes":1781602949,"times":1781095065,"new_tax_id":1},{"id":1740,"pid":1,"group_id":5,"catname":"\u4e5d\u6298\u6807\u51c6","cat_index":2,"source":"[\"677187340b61b.png\"]","sorts":0,"gimage":"677187340b3d7.png","gnames":"\u94dc\u82af\u4ea4\u8054\u805a\u4e59\u70ef\u7edd\u7f18\u805a\u6c2f\u4e59\u70ef\u62a4\u5957\u963b\u71c3\u7535\u7f06\u3010\u4e5d\u6298\u6807\u51c6\u3011","up_a":"100.0","down_a":"0.0","up_b":"0.0","down_b":"0.0","up_c":"0.0","down_c":"0.0","up_d":"0.0","down_d":"0.0","up_e":"0.0","down_e":"0.0","up_f":"0.0","down_f":"0.0","ticket_nor":3,"ticket_person":11,"status":1,"uptimes":1781602935,"times":1781228972,"new_tax_id":1}],"group_list":[{"id":1,"pid":0,"name":"\u6807\u51c61\u9009\u9879\u5361","ratio":"1.000000","sort":1,"add_time":1781435857,"up_time":1781435857},{"id":5,"pid":0,"name":"\u6807\u51c61\u9009\u9879\u5361","ratio":"100.000000","sort":1,"add_time":1781423342,"up_time":1781602959},{"id":2,"pid":0,"name":"\u6807\u51c62\u9009\u9879\u5361","ratio":"1.000000","sort":2,"add_time":1781435857,"up_time":1781435857},{"id":6,"pid":0,"name":"\u6807\u51c62\u9009\u9879\u5361","ratio":"1.000000","sort":2,"add_time":1781423342,"up_time":1781423342},{"id":7,"pid":0,"name":"\u6807\u51c63\u9009\u9879\u5361","ratio":"1.000000","sort":3,"add_time":1781423342,"up_time":1781423342},{"id":8,"pid":0,"name":"\u6807\u51c64\u9009\u9879\u5361","ratio":"1.000000","sort":4,"add_time":1781423342,"up_time":1781423342},{"id":9,"pid":0,"name":"\u6807\u51c65\u9009\u9879\u5361","ratio":"1.000000","sort":5,"add_time":1781423342,"up_time":1781423342},{"id":10,"pid":0,"name":"\u6807\u51c66\u9009\u9879\u5361","ratio":"1.000000","sort":6,"add_time":1781423342,"up_time":1781423342},{"id":11,"pid":0,"name":"\u6807\u51c67\u9009\u9879\u5361","ratio":"1.000000","sort":7,"add_time":1781423342,"up_time":1781423342},{"id":12,"pid":0,"name":"\u6807\u51c68\u9009\u9879\u5361","ratio":"1.000000","sort":8,"add_time":1781423342,"up_time":1781423342},{"id":13,"pid":0,"name":"\u6807\u51c69\u9009\u9879\u5361","ratio":"1.000000","sort":9,"add_time":1781423342,"up_time":1781423342},{"id":14,"pid":0,"name":"\u6807\u51c610\u9009\u9879\u5361","ratio":"1.000000","sort":10,"add_time":1781423342,"up_time":1781423342}]}}

[ 2026-06-16T17:42:45+08:00 ] ::1 /Home/goodsPrice/priceEditGet.html
INFO: [ app_init ] --START--
INFO: Run Behavior\BuildLiteBehavior [ RunTime:0.000008s ]
INFO: [ app_init ] --END-- [ RunTime:0.000098s ]
INFO: [ app_begin ] --START--
INFO: Run Behavior\ReadHtmlCacheBehavior [ RunTime:0.000036s ]
INFO: [ app_begin ] --END-- [ RunTime:0.000061s ]
SQL: SHOW COLUMNS FROM `plate_conts_price` [ RunTime:0.0039s ]
SQL: SELECT * FROM `plate_conts_price` WHERE `id` = 2654 LIMIT 1   [ RunTime:0.0010s ]
ERR: {"status":1,"msg":"\u83b7\u53d6\u6210\u529f","data":{"info":{"id":2654,"plate_conts_id":1,"new_cate_one_id":1,"new_cate_two_id":355,"new_cate_three_id":356,"name":"\u94dc\u82af\u5bfc\u4f53","ratio":0.8,"sort":1000,"is_del":1,"cat_index":3,"blank_id":1741}}}

[ 2026-06-16T17:42:45+08:00 ] ::1 /Home/goodsPrice/priceCateList.html
INFO: [ app_init ] --START--
INFO: Run Behavior\BuildLiteBehavior [ RunTime:0.000012s ]
INFO: [ app_init ] --END-- [ RunTime:0.000088s ]
INFO: [ app_begin ] --START--
INFO: Run Behavior\ReadHtmlCacheBehavior [ RunTime:0.000032s ]
INFO: [ app_begin ] --END-- [ RunTime:0.000061s ]
SQL: SHOW COLUMNS FROM `new_cate` [ RunTime:0.0035s ]
SQL: SELECT * FROM `new_cate` WHERE `pid` = 0  [ RunTime:0.0036s ]
ERR: {"status":1,"msg":"\u83b7\u53d6\u6210\u529f","data":{"cate_list":[{"id":1,"pid":0,"name":"01-\u30101KV-3KV\u3011\u7535\u7f06\u7cfb\u5217\u6750\u6599","alias_name":"","one_id":0,"two_id":0,"level":1,"status":1,"is_del":1,"add_time":0,"up_time":0,"price":"99.0000","new_label_id":5},{"id":2,"pid":0,"name":"02-\u4e2d\u9ad8\u538b\u7535\u7f06\u677f\u5757\u6750\u6599","alias_name":"","one_id":0,"two_id":0,"level":1,"status":1,"is_del":1,"add_time":0,"up_time":0,"price":"0.0000","new_label_id":0},{"id":244,"pid":0,"name":"03-\u5bb6\u88c5\u5f31\u7535\u677f\u5757","alias_name":"","one_id":0,"two_id":0,"level":1,"status":1,"is_del":1,"add_time":0,"up_time":0,"price":"0.0000","new_label_id":0},{"id":309,"pid":0,"name":"04-\u63a7\u5236\u7535\u7f06\u7cfb\u5217\u6750\u6599","alias_name":"","one_id":0,"two_id":0,"level":1,"status":1,"is_del":1,"add_time":0,"up_time":0,"price":"0.0000","new_label_id":0},{"id":694,"pid":0,"name":"05-\u6a61\u80f6\u7c7b\u7535\u7f06\u6750\u6599","alias_name":"","one_id":0,"two_id":0,"level":1,"status":1,"is_del":1,"add_time":0,"up_time":0,"price":"0.0000","new_label_id":0},{"id":835,"pid":0,"name":"06-\u67b6\u7a7a\u7535\u7f06\u7cfb\u5217","alias_name":"","one_id":0,"two_id":0,"level":1,"status":1,"is_del":1,"add_time":0,"up_time":0,"price":"0.0000","new_label_id":0},{"id":900,"pid":0,"name":"07-\u901a\u4fe1\u7535\u7f06\u7cfb\u5217","alias_name":"","one_id":0,"two_id":0,"level":1,"status":1,"is_del":1,"add_time":0,"up_time":0,"price":"0.0000","new_label_id":0}],"level":1}}

[ 2026-06-16T17:42:45+08:00 ] ::1 /Home/goodsPrice/priceCateList.html
INFO: [ app_init ] --START--
INFO: Run Behavior\BuildLiteBehavior [ RunTime:0.000006s ]
INFO: [ app_init ] --END-- [ RunTime:0.000058s ]
INFO: [ app_begin ] --START--
INFO: Run Behavior\ReadHtmlCacheBehavior [ RunTime:0.000024s ]
INFO: [ app_begin ] --END-- [ RunTime:0.000040s ]
SQL: SHOW COLUMNS FROM `new_cate` [ RunTime:0.0041s ]
SQL: SELECT * FROM `new_cate` WHERE `id` = 1 LIMIT 1   [ RunTime:0.0027s ]
SQL: SELECT * FROM `new_cate` WHERE `pid` = 1  [ RunTime:0.0008s ]
ERR: {"status":1,"msg":"\u83b7\u53d6\u6210\u529f","data":{"cate_list":[{"id":355,"pid":1,"name":"\u4f4e\u538b\u7535\u7f06\u6750\u6599-1KV","alias_name":"","one_id":0,"two_id":0,"level":2,"status":1,"is_del":1,"add_time":0,"up_time":0,"price":"0.0000","new_label_id":0},{"id":376,"pid":1,"name":"\u9632\u706b\u7535\u7f06\u6750\u6599-1KV","alias_name":"","one_id":0,"two_id":0,"level":2,"status":1,"is_del":1,"add_time":0,"up_time":0,"price":"0.0000","new_label_id":0},{"id":393,"pid":1,"name":"\u53d8\u9891\u7535\u7f06\u6750\u6599-1KV","alias_name":"","one_id":0,"two_id":0,"level":2,"status":1,"is_del":1,"add_time":0,"up_time":0,"price":"0.0000","new_label_id":0},{"id":423,"pid":1,"name":"\u4f4e\u538b\u7535\u7f06\u6750\u6599-3KV","alias_name":"","one_id":0,"two_id":0,"level":2,"status":1,"is_del":1,"add_time":0,"up_time":0,"price":"0.0000","new_label_id":0},{"id":424,"pid":1,"name":"\u53d8\u9891\u7535\u7f06\u6750\u6599-3KV","alias_name":"","one_id":0,"two_id":0,"level":2,"status":1,"is_del":1,"add_time":0,"up_time":0,"price":"0.0000","new_label_id":0},{"id":837,"pid":1,"name":"\u67b6\u7a7a\u7535\u7f06\u6750\u6599\u5217\u8868","alias_name":"","one_id":0,"two_id":0,"level":2,"status":1,"is_del":1,"add_time":0,"up_time":0,"price":"0.0000","new_label_id":0}],"level":2}}

[ 2026-06-16T17:42:45+08:00 ] ::1 /Home/goodsPrice/priceCateList.html
INFO: [ app_init ] --START--
INFO: Run Behavior\BuildLiteBehavior [ RunTime:0.000007s ]
INFO: [ app_init ] --END-- [ RunTime:0.000065s ]
INFO: [ app_begin ] --START--
INFO: Run Behavior\ReadHtmlCacheBehavior [ RunTime:0.000062s ]
INFO: [ app_begin ] --END-- [ RunTime:0.000100s ]
SQL: SHOW COLUMNS FROM `new_cate` [ RunTime:0.0038s ]
SQL: SELECT * FROM `new_cate` WHERE `id` = 355 LIMIT 1   [ RunTime:0.0007s ]
SQL: SELECT * FROM `new_cate` WHERE `pid` = 355  [ RunTime:0.0006s ]
ERR: {"status":1,"msg":"\u83b7\u53d6\u6210\u529f","data":{"cate_list":[{"id":356,"pid":355,"name":"01-1KV-\u94dc\u82af\u5bfc\u4f53-\u786c\u82af","alias_name":"","one_id":0,"two_id":0,"level":3,"status":1,"is_del":1,"add_time":0,"up_time":0,"price":"16.2000","new_label_id":205},{"id":357,"pid":355,"name":"02-1KV-\u94dc\u82af\u5bfc\u4f53-\u8f6f\u82af","alias_name":"","one_id":0,"two_id":0,"level":3,"status":1,"is_del":1,"add_time":0,"up_time":0,"price":"102.9600","new_label_id":96},{"id":358,"pid":355,"name":"03-1KV-\u94dd\u82af\u5bfc\u4f53-\u786c\u82af","alias_name":"","one_id":0,"two_id":0,"level":3,"status":1,"is_del":1,"add_time":0,"up_time":0,"price":"23.0000","new_label_id":51},{"id":359,"pid":355,"name":"04-1KV-\u94dc\u5305\u94dd\u5bfc\u4f53-\u786c\u82af","alias_name":"","one_id":0,"two_id":0,"level":3,"status":1,"is_del":1,"add_time":0,"up_time":0,"price":"31.5900","new_label_id":121},{"id":360,"pid":355,"name":"05-1KV-\u8010\u706b\u4e91\u6bcd\u91cd\u91cf-\u666e\u901a","alias_name":"","one_id":0,"two_id":0,"level":3,"status":1,"is_del":1,"add_time":0,"up_time":0,"price":"38.0000","new_label_id":94},{"id":361,"pid":355,"name":"06-1KV-PVC\u7edd\u7f18\u91cd\u91cf","alias_name":"","one_id":0,"two_id":0,"level":3,"status":1,"is_del":1,"add_time":0,"up_time":0,"price":"7.5000","new_label_id":74},{"id":362,"pid":355,"name":"07-1KV-\u8f90\u7167\u4ea4\u8054\u91cd\u91cf","alias_name":"","one_id":0,"two_id":0,"level":3,"status":1,"is_del":1,"add_time":0,"up_time":0,"price":"12.0000","new_label_id":27},{"id":363,"pid":355,"name":"08-1KV-\u4f4e\u70df\u65e0\u5364\u7edd\u7f18\u91cd\u91cf","alias_name":"","one_id":0,"two_id":0,"level":3,"status":1,"is_del":1,"add_time":0,"up_time":0,"price":"15.2400","new_label_id":125},{"id":364,"pid":355,"name":"09-1KV-\u94e0\u88c5\u94a2\u5e26\u91cd\u91cf-\u5355\u82af\u4e0d\u9508\u94a2","alias_name":"","one_id":0,"two_id":0,"level":3,"status":1,"is_del":1,"add_time":0,"up_time":0,"price":"10.5000","new_label_id":106},{"id":365,"pid":355,"name":"10-1KV-\u94e0\u88c5\u94a2\u5e26\u91cd\u91cf-\u591a\u82af\u94a2\u5e26","alias_name":"","one_id":0,"two_id":0,"level":3,"status":1,"is_del":1,"add_time":0,"up_time":0,"price":"4.2000","new_label_id":105},{"id":366,"pid":355,"name":"11-1KV-\u94e0\u88c5\u94a2\u4e1d\u91cd\u91cf-\u5355\u82af\u7ec6\u94dd\u4e1d","alias_name":"","one_id":0,"two_id":0,"level":3,"status":1,"is_del":1,"add_time":0,"up_time":0,"price":"23.0000","new_label_id":51},{"id":367,"pid":355,"name":"12-1KV-\u94e0\u88c5\u94a2\u4e1d\u91cd\u91cf-\u591a\u82af\u7ec6\u94a2\u4e1d","alias_name":"","one_id":0,"two_id":0,"level":3,"status":1,"is_del":1,"add_time":0,"up_time":0,"price":"4.5300","new_label_id":107},{"id":368,"pid":355,"name":"13-1KV-\u94e0\u88c5\u94a2\u4e1d\u91cd\u91cf-\u5355\u82af\u7c97\u94dd\u4e1d","alias_name":"","one_id":0,"two_id":0,"level":3,"status":1,"is_del":1,"add_time":0,"up_time":0,"price":"23.0000","new_label_id":51},{"id":369,"pid":355,"name":"14-1KV-\u94e0\u88c5\u94a2\u4e1d\u91cd\u91cf-\u591a\u82af\u7c97\u94a2\u4e1d","alias_name":"","one_id":0,"two_id":0,"level":3,"status":1,"is_del":1,"add_time":0,"up_time":0,"price":"4.5300","new_label_id":107},{"id":370,"pid":355,"name":"15-1KV-\u8fde\u9501\u94e0\u88c5\u91cd\u91cf-\u8fde\u9501\u94dd\u5e26","alias_name":"","one_id":0,"two_id":0,"level":3,"status":1,"is_del":1,"add_time":0,"up_time":0,"price":"24.1500","new_label_id":97},{"id":371,"pid":355,"name":"16-1KV-PVC\u62a4\u5957\u91cd\u91cf-\u666e\u901a\u578b","alias_name":"","one_id":0,"two_id":0,"level":3,"status":1,"is_del":1,"add_time":0,"up_time":0,"price":"7.0000","new_label_id":109},{"id":372,"pid":355,"name":"17-1KV-PVC\u62a4\u5957\u91cd\u91cf-\u94a2\u5e26\u578b","alias_name":"","one_id":0,"two_id":0,"level":3,"status":1,"is_del":1,"add_time":0,"up_time":0,"price":"7.0000","new_label_id":109},{"id":373,"pid":355,"name":"18-1KV-PVC\u62a4\u5957\u91cd\u91cf-\u7ec6\u94a2\u4e1d\u578b","alias_name":"","one_id":0,"two_id":0,"level":3,"status":1,"is_del":1,"add_time":0,"up_time":0,"price":"7.0000","new_label_id":109},{"id":374,"pid":355,"name":"19-1KV-PVC\u62a4\u5957\u91cd\u91cf-\u7c97\u94a2\u4e1d\u578b","alias_name":"","one_id":0,"two_id":0,"level":3,"status":1,"is_del":1,"add_time":0,"up_time":0,"price":"7.0000","new_label_id":109},{"id":375,"pid":355,"name":"20-1KV-PVC\u8fde\u9501\u94e0\u88c5\u62a4\u5957\u91cd\u91cf-\u8fde\u9501\u578b","alias_name":"","one_id":0,"two_id":0,"level":3,"status":1,"is_del":1,"add_time":0,"up_time":0,"price":"7.0000","new_label_id":109},{"id":420,"pid":355,"name":"21-1KV-\u4f4e\u70df\u65e0\u5364\u62a4\u5957\u91cd\u91cf-\u666e\u901a\u578b","alias_name":"","one_id":0,"two_id":0,"level":3,"status":1,"is_del":1,"add_time":0,"up_time":0,"price":"8.1900","new_label_id":110},{"id":421,"pid":355,"name":"22-1KV-\u4f4e\u70df\u65e0\u5364\u62a4\u5957\u91cd\u91cf-\u94a2\u5e26\u578b","alias_name":"","one_id":0,"two_id":0,"level":3,"status":1,"is_del":1,"add_time":0,"up_time":0,"price":"8.1900","new_label_id":110},{"id":422,"pid":355,"name":"23-1KV-\u94dd\u5408\u91d1\u5bfc\u4f53","alias_name":"","one_id":0,"two_id":0,"level":3,"status":1,"is_del":1,"add_time":0,"up_time":0,"price":"24.1500","new_label_id":97}],"level":3}}

[ 2026-06-16T17:42:51+08:00 ] ::1 /Home/goodsPrice/priceEditPost.html
INFO: [ app_init ] --START--
INFO: Run Behavior\BuildLiteBehavior [ RunTime:0.000008s ]
INFO: [ app_init ] --END-- [ RunTime:0.000077s ]
INFO: [ app_begin ] --START--
INFO: Run Behavior\ReadHtmlCacheBehavior [ RunTime:0.000051s ]
INFO: [ app_begin ] --END-- [ RunTime:0.000086s ]
SQL: SHOW COLUMNS FROM `plate_conts_price` [ RunTime:0.0043s ]
SQL: SELECT * FROM `plate_conts_price` WHERE `id` = 2654 LIMIT 1   [ RunTime:0.0016s ]
SQL: UPDATE `plate_conts_price` SET `id`='2654',`plate_conts_id`='1',`new_cate_one_id`='1',`new_cate_two_id`='355',`new_cate_three_id`='356',`name`='铜芯导体',`ratio`='100',`sort`='1000',`is_del`='1',`cat_index`='3',`blank_id`='1741' WHERE `id` = 2654 [ RunTime:0.0027s ]
SQL: SHOW COLUMNS FROM `plate_conts` [ RunTime:0.0024s ]
SQL: SHOW COLUMNS FROM `plate_cats` [ RunTime:0.0025s ]
SQL: SHOW COLUMNS FROM `plate_conts_blank` [ RunTime:0.0022s ]
SQL: SELECT * FROM `plate_conts_blank` WHERE `id` = 1741 LIMIT 1   [ RunTime:0.0009s ]
SQL: SELECT * FROM `plate_conts` WHERE `id` = 1 LIMIT 1   [ RunTime:0.0007s ]
SQL: SELECT * FROM `plate_cats` WHERE `id` = 217 LIMIT 1   [ RunTime:0.0015s ]
SQL: SHOW COLUMNS FROM `plate_conts_logs` [ RunTime:0.0040s ]
SQL: SELECT * FROM `plate_conts_logs` WHERE `blank_id` = 1741 ORDER BY number asc, id asc  [ RunTime:0.0007s ]
SQL: SHOW COLUMNS FROM `plate_conts_logs` [ RunTime:0.0040s ]
ERR: {"status":1,"msg":"\u4fee\u6539\u6210\u529f","data":null}

[ 2026-06-16T17:42:51+08:00 ] ::1 /Home/Goods/plate_conts_blankr.html
INFO: [ app_init ] --START--
INFO: Run Behavior\BuildLiteBehavior [ RunTime:0.000005s ]
INFO: [ app_init ] --END-- [ RunTime:0.000046s ]
INFO: [ app_begin ] --START--
INFO: Run Behavior\ReadHtmlCacheBehavior [ RunTime:0.000065s ]
INFO: [ app_begin ] --END-- [ RunTime:0.000089s ]
SQL: SHOW COLUMNS FROM `plate_conts_blank` [ RunTime:0.0031s ]
SQL: SHOW COLUMNS FROM `plate_conts_logs` [ RunTime:0.0028s ]
SQL: SHOW COLUMNS FROM `plate_conts_logsr` [ RunTime:0.0028s ]
SQL: SELECT * FROM `plate_conts_blank` WHERE `id` = 1741 AND `status` = 1 LIMIT 1   [ RunTime:0.0008s ]
SQL: SELECT * FROM `plate_conts_logs` WHERE `blank_id` = 1741 ORDER BY number asc,id asc  [ RunTime:0.0007s ]
SQL: SELECT `key_0` FROM `plate_conts_logs` WHERE `blank_id` = 1741 GROUP BY key_0 LIMIT 1   [ RunTime:0.0006s ]
SQL: SELECT `key_1` FROM `plate_conts_logs` WHERE `blank_id` = 1741 GROUP BY key_1 LIMIT 1   [ RunTime:0.0005s ]
SQL: SELECT `key_2` FROM `plate_conts_logs` WHERE `blank_id` = 1741 GROUP BY key_2 LIMIT 1   [ RunTime:0.0005s ]
SQL: SELECT `key_3` FROM `plate_conts_logs` WHERE `blank_id` = 1741 GROUP BY key_3 LIMIT 1   [ RunTime:0.0005s ]
SQL: SELECT `key_4` FROM `plate_conts_logs` WHERE `blank_id` = 1741 GROUP BY key_4 LIMIT 1   [ RunTime:0.0005s ]
SQL: SELECT `key_5` FROM `plate_conts_logs` WHERE `blank_id` = 1741 GROUP BY key_5 LIMIT 1   [ RunTime:0.0007s ]
SQL: SELECT `key_6` FROM `plate_conts_logs` WHERE `blank_id` = 1741 GROUP BY key_6 LIMIT 1   [ RunTime:0.0004s ]
SQL: SELECT `key_7` FROM `plate_conts_logs` WHERE `blank_id` = 1741 GROUP BY key_7 LIMIT 1   [ RunTime:0.0003s ]
NOTIC: [2] Trying to access array offset on value of type null /Users/gangliu/data/catdesk_workspace/yilan/App/Home/Controller/GoodsController.class.php 第 808 行.
NOTIC: [2] Trying to access array offset on value of type null /Users/gangliu/data/catdesk_workspace/yilan/App/Home/Controller/GoodsController.class.php 第 808 行.
NOTIC: [2] Trying to access array offset on value of type null /Users/gangliu/data/catdesk_workspace/yilan/App/Home/Controller/GoodsController.class.php 第 808 行.
NOTIC: [2] Trying to access array offset on value of type null /Users/gangliu/data/catdesk_workspace/yilan/App/Home/Controller/GoodsController.class.php 第 809 行.
NOTIC: [2] Trying to access array offset on value of type null /Users/gangliu/data/catdesk_workspace/yilan/App/Home/Controller/GoodsController.class.php 第 809 行.
NOTIC: [2] Trying to access array offset on value of type null /Users/gangliu/data/catdesk_workspace/yilan/App/Home/Controller/GoodsController.class.php 第 810 行.
NOTIC: [2] Trying to access array offset on value of type null /Users/gangliu/data/catdesk_workspace/yilan/App/Home/Controller/GoodsController.class.php 第 810 行.
NOTIC: [2] Trying to access array offset on value of type null /Users/gangliu/data/catdesk_workspace/yilan/App/Home/Controller/GoodsController.class.php 第 810 行.
SQL: SHOW COLUMNS FROM `new_tax` [ RunTime:0.0021s ]
SQL: SELECT * FROM `new_tax` WHERE `is_del` = 1  [ RunTime:0.0007s ]
SQL: SHOW COLUMNS FROM `plate_conts_price` [ RunTime:0.0033s ]
SQL: SELECT * FROM `plate_conts_price` WHERE `blank_id` = 1741 AND `is_del` = 1 ORDER BY sort asc, id asc  [ RunTime:0.0007s ]
SQL: SELECT * FROM `plate_conts_blank` WHERE `pid` = 1 AND `status` = 1 ORDER BY sorts asc, cat_index asc  [ RunTime:0.0007s ]
SQL: SHOW COLUMNS FROM `plate_conts_blank_group` [ RunTime:0.0023s ]
SQL: SELECT * FROM `plate_conts_blank_group` WHERE `pid` = 0 ORDER BY sort asc, id asc  [ RunTime:0.0008s ]
ERR: {"status":1,"msg":"\u83b7\u53d6\u6210\u529f","data":{"info":{"id":1741,"pid":1,"group_id":5,"catname":"\u516b\u6298\u6807\u51c6","cat_index":3,"source":["677187340b61b.png"],"sorts":null,"gimage":"677187340b3d7.png","gnames":"\u94dc\u82af\u4ea4\u8054\u805a\u4e59\u70ef\u7edd\u7f18\u805a\u6c2f\u4e59\u70ef\u62a4\u5957\u963b\u71c3\u7535\u7f06\u3010\u4e5d\u6298\u6807\u51c6\u3011","up_a":"0.0","down_a":"0.0","up_b":"0.0","down_b":"0.0","up_c":"0.0","down_c":"0.0","up_d":"0.0","down_d":"0.0","up_e":"0.0","down_e":"0.0","up_f":"0.0","down_f":"0.0","ticket_nor":3,"ticket_person":11,"status":1,"uptimes":1781228972,"times":1781228972,"new_tax_id":1},"key":{"keya":null,"keyb":null,"keyc":null,"keyd":null,"keye":null,"keyf":null,"keyg":null,"keyh":null},"list":[],"tax_list":[{"id":1,"pid":0,"name":"\u7535\u529b\u7535\u7f06\u7a0e\u7387\u53d1\u7968","alias_name":"","normal_tax":"3.00","special_tax":"11.00","status":1,"is_del":1,"add_time":0,"up_time":0},{"id":2,"pid":0,"name":"\u5bb6\u88c5\u7535\u7ebf\u7a0e\u7387","alias_name":"","normal_tax":"3.00","special_tax":"10.00","status":1,"is_del":1,"add_time":0,"up_time":0},{"id":3,"pid":0,"name":"\u521a\u6027\u9632\u706b\u7535\u7f06\u7a0e\u7387","alias_name":"","normal_tax":"3.00","special_tax":"9.00","status":1,"is_del":1,"add_time":0,"up_time":0},{"id":9,"pid":0,"name":"\u6a61\u5957\u7535\u7f06\u7a0e\u7387","alias_name":"","normal_tax":"3.00","special_tax":"11.00","status":1,"is_del":1,"add_time":0,"up_time":0},{"id":10,"pid":0,"name":"\u77ff\u7528\u6a61\u80f6\u7535\u7f06\u7a0e\u7387","alias_name":"","normal_tax":"4.00","special_tax":"12.00","status":1,"is_del":1,"add_time":0,"up_time":0}],"price_list":[{"id":2654,"plate_conts_id":1,"new_cate_one_id":1,"new_cate_two_id":355,"new_cate_three_id":356,"name":"\u94dc\u82af\u5bfc\u4f53","ratio":"100.00","sort":1000,"is_del":1,"cat_index":3,"blank_id":1741},{"id":2655,"plate_conts_id":1,"new_cate_one_id":1,"new_cate_two_id":355,"new_cate_three_id":362,"name":"\u8f90\u7167\u4ea4\u8054\u7edd\u7f18","ratio":"1.00","sort":1000,"is_del":1,"cat_index":3,"blank_id":1741},{"id":2656,"plate_conts_id":1,"new_cate_one_id":1,"new_cate_two_id":355,"new_cate_three_id":371,"name":"PVC\u62a4\u5957","ratio":"1.00","sort":1000,"is_del":1,"cat_index":3,"blank_id":1741},{"id":7815,"plate_conts_id":1,"new_cate_one_id":1,"new_cate_two_id":355,"new_cate_three_id":356,"name":"\u94dc\u82af\u5bfc\u4f53","ratio":"0.90","sort":1000,"is_del":1,"cat_index":3,"blank_id":1741},{"id":7816,"plate_conts_id":1,"new_cate_one_id":1,"new_cate_two_id":355,"new_cate_three_id":362,"name":"\u8f90\u7167\u4ea4\u8054\u7edd\u7f18","ratio":"1.00","sort":1000,"is_del":1,"cat_index":3,"blank_id":1741}],"all_blanks":[{"id":1741,"pid":1,"group_id":5,"catname":"\u516b\u6298\u6807\u51c6","cat_index":3,"source":"[\"677187340b61b.png\"]","sorts":null,"gimage":"677187340b3d7.png","gnames":"\u94dc\u82af\u4ea4\u8054\u805a\u4e59\u70ef\u7edd\u7f18\u805a\u6c2f\u4e59\u70ef\u62a4\u5957\u963b\u71c3\u7535\u7f06\u3010\u4e5d\u6298\u6807\u51c6\u3011","up_a":"0.0","down_a":"0.0","up_b":"0.0","down_b":"0.0","up_c":"0.0","down_c":"0.0","up_d":"0.0","down_d":"0.0","up_e":"0.0","down_e":"0.0","up_f":"0.0","down_f":"0.0","ticket_nor":3,"ticket_person":11,"status":1,"uptimes":1781228972,"times":1781228972,"new_tax_id":1},{"id":1739,"pid":1,"group_id":5,"catname":"\u5546\u54c1","cat_index":1,"source":"[\"6a2bd1928b6ed.png\"]","sorts":0,"gimage":"6a2bcd01617ca.png","gnames":"\u94dc\u82af\u4ea4\u8054\u805a\u4e59\u70ef\u7edd\u7f18\u805a\u6c2f\u4e59\u70ef\u62a4\u5957\u963b\u71c3\u7535\u7f06\u3010\u4e5d\u6298\u6807\u51c6\u3011","up_a":"100.0","down_a":"0.0","up_b":"0.0","down_b":"0.0","up_c":"0.0","down_c":"0.0","up_d":"0.0","down_d":"0.0","up_e":"0.0","down_e":"0.0","up_f":"0.0","down_f":"0.0","ticket_nor":3,"ticket_person":11,"status":1,"uptimes":1781602949,"times":1781095065,"new_tax_id":1},{"id":1740,"pid":1,"group_id":5,"catname":"\u4e5d\u6298\u6807\u51c6","cat_index":2,"source":"[\"677187340b61b.png\"]","sorts":0,"gimage":"677187340b3d7.png","gnames":"\u94dc\u82af\u4ea4\u8054\u805a\u4e59\u70ef\u7edd\u7f18\u805a\u6c2f\u4e59\u70ef\u62a4\u5957\u963b\u71c3\u7535\u7f06\u3010\u4e5d\u6298\u6807\u51c6\u3011","up_a":"100.0","down_a":"0.0","up_b":"0.0","down_b":"0.0","up_c":"0.0","down_c":"0.0","up_d":"0.0","down_d":"0.0","up_e":"0.0","down_e":"0.0","up_f":"0.0","down_f":"0.0","ticket_nor":3,"ticket_person":11,"status":1,"uptimes":1781602935,"times":1781228972,"new_tax_id":1}],"group_list":[{"id":1,"pid":0,"name":"\u6807\u51c61\u9009\u9879\u5361","ratio":"1.000000","sort":1,"add_time":1781435857,"up_time":1781435857},{"id":5,"pid":0,"name":"\u6807\u51c61\u9009\u9879\u5361","ratio":"100.000000","sort":1,"add_time":1781423342,"up_time":1781602959},{"id":2,"pid":0,"name":"\u6807\u51c62\u9009\u9879\u5361","ratio":"1.000000","sort":2,"add_time":1781435857,"up_time":1781435857},{"id":6,"pid":0,"name":"\u6807\u51c62\u9009\u9879\u5361","ratio":"1.000000","sort":2,"add_time":1781423342,"up_time":1781423342},{"id":7,"pid":0,"name":"\u6807\u51c63\u9009\u9879\u5361","ratio":"1.000000","sort":3,"add_time":1781423342,"up_time":1781423342},{"id":8,"pid":0,"name":"\u6807\u51c64\u9009\u9879\u5361","ratio":"1.000000","sort":4,"add_time":1781423342,"up_time":1781423342},{"id":9,"pid":0,"name":"\u6807\u51c65\u9009\u9879\u5361","ratio":"1.000000","sort":5,"add_time":1781423342,"up_time":1781423342},{"id":10,"pid":0,"name":"\u6807\u51c66\u9009\u9879\u5361","ratio":"1.000000","sort":6,"add_time":1781423342,"up_time":1781423342},{"id":11,"pid":0,"name":"\u6807\u51c67\u9009\u9879\u5361","ratio":"1.000000","sort":7,"add_time":1781423342,"up_time":1781423342},{"id":12,"pid":0,"name":"\u6807\u51c68\u9009\u9879\u5361","ratio":"1.000000","sort":8,"add_time":1781423342,"up_time":1781423342},{"id":13,"pid":0,"name":"\u6807\u51c69\u9009\u9879\u5361","ratio":"1.000000","sort":9,"add_time":1781423342,"up_time":1781423342},{"id":14,"pid":0,"name":"\u6807\u51c610\u9009\u9879\u5361","ratio":"1.000000","sort":10,"add_time":1781423342,"up_time":1781423342}]}}

[ 2026-06-16T17:42:56+08:00 ] ::1 /Home/goodsPrice/delsPrice.html
INFO: [ app_init ] --START--
INFO: Run Behavior\BuildLiteBehavior [ RunTime:0.000009s ]
INFO: [ app_init ] --END-- [ RunTime:0.000085s ]
INFO: [ app_begin ] --START--
INFO: Run Behavior\ReadHtmlCacheBehavior [ RunTime:0.000049s ]
INFO: [ app_begin ] --END-- [ RunTime:0.000099s ]
SQL: SHOW COLUMNS FROM `plate_conts_price` [ RunTime:0.0035s ]
SQL: SELECT * FROM `plate_conts_price` WHERE `id` = 2655 LIMIT 1   [ RunTime:0.0008s ]
SQL: DELETE FROM `plate_conts_price` WHERE `id` = 2655 [ RunTime:0.0077s ]
SQL: SHOW COLUMNS FROM `plate_conts` [ RunTime:0.0033s ]
SQL: SHOW COLUMNS FROM `plate_cats` [ RunTime:0.0032s ]
SQL: SHOW COLUMNS FROM `plate_conts_blank` [ RunTime:0.0024s ]
SQL: SELECT * FROM `plate_conts_blank` WHERE `id` = 1741 LIMIT 1   [ RunTime:0.0010s ]
SQL: SELECT * FROM `plate_conts` WHERE `id` = 1 LIMIT 1   [ RunTime:0.0006s ]
SQL: SELECT * FROM `plate_cats` WHERE `id` = 217 LIMIT 1   [ RunTime:0.0022s ]
SQL: SHOW COLUMNS FROM `plate_conts_logs` [ RunTime:0.0049s ]
SQL: SELECT * FROM `plate_conts_logs` WHERE `blank_id` = 1741 ORDER BY number asc, id asc  [ RunTime:0.0009s ]
SQL: SHOW COLUMNS FROM `plate_conts_logs` [ RunTime:0.0034s ]
ERR: {"status":1,"msg":"\u64cd\u4f5c\u6210\u529f","data":null}

[ 2026-06-16T17:42:56+08:00 ] ::1 /Home/Goods/plate_conts_blankr.html
INFO: [ app_init ] --START--
INFO: Run Behavior\BuildLiteBehavior [ RunTime:0.000008s ]
INFO: [ app_init ] --END-- [ RunTime:0.000078s ]
INFO: [ app_begin ] --START--
INFO: Run Behavior\ReadHtmlCacheBehavior [ RunTime:0.000029s ]
INFO: [ app_begin ] --END-- [ RunTime:0.000051s ]
SQL: SHOW COLUMNS FROM `plate_conts_blank` [ RunTime:0.0030s ]
SQL: SHOW COLUMNS FROM `plate_conts_logs` [ RunTime:0.0032s ]
SQL: SHOW COLUMNS FROM `plate_conts_logsr` [ RunTime:0.0025s ]
SQL: SELECT * FROM `plate_conts_blank` WHERE `id` = 1741 AND `status` = 1 LIMIT 1   [ RunTime:0.0007s ]
SQL: SELECT * FROM `plate_conts_logs` WHERE `blank_id` = 1741 ORDER BY number asc,id asc  [ RunTime:0.0005s ]
SQL: SELECT `key_0` FROM `plate_conts_logs` WHERE `blank_id` = 1741 GROUP BY key_0 LIMIT 1   [ RunTime:0.0005s ]
SQL: SELECT `key_1` FROM `plate_conts_logs` WHERE `blank_id` = 1741 GROUP BY key_1 LIMIT 1   [ RunTime:0.0021s ]
SQL: SELECT `key_2` FROM `plate_conts_logs` WHERE `blank_id` = 1741 GROUP BY key_2 LIMIT 1   [ RunTime:0.0005s ]
SQL: SELECT `key_3` FROM `plate_conts_logs` WHERE `blank_id` = 1741 GROUP BY key_3 LIMIT 1   [ RunTime:0.0012s ]
SQL: SELECT `key_4` FROM `plate_conts_logs` WHERE `blank_id` = 1741 GROUP BY key_4 LIMIT 1   [ RunTime:0.0012s ]
SQL: SELECT `key_5` FROM `plate_conts_logs` WHERE `blank_id` = 1741 GROUP BY key_5 LIMIT 1   [ RunTime:0.0006s ]
SQL: SELECT `key_6` FROM `plate_conts_logs` WHERE `blank_id` = 1741 GROUP BY key_6 LIMIT 1   [ RunTime:0.0005s ]
SQL: SELECT `key_7` FROM `plate_conts_logs` WHERE `blank_id` = 1741 GROUP BY key_7 LIMIT 1   [ RunTime:0.0005s ]
NOTIC: [2] Trying to access array offset on value of type null /Users/gangliu/data/catdesk_workspace/yilan/App/Home/Controller/GoodsController.class.php 第 808 行.
NOTIC: [2] Trying to access array offset on value of type null /Users/gangliu/data/catdesk_workspace/yilan/App/Home/Controller/GoodsController.class.php 第 808 行.
NOTIC: [2] Trying to access array offset on value of type null /Users/gangliu/data/catdesk_workspace/yilan/App/Home/Controller/GoodsController.class.php 第 808 行.
NOTIC: [2] Trying to access array offset on value of type null /Users/gangliu/data/catdesk_workspace/yilan/App/Home/Controller/GoodsController.class.php 第 809 行.
NOTIC: [2] Trying to access array offset on value of type null /Users/gangliu/data/catdesk_workspace/yilan/App/Home/Controller/GoodsController.class.php 第 809 行.
NOTIC: [2] Trying to access array offset on value of type null /Users/gangliu/data/catdesk_workspace/yilan/App/Home/Controller/GoodsController.class.php 第 810 行.
NOTIC: [2] Trying to access array offset on value of type null /Users/gangliu/data/catdesk_workspace/yilan/App/Home/Controller/GoodsController.class.php 第 810 行.
NOTIC: [2] Trying to access array offset on value of type null /Users/gangliu/data/catdesk_workspace/yilan/App/Home/Controller/GoodsController.class.php 第 810 行.
SQL: SHOW COLUMNS FROM `new_tax` [ RunTime:0.0025s ]
SQL: SELECT * FROM `new_tax` WHERE `is_del` = 1  [ RunTime:0.0005s ]
SQL: SHOW COLUMNS FROM `plate_conts_price` [ RunTime:0.0034s ]
SQL: SELECT * FROM `plate_conts_price` WHERE `blank_id` = 1741 AND `is_del` = 1 ORDER BY sort asc, id asc  [ RunTime:0.0012s ]
SQL: SELECT * FROM `plate_conts_blank` WHERE `pid` = 1 AND `status` = 1 ORDER BY sorts asc, cat_index asc  [ RunTime:0.0007s ]
SQL: SHOW COLUMNS FROM `plate_conts_blank_group` [ RunTime:0.0024s ]
SQL: SELECT * FROM `plate_conts_blank_group` WHERE `pid` = 0 ORDER BY sort asc, id asc  [ RunTime:0.0014s ]
ERR: {"status":1,"msg":"\u83b7\u53d6\u6210\u529f","data":{"info":{"id":1741,"pid":1,"group_id":5,"catname":"\u516b\u6298\u6807\u51c6","cat_index":3,"source":["677187340b61b.png"],"sorts":null,"gimage":"677187340b3d7.png","gnames":"\u94dc\u82af\u4ea4\u8054\u805a\u4e59\u70ef\u7edd\u7f18\u805a\u6c2f\u4e59\u70ef\u62a4\u5957\u963b\u71c3\u7535\u7f06\u3010\u4e5d\u6298\u6807\u51c6\u3011","up_a":"0.0","down_a":"0.0","up_b":"0.0","down_b":"0.0","up_c":"0.0","down_c":"0.0","up_d":"0.0","down_d":"0.0","up_e":"0.0","down_e":"0.0","up_f":"0.0","down_f":"0.0","ticket_nor":3,"ticket_person":11,"status":1,"uptimes":1781228972,"times":1781228972,"new_tax_id":1},"key":{"keya":null,"keyb":null,"keyc":null,"keyd":null,"keye":null,"keyf":null,"keyg":null,"keyh":null},"list":[],"tax_list":[{"id":1,"pid":0,"name":"\u7535\u529b\u7535\u7f06\u7a0e\u7387\u53d1\u7968","alias_name":"","normal_tax":"3.00","special_tax":"11.00","status":1,"is_del":1,"add_time":0,"up_time":0},{"id":2,"pid":0,"name":"\u5bb6\u88c5\u7535\u7ebf\u7a0e\u7387","alias_name":"","normal_tax":"3.00","special_tax":"10.00","status":1,"is_del":1,"add_time":0,"up_time":0},{"id":3,"pid":0,"name":"\u521a\u6027\u9632\u706b\u7535\u7f06\u7a0e\u7387","alias_name":"","normal_tax":"3.00","special_tax":"9.00","status":1,"is_del":1,"add_time":0,"up_time":0},{"id":9,"pid":0,"name":"\u6a61\u5957\u7535\u7f06\u7a0e\u7387","alias_name":"","normal_tax":"3.00","special_tax":"11.00","status":1,"is_del":1,"add_time":0,"up_time":0},{"id":10,"pid":0,"name":"\u77ff\u7528\u6a61\u80f6\u7535\u7f06\u7a0e\u7387","alias_name":"","normal_tax":"4.00","special_tax":"12.00","status":1,"is_del":1,"add_time":0,"up_time":0}],"price_list":[{"id":2654,"plate_conts_id":1,"new_cate_one_id":1,"new_cate_two_id":355,"new_cate_three_id":356,"name":"\u94dc\u82af\u5bfc\u4f53","ratio":"100.00","sort":1000,"is_del":1,"cat_index":3,"blank_id":1741},{"id":2656,"plate_conts_id":1,"new_cate_one_id":1,"new_cate_two_id":355,"new_cate_three_id":371,"name":"PVC\u62a4\u5957","ratio":"1.00","sort":1000,"is_del":1,"cat_index":3,"blank_id":1741},{"id":7815,"plate_conts_id":1,"new_cate_one_id":1,"new_cate_two_id":355,"new_cate_three_id":356,"name":"\u94dc\u82af\u5bfc\u4f53","ratio":"0.90","sort":1000,"is_del":1,"cat_index":3,"blank_id":1741},{"id":7816,"plate_conts_id":1,"new_cate_one_id":1,"new_cate_two_id":355,"new_cate_three_id":362,"name":"\u8f90\u7167\u4ea4\u8054\u7edd\u7f18","ratio":"1.00","sort":1000,"is_del":1,"cat_index":3,"blank_id":1741}],"all_blanks":[{"id":1741,"pid":1,"group_id":5,"catname":"\u516b\u6298\u6807\u51c6","cat_index":3,"source":"[\"677187340b61b.png\"]","sorts":null,"gimage":"677187340b3d7.png","gnames":"\u94dc\u82af\u4ea4\u8054\u805a\u4e59\u70ef\u7edd\u7f18\u805a\u6c2f\u4e59\u70ef\u62a4\u5957\u963b\u71c3\u7535\u7f06\u3010\u4e5d\u6298\u6807\u51c6\u3011","up_a":"0.0","down_a":"0.0","up_b":"0.0","down_b":"0.0","up_c":"0.0","down_c":"0.0","up_d":"0.0","down_d":"0.0","up_e":"0.0","down_e":"0.0","up_f":"0.0","down_f":"0.0","ticket_nor":3,"ticket_person":11,"status":1,"uptimes":1781228972,"times":1781228972,"new_tax_id":1},{"id":1739,"pid":1,"group_id":5,"catname":"\u5546\u54c1","cat_index":1,"source":"[\"6a2bd1928b6ed.png\"]","sorts":0,"gimage":"6a2bcd01617ca.png","gnames":"\u94dc\u82af\u4ea4\u8054\u805a\u4e59\u70ef\u7edd\u7f18\u805a\u6c2f\u4e59\u70ef\u62a4\u5957\u963b\u71c3\u7535\u7f06\u3010\u4e5d\u6298\u6807\u51c6\u3011","up_a":"100.0","down_a":"0.0","up_b":"0.0","down_b":"0.0","up_c":"0.0","down_c":"0.0","up_d":"0.0","down_d":"0.0","up_e":"0.0","down_e":"0.0","up_f":"0.0","down_f":"0.0","ticket_nor":3,"ticket_person":11,"status":1,"uptimes":1781602949,"times":1781095065,"new_tax_id":1},{"id":1740,"pid":1,"group_id":5,"catname":"\u4e5d\u6298\u6807\u51c6","cat_index":2,"source":"[\"677187340b61b.png\"]","sorts":0,"gimage":"677187340b3d7.png","gnames":"\u94dc\u82af\u4ea4\u8054\u805a\u4e59\u70ef\u7edd\u7f18\u805a\u6c2f\u4e59\u70ef\u62a4\u5957\u963b\u71c3\u7535\u7f06\u3010\u4e5d\u6298\u6807\u51c6\u3011","up_a":"100.0","down_a":"0.0","up_b":"0.0","down_b":"0.0","up_c":"0.0","down_c":"0.0","up_d":"0.0","down_d":"0.0","up_e":"0.0","down_e":"0.0","up_f":"0.0","down_f":"0.0","ticket_nor":3,"ticket_person":11,"status":1,"uptimes":1781602935,"times":1781228972,"new_tax_id":1}],"group_list":[{"id":1,"pid":0,"name":"\u6807\u51c61\u9009\u9879\u5361","ratio":"1.000000","sort":1,"add_time":1781435857,"up_time":1781435857},{"id":5,"pid":0,"name":"\u6807\u51c61\u9009\u9879\u5361","ratio":"100.000000","sort":1,"add_time":1781423342,"up_time":1781602959},{"id":2,"pid":0,"name":"\u6807\u51c62\u9009\u9879\u5361","ratio":"1.000000","sort":2,"add_time":1781435857,"up_time":1781435857},{"id":6,"pid":0,"name":"\u6807\u51c62\u9009\u9879\u5361","ratio":"1.000000","sort":2,"add_time":1781423342,"up_time":1781423342},{"id":7,"pid":0,"name":"\u6807\u51c63\u9009\u9879\u5361","ratio":"1.000000","sort":3,"add_time":1781423342,"up_time":1781423342},{"id":8,"pid":0,"name":"\u6807\u51c64\u9009\u9879\u5361","ratio":"1.000000","sort":4,"add_time":1781423342,"up_time":1781423342},{"id":9,"pid":0,"name":"\u6807\u51c65\u9009\u9879\u5361","ratio":"1.000000","sort":5,"add_time":1781423342,"up_time":1781423342},{"id":10,"pid":0,"name":"\u6807\u51c66\u9009\u9879\u5361","ratio":"1.000000","sort":6,"add_time":1781423342,"up_time":1781423342},{"id":11,"pid":0,"name":"\u6807\u51c67\u9009\u9879\u5361","ratio":"1.000000","sort":7,"add_time":1781423342,"up_time":1781423342},{"id":12,"pid":0,"name":"\u6807\u51c68\u9009\u9879\u5361","ratio":"1.000000","sort":8,"add_time":1781423342,"up_time":1781423342},{"id":13,"pid":0,"name":"\u6807\u51c69\u9009\u9879\u5361","ratio":"1.000000","sort":9,"add_time":1781423342,"up_time":1781423342},{"id":14,"pid":0,"name":"\u6807\u51c610\u9009\u9879\u5361","ratio":"1.000000","sort":10,"add_time":1781423342,"up_time":1781423342}]}}

[ 2026-06-16T17:42:57+08:00 ] ::1 /Home/goodsPrice/priceEditGet.html
INFO: [ app_init ] --START--
INFO: Run Behavior\BuildLiteBehavior [ RunTime:0.000015s ]
INFO: [ app_init ] --END-- [ RunTime:0.000089s ]
INFO: [ app_begin ] --START--
INFO: Run Behavior\ReadHtmlCacheBehavior [ RunTime:0.000045s ]
INFO: [ app_begin ] --END-- [ RunTime:0.000080s ]
SQL: SHOW COLUMNS FROM `plate_conts_price` [ RunTime:0.0040s ]
SQL: SELECT * FROM `plate_conts_price` WHERE `id` = 2656 LIMIT 1   [ RunTime:0.0005s ]
ERR: {"status":1,"msg":"\u83b7\u53d6\u6210\u529f","data":{"info":{"id":2656,"plate_conts_id":1,"new_cate_one_id":1,"new_cate_two_id":355,"new_cate_three_id":371,"name":"PVC\u62a4\u5957","ratio":1,"sort":1000,"is_del":1,"cat_index":3,"blank_id":1741}}}

[ 2026-06-16T17:42:57+08:00 ] ::1 /Home/goodsPrice/priceCateList.html
INFO: [ app_init ] --START--
INFO: Run Behavior\BuildLiteBehavior [ RunTime:0.000005s ]
INFO: [ app_init ] --END-- [ RunTime:0.000042s ]
INFO: [ app_begin ] --START--
INFO: Run Behavior\ReadHtmlCacheBehavior [ RunTime:0.000039s ]
INFO: [ app_begin ] --END-- [ RunTime:0.000063s ]
SQL: SHOW COLUMNS FROM `new_cate` [ RunTime:0.0040s ]
SQL: SELECT * FROM `new_cate` WHERE `pid` = 0  [ RunTime:0.0030s ]
ERR: {"status":1,"msg":"\u83b7\u53d6\u6210\u529f","data":{"cate_list":[{"id":1,"pid":0,"name":"01-\u30101KV-3KV\u3011\u7535\u7f06\u7cfb\u5217\u6750\u6599","alias_name":"","one_id":0,"two_id":0,"level":1,"status":1,"is_del":1,"add_time":0,"up_time":0,"price":"99.0000","new_label_id":5},{"id":2,"pid":0,"name":"02-\u4e2d\u9ad8\u538b\u7535\u7f06\u677f\u5757\u6750\u6599","alias_name":"","one_id":0,"two_id":0,"level":1,"status":1,"is_del":1,"add_time":0,"up_time":0,"price":"0.0000","new_label_id":0},{"id":244,"pid":0,"name":"03-\u5bb6\u88c5\u5f31\u7535\u677f\u5757","alias_name":"","one_id":0,"two_id":0,"level":1,"status":1,"is_del":1,"add_time":0,"up_time":0,"price":"0.0000","new_label_id":0},{"id":309,"pid":0,"name":"04-\u63a7\u5236\u7535\u7f06\u7cfb\u5217\u6750\u6599","alias_name":"","one_id":0,"two_id":0,"level":1,"status":1,"is_del":1,"add_time":0,"up_time":0,"price":"0.0000","new_label_id":0},{"id":694,"pid":0,"name":"05-\u6a61\u80f6\u7c7b\u7535\u7f06\u6750\u6599","alias_name":"","one_id":0,"two_id":0,"level":1,"status":1,"is_del":1,"add_time":0,"up_time":0,"price":"0.0000","new_label_id":0},{"id":835,"pid":0,"name":"06-\u67b6\u7a7a\u7535\u7f06\u7cfb\u5217","alias_name":"","one_id":0,"two_id":0,"level":1,"status":1,"is_del":1,"add_time":0,"up_time":0,"price":"0.0000","new_label_id":0},{"id":900,"pid":0,"name":"07-\u901a\u4fe1\u7535\u7f06\u7cfb\u5217","alias_name":"","one_id":0,"two_id":0,"level":1,"status":1,"is_del":1,"add_time":0,"up_time":0,"price":"0.0000","new_label_id":0}],"level":1}}

[ 2026-06-16T17:43:00+08:00 ] ::1 /Home/goodsPrice/priceEditPost.html
INFO: [ app_init ] --START--
INFO: Run Behavior\BuildLiteBehavior [ RunTime:0.000011s ]
INFO: [ app_init ] --END-- [ RunTime:0.000109s ]
INFO: [ app_begin ] --START--
INFO: Run Behavior\ReadHtmlCacheBehavior [ RunTime:0.000057s ]
INFO: [ app_begin ] --END-- [ RunTime:0.000098s ]
SQL: SHOW COLUMNS FROM `plate_conts_price` [ RunTime:0.0035s ]
SQL: SELECT * FROM `plate_conts_price` WHERE `id` = 2656 LIMIT 1   [ RunTime:0.0010s ]
SQL: UPDATE `plate_conts_price` SET `id`='2656',`plate_conts_id`='1',`new_cate_one_id`='1',`new_cate_two_id`='355',`new_cate_three_id`='371',`name`='PVC护套',`ratio`='100',`sort`='1000',`is_del`='1',`cat_index`='3',`blank_id`='1741' WHERE `id` = 2656 [ RunTime:0.0038s ]
SQL: SHOW COLUMNS FROM `plate_conts` [ RunTime:0.0034s ]
SQL: SHOW COLUMNS FROM `plate_cats` [ RunTime:0.0037s ]
SQL: SHOW COLUMNS FROM `plate_conts_blank` [ RunTime:0.0027s ]
SQL: SELECT * FROM `plate_conts_blank` WHERE `id` = 1741 LIMIT 1   [ RunTime:0.0011s ]
SQL: SELECT * FROM `plate_conts` WHERE `id` = 1 LIMIT 1   [ RunTime:0.0009s ]
SQL: SELECT * FROM `plate_cats` WHERE `id` = 217 LIMIT 1   [ RunTime:0.0044s ]
SQL: SHOW COLUMNS FROM `plate_conts_logs` [ RunTime:0.0030s ]
SQL: SELECT * FROM `plate_conts_logs` WHERE `blank_id` = 1741 ORDER BY number asc, id asc  [ RunTime:0.0009s ]
SQL: SHOW COLUMNS FROM `plate_conts_logs` [ RunTime:0.0034s ]
ERR: {"status":1,"msg":"\u4fee\u6539\u6210\u529f","data":null}

[ 2026-06-16T17:43:00+08:00 ] ::1 /Home/Goods/plate_conts_blankr.html
INFO: [ app_init ] --START--
INFO: Run Behavior\BuildLiteBehavior [ RunTime:0.000007s ]
INFO: [ app_init ] --END-- [ RunTime:0.000062s ]
INFO: [ app_begin ] --START--
INFO: Run Behavior\ReadHtmlCacheBehavior [ RunTime:0.000036s ]
INFO: [ app_begin ] --END-- [ RunTime:0.000071s ]
SQL: SHOW COLUMNS FROM `plate_conts_blank` [ RunTime:0.0033s ]
SQL: SHOW COLUMNS FROM `plate_conts_logs` [ RunTime:0.0036s ]
SQL: SHOW COLUMNS FROM `plate_conts_logsr` [ RunTime:0.0026s ]
SQL: SELECT * FROM `plate_conts_blank` WHERE `id` = 1741 AND `status` = 1 LIMIT 1   [ RunTime:0.0010s ]
SQL: SELECT * FROM `plate_conts_logs` WHERE `blank_id` = 1741 ORDER BY number asc,id asc  [ RunTime:0.0008s ]
SQL: SELECT `key_0` FROM `plate_conts_logs` WHERE `blank_id` = 1741 GROUP BY key_0 LIMIT 1   [ RunTime:0.0014s ]
SQL: SELECT `key_1` FROM `plate_conts_logs` WHERE `blank_id` = 1741 GROUP BY key_1 LIMIT 1   [ RunTime:0.0014s ]
SQL: SELECT `key_2` FROM `plate_conts_logs` WHERE `blank_id` = 1741 GROUP BY key_2 LIMIT 1   [ RunTime:0.0010s ]
SQL: SELECT `key_3` FROM `plate_conts_logs` WHERE `blank_id` = 1741 GROUP BY key_3 LIMIT 1   [ RunTime:0.0008s ]
SQL: SELECT `key_4` FROM `plate_conts_logs` WHERE `blank_id` = 1741 GROUP BY key_4 LIMIT 1   [ RunTime:0.0007s ]
SQL: SELECT `key_5` FROM `plate_conts_logs` WHERE `blank_id` = 1741 GROUP BY key_5 LIMIT 1   [ RunTime:0.0006s ]
SQL: SELECT `key_6` FROM `plate_conts_logs` WHERE `blank_id` = 1741 GROUP BY key_6 LIMIT 1   [ RunTime:0.0006s ]
SQL: SELECT `key_7` FROM `plate_conts_logs` WHERE `blank_id` = 1741 GROUP BY key_7 LIMIT 1   [ RunTime:0.0011s ]
NOTIC: [2] Trying to access array offset on value of type null /Users/gangliu/data/catdesk_workspace/yilan/App/Home/Controller/GoodsController.class.php 第 808 行.
NOTIC: [2] Trying to access array offset on value of type null /Users/gangliu/data/catdesk_workspace/yilan/App/Home/Controller/GoodsController.class.php 第 808 行.
NOTIC: [2] Trying to access array offset on value of type null /Users/gangliu/data/catdesk_workspace/yilan/App/Home/Controller/GoodsController.class.php 第 808 行.
NOTIC: [2] Trying to access array offset on value of type null /Users/gangliu/data/catdesk_workspace/yilan/App/Home/Controller/GoodsController.class.php 第 809 行.
NOTIC: [2] Trying to access array offset on value of type null /Users/gangliu/data/catdesk_workspace/yilan/App/Home/Controller/GoodsController.class.php 第 809 行.
NOTIC: [2] Trying to access array offset on value of type null /Users/gangliu/data/catdesk_workspace/yilan/App/Home/Controller/GoodsController.class.php 第 810 行.
NOTIC: [2] Trying to access array offset on value of type null /Users/gangliu/data/catdesk_workspace/yilan/App/Home/Controller/GoodsController.class.php 第 810 行.
NOTIC: [2] Trying to access array offset on value of type null /Users/gangliu/data/catdesk_workspace/yilan/App/Home/Controller/GoodsController.class.php 第 810 行.
SQL: SHOW COLUMNS FROM `new_tax` [ RunTime:0.0026s ]
SQL: SELECT * FROM `new_tax` WHERE `is_del` = 1  [ RunTime:0.0009s ]
SQL: SHOW COLUMNS FROM `plate_conts_price` [ RunTime:0.0024s ]
SQL: SELECT * FROM `plate_conts_price` WHERE `blank_id` = 1741 AND `is_del` = 1 ORDER BY sort asc, id asc  [ RunTime:0.0007s ]
SQL: SELECT * FROM `plate_conts_blank` WHERE `pid` = 1 AND `status` = 1 ORDER BY sorts asc, cat_index asc  [ RunTime:0.0008s ]
SQL: SHOW COLUMNS FROM `plate_conts_blank_group` [ RunTime:0.0031s ]
SQL: SELECT * FROM `plate_conts_blank_group` WHERE `pid` = 0 ORDER BY sort asc, id asc  [ RunTime:0.0007s ]
ERR: {"status":1,"msg":"\u83b7\u53d6\u6210\u529f","data":{"info":{"id":1741,"pid":1,"group_id":5,"catname":"\u516b\u6298\u6807\u51c6","cat_index":3,"source":["677187340b61b.png"],"sorts":null,"gimage":"677187340b3d7.png","gnames":"\u94dc\u82af\u4ea4\u8054\u805a\u4e59\u70ef\u7edd\u7f18\u805a\u6c2f\u4e59\u70ef\u62a4\u5957\u963b\u71c3\u7535\u7f06\u3010\u4e5d\u6298\u6807\u51c6\u3011","up_a":"0.0","down_a":"0.0","up_b":"0.0","down_b":"0.0","up_c":"0.0","down_c":"0.0","up_d":"0.0","down_d":"0.0","up_e":"0.0","down_e":"0.0","up_f":"0.0","down_f":"0.0","ticket_nor":3,"ticket_person":11,"status":1,"uptimes":1781228972,"times":1781228972,"new_tax_id":1},"key":{"keya":null,"keyb":null,"keyc":null,"keyd":null,"keye":null,"keyf":null,"keyg":null,"keyh":null},"list":[],"tax_list":[{"id":1,"pid":0,"name":"\u7535\u529b\u7535\u7f06\u7a0e\u7387\u53d1\u7968","alias_name":"","normal_tax":"3.00","special_tax":"11.00","status":1,"is_del":1,"add_time":0,"up_time":0},{"id":2,"pid":0,"name":"\u5bb6\u88c5\u7535\u7ebf\u7a0e\u7387","alias_name":"","normal_tax":"3.00","special_tax":"10.00","status":1,"is_del":1,"add_time":0,"up_time":0},{"id":3,"pid":0,"name":"\u521a\u6027\u9632\u706b\u7535\u7f06\u7a0e\u7387","alias_name":"","normal_tax":"3.00","special_tax":"9.00","status":1,"is_del":1,"add_time":0,"up_time":0},{"id":9,"pid":0,"name":"\u6a61\u5957\u7535\u7f06\u7a0e\u7387","alias_name":"","normal_tax":"3.00","special_tax":"11.00","status":1,"is_del":1,"add_time":0,"up_time":0},{"id":10,"pid":0,"name":"\u77ff\u7528\u6a61\u80f6\u7535\u7f06\u7a0e\u7387","alias_name":"","normal_tax":"4.00","special_tax":"12.00","status":1,"is_del":1,"add_time":0,"up_time":0}],"price_list":[{"id":2654,"plate_conts_id":1,"new_cate_one_id":1,"new_cate_two_id":355,"new_cate_three_id":356,"name":"\u94dc\u82af\u5bfc\u4f53","ratio":"100.00","sort":1000,"is_del":1,"cat_index":3,"blank_id":1741},{"id":2656,"plate_conts_id":1,"new_cate_one_id":1,"new_cate_two_id":355,"new_cate_three_id":371,"name":"PVC\u62a4\u5957","ratio":"100.00","sort":1000,"is_del":1,"cat_index":3,"blank_id":1741},{"id":7815,"plate_conts_id":1,"new_cate_one_id":1,"new_cate_two_id":355,"new_cate_three_id":356,"name":"\u94dc\u82af\u5bfc\u4f53","ratio":"0.90","sort":1000,"is_del":1,"cat_index":3,"blank_id":1741},{"id":7816,"plate_conts_id":1,"new_cate_one_id":1,"new_cate_two_id":355,"new_cate_three_id":362,"name":"\u8f90\u7167\u4ea4\u8054\u7edd\u7f18","ratio":"1.00","sort":1000,"is_del":1,"cat_index":3,"blank_id":1741}],"all_blanks":[{"id":1741,"pid":1,"group_id":5,"catname":"\u516b\u6298\u6807\u51c6","cat_index":3,"source":"[\"677187340b61b.png\"]","sorts":null,"gimage":"677187340b3d7.png","gnames":"\u94dc\u82af\u4ea4\u8054\u805a\u4e59\u70ef\u7edd\u7f18\u805a\u6c2f\u4e59\u70ef\u62a4\u5957\u963b\u71c3\u7535\u7f06\u3010\u4e5d\u6298\u6807\u51c6\u3011","up_a":"0.0","down_a":"0.0","up_b":"0.0","down_b":"0.0","up_c":"0.0","down_c":"0.0","up_d":"0.0","down_d":"0.0","up_e":"0.0","down_e":"0.0","up_f":"0.0","down_f":"0.0","ticket_nor":3,"ticket_person":11,"status":1,"uptimes":1781228972,"times":1781228972,"new_tax_id":1},{"id":1739,"pid":1,"group_id":5,"catname":"\u5546\u54c1","cat_index":1,"source":"[\"6a2bd1928b6ed.png\"]","sorts":0,"gimage":"6a2bcd01617ca.png","gnames":"\u94dc\u82af\u4ea4\u8054\u805a\u4e59\u70ef\u7edd\u7f18\u805a\u6c2f\u4e59\u70ef\u62a4\u5957\u963b\u71c3\u7535\u7f06\u3010\u4e5d\u6298\u6807\u51c6\u3011","up_a":"100.0","down_a":"0.0","up_b":"0.0","down_b":"0.0","up_c":"0.0","down_c":"0.0","up_d":"0.0","down_d":"0.0","up_e":"0.0","down_e":"0.0","up_f":"0.0","down_f":"0.0","ticket_nor":3,"ticket_person":11,"status":1,"uptimes":1781602949,"times":1781095065,"new_tax_id":1},{"id":1740,"pid":1,"group_id":5,"catname":"\u4e5d\u6298\u6807\u51c6","cat_index":2,"source":"[\"677187340b61b.png\"]","sorts":0,"gimage":"677187340b3d7.png","gnames":"\u94dc\u82af\u4ea4\u8054\u805a\u4e59\u70ef\u7edd\u7f18\u805a\u6c2f\u4e59\u70ef\u62a4\u5957\u963b\u71c3\u7535\u7f06\u3010\u4e5d\u6298\u6807\u51c6\u3011","up_a":"100.0","down_a":"0.0","up_b":"0.0","down_b":"0.0","up_c":"0.0","down_c":"0.0","up_d":"0.0","down_d":"0.0","up_e":"0.0","down_e":"0.0","up_f":"0.0","down_f":"0.0","ticket_nor":3,"ticket_person":11,"status":1,"uptimes":1781602935,"times":1781228972,"new_tax_id":1}],"group_list":[{"id":1,"pid":0,"name":"\u6807\u51c61\u9009\u9879\u5361","ratio":"1.000000","sort":1,"add_time":1781435857,"up_time":1781435857},{"id":5,"pid":0,"name":"\u6807\u51c61\u9009\u9879\u5361","ratio":"100.000000","sort":1,"add_time":1781423342,"up_time":1781602959},{"id":2,"pid":0,"name":"\u6807\u51c62\u9009\u9879\u5361","ratio":"1.000000","sort":2,"add_time":1781435857,"up_time":1781435857},{"id":6,"pid":0,"name":"\u6807\u51c62\u9009\u9879\u5361","ratio":"1.000000","sort":2,"add_time":1781423342,"up_time":1781423342},{"id":7,"pid":0,"name":"\u6807\u51c63\u9009\u9879\u5361","ratio":"1.000000","sort":3,"add_time":1781423342,"up_time":1781423342},{"id":8,"pid":0,"name":"\u6807\u51c64\u9009\u9879\u5361","ratio":"1.000000","sort":4,"add_time":1781423342,"up_time":1781423342},{"id":9,"pid":0,"name":"\u6807\u51c65\u9009\u9879\u5361","ratio":"1.000000","sort":5,"add_time":1781423342,"up_time":1781423342},{"id":10,"pid":0,"name":"\u6807\u51c66\u9009\u9879\u5361","ratio":"1.000000","sort":6,"add_time":1781423342,"up_time":1781423342},{"id":11,"pid":0,"name":"\u6807\u51c67\u9009\u9879\u5361","ratio":"1.000000","sort":7,"add_time":1781423342,"up_time":1781423342},{"id":12,"pid":0,"name":"\u6807\u51c68\u9009\u9879\u5361","ratio":"1.000000","sort":8,"add_time":1781423342,"up_time":1781423342},{"id":13,"pid":0,"name":"\u6807\u51c69\u9009\u9879\u5361","ratio":"1.000000","sort":9,"add_time":1781423342,"up_time":1781423342},{"id":14,"pid":0,"name":"\u6807\u51c610\u9009\u9879\u5361","ratio":"1.000000","sort":10,"add_time":1781423342,"up_time":1781423342}]}}

[ 2026-06-16T17:45:01+08:00 ] ::1 /Home/Goods/plate_conts_list/id/1.html
INFO: [ app_init ] --START--
INFO: Run Behavior\BuildLiteBehavior [ RunTime:0.000010s ]
INFO: [ app_init ] --END-- [ RunTime:0.000143s ]
INFO: [ app_begin ] --START--
INFO: Run Behavior\ReadHtmlCacheBehavior [ RunTime:0.000060s ]
INFO: [ app_begin ] --END-- [ RunTime:0.000095s ]
SQL: SHOW COLUMNS FROM `plate_conts` [ RunTime:0.0056s ]
SQL: SHOW COLUMNS FROM `sys_tmps` [ RunTime:0.0031s ]
SQL: SELECT * FROM `plate_conts` WHERE `id` = 1 LIMIT 1   [ RunTime:0.0019s ]
SQL: SELECT * FROM `sys_tmps` WHERE `types` = 2 ORDER BY id desc  [ RunTime:0.0011s ]
INFO: [ view_parse ] --START--
INFO: [ template_filter ] --START--
INFO: Run Behavior\ContentReplaceBehavior [ RunTime:0.000359s ]
INFO: [ template_filter ] --END-- [ RunTime:0.000453s ]
INFO: Run Behavior\ParseTemplateBehavior [ RunTime:0.014851s ]
INFO: [ view_parse ] --END-- [ RunTime:0.014899s ]
INFO: [ view_filter ] --START--
INFO: Run Behavior\WriteHtmlCacheBehavior [ RunTime:0.000107s ]
INFO: [ view_filter ] --END-- [ RunTime:0.000121s ]
INFO: [ app_end ] --START--
INFO: Run Behavior\ShowPageTraceBehavior [ RunTime:0.000068s ]
INFO: [ app_end ] --END-- [ RunTime:0.000081s ]

[ 2026-06-16T17:45:01+08:00 ] ::1 /Home/Goods/plate_conts_blankr.html
INFO: [ app_init ] --START--
INFO: Run Behavior\BuildLiteBehavior [ RunTime:0.000005s ]
INFO: [ app_init ] --END-- [ RunTime:0.000045s ]
INFO: [ app_begin ] --START--
INFO: Run Behavior\ReadHtmlCacheBehavior [ RunTime:0.000018s ]
INFO: [ app_begin ] --END-- [ RunTime:0.000033s ]
SQL: SHOW COLUMNS FROM `plate_conts_blank` [ RunTime:0.0041s ]
SQL: SHOW COLUMNS FROM `plate_conts_logs` [ RunTime:0.0031s ]
SQL: SHOW COLUMNS FROM `plate_conts_logsr` [ RunTime:0.0031s ]
SQL: SELECT * FROM `plate_conts_blank` WHERE `pid` = 1 AND `cat_index` = 1 AND `status` = 1 LIMIT 1   [ RunTime:0.0024s ]
SQL: SELECT * FROM `plate_conts_logs` WHERE `blank_id` = 1739 ORDER BY number asc,id asc  [ RunTime:0.0015s ]
SQL: SELECT `key_0` FROM `plate_conts_logs` WHERE `blank_id` = 1739 GROUP BY key_0 LIMIT 1   [ RunTime:0.0009s ]
SQL: SELECT `key_1` FROM `plate_conts_logs` WHERE `blank_id` = 1739 GROUP BY key_1 LIMIT 1   [ RunTime:0.0006s ]
SQL: SELECT `key_2` FROM `plate_conts_logs` WHERE `blank_id` = 1739 GROUP BY key_2 LIMIT 1   [ RunTime:0.0005s ]
SQL: SELECT `key_3` FROM `plate_conts_logs` WHERE `blank_id` = 1739 GROUP BY key_3 LIMIT 1   [ RunTime:0.0007s ]
SQL: SELECT `key_4` FROM `plate_conts_logs` WHERE `blank_id` = 1739 GROUP BY key_4 LIMIT 1   [ RunTime:0.0012s ]
SQL: SELECT `key_5` FROM `plate_conts_logs` WHERE `blank_id` = 1739 GROUP BY key_5 LIMIT 1   [ RunTime:0.0009s ]
SQL: SELECT `key_6` FROM `plate_conts_logs` WHERE `blank_id` = 1739 GROUP BY key_6 LIMIT 1   [ RunTime:0.0005s ]
SQL: SELECT `key_7` FROM `plate_conts_logs` WHERE `blank_id` = 1739 GROUP BY key_7 LIMIT 1   [ RunTime:0.0005s ]
NOTIC: [2] Trying to access array offset on value of type null /Users/gangliu/data/catdesk_workspace/yilan/App/Home/Controller/GoodsController.class.php 第 808 行.
NOTIC: [2] Trying to access array offset on value of type null /Users/gangliu/data/catdesk_workspace/yilan/App/Home/Controller/GoodsController.class.php 第 808 行.
NOTIC: [2] Trying to access array offset on value of type null /Users/gangliu/data/catdesk_workspace/yilan/App/Home/Controller/GoodsController.class.php 第 808 行.
NOTIC: [2] Trying to access array offset on value of type null /Users/gangliu/data/catdesk_workspace/yilan/App/Home/Controller/GoodsController.class.php 第 809 行.
NOTIC: [2] Trying to access array offset on value of type null /Users/gangliu/data/catdesk_workspace/yilan/App/Home/Controller/GoodsController.class.php 第 809 行.
NOTIC: [2] Trying to access array offset on value of type null /Users/gangliu/data/catdesk_workspace/yilan/App/Home/Controller/GoodsController.class.php 第 810 行.
NOTIC: [2] Trying to access array offset on value of type null /Users/gangliu/data/catdesk_workspace/yilan/App/Home/Controller/GoodsController.class.php 第 810 行.
NOTIC: [2] Trying to access array offset on value of type null /Users/gangliu/data/catdesk_workspace/yilan/App/Home/Controller/GoodsController.class.php 第 810 行.
SQL: SHOW COLUMNS FROM `new_tax` [ RunTime:0.0020s ]
SQL: SELECT * FROM `new_tax` WHERE `is_del` = 1  [ RunTime:0.0009s ]
SQL: SHOW COLUMNS FROM `plate_conts_price` [ RunTime:0.0032s ]
SQL: SELECT * FROM `plate_conts_price` WHERE `blank_id` = 1739 AND `is_del` = 1 ORDER BY sort asc, id asc  [ RunTime:0.0010s ]
SQL: SELECT * FROM `plate_conts_blank` WHERE `pid` = 1 AND `status` = 1 ORDER BY sorts asc, cat_index asc  [ RunTime:0.0008s ]
SQL: SHOW COLUMNS FROM `plate_conts_blank_group` [ RunTime:0.0030s ]
SQL: SELECT * FROM `plate_conts_blank_group` WHERE `pid` = 0 ORDER BY sort asc, id asc  [ RunTime:0.0011s ]
ERR: {"status":1,"msg":"\u83b7\u53d6\u6210\u529f","data":{"info":{"id":1739,"pid":1,"group_id":5,"catname":"\u5546\u54c1","cat_index":1,"source":["6a2bd1928b6ed.png"],"sorts":0,"gimage":"6a2bcd01617ca.png","gnames":"\u94dc\u82af\u4ea4\u8054\u805a\u4e59\u70ef\u7edd\u7f18\u805a\u6c2f\u4e59\u70ef\u62a4\u5957\u963b\u71c3\u7535\u7f06\u3010\u4e5d\u6298\u6807\u51c6\u3011","up_a":"100.0","down_a":"0.0","up_b":"0.0","down_b":"0.0","up_c":"0.0","down_c":"0.0","up_d":"0.0","down_d":"0.0","up_e":"0.0","down_e":"0.0","up_f":"0.0","down_f":"0.0","ticket_nor":3,"ticket_person":11,"status":1,"uptimes":1781602949,"times":1781095065,"new_tax_id":1},"key":{"keya":null,"keyb":null,"keyc":null,"keyd":null,"keye":null,"keyf":null,"keyg":null,"keyh":null},"list":[],"tax_list":[{"id":1,"pid":0,"name":"\u7535\u529b\u7535\u7f06\u7a0e\u7387\u53d1\u7968","alias_name":"","normal_tax":"3.00","special_tax":"11.00","status":1,"is_del":1,"add_time":0,"up_time":0},{"id":2,"pid":0,"name":"\u5bb6\u88c5\u7535\u7ebf\u7a0e\u7387","alias_name":"","normal_tax":"3.00","special_tax":"10.00","status":1,"is_del":1,"add_time":0,"up_time":0},{"id":3,"pid":0,"name":"\u521a\u6027\u9632\u706b\u7535\u7f06\u7a0e\u7387","alias_name":"","normal_tax":"3.00","special_tax":"9.00","status":1,"is_del":1,"add_time":0,"up_time":0},{"id":9,"pid":0,"name":"\u6a61\u5957\u7535\u7f06\u7a0e\u7387","alias_name":"","normal_tax":"3.00","special_tax":"11.00","status":1,"is_del":1,"add_time":0,"up_time":0},{"id":10,"pid":0,"name":"\u77ff\u7528\u6a61\u80f6\u7535\u7f06\u7a0e\u7387","alias_name":"","normal_tax":"4.00","special_tax":"12.00","status":1,"is_del":1,"add_time":0,"up_time":0}],"price_list":[{"id":2648,"plate_conts_id":1,"new_cate_one_id":1,"new_cate_two_id":355,"new_cate_three_id":356,"name":"\u94dc\u82af\u5bfc\u4f53","ratio":"1.00","sort":1000,"is_del":1,"cat_index":1,"blank_id":1739},{"id":2649,"plate_conts_id":1,"new_cate_one_id":1,"new_cate_two_id":355,"new_cate_three_id":362,"name":"\u8f90\u7167\u4ea4\u8054\u7edd\u7f18","ratio":"1.00","sort":1000,"is_del":1,"cat_index":1,"blank_id":1739},{"id":2650,"plate_conts_id":1,"new_cate_one_id":1,"new_cate_two_id":355,"new_cate_three_id":371,"name":"PVC\u62a4\u5957","ratio":"1.00","sort":1000,"is_del":1,"cat_index":1,"blank_id":1739},{"id":7812,"plate_conts_id":1,"new_cate_one_id":1,"new_cate_two_id":355,"new_cate_three_id":356,"name":"\u94dc\u82af\u5bfc\u4f53","ratio":"0.90","sort":1000,"is_del":1,"cat_index":1,"blank_id":1739},{"id":7813,"plate_conts_id":1,"new_cate_one_id":1,"new_cate_two_id":355,"new_cate_three_id":362,"name":"\u8f90\u7167\u4ea4\u8054\u7edd\u7f18","ratio":"1.00","sort":1000,"is_del":1,"cat_index":1,"blank_id":1739}],"all_blanks":[{"id":1741,"pid":1,"group_id":5,"catname":"\u516b\u6298\u6807\u51c6","cat_index":3,"source":"[\"677187340b61b.png\"]","sorts":null,"gimage":"677187340b3d7.png","gnames":"\u94dc\u82af\u4ea4\u8054\u805a\u4e59\u70ef\u7edd\u7f18\u805a\u6c2f\u4e59\u70ef\u62a4\u5957\u963b\u71c3\u7535\u7f06\u3010\u4e5d\u6298\u6807\u51c6\u3011","up_a":"0.0","down_a":"0.0","up_b":"0.0","down_b":"0.0","up_c":"0.0","down_c":"0.0","up_d":"0.0","down_d":"0.0","up_e":"0.0","down_e":"0.0","up_f":"0.0","down_f":"0.0","ticket_nor":3,"ticket_person":11,"status":1,"uptimes":1781228972,"times":1781228972,"new_tax_id":1},{"id":1739,"pid":1,"group_id":5,"catname":"\u5546\u54c1","cat_index":1,"source":"[\"6a2bd1928b6ed.png\"]","sorts":0,"gimage":"6a2bcd01617ca.png","gnames":"\u94dc\u82af\u4ea4\u8054\u805a\u4e59\u70ef\u7edd\u7f18\u805a\u6c2f\u4e59\u70ef\u62a4\u5957\u963b\u71c3\u7535\u7f06\u3010\u4e5d\u6298\u6807\u51c6\u3011","up_a":"100.0","down_a":"0.0","up_b":"0.0","down_b":"0.0","up_c":"0.0","down_c":"0.0","up_d":"0.0","down_d":"0.0","up_e":"0.0","down_e":"0.0","up_f":"0.0","down_f":"0.0","ticket_nor":3,"ticket_person":11,"status":1,"uptimes":1781602949,"times":1781095065,"new_tax_id":1},{"id":1740,"pid":1,"group_id":5,"catname":"\u4e5d\u6298\u6807\u51c6","cat_index":2,"source":"[\"677187340b61b.png\"]","sorts":0,"gimage":"677187340b3d7.png","gnames":"\u94dc\u82af\u4ea4\u8054\u805a\u4e59\u70ef\u7edd\u7f18\u805a\u6c2f\u4e59\u70ef\u62a4\u5957\u963b\u71c3\u7535\u7f06\u3010\u4e5d\u6298\u6807\u51c6\u3011","up_a":"100.0","down_a":"0.0","up_b":"0.0","down_b":"0.0","up_c":"0.0","down_c":"0.0","up_d":"0.0","down_d":"0.0","up_e":"0.0","down_e":"0.0","up_f":"0.0","down_f":"0.0","ticket_nor":3,"ticket_person":11,"status":1,"uptimes":1781602935,"times":1781228972,"new_tax_id":1}],"group_list":[{"id":1,"pid":0,"name":"\u6807\u51c61\u9009\u9879\u5361","ratio":"1.000000","sort":1,"add_time":1781435857,"up_time":1781435857},{"id":5,"pid":0,"name":"\u6807\u51c61\u9009\u9879\u5361","ratio":"100.000000","sort":1,"add_time":1781423342,"up_time":1781602959},{"id":2,"pid":0,"name":"\u6807\u51c62\u9009\u9879\u5361","ratio":"1.000000","sort":2,"add_time":1781435857,"up_time":1781435857},{"id":6,"pid":0,"name":"\u6807\u51c62\u9009\u9879\u5361","ratio":"1.000000","sort":2,"add_time":1781423342,"up_time":1781423342},{"id":7,"pid":0,"name":"\u6807\u51c63\u9009\u9879\u5361","ratio":"1.000000","sort":3,"add_time":1781423342,"up_time":1781423342},{"id":8,"pid":0,"name":"\u6807\u51c64\u9009\u9879\u5361","ratio":"1.000000","sort":4,"add_time":1781423342,"up_time":1781423342},{"id":9,"pid":0,"name":"\u6807\u51c65\u9009\u9879\u5361","ratio":"1.000000","sort":5,"add_time":1781423342,"up_time":1781423342},{"id":10,"pid":0,"name":"\u6807\u51c66\u9009\u9879\u5361","ratio":"1.000000","sort":6,"add_time":1781423342,"up_time":1781423342},{"id":11,"pid":0,"name":"\u6807\u51c67\u9009\u9879\u5361","ratio":"1.000000","sort":7,"add_time":1781423342,"up_time":1781423342},{"id":12,"pid":0,"name":"\u6807\u51c68\u9009\u9879\u5361","ratio":"1.000000","sort":8,"add_time":1781423342,"up_time":1781423342},{"id":13,"pid":0,"name":"\u6807\u51c69\u9009\u9879\u5361","ratio":"1.000000","sort":9,"add_time":1781423342,"up_time":1781423342},{"id":14,"pid":0,"name":"\u6807\u51c610\u9009\u9879\u5361","ratio":"1.000000","sort":10,"add_time":1781423342,"up_time":1781423342}]}}

[ 2026-06-16T17:45:04+08:00 ] ::1 /Home/Goods/plate_conts_blankr.html
INFO: [ app_init ] --START--
INFO: Run Behavior\BuildLiteBehavior [ RunTime:0.000013s ]
INFO: [ app_init ] --END-- [ RunTime:0.000113s ]
INFO: [ app_begin ] --START--
INFO: Run Behavior\ReadHtmlCacheBehavior [ RunTime:0.000054s ]
INFO: [ app_begin ] --END-- [ RunTime:0.000084s ]
SQL: SHOW COLUMNS FROM `plate_conts_blank` [ RunTime:0.0041s ]
SQL: SHOW COLUMNS FROM `plate_conts_logs` [ RunTime:0.0049s ]
SQL: SHOW COLUMNS FROM `plate_conts_logsr` [ RunTime:0.0049s ]
SQL: SELECT * FROM `plate_conts_blank` WHERE `id` = 1739 AND `status` = 1 LIMIT 1   [ RunTime:0.0066s ]
SQL: SELECT * FROM `plate_conts_logs` WHERE `blank_id` = 1739 ORDER BY number asc,id asc  [ RunTime:0.0025s ]
SQL: SELECT `key_0` FROM `plate_conts_logs` WHERE `blank_id` = 1739 GROUP BY key_0 LIMIT 1   [ RunTime:0.0010s ]
SQL: SELECT `key_1` FROM `plate_conts_logs` WHERE `blank_id` = 1739 GROUP BY key_1 LIMIT 1   [ RunTime:0.0008s ]
SQL: SELECT `key_2` FROM `plate_conts_logs` WHERE `blank_id` = 1739 GROUP BY key_2 LIMIT 1   [ RunTime:0.0008s ]
SQL: SELECT `key_3` FROM `plate_conts_logs` WHERE `blank_id` = 1739 GROUP BY key_3 LIMIT 1   [ RunTime:0.0005s ]
SQL: SELECT `key_4` FROM `plate_conts_logs` WHERE `blank_id` = 1739 GROUP BY key_4 LIMIT 1   [ RunTime:0.0006s ]
SQL: SELECT `key_5` FROM `plate_conts_logs` WHERE `blank_id` = 1739 GROUP BY key_5 LIMIT 1   [ RunTime:0.0005s ]
SQL: SELECT `key_6` FROM `plate_conts_logs` WHERE `blank_id` = 1739 GROUP BY key_6 LIMIT 1   [ RunTime:0.0005s ]
SQL: SELECT `key_7` FROM `plate_conts_logs` WHERE `blank_id` = 1739 GROUP BY key_7 LIMIT 1   [ RunTime:0.0002s ]
NOTIC: [2] Trying to access array offset on value of type null /Users/gangliu/data/catdesk_workspace/yilan/App/Home/Controller/GoodsController.class.php 第 808 行.
NOTIC: [2] Trying to access array offset on value of type null /Users/gangliu/data/catdesk_workspace/yilan/App/Home/Controller/GoodsController.class.php 第 808 行.
NOTIC: [2] Trying to access array offset on value of type null /Users/gangliu/data/catdesk_workspace/yilan/App/Home/Controller/GoodsController.class.php 第 808 行.
NOTIC: [2] Trying to access array offset on value of type null /Users/gangliu/data/catdesk_workspace/yilan/App/Home/Controller/GoodsController.class.php 第 809 行.
NOTIC: [2] Trying to access array offset on value of type null /Users/gangliu/data/catdesk_workspace/yilan/App/Home/Controller/GoodsController.class.php 第 809 行.
NOTIC: [2] Trying to access array offset on value of type null /Users/gangliu/data/catdesk_workspace/yilan/App/Home/Controller/GoodsController.class.php 第 810 行.
NOTIC: [2] Trying to access array offset on value of type null /Users/gangliu/data/catdesk_workspace/yilan/App/Home/Controller/GoodsController.class.php 第 810 行.
NOTIC: [2] Trying to access array offset on value of type null /Users/gangliu/data/catdesk_workspace/yilan/App/Home/Controller/GoodsController.class.php 第 810 行.
SQL: SHOW COLUMNS FROM `new_tax` [ RunTime:0.0038s ]
SQL: SELECT * FROM `new_tax` WHERE `is_del` = 1  [ RunTime:0.0011s ]
SQL: SHOW COLUMNS FROM `plate_conts_price` [ RunTime:0.0038s ]
SQL: SELECT * FROM `plate_conts_price` WHERE `blank_id` = 1739 AND `is_del` = 1 ORDER BY sort asc, id asc  [ RunTime:0.0013s ]
SQL: SELECT * FROM `plate_conts_blank` WHERE `pid` = 1 AND `status` = 1 ORDER BY sorts asc, cat_index asc  [ RunTime:0.0009s ]
SQL: SHOW COLUMNS FROM `plate_conts_blank_group` [ RunTime:0.0027s ]
SQL: SELECT * FROM `plate_conts_blank_group` WHERE `pid` = 0 ORDER BY sort asc, id asc  [ RunTime:0.0016s ]
ERR: {"status":1,"msg":"\u83b7\u53d6\u6210\u529f","data":{"info":{"id":1739,"pid":1,"group_id":5,"catname":"\u5546\u54c1","cat_index":1,"source":["6a2bd1928b6ed.png"],"sorts":0,"gimage":"6a2bcd01617ca.png","gnames":"\u94dc\u82af\u4ea4\u8054\u805a\u4e59\u70ef\u7edd\u7f18\u805a\u6c2f\u4e59\u70ef\u62a4\u5957\u963b\u71c3\u7535\u7f06\u3010\u4e5d\u6298\u6807\u51c6\u3011","up_a":"100.0","down_a":"0.0","up_b":"0.0","down_b":"0.0","up_c":"0.0","down_c":"0.0","up_d":"0.0","down_d":"0.0","up_e":"0.0","down_e":"0.0","up_f":"0.0","down_f":"0.0","ticket_nor":3,"ticket_person":11,"status":1,"uptimes":1781602949,"times":1781095065,"new_tax_id":1},"key":{"keya":null,"keyb":null,"keyc":null,"keyd":null,"keye":null,"keyf":null,"keyg":null,"keyh":null},"list":[],"tax_list":[{"id":1,"pid":0,"name":"\u7535\u529b\u7535\u7f06\u7a0e\u7387\u53d1\u7968","alias_name":"","normal_tax":"3.00","special_tax":"11.00","status":1,"is_del":1,"add_time":0,"up_time":0},{"id":2,"pid":0,"name":"\u5bb6\u88c5\u7535\u7ebf\u7a0e\u7387","alias_name":"","normal_tax":"3.00","special_tax":"10.00","status":1,"is_del":1,"add_time":0,"up_time":0},{"id":3,"pid":0,"name":"\u521a\u6027\u9632\u706b\u7535\u7f06\u7a0e\u7387","alias_name":"","normal_tax":"3.00","special_tax":"9.00","status":1,"is_del":1,"add_time":0,"up_time":0},{"id":9,"pid":0,"name":"\u6a61\u5957\u7535\u7f06\u7a0e\u7387","alias_name":"","normal_tax":"3.00","special_tax":"11.00","status":1,"is_del":1,"add_time":0,"up_time":0},{"id":10,"pid":0,"name":"\u77ff\u7528\u6a61\u80f6\u7535\u7f06\u7a0e\u7387","alias_name":"","normal_tax":"4.00","special_tax":"12.00","status":1,"is_del":1,"add_time":0,"up_time":0}],"price_list":[{"id":2648,"plate_conts_id":1,"new_cate_one_id":1,"new_cate_two_id":355,"new_cate_three_id":356,"name":"\u94dc\u82af\u5bfc\u4f53","ratio":"1.00","sort":1000,"is_del":1,"cat_index":1,"blank_id":1739},{"id":2649,"plate_conts_id":1,"new_cate_one_id":1,"new_cate_two_id":355,"new_cate_three_id":362,"name":"\u8f90\u7167\u4ea4\u8054\u7edd\u7f18","ratio":"1.00","sort":1000,"is_del":1,"cat_index":1,"blank_id":1739},{"id":2650,"plate_conts_id":1,"new_cate_one_id":1,"new_cate_two_id":355,"new_cate_three_id":371,"name":"PVC\u62a4\u5957","ratio":"1.00","sort":1000,"is_del":1,"cat_index":1,"blank_id":1739},{"id":7812,"plate_conts_id":1,"new_cate_one_id":1,"new_cate_two_id":355,"new_cate_three_id":356,"name":"\u94dc\u82af\u5bfc\u4f53","ratio":"0.90","sort":1000,"is_del":1,"cat_index":1,"blank_id":1739},{"id":7813,"plate_conts_id":1,"new_cate_one_id":1,"new_cate_two_id":355,"new_cate_three_id":362,"name":"\u8f90\u7167\u4ea4\u8054\u7edd\u7f18","ratio":"1.00","sort":1000,"is_del":1,"cat_index":1,"blank_id":1739}],"all_blanks":[{"id":1741,"pid":1,"group_id":5,"catname":"\u516b\u6298\u6807\u51c6","cat_index":3,"source":"[\"677187340b61b.png\"]","sorts":null,"gimage":"677187340b3d7.png","gnames":"\u94dc\u82af\u4ea4\u8054\u805a\u4e59\u70ef\u7edd\u7f18\u805a\u6c2f\u4e59\u70ef\u62a4\u5957\u963b\u71c3\u7535\u7f06\u3010\u4e5d\u6298\u6807\u51c6\u3011","up_a":"0.0","down_a":"0.0","up_b":"0.0","down_b":"0.0","up_c":"0.0","down_c":"0.0","up_d":"0.0","down_d":"0.0","up_e":"0.0","down_e":"0.0","up_f":"0.0","down_f":"0.0","ticket_nor":3,"ticket_person":11,"status":1,"uptimes":1781228972,"times":1781228972,"new_tax_id":1},{"id":1739,"pid":1,"group_id":5,"catname":"\u5546\u54c1","cat_index":1,"source":"[\"6a2bd1928b6ed.png\"]","sorts":0,"gimage":"6a2bcd01617ca.png","gnames":"\u94dc\u82af\u4ea4\u8054\u805a\u4e59\u70ef\u7edd\u7f18\u805a\u6c2f\u4e59\u70ef\u62a4\u5957\u963b\u71c3\u7535\u7f06\u3010\u4e5d\u6298\u6807\u51c6\u3011","up_a":"100.0","down_a":"0.0","up_b":"0.0","down_b":"0.0","up_c":"0.0","down_c":"0.0","up_d":"0.0","down_d":"0.0","up_e":"0.0","down_e":"0.0","up_f":"0.0","down_f":"0.0","ticket_nor":3,"ticket_person":11,"status":1,"uptimes":1781602949,"times":1781095065,"new_tax_id":1},{"id":1740,"pid":1,"group_id":5,"catname":"\u4e5d\u6298\u6807\u51c6","cat_index":2,"source":"[\"677187340b61b.png\"]","sorts":0,"gimage":"677187340b3d7.png","gnames":"\u94dc\u82af\u4ea4\u8054\u805a\u4e59\u70ef\u7edd\u7f18\u805a\u6c2f\u4e59\u70ef\u62a4\u5957\u963b\u71c3\u7535\u7f06\u3010\u4e5d\u6298\u6807\u51c6\u3011","up_a":"100.0","down_a":"0.0","up_b":"0.0","down_b":"0.0","up_c":"0.0","down_c":"0.0","up_d":"0.0","down_d":"0.0","up_e":"0.0","down_e":"0.0","up_f":"0.0","down_f":"0.0","ticket_nor":3,"ticket_person":11,"status":1,"uptimes":1781602935,"times":1781228972,"new_tax_id":1}],"group_list":[{"id":1,"pid":0,"name":"\u6807\u51c61\u9009\u9879\u5361","ratio":"1.000000","sort":1,"add_time":1781435857,"up_time":1781435857},{"id":5,"pid":0,"name":"\u6807\u51c61\u9009\u9879\u5361","ratio":"100.000000","sort":1,"add_time":1781423342,"up_time":1781602959},{"id":2,"pid":0,"name":"\u6807\u51c62\u9009\u9879\u5361","ratio":"1.000000","sort":2,"add_time":1781435857,"up_time":1781435857},{"id":6,"pid":0,"name":"\u6807\u51c62\u9009\u9879\u5361","ratio":"1.000000","sort":2,"add_time":1781423342,"up_time":1781423342},{"id":7,"pid":0,"name":"\u6807\u51c63\u9009\u9879\u5361","ratio":"1.000000","sort":3,"add_time":1781423342,"up_time":1781423342},{"id":8,"pid":0,"name":"\u6807\u51c64\u9009\u9879\u5361","ratio":"1.000000","sort":4,"add_time":1781423342,"up_time":1781423342},{"id":9,"pid":0,"name":"\u6807\u51c65\u9009\u9879\u5361","ratio":"1.000000","sort":5,"add_time":1781423342,"up_time":1781423342},{"id":10,"pid":0,"name":"\u6807\u51c66\u9009\u9879\u5361","ratio":"1.000000","sort":6,"add_time":1781423342,"up_time":1781423342},{"id":11,"pid":0,"name":"\u6807\u51c67\u9009\u9879\u5361","ratio":"1.000000","sort":7,"add_time":1781423342,"up_time":1781423342},{"id":12,"pid":0,"name":"\u6807\u51c68\u9009\u9879\u5361","ratio":"1.000000","sort":8,"add_time":1781423342,"up_time":1781423342},{"id":13,"pid":0,"name":"\u6807\u51c69\u9009\u9879\u5361","ratio":"1.000000","sort":9,"add_time":1781423342,"up_time":1781423342},{"id":14,"pid":0,"name":"\u6807\u51c610\u9009\u9879\u5361","ratio":"1.000000","sort":10,"add_time":1781423342,"up_time":1781423342}]}}

[ 2026-06-16T17:45:10+08:00 ] ::1 /Home/Goods/group_save.html
INFO: [ app_init ] --START--
INFO: Run Behavior\BuildLiteBehavior [ RunTime:0.000011s ]
INFO: [ app_init ] --END-- [ RunTime:0.000094s ]
INFO: [ app_begin ] --START--
INFO: Run Behavior\ReadHtmlCacheBehavior [ RunTime:0.000064s ]
INFO: [ app_begin ] --END-- [ RunTime:0.000108s ]
SQL: SHOW COLUMNS FROM `plate_conts_blank_group` [ RunTime:0.0046s ]
SQL: UPDATE `plate_conts_blank_group` SET `name`='标准2选项卡',`ratio`='1',`up_time`='1781603110' WHERE `id` = 2 [ RunTime:0.0034s ]
ERR: {"status":1,"msg":"\u66f4\u65b0\u6210\u529f","data":null}

[ 2026-06-16T17:45:10+08:00 ] ::1 /Home/Goods/plate_conts_blankr.html
INFO: [ app_init ] --START--
INFO: Run Behavior\BuildLiteBehavior [ RunTime:0.000006s ]
INFO: [ app_init ] --END-- [ RunTime:0.000050s ]
INFO: [ app_begin ] --START--
INFO: Run Behavior\ReadHtmlCacheBehavior [ RunTime:0.000028s ]
INFO: [ app_begin ] --END-- [ RunTime:0.000051s ]
SQL: SHOW COLUMNS FROM `plate_conts_blank` [ RunTime:0.0051s ]
SQL: SHOW COLUMNS FROM `plate_conts_logs` [ RunTime:0.0033s ]
SQL: SHOW COLUMNS FROM `plate_conts_logsr` [ RunTime:0.0038s ]
SQL: SELECT * FROM `plate_conts_blank` WHERE `pid` = 1 AND `cat_index` = 0 AND `status` = 1 LIMIT 1   [ RunTime:0.0013s ]
SQL: SELECT * FROM `plate_conts_logs` WHERE `pid` = 1 AND `cat_index` = 0 ORDER BY number asc,id asc  [ RunTime:0.0023s ]
SQL: SELECT `key_0` FROM `plate_conts_logs` WHERE `pid` = 1 AND `cat_index` = 0 GROUP BY key_0 LIMIT 1   [ RunTime:0.0016s ]
SQL: SELECT `key_1` FROM `plate_conts_logs` WHERE `pid` = 1 AND `cat_index` = 0 GROUP BY key_1 LIMIT 1   [ RunTime:0.0010s ]
SQL: SELECT `key_2` FROM `plate_conts_logs` WHERE `pid` = 1 AND `cat_index` = 0 GROUP BY key_2 LIMIT 1   [ RunTime:0.0008s ]
SQL: SELECT `key_3` FROM `plate_conts_logs` WHERE `pid` = 1 AND `cat_index` = 0 GROUP BY key_3 LIMIT 1   [ RunTime:0.0006s ]
SQL: SELECT `key_4` FROM `plate_conts_logs` WHERE `pid` = 1 AND `cat_index` = 0 GROUP BY key_4 LIMIT 1   [ RunTime:0.0005s ]
SQL: SELECT `key_5` FROM `plate_conts_logs` WHERE `pid` = 1 AND `cat_index` = 0 GROUP BY key_5 LIMIT 1   [ RunTime:0.0005s ]
SQL: SELECT `key_6` FROM `plate_conts_logs` WHERE `pid` = 1 AND `cat_index` = 0 GROUP BY key_6 LIMIT 1   [ RunTime:0.0006s ]
SQL: SELECT `key_7` FROM `plate_conts_logs` WHERE `pid` = 1 AND `cat_index` = 0 GROUP BY key_7 LIMIT 1   [ RunTime:0.0005s ]
NOTIC: [2] Trying to access array offset on value of type null /Users/gangliu/data/catdesk_workspace/yilan/App/Home/Controller/GoodsController.class.php 第 808 行.
NOTIC: [2] Trying to access array offset on value of type null /Users/gangliu/data/catdesk_workspace/yilan/App/Home/Controller/GoodsController.class.php 第 808 行.
NOTIC: [2] Trying to access array offset on value of type null /Users/gangliu/data/catdesk_workspace/yilan/App/Home/Controller/GoodsController.class.php 第 808 行.
NOTIC: [2] Trying to access array offset on value of type null /Users/gangliu/data/catdesk_workspace/yilan/App/Home/Controller/GoodsController.class.php 第 809 行.
NOTIC: [2] Trying to access array offset on value of type null /Users/gangliu/data/catdesk_workspace/yilan/App/Home/Controller/GoodsController.class.php 第 809 行.
NOTIC: [2] Trying to access array offset on value of type null /Users/gangliu/data/catdesk_workspace/yilan/App/Home/Controller/GoodsController.class.php 第 810 行.
NOTIC: [2] Trying to access array offset on value of type null /Users/gangliu/data/catdesk_workspace/yilan/App/Home/Controller/GoodsController.class.php 第 810 行.
NOTIC: [2] Trying to access array offset on value of type null /Users/gangliu/data/catdesk_workspace/yilan/App/Home/Controller/GoodsController.class.php 第 810 行.
SQL: SHOW COLUMNS FROM `new_tax` [ RunTime:0.0043s ]
SQL: SELECT * FROM `new_tax` WHERE `is_del` = 1  [ RunTime:0.0014s ]
SQL: SELECT * FROM `plate_conts_blank` WHERE `pid` = 1 AND `status` = 1 ORDER BY sorts asc, cat_index asc  [ RunTime:0.0013s ]
SQL: SHOW COLUMNS FROM `plate_conts_blank_group` [ RunTime:0.0035s ]
SQL: SELECT * FROM `plate_conts_blank_group` WHERE `pid` = 0 ORDER BY sort asc, id asc  [ RunTime:0.0010s ]
ERR: {"status":1,"msg":"\u83b7\u53d6\u6210\u529f","data":{"info":null,"key":{"keya":null,"keyb":null,"keyc":null,"keyd":null,"keye":null,"keyf":null,"keyg":null,"keyh":null},"list":[],"tax_list":[{"id":1,"pid":0,"name":"\u7535\u529b\u7535\u7f06\u7a0e\u7387\u53d1\u7968","alias_name":"","normal_tax":"3.00","special_tax":"11.00","status":1,"is_del":1,"add_time":0,"up_time":0},{"id":2,"pid":0,"name":"\u5bb6\u88c5\u7535\u7ebf\u7a0e\u7387","alias_name":"","normal_tax":"3.00","special_tax":"10.00","status":1,"is_del":1,"add_time":0,"up_time":0},{"id":3,"pid":0,"name":"\u521a\u6027\u9632\u706b\u7535\u7f06\u7a0e\u7387","alias_name":"","normal_tax":"3.00","special_tax":"9.00","status":1,"is_del":1,"add_time":0,"up_time":0},{"id":9,"pid":0,"name":"\u6a61\u5957\u7535\u7f06\u7a0e\u7387","alias_name":"","normal_tax":"3.00","special_tax":"11.00","status":1,"is_del":1,"add_time":0,"up_time":0},{"id":10,"pid":0,"name":"\u77ff\u7528\u6a61\u80f6\u7535\u7f06\u7a0e\u7387","alias_name":"","normal_tax":"4.00","special_tax":"12.00","status":1,"is_del":1,"add_time":0,"up_time":0}],"price_list":[],"all_blanks":[{"id":1741,"pid":1,"group_id":5,"catname":"\u516b\u6298\u6807\u51c6","cat_index":3,"source":"[\"677187340b61b.png\"]","sorts":null,"gimage":"677187340b3d7.png","gnames":"\u94dc\u82af\u4ea4\u8054\u805a\u4e59\u70ef\u7edd\u7f18\u805a\u6c2f\u4e59\u70ef\u62a4\u5957\u963b\u71c3\u7535\u7f06\u3010\u4e5d\u6298\u6807\u51c6\u3011","up_a":"0.0","down_a":"0.0","up_b":"0.0","down_b":"0.0","up_c":"0.0","down_c":"0.0","up_d":"0.0","down_d":"0.0","up_e":"0.0","down_e":"0.0","up_f":"0.0","down_f":"0.0","ticket_nor":3,"ticket_person":11,"status":1,"uptimes":1781228972,"times":1781228972,"new_tax_id":1},{"id":1739,"pid":1,"group_id":5,"catname":"\u5546\u54c1","cat_index":1,"source":"[\"6a2bd1928b6ed.png\"]","sorts":0,"gimage":"6a2bcd01617ca.png","gnames":"\u94dc\u82af\u4ea4\u8054\u805a\u4e59\u70ef\u7edd\u7f18\u805a\u6c2f\u4e59\u70ef\u62a4\u5957\u963b\u71c3\u7535\u7f06\u3010\u4e5d\u6298\u6807\u51c6\u3011","up_a":"100.0","down_a":"0.0","up_b":"0.0","down_b":"0.0","up_c":"0.0","down_c":"0.0","up_d":"0.0","down_d":"0.0","up_e":"0.0","down_e":"0.0","up_f":"0.0","down_f":"0.0","ticket_nor":3,"ticket_person":11,"status":1,"uptimes":1781602949,"times":1781095065,"new_tax_id":1},{"id":1740,"pid":1,"group_id":5,"catname":"\u4e5d\u6298\u6807\u51c6","cat_index":2,"source":"[\"677187340b61b.png\"]","sorts":0,"gimage":"677187340b3d7.png","gnames":"\u94dc\u82af\u4ea4\u8054\u805a\u4e59\u70ef\u7edd\u7f18\u805a\u6c2f\u4e59\u70ef\u62a4\u5957\u963b\u71c3\u7535\u7f06\u3010\u4e5d\u6298\u6807\u51c6\u3011","up_a":"100.0","down_a":"0.0","up_b":"0.0","down_b":"0.0","up_c":"0.0","down_c":"0.0","up_d":"0.0","down_d":"0.0","up_e":"0.0","down_e":"0.0","up_f":"0.0","down_f":"0.0","ticket_nor":3,"ticket_person":11,"status":1,"uptimes":1781602935,"times":1781228972,"new_tax_id":1}],"group_list":[{"id":1,"pid":0,"name":"\u6807\u51c61\u9009\u9879\u5361","ratio":"1.000000","sort":1,"add_time":1781435857,"up_time":1781435857},{"id":5,"pid":0,"name":"\u6807\u51c61\u9009\u9879\u5361","ratio":"100.000000","sort":1,"add_time":1781423342,"up_time":1781602959},{"id":2,"pid":0,"name":"\u6807\u51c62\u9009\u9879\u5361","ratio":"1.000000","sort":2,"add_time":1781435857,"up_time":1781603110},{"id":6,"pid":0,"name":"\u6807\u51c62\u9009\u9879\u5361","ratio":"1.000000","sort":2,"add_time":1781423342,"up_time":1781423342},{"id":7,"pid":0,"name":"\u6807\u51c63\u9009\u9879\u5361","ratio":"1.000000","sort":3,"add_time":1781423342,"up_time":1781423342},{"id":8,"pid":0,"name":"\u6807\u51c64\u9009\u9879\u5361","ratio":"1.000000","sort":4,"add_time":1781423342,"up_time":1781423342},{"id":9,"pid":0,"name":"\u6807\u51c65\u9009\u9879\u5361","ratio":"1.000000","sort":5,"add_time":1781423342,"up_time":1781423342},{"id":10,"pid":0,"name":"\u6807\u51c66\u9009\u9879\u5361","ratio":"1.000000","sort":6,"add_time":1781423342,"up_time":1781423342},{"id":11,"pid":0,"name":"\u6807\u51c67\u9009\u9879\u5361","ratio":"1.000000","sort":7,"add_time":1781423342,"up_time":1781423342},{"id":12,"pid":0,"name":"\u6807\u51c68\u9009\u9879\u5361","ratio":"1.000000","sort":8,"add_time":1781423342,"up_time":1781423342},{"id":13,"pid":0,"name":"\u6807\u51c69\u9009\u9879\u5361","ratio":"1.000000","sort":9,"add_time":1781423342,"up_time":1781423342},{"id":14,"pid":0,"name":"\u6807\u51c610\u9009\u9879\u5361","ratio":"1.000000","sort":10,"add_time":1781423342,"up_time":1781423342}]}}

[ 2026-06-16T17:45:21+08:00 ] ::1 /Home/Goods/group_save.html
INFO: [ app_init ] --START--
INFO: Run Behavior\BuildLiteBehavior [ RunTime:0.000009s ]
INFO: [ app_init ] --END-- [ RunTime:0.000076s ]
INFO: [ app_begin ] --START--
INFO: Run Behavior\ReadHtmlCacheBehavior [ RunTime:0.000034s ]
INFO: [ app_begin ] --END-- [ RunTime:0.000058s ]
SQL: SHOW COLUMNS FROM `plate_conts_blank_group` [ RunTime:0.0031s ]
SQL: UPDATE `plate_conts_blank_group` SET `name`='标准2选项卡',`ratio`='1',`up_time`='1781603121' WHERE `id` = 6 [ RunTime:0.0028s ]
ERR: {"status":1,"msg":"\u66f4\u65b0\u6210\u529f","data":null}

[ 2026-06-16T17:45:21+08:00 ] ::1 /Home/Goods/plate_conts_blankr.html
INFO: [ app_init ] --START--
INFO: Run Behavior\BuildLiteBehavior [ RunTime:0.000006s ]
INFO: [ app_init ] --END-- [ RunTime:0.000058s ]
INFO: [ app_begin ] --START--
INFO: Run Behavior\ReadHtmlCacheBehavior [ RunTime:0.000058s ]
INFO: [ app_begin ] --END-- [ RunTime:0.000098s ]
SQL: SHOW COLUMNS FROM `plate_conts_blank` [ RunTime:0.0041s ]
SQL: SHOW COLUMNS FROM `plate_conts_logs` [ RunTime:0.0034s ]
SQL: SHOW COLUMNS FROM `plate_conts_logsr` [ RunTime:0.0024s ]
SQL: SELECT * FROM `plate_conts_blank` WHERE `pid` = 1 AND `cat_index` = 0 AND `status` = 1 LIMIT 1   [ RunTime:0.0016s ]
SQL: SELECT * FROM `plate_conts_logs` WHERE `pid` = 1 AND `cat_index` = 0 ORDER BY number asc,id asc  [ RunTime:0.0010s ]
SQL: SELECT `key_0` FROM `plate_conts_logs` WHERE `pid` = 1 AND `cat_index` = 0 GROUP BY key_0 LIMIT 1   [ RunTime:0.0007s ]
SQL: SELECT `key_1` FROM `plate_conts_logs` WHERE `pid` = 1 AND `cat_index` = 0 GROUP BY key_1 LIMIT 1   [ RunTime:0.0003s ]
SQL: SELECT `key_2` FROM `plate_conts_logs` WHERE `pid` = 1 AND `cat_index` = 0 GROUP BY key_2 LIMIT 1   [ RunTime:0.0010s ]
SQL: SELECT `key_3` FROM `plate_conts_logs` WHERE `pid` = 1 AND `cat_index` = 0 GROUP BY key_3 LIMIT 1   [ RunTime:0.0006s ]
SQL: SELECT `key_4` FROM `plate_conts_logs` WHERE `pid` = 1 AND `cat_index` = 0 GROUP BY key_4 LIMIT 1   [ RunTime:0.0005s ]
SQL: SELECT `key_5` FROM `plate_conts_logs` WHERE `pid` = 1 AND `cat_index` = 0 GROUP BY key_5 LIMIT 1   [ RunTime:0.0004s ]
SQL: SELECT `key_6` FROM `plate_conts_logs` WHERE `pid` = 1 AND `cat_index` = 0 GROUP BY key_6 LIMIT 1   [ RunTime:0.0003s ]
SQL: SELECT `key_7` FROM `plate_conts_logs` WHERE `pid` = 1 AND `cat_index` = 0 GROUP BY key_7 LIMIT 1   [ RunTime:0.0002s ]
NOTIC: [2] Trying to access array offset on value of type null /Users/gangliu/data/catdesk_workspace/yilan/App/Home/Controller/GoodsController.class.php 第 808 行.
NOTIC: [2] Trying to access array offset on value of type null /Users/gangliu/data/catdesk_workspace/yilan/App/Home/Controller/GoodsController.class.php 第 808 行.
NOTIC: [2] Trying to access array offset on value of type null /Users/gangliu/data/catdesk_workspace/yilan/App/Home/Controller/GoodsController.class.php 第 808 行.
NOTIC: [2] Trying to access array offset on value of type null /Users/gangliu/data/catdesk_workspace/yilan/App/Home/Controller/GoodsController.class.php 第 809 行.
NOTIC: [2] Trying to access array offset on value of type null /Users/gangliu/data/catdesk_workspace/yilan/App/Home/Controller/GoodsController.class.php 第 809 行.
NOTIC: [2] Trying to access array offset on value of type null /Users/gangliu/data/catdesk_workspace/yilan/App/Home/Controller/GoodsController.class.php 第 810 行.
NOTIC: [2] Trying to access array offset on value of type null /Users/gangliu/data/catdesk_workspace/yilan/App/Home/Controller/GoodsController.class.php 第 810 行.
NOTIC: [2] Trying to access array offset on value of type null /Users/gangliu/data/catdesk_workspace/yilan/App/Home/Controller/GoodsController.class.php 第 810 行.
SQL: SHOW COLUMNS FROM `new_tax` [ RunTime:0.0026s ]
SQL: SELECT * FROM `new_tax` WHERE `is_del` = 1  [ RunTime:0.0007s ]
SQL: SELECT * FROM `plate_conts_blank` WHERE `pid` = 1 AND `status` = 1 ORDER BY sorts asc, cat_index asc  [ RunTime:0.0007s ]
SQL: SHOW COLUMNS FROM `plate_conts_blank_group` [ RunTime:0.0022s ]
SQL: SELECT * FROM `plate_conts_blank_group` WHERE `pid` = 0 ORDER BY sort asc, id asc  [ RunTime:0.0007s ]
ERR: {"status":1,"msg":"\u83b7\u53d6\u6210\u529f","data":{"info":null,"key":{"keya":null,"keyb":null,"keyc":null,"keyd":null,"keye":null,"keyf":null,"keyg":null,"keyh":null},"list":[],"tax_list":[{"id":1,"pid":0,"name":"\u7535\u529b\u7535\u7f06\u7a0e\u7387\u53d1\u7968","alias_name":"","normal_tax":"3.00","special_tax":"11.00","status":1,"is_del":1,"add_time":0,"up_time":0},{"id":2,"pid":0,"name":"\u5bb6\u88c5\u7535\u7ebf\u7a0e\u7387","alias_name":"","normal_tax":"3.00","special_tax":"10.00","status":1,"is_del":1,"add_time":0,"up_time":0},{"id":3,"pid":0,"name":"\u521a\u6027\u9632\u706b\u7535\u7f06\u7a0e\u7387","alias_name":"","normal_tax":"3.00","special_tax":"9.00","status":1,"is_del":1,"add_time":0,"up_time":0},{"id":9,"pid":0,"name":"\u6a61\u5957\u7535\u7f06\u7a0e\u7387","alias_name":"","normal_tax":"3.00","special_tax":"11.00","status":1,"is_del":1,"add_time":0,"up_time":0},{"id":10,"pid":0,"name":"\u77ff\u7528\u6a61\u80f6\u7535\u7f06\u7a0e\u7387","alias_name":"","normal_tax":"4.00","special_tax":"12.00","status":1,"is_del":1,"add_time":0,"up_time":0}],"price_list":[],"all_blanks":[{"id":1741,"pid":1,"group_id":5,"catname":"\u516b\u6298\u6807\u51c6","cat_index":3,"source":"[\"677187340b61b.png\"]","sorts":null,"gimage":"677187340b3d7.png","gnames":"\u94dc\u82af\u4ea4\u8054\u805a\u4e59\u70ef\u7edd\u7f18\u805a\u6c2f\u4e59\u70ef\u62a4\u5957\u963b\u71c3\u7535\u7f06\u3010\u4e5d\u6298\u6807\u51c6\u3011","up_a":"0.0","down_a":"0.0","up_b":"0.0","down_b":"0.0","up_c":"0.0","down_c":"0.0","up_d":"0.0","down_d":"0.0","up_e":"0.0","down_e":"0.0","up_f":"0.0","down_f":"0.0","ticket_nor":3,"ticket_person":11,"status":1,"uptimes":1781228972,"times":1781228972,"new_tax_id":1},{"id":1739,"pid":1,"group_id":5,"catname":"\u5546\u54c1","cat_index":1,"source":"[\"6a2bd1928b6ed.png\"]","sorts":0,"gimage":"6a2bcd01617ca.png","gnames":"\u94dc\u82af\u4ea4\u8054\u805a\u4e59\u70ef\u7edd\u7f18\u805a\u6c2f\u4e59\u70ef\u62a4\u5957\u963b\u71c3\u7535\u7f06\u3010\u4e5d\u6298\u6807\u51c6\u3011","up_a":"100.0","down_a":"0.0","up_b":"0.0","down_b":"0.0","up_c":"0.0","down_c":"0.0","up_d":"0.0","down_d":"0.0","up_e":"0.0","down_e":"0.0","up_f":"0.0","down_f":"0.0","ticket_nor":3,"ticket_person":11,"status":1,"uptimes":1781602949,"times":1781095065,"new_tax_id":1},{"id":1740,"pid":1,"group_id":5,"catname":"\u4e5d\u6298\u6807\u51c6","cat_index":2,"source":"[\"677187340b61b.png\"]","sorts":0,"gimage":"677187340b3d7.png","gnames":"\u94dc\u82af\u4ea4\u8054\u805a\u4e59\u70ef\u7edd\u7f18\u805a\u6c2f\u4e59\u70ef\u62a4\u5957\u963b\u71c3\u7535\u7f06\u3010\u4e5d\u6298\u6807\u51c6\u3011","up_a":"100.0","down_a":"0.0","up_b":"0.0","down_b":"0.0","up_c":"0.0","down_c":"0.0","up_d":"0.0","down_d":"0.0","up_e":"0.0","down_e":"0.0","up_f":"0.0","down_f":"0.0","ticket_nor":3,"ticket_person":11,"status":1,"uptimes":1781602935,"times":1781228972,"new_tax_id":1}],"group_list":[{"id":1,"pid":0,"name":"\u6807\u51c61\u9009\u9879\u5361","ratio":"1.000000","sort":1,"add_time":1781435857,"up_time":1781435857},{"id":5,"pid":0,"name":"\u6807\u51c61\u9009\u9879\u5361","ratio":"100.000000","sort":1,"add_time":1781423342,"up_time":1781602959},{"id":2,"pid":0,"name":"\u6807\u51c62\u9009\u9879\u5361","ratio":"1.000000","sort":2,"add_time":1781435857,"up_time":1781603110},{"id":6,"pid":0,"name":"\u6807\u51c62\u9009\u9879\u5361","ratio":"1.000000","sort":2,"add_time":1781423342,"up_time":1781603121},{"id":7,"pid":0,"name":"\u6807\u51c63\u9009\u9879\u5361","ratio":"1.000000","sort":3,"add_time":1781423342,"up_time":1781423342},{"id":8,"pid":0,"name":"\u6807\u51c64\u9009\u9879\u5361","ratio":"1.000000","sort":4,"add_time":1781423342,"up_time":1781423342},{"id":9,"pid":0,"name":"\u6807\u51c65\u9009\u9879\u5361","ratio":"1.000000","sort":5,"add_time":1781423342,"up_time":1781423342},{"id":10,"pid":0,"name":"\u6807\u51c66\u9009\u9879\u5361","ratio":"1.000000","sort":6,"add_time":1781423342,"up_time":1781423342},{"id":11,"pid":0,"name":"\u6807\u51c67\u9009\u9879\u5361","ratio":"1.000000","sort":7,"add_time":1781423342,"up_time":1781423342},{"id":12,"pid":0,"name":"\u6807\u51c68\u9009\u9879\u5361","ratio":"1.000000","sort":8,"add_time":1781423342,"up_time":1781423342},{"id":13,"pid":0,"name":"\u6807\u51c69\u9009\u9879\u5361","ratio":"1.000000","sort":9,"add_time":1781423342,"up_time":1781423342},{"id":14,"pid":0,"name":"\u6807\u51c610\u9009\u9879\u5361","ratio":"1.000000","sort":10,"add_time":1781423342,"up_time":1781423342}]}}

[ 2026-06-16T17:45:24+08:00 ] ::1 /Home/Goods/plate_conts_list/id/1.html
INFO: [ app_init ] --START--
INFO: Run Behavior\BuildLiteBehavior [ RunTime:0.000011s ]
INFO: [ app_init ] --END-- [ RunTime:0.000104s ]
INFO: [ app_begin ] --START--
INFO: Run Behavior\ReadHtmlCacheBehavior [ RunTime:0.000045s ]
INFO: [ app_begin ] --END-- [ RunTime:0.000076s ]
SQL: SHOW COLUMNS FROM `plate_conts` [ RunTime:0.0031s ]
SQL: SHOW COLUMNS FROM `sys_tmps` [ RunTime:0.0023s ]
SQL: SELECT * FROM `plate_conts` WHERE `id` = 1 LIMIT 1   [ RunTime:0.0007s ]
SQL: SELECT * FROM `sys_tmps` WHERE `types` = 2 ORDER BY id desc  [ RunTime:0.0010s ]
INFO: [ view_parse ] --START--
INFO: [ template_filter ] --START--
INFO: Run Behavior\ContentReplaceBehavior [ RunTime:0.000293s ]
INFO: [ template_filter ] --END-- [ RunTime:0.000335s ]
INFO: Run Behavior\ParseTemplateBehavior [ RunTime:0.009795s ]
INFO: [ view_parse ] --END-- [ RunTime:0.009843s ]
INFO: [ view_filter ] --START--
INFO: Run Behavior\WriteHtmlCacheBehavior [ RunTime:0.000162s ]
INFO: [ view_filter ] --END-- [ RunTime:0.000180s ]
INFO: [ app_end ] --START--
INFO: Run Behavior\ShowPageTraceBehavior [ RunTime:0.000053s ]
INFO: [ app_end ] --END-- [ RunTime:0.000074s ]

[ 2026-06-16T17:45:24+08:00 ] ::1 /Home/Goods/plate_conts_blankr.html
INFO: [ app_init ] --START--
INFO: Run Behavior\BuildLiteBehavior [ RunTime:0.000008s ]
INFO: [ app_init ] --END-- [ RunTime:0.000074s ]
INFO: [ app_begin ] --START--
INFO: Run Behavior\ReadHtmlCacheBehavior [ RunTime:0.000034s ]
INFO: [ app_begin ] --END-- [ RunTime:0.000076s ]
SQL: SHOW COLUMNS FROM `plate_conts_blank` [ RunTime:0.0045s ]
SQL: SHOW COLUMNS FROM `plate_conts_logs` [ RunTime:0.0045s ]
SQL: SHOW COLUMNS FROM `plate_conts_logsr` [ RunTime:0.0069s ]
SQL: SELECT * FROM `plate_conts_blank` WHERE `pid` = 1 AND `cat_index` = 1 AND `status` = 1 LIMIT 1   [ RunTime:0.0009s ]
SQL: SELECT * FROM `plate_conts_logs` WHERE `blank_id` = 1739 ORDER BY number asc,id asc  [ RunTime:0.0005s ]
SQL: SELECT `key_0` FROM `plate_conts_logs` WHERE `blank_id` = 1739 GROUP BY key_0 LIMIT 1   [ RunTime:0.0004s ]
SQL: SELECT `key_1` FROM `plate_conts_logs` WHERE `blank_id` = 1739 GROUP BY key_1 LIMIT 1   [ RunTime:0.0005s ]
SQL: SELECT `key_2` FROM `plate_conts_logs` WHERE `blank_id` = 1739 GROUP BY key_2 LIMIT 1   [ RunTime:0.0010s ]
SQL: SELECT `key_3` FROM `plate_conts_logs` WHERE `blank_id` = 1739 GROUP BY key_3 LIMIT 1   [ RunTime:0.0004s ]
SQL: SELECT `key_4` FROM `plate_conts_logs` WHERE `blank_id` = 1739 GROUP BY key_4 LIMIT 1   [ RunTime:0.0002s ]
SQL: SELECT `key_5` FROM `plate_conts_logs` WHERE `blank_id` = 1739 GROUP BY key_5 LIMIT 1   [ RunTime:0.0002s ]
SQL: SELECT `key_6` FROM `plate_conts_logs` WHERE `blank_id` = 1739 GROUP BY key_6 LIMIT 1   [ RunTime:0.0002s ]
SQL: SELECT `key_7` FROM `plate_conts_logs` WHERE `blank_id` = 1739 GROUP BY key_7 LIMIT 1   [ RunTime:0.0002s ]
NOTIC: [2] Trying to access array offset on value of type null /Users/gangliu/data/catdesk_workspace/yilan/App/Home/Controller/GoodsController.class.php 第 808 行.
NOTIC: [2] Trying to access array offset on value of type null /Users/gangliu/data/catdesk_workspace/yilan/App/Home/Controller/GoodsController.class.php 第 808 行.
NOTIC: [2] Trying to access array offset on value of type null /Users/gangliu/data/catdesk_workspace/yilan/App/Home/Controller/GoodsController.class.php 第 808 行.
NOTIC: [2] Trying to access array offset on value of type null /Users/gangliu/data/catdesk_workspace/yilan/App/Home/Controller/GoodsController.class.php 第 809 行.
NOTIC: [2] Trying to access array offset on value of type null /Users/gangliu/data/catdesk_workspace/yilan/App/Home/Controller/GoodsController.class.php 第 809 行.
NOTIC: [2] Trying to access array offset on value of type null /Users/gangliu/data/catdesk_workspace/yilan/App/Home/Controller/GoodsController.class.php 第 810 行.
NOTIC: [2] Trying to access array offset on value of type null /Users/gangliu/data/catdesk_workspace/yilan/App/Home/Controller/GoodsController.class.php 第 810 行.
NOTIC: [2] Trying to access array offset on value of type null /Users/gangliu/data/catdesk_workspace/yilan/App/Home/Controller/GoodsController.class.php 第 810 行.
SQL: SHOW COLUMNS FROM `new_tax` [ RunTime:0.0019s ]
SQL: SELECT * FROM `new_tax` WHERE `is_del` = 1  [ RunTime:0.0006s ]
SQL: SHOW COLUMNS FROM `plate_conts_price` [ RunTime:0.0030s ]
SQL: SELECT * FROM `plate_conts_price` WHERE `blank_id` = 1739 AND `is_del` = 1 ORDER BY sort asc, id asc  [ RunTime:0.0010s ]
SQL: SELECT * FROM `plate_conts_blank` WHERE `pid` = 1 AND `status` = 1 ORDER BY sorts asc, cat_index asc  [ RunTime:0.0004s ]
SQL: SHOW COLUMNS FROM `plate_conts_blank_group` [ RunTime:0.0020s ]
SQL: SELECT * FROM `plate_conts_blank_group` WHERE `pid` = 0 ORDER BY sort asc, id asc  [ RunTime:0.0004s ]
ERR: {"status":1,"msg":"\u83b7\u53d6\u6210\u529f","data":{"info":{"id":1739,"pid":1,"group_id":5,"catname":"\u5546\u54c1","cat_index":1,"source":["6a2bd1928b6ed.png"],"sorts":0,"gimage":"6a2bcd01617ca.png","gnames":"\u94dc\u82af\u4ea4\u8054\u805a\u4e59\u70ef\u7edd\u7f18\u805a\u6c2f\u4e59\u70ef\u62a4\u5957\u963b\u71c3\u7535\u7f06\u3010\u4e5d\u6298\u6807\u51c6\u3011","up_a":"100.0","down_a":"0.0","up_b":"0.0","down_b":"0.0","up_c":"0.0","down_c":"0.0","up_d":"0.0","down_d":"0.0","up_e":"0.0","down_e":"0.0","up_f":"0.0","down_f":"0.0","ticket_nor":3,"ticket_person":11,"status":1,"uptimes":1781602949,"times":1781095065,"new_tax_id":1},"key":{"keya":null,"keyb":null,"keyc":null,"keyd":null,"keye":null,"keyf":null,"keyg":null,"keyh":null},"list":[],"tax_list":[{"id":1,"pid":0,"name":"\u7535\u529b\u7535\u7f06\u7a0e\u7387\u53d1\u7968","alias_name":"","normal_tax":"3.00","special_tax":"11.00","status":1,"is_del":1,"add_time":0,"up_time":0},{"id":2,"pid":0,"name":"\u5bb6\u88c5\u7535\u7ebf\u7a0e\u7387","alias_name":"","normal_tax":"3.00","special_tax":"10.00","status":1,"is_del":1,"add_time":0,"up_time":0},{"id":3,"pid":0,"name":"\u521a\u6027\u9632\u706b\u7535\u7f06\u7a0e\u7387","alias_name":"","normal_tax":"3.00","special_tax":"9.00","status":1,"is_del":1,"add_time":0,"up_time":0},{"id":9,"pid":0,"name":"\u6a61\u5957\u7535\u7f06\u7a0e\u7387","alias_name":"","normal_tax":"3.00","special_tax":"11.00","status":1,"is_del":1,"add_time":0,"up_time":0},{"id":10,"pid":0,"name":"\u77ff\u7528\u6a61\u80f6\u7535\u7f06\u7a0e\u7387","alias_name":"","normal_tax":"4.00","special_tax":"12.00","status":1,"is_del":1,"add_time":0,"up_time":0}],"price_list":[{"id":2648,"plate_conts_id":1,"new_cate_one_id":1,"new_cate_two_id":355,"new_cate_three_id":356,"name":"\u94dc\u82af\u5bfc\u4f53","ratio":"1.00","sort":1000,"is_del":1,"cat_index":1,"blank_id":1739},{"id":2649,"plate_conts_id":1,"new_cate_one_id":1,"new_cate_two_id":355,"new_cate_three_id":362,"name":"\u8f90\u7167\u4ea4\u8054\u7edd\u7f18","ratio":"1.00","sort":1000,"is_del":1,"cat_index":1,"blank_id":1739},{"id":2650,"plate_conts_id":1,"new_cate_one_id":1,"new_cate_two_id":355,"new_cate_three_id":371,"name":"PVC\u62a4\u5957","ratio":"1.00","sort":1000,"is_del":1,"cat_index":1,"blank_id":1739},{"id":7812,"plate_conts_id":1,"new_cate_one_id":1,"new_cate_two_id":355,"new_cate_three_id":356,"name":"\u94dc\u82af\u5bfc\u4f53","ratio":"0.90","sort":1000,"is_del":1,"cat_index":1,"blank_id":1739},{"id":7813,"plate_conts_id":1,"new_cate_one_id":1,"new_cate_two_id":355,"new_cate_three_id":362,"name":"\u8f90\u7167\u4ea4\u8054\u7edd\u7f18","ratio":"1.00","sort":1000,"is_del":1,"cat_index":1,"blank_id":1739}],"all_blanks":[{"id":1741,"pid":1,"group_id":5,"catname":"\u516b\u6298\u6807\u51c6","cat_index":3,"source":"[\"677187340b61b.png\"]","sorts":null,"gimage":"677187340b3d7.png","gnames":"\u94dc\u82af\u4ea4\u8054\u805a\u4e59\u70ef\u7edd\u7f18\u805a\u6c2f\u4e59\u70ef\u62a4\u5957\u963b\u71c3\u7535\u7f06\u3010\u4e5d\u6298\u6807\u51c6\u3011","up_a":"0.0","down_a":"0.0","up_b":"0.0","down_b":"0.0","up_c":"0.0","down_c":"0.0","up_d":"0.0","down_d":"0.0","up_e":"0.0","down_e":"0.0","up_f":"0.0","down_f":"0.0","ticket_nor":3,"ticket_person":11,"status":1,"uptimes":1781228972,"times":1781228972,"new_tax_id":1},{"id":1739,"pid":1,"group_id":5,"catname":"\u5546\u54c1","cat_index":1,"source":"[\"6a2bd1928b6ed.png\"]","sorts":0,"gimage":"6a2bcd01617ca.png","gnames":"\u94dc\u82af\u4ea4\u8054\u805a\u4e59\u70ef\u7edd\u7f18\u805a\u6c2f\u4e59\u70ef\u62a4\u5957\u963b\u71c3\u7535\u7f06\u3010\u4e5d\u6298\u6807\u51c6\u3011","up_a":"100.0","down_a":"0.0","up_b":"0.0","down_b":"0.0","up_c":"0.0","down_c":"0.0","up_d":"0.0","down_d":"0.0","up_e":"0.0","down_e":"0.0","up_f":"0.0","down_f":"0.0","ticket_nor":3,"ticket_person":11,"status":1,"uptimes":1781602949,"times":1781095065,"new_tax_id":1},{"id":1740,"pid":1,"group_id":5,"catname":"\u4e5d\u6298\u6807\u51c6","cat_index":2,"source":"[\"677187340b61b.png\"]","sorts":0,"gimage":"677187340b3d7.png","gnames":"\u94dc\u82af\u4ea4\u8054\u805a\u4e59\u70ef\u7edd\u7f18\u805a\u6c2f\u4e59\u70ef\u62a4\u5957\u963b\u71c3\u7535\u7f06\u3010\u4e5d\u6298\u6807\u51c6\u3011","up_a":"100.0","down_a":"0.0","up_b":"0.0","down_b":"0.0","up_c":"0.0","down_c":"0.0","up_d":"0.0","down_d":"0.0","up_e":"0.0","down_e":"0.0","up_f":"0.0","down_f":"0.0","ticket_nor":3,"ticket_person":11,"status":1,"uptimes":1781602935,"times":1781228972,"new_tax_id":1}],"group_list":[{"id":1,"pid":0,"name":"\u6807\u51c61\u9009\u9879\u5361","ratio":"1.000000","sort":1,"add_time":1781435857,"up_time":1781435857},{"id":5,"pid":0,"name":"\u6807\u51c61\u9009\u9879\u5361","ratio":"100.000000","sort":1,"add_time":1781423342,"up_time":1781602959},{"id":2,"pid":0,"name":"\u6807\u51c62\u9009\u9879\u5361","ratio":"1.000000","sort":2,"add_time":1781435857,"up_time":1781603110},{"id":6,"pid":0,"name":"\u6807\u51c62\u9009\u9879\u5361","ratio":"1.000000","sort":2,"add_time":1781423342,"up_time":1781603121},{"id":7,"pid":0,"name":"\u6807\u51c63\u9009\u9879\u5361","ratio":"1.000000","sort":3,"add_time":1781423342,"up_time":1781423342},{"id":8,"pid":0,"name":"\u6807\u51c64\u9009\u9879\u5361","ratio":"1.000000","sort":4,"add_time":1781423342,"up_time":1781423342},{"id":9,"pid":0,"name":"\u6807\u51c65\u9009\u9879\u5361","ratio":"1.000000","sort":5,"add_time":1781423342,"up_time":1781423342},{"id":10,"pid":0,"name":"\u6807\u51c66\u9009\u9879\u5361","ratio":"1.000000","sort":6,"add_time":1781423342,"up_time":1781423342},{"id":11,"pid":0,"name":"\u6807\u51c67\u9009\u9879\u5361","ratio":"1.000000","sort":7,"add_time":1781423342,"up_time":1781423342},{"id":12,"pid":0,"name":"\u6807\u51c68\u9009\u9879\u5361","ratio":"1.000000","sort":8,"add_time":1781423342,"up_time":1781423342},{"id":13,"pid":0,"name":"\u6807\u51c69\u9009\u9879\u5361","ratio":"1.000000","sort":9,"add_time":1781423342,"up_time":1781423342},{"id":14,"pid":0,"name":"\u6807\u51c610\u9009\u9879\u5361","ratio":"1.000000","sort":10,"add_time":1781423342,"up_time":1781423342}]}}

