[ 2026-05-31T11:11:20+08:00 ] ::1 /Home/PriceSync/index
INFO: [ app_init ] --START--
INFO: Run Behavior\BuildLiteBehavior [ RunTime:0.000010s ]
INFO: [ app_init ] --END-- [ RunTime:0.001011s ]
INFO: [ app_begin ] --START--
INFO: Run Behavior\ReadHtmlCacheBehavior [ RunTime:0.000043s ]
INFO: [ app_begin ] --END-- [ RunTime:0.000058s ]
INFO: [ view_parse ] --START--
INFO: [ template_filter ] --START--
INFO: Run Behavior\ContentReplaceBehavior [ RunTime:0.000093s ]
INFO: [ template_filter ] --END-- [ RunTime:0.000113s ]
INFO: Run Behavior\ParseTemplateBehavior [ RunTime:0.015809s ]
INFO: [ view_parse ] --END-- [ RunTime:0.015878s ]
INFO: [ view_filter ] --START--
INFO: Run Behavior\WriteHtmlCacheBehavior [ RunTime:0.000079s ]
INFO: [ view_filter ] --END-- [ RunTime:0.000086s ]
INFO: [ app_end ] --START--
INFO: Run Behavior\ShowPageTraceBehavior [ RunTime:0.000049s ]
INFO: [ app_end ] --END-- [ RunTime:0.000059s ]

[ 2026-05-31T11:12:41+08:00 ] ::1 /Home/NewLabel/index.html
INFO: [ app_init ] --START--
INFO: Run Behavior\BuildLiteBehavior [ RunTime:0.000013s ]
INFO: [ app_init ] --END-- [ RunTime:0.000194s ]
INFO: [ app_begin ] --START--
INFO: Run Behavior\ReadHtmlCacheBehavior [ RunTime:0.000044s ]
INFO: [ app_begin ] --END-- [ RunTime:0.000085s ]
SQL: SHOW COLUMNS FROM `new_label` [ RunTime:0.0646s ]
SQL: SELECT * FROM `new_label` ORDER BY id asc  [ RunTime:0.0050s ]
INFO: [ view_parse ] --START--
INFO: [ template_filter ] --START--
INFO: Run Behavior\ContentReplaceBehavior [ RunTime:0.000203s ]
INFO: [ template_filter ] --END-- [ RunTime:0.000257s ]
INFO: Run Behavior\ParseTemplateBehavior [ RunTime:0.029926s ]
INFO: [ view_parse ] --END-- [ RunTime:0.029979s ]
INFO: [ view_filter ] --START--
INFO: Run Behavior\WriteHtmlCacheBehavior [ RunTime:0.000078s ]
INFO: [ view_filter ] --END-- [ RunTime:0.000092s ]
INFO: [ app_end ] --START--
INFO: Run Behavior\ShowPageTraceBehavior [ RunTime:0.000206s ]
INFO: [ app_end ] --END-- [ RunTime:0.000242s ]

[ 2026-05-31T11:13:21+08:00 ] ::1 /Home/PriceSync/index
INFO: [ app_init ] --START--
INFO: Run Behavior\BuildLiteBehavior [ RunTime:0.000017s ]
INFO: [ app_init ] --END-- [ RunTime:0.000209s ]
INFO: [ app_begin ] --START--
INFO: Run Behavior\ReadHtmlCacheBehavior [ RunTime:0.000054s ]
INFO: [ app_begin ] --END-- [ RunTime:0.000079s ]
INFO: [ view_parse ] --START--
INFO: [ template_filter ] --START--
INFO: Run Behavior\ContentReplaceBehavior [ RunTime:0.000138s ]
INFO: [ template_filter ] --END-- [ RunTime:0.000191s ]
INFO: Run Behavior\ParseTemplateBehavior [ RunTime:0.009596s ]
INFO: [ view_parse ] --END-- [ RunTime:0.009650s ]
INFO: [ view_filter ] --START--
INFO: Run Behavior\WriteHtmlCacheBehavior [ RunTime:0.000078s ]
INFO: [ view_filter ] --END-- [ RunTime:0.000088s ]
INFO: [ app_end ] --START--
INFO: Run Behavior\ShowPageTraceBehavior [ RunTime:0.000039s ]
INFO: [ app_end ] --END-- [ RunTime:0.000047s ]

[ 2026-05-31T11:14:32+08:00 ] ::1 /Home/NewLabel/index.html
INFO: [ app_init ] --START--
INFO: Run Behavior\BuildLiteBehavior [ RunTime:0.000008s ]
INFO: [ app_init ] --END-- [ RunTime:0.000129s ]
INFO: [ app_begin ] --START--
INFO: Run Behavior\ReadHtmlCacheBehavior [ RunTime:0.000036s ]
INFO: [ app_begin ] --END-- [ RunTime:0.000079s ]
SQL: SHOW COLUMNS FROM `new_label` [ RunTime:0.0178s ]
SQL: SELECT * FROM `new_label` ORDER BY id asc  [ RunTime:0.0067s ]
INFO: [ view_parse ] --START--
INFO: [ template_filter ] --START--
INFO: Run Behavior\ContentReplaceBehavior [ RunTime:0.000115s ]
INFO: [ template_filter ] --END-- [ RunTime:0.000144s ]
INFO: Run Behavior\ParseTemplateBehavior [ RunTime:0.010236s ]
INFO: [ view_parse ] --END-- [ RunTime:0.010255s ]
INFO: [ view_filter ] --START--
INFO: Run Behavior\WriteHtmlCacheBehavior [ RunTime:0.000040s ]
INFO: [ view_filter ] --END-- [ RunTime:0.000046s ]
INFO: [ app_end ] --START--
INFO: Run Behavior\ShowPageTraceBehavior [ RunTime:0.000028s ]
INFO: [ app_end ] --END-- [ RunTime:0.000033s ]

[ 2026-05-31T11:15:26+08:00 ] ::1 /Home/NewLabel/index.html
INFO: [ app_init ] --START--
INFO: Run Behavior\BuildLiteBehavior [ RunTime:0.000013s ]
INFO: [ app_init ] --END-- [ RunTime:0.000158s ]
INFO: [ app_begin ] --START--
INFO: Run Behavior\ReadHtmlCacheBehavior [ RunTime:0.000057s ]
INFO: [ app_begin ] --END-- [ RunTime:0.000084s ]
SQL: SHOW COLUMNS FROM `new_label` [ RunTime:0.0131s ]
SQL: SELECT * FROM `new_label` ORDER BY id asc  [ RunTime:0.0037s ]
INFO: [ view_parse ] --START--
INFO: [ template_filter ] --START--
INFO: Run Behavior\ContentReplaceBehavior [ RunTime:0.000194s ]
INFO: [ template_filter ] --END-- [ RunTime:0.000238s ]
INFO: Run Behavior\ParseTemplateBehavior [ RunTime:0.014422s ]
INFO: [ view_parse ] --END-- [ RunTime:0.014495s ]
INFO: [ view_filter ] --START--
INFO: Run Behavior\WriteHtmlCacheBehavior [ RunTime:0.000152s ]
INFO: [ view_filter ] --END-- [ RunTime:0.000164s ]
INFO: [ app_end ] --START--
INFO: Run Behavior\ShowPageTraceBehavior [ RunTime:0.000060s ]
INFO: [ app_end ] --END-- [ RunTime:0.000068s ]

[ 2026-05-31T11:15:33+08:00 ] ::1 /Home/PriceSync/index
INFO: [ app_init ] --START--
INFO: Run Behavior\BuildLiteBehavior [ RunTime:0.000011s ]
INFO: [ app_init ] --END-- [ RunTime:0.000086s ]
INFO: [ app_begin ] --START--
INFO: Run Behavior\ReadHtmlCacheBehavior [ RunTime:0.000042s ]
INFO: [ app_begin ] --END-- [ RunTime:0.000080s ]
INFO: [ view_parse ] --START--
INFO: [ template_filter ] --START--
INFO: Run Behavior\ContentReplaceBehavior [ RunTime:0.000091s ]
INFO: [ template_filter ] --END-- [ RunTime:0.000136s ]
INFO: Run Behavior\ParseTemplateBehavior [ RunTime:0.011773s ]
INFO: [ view_parse ] --END-- [ RunTime:0.011831s ]
INFO: [ view_filter ] --START--
INFO: Run Behavior\WriteHtmlCacheBehavior [ RunTime:0.000065s ]
INFO: [ view_filter ] --END-- [ RunTime:0.000074s ]
INFO: [ app_end ] --START--
INFO: Run Behavior\ShowPageTraceBehavior [ RunTime:0.000022s ]
INFO: [ app_end ] --END-- [ RunTime:0.000031s ]

[ 2026-05-31T11:21:42+08:00 ] ::1 /Home/PriceSync/index
INFO: [ app_init ] --START--
INFO: Run Behavior\BuildLiteBehavior [ RunTime:0.000014s ]
INFO: [ app_init ] --END-- [ RunTime:0.000147s ]
INFO: [ app_begin ] --START--
INFO: Run Behavior\ReadHtmlCacheBehavior [ RunTime:0.000071s ]
INFO: [ app_begin ] --END-- [ RunTime:0.000099s ]
INFO: [ view_parse ] --START--
INFO: [ template_filter ] --START--
INFO: Run Behavior\ContentReplaceBehavior [ RunTime:0.000312s ]
INFO: [ template_filter ] --END-- [ RunTime:0.000384s ]
INFO: Run Behavior\ParseTemplateBehavior [ RunTime:0.012817s ]
INFO: [ view_parse ] --END-- [ RunTime:0.012947s ]
INFO: [ view_filter ] --START--
INFO: Run Behavior\WriteHtmlCacheBehavior [ RunTime:0.000122s ]
INFO: [ view_filter ] --END-- [ RunTime:0.000224s ]
INFO: [ app_end ] --START--
INFO: Run Behavior\ShowPageTraceBehavior [ RunTime:0.000081s ]
INFO: [ app_end ] --END-- [ RunTime:0.000108s ]

[ 2026-05-31T11:25:06+08:00 ] ::1 /Home/PriceSync/index
INFO: [ app_init ] --START--
INFO: Run Behavior\BuildLiteBehavior [ RunTime:0.000015s ]
INFO: [ app_init ] --END-- [ RunTime:0.000205s ]
INFO: [ app_begin ] --START--
INFO: Run Behavior\ReadHtmlCacheBehavior [ RunTime:0.000073s ]
INFO: [ app_begin ] --END-- [ RunTime:0.000111s ]
INFO: [ view_parse ] --START--
INFO: [ template_filter ] --START--
INFO: Run Behavior\ContentReplaceBehavior [ RunTime:0.000162s ]
INFO: [ template_filter ] --END-- [ RunTime:0.000221s ]
INFO: Run Behavior\ParseTemplateBehavior [ RunTime:0.010103s ]
INFO: [ view_parse ] --END-- [ RunTime:0.010177s ]
INFO: [ view_filter ] --START--
INFO: Run Behavior\WriteHtmlCacheBehavior [ RunTime:0.000114s ]
INFO: [ view_filter ] --END-- [ RunTime:0.000125s ]
INFO: [ app_end ] --START--
INFO: Run Behavior\ShowPageTraceBehavior [ RunTime:0.000084s ]
INFO: [ app_end ] --END-- [ RunTime:0.000100s ]

[ 2026-05-31T11:26:40+08:00 ] ::1 /Home/PriceSync/index
INFO: [ app_init ] --START--
INFO: Run Behavior\BuildLiteBehavior [ RunTime:0.000009s ]
INFO: [ app_init ] --END-- [ RunTime:0.000312s ]
INFO: [ app_begin ] --START--
INFO: Run Behavior\ReadHtmlCacheBehavior [ RunTime:0.000040s ]
INFO: [ app_begin ] --END-- [ RunTime:0.000055s ]
INFO: [ view_parse ] --START--
INFO: [ template_filter ] --START--
INFO: Run Behavior\ContentReplaceBehavior [ RunTime:0.000131s ]
INFO: [ template_filter ] --END-- [ RunTime:0.000165s ]
INFO: Run Behavior\ParseTemplateBehavior [ RunTime:0.009272s ]
INFO: [ view_parse ] --END-- [ RunTime:0.009400s ]
INFO: [ view_filter ] --START--
INFO: Run Behavior\WriteHtmlCacheBehavior [ RunTime:0.000139s ]
INFO: [ view_filter ] --END-- [ RunTime:0.000153s ]
INFO: [ app_end ] --START--
INFO: Run Behavior\ShowPageTraceBehavior [ RunTime:0.000065s ]
INFO: [ app_end ] --END-- [ RunTime:0.000078s ]

[ 2026-05-31T11:27:18+08:00 ] ::1 /Home/NewLabel/index
INFO: [ app_init ] --START--
INFO: Run Behavior\BuildLiteBehavior [ RunTime:0.000014s ]
INFO: [ app_init ] --END-- [ RunTime:0.000168s ]
INFO: [ app_begin ] --START--
INFO: Run Behavior\ReadHtmlCacheBehavior [ RunTime:0.000069s ]
INFO: [ app_begin ] --END-- [ RunTime:0.000100s ]
SQL: SHOW COLUMNS FROM `new_label` [ RunTime:0.0160s ]
SQL: SELECT * FROM `new_label` ORDER BY id asc  [ RunTime:0.0029s ]
INFO: [ view_parse ] --START--
INFO: [ template_filter ] --START--
INFO: Run Behavior\ContentReplaceBehavior [ RunTime:0.000174s ]
INFO: [ template_filter ] --END-- [ RunTime:0.000222s ]
INFO: Run Behavior\ParseTemplateBehavior [ RunTime:0.014832s ]
INFO: [ view_parse ] --END-- [ RunTime:0.014888s ]
INFO: [ view_filter ] --START--
INFO: Run Behavior\WriteHtmlCacheBehavior [ RunTime:0.000110s ]
INFO: [ view_filter ] --END-- [ RunTime:0.000122s ]
INFO: [ app_end ] --START--
INFO: Run Behavior\ShowPageTraceBehavior [ RunTime:0.000118s ]
INFO: [ app_end ] --END-- [ RunTime:0.000147s ]

[ 2026-05-31T22:25:52+08:00 ] ::1 /Home/PriceSync/index
INFO: [ app_init ] --START--
INFO: Run Behavior\BuildLiteBehavior [ RunTime:0.000011s ]
INFO: [ app_init ] --END-- [ RunTime:0.001881s ]
INFO: [ app_begin ] --START--
INFO: Run Behavior\ReadHtmlCacheBehavior [ RunTime:0.000043s ]
INFO: [ app_begin ] --END-- [ RunTime:0.000056s ]
INFO: [ view_parse ] --START--
INFO: [ template_filter ] --START--
INFO: Run Behavior\ContentReplaceBehavior [ RunTime:0.000119s ]
INFO: [ template_filter ] --END-- [ RunTime:0.000163s ]
INFO: Run Behavior\ParseTemplateBehavior [ RunTime:0.016407s ]
INFO: [ view_parse ] --END-- [ RunTime:0.016454s ]
INFO: [ view_filter ] --START--
INFO: Run Behavior\WriteHtmlCacheBehavior [ RunTime:0.000075s ]
INFO: [ view_filter ] --END-- [ RunTime:0.000082s ]
INFO: [ app_end ] --START--
INFO: Run Behavior\ShowPageTraceBehavior [ RunTime:0.000445s ]
INFO: [ app_end ] --END-- [ RunTime:0.000477s ]

[ 2026-05-31T22:32:06+08:00 ] ::1 /Home/PriceSync/index
INFO: [ app_init ] --START--
INFO: Run Behavior\BuildLiteBehavior [ RunTime:0.000015s ]
INFO: [ app_init ] --END-- [ RunTime:0.000213s ]
INFO: [ app_begin ] --START--
INFO: Run Behavior\ReadHtmlCacheBehavior [ RunTime:0.000071s ]
INFO: [ app_begin ] --END-- [ RunTime:0.000101s ]
INFO: [ view_parse ] --START--
INFO: [ template_filter ] --START--
INFO: Run Behavior\ContentReplaceBehavior [ RunTime:0.000128s ]
INFO: [ template_filter ] --END-- [ RunTime:0.000152s ]
INFO: Run Behavior\ParseTemplateBehavior [ RunTime:0.007949s ]
INFO: [ view_parse ] --END-- [ RunTime:0.007971s ]
INFO: [ view_filter ] --START--
INFO: Run Behavior\WriteHtmlCacheBehavior [ RunTime:0.000069s ]
INFO: [ view_filter ] --END-- [ RunTime:0.000078s ]
INFO: [ app_end ] --START--
INFO: Run Behavior\ShowPageTraceBehavior [ RunTime:0.000041s ]
INFO: [ app_end ] --END-- [ RunTime:0.000050s ]

[ 2026-05-31T22:32:07+08:00 ] ::1 /Home/PriceSync/getQuotes.html
INFO: [ app_init ] --START--
INFO: Run Behavior\BuildLiteBehavior [ RunTime:0.000004s ]
INFO: [ app_init ] --END-- [ RunTime:0.000030s ]
INFO: [ app_begin ] --START--
INFO: Run Behavior\ReadHtmlCacheBehavior [ RunTime:0.000011s ]
INFO: [ app_begin ] --END-- [ RunTime:0.000020s ]
ERR: {"status":1,"msg":"\u83b7\u53d6\u6210\u529f","data":[{"p":14520,"name":"\u4e01\u4e8c\u70ef\u80f6\u4e3b\u8fde","dm":"brm","zde":80,"zdf":0.55,"zjsj":14440},{"p":14795,"name":"\u4e0d\u9508\u94a2\u4e3b\u8fde","dm":"ssm","zde":-110,"zdf":-0.74,"zjsj":14905},{"p":142960,"name":"\u6caa\u954d\u4e3b\u8fde","dm":"nim","zde":-1160,"zdf":-0.8,"zjsj":144120},{"p":2888,"name":"\u6c27\u5316\u94dd\u4e3b\u8fde","dm":"aom","zde":0,"zdf":0,"zjsj":2888},{"p":3164,"name":"\u87ba\u7eb9\u94a2\u4e3b\u8fde","dm":"rbm","zde":7,"zdf":0.22,"zjsj":3157},{"p":104430,"name":"\u6caa\u94dc\u4e3b\u8fde","dm":"cum","zde":-410,"zdf":-0.39,"zjsj":104840},{"p":24265,"name":"\u6caa\u94dd\u4e3b\u8fde","dm":"alm","zde":-75,"zdf":-0.31,"zjsj":24340},{"p":3786,"name":"\u71c3\u6cb9\u4e3b\u8fde","dm":"fum","zde":-7,"zdf":-0.18,"zjsj":3793},{"p":425310,"name":"\u6caa\u9521\u4e3b\u8fde","dm":"snm","zde":-1140,"zdf":-0.27,"zjsj":426450},{"p":24665,"name":"\u6caa\u950c\u4e3b\u8fde","dm":"znm","zde":-215,"zdf":-0.86,"zjsj":24880},{"p":4880,"name":"\u7eb8\u6d46\u4e3b\u8fde","dm":"spm","zde":-58,"zdf":-1.17,"zjsj":4938},{"p":18323,"name":"\u6caa\u94f6\u4e3b\u8fde","dm":"agm","zde":117,"zdf":0.64,"zjsj":18206},{"p":3364,"name":"\u7ebf\u6750\u4e3b\u8fde","dm":"wrm","zde":8,"zdf":0.24,"zjsj":3356},{"p":17890,"name":"\u6a61\u80f6\u4e3b\u8fde","dm":"rum","zde":85,"zdf":0.48,"zjsj":17805},{"p":4175,"name":"\u6ca5\u9752\u4e3b\u8fde","dm":"bum","zde":-3,"zdf":-0.07,"zjsj":4178},{"p":3385,"name":"\u70ed\u5377\u4e3b\u8fde","dm":"hcm","zde":7,"zdf":0.21,"zjsj":3378},{"p":16540,"name":"\u6caa\u94c5\u4e3b\u8fde","dm":"pbm","zde":-10,"zdf":-0.06,"zjsj":16550},{"p":996.3,"name":"\u6caa\u91d1\u4e3b\u8fde","dm":"aum","zde":15.8,"zdf":1.61,"zjsj":980.5},{"p":4002,"name":"\u80f6\u7248\u7eb8\u4e3b\u8fde","dm":"opm","zde":-6,"zdf":-0.15,"zjsj":4008},{"p":22865,"name":"\u94f8\u9020\u94dd\u4e3b\u8fde","dm":"adm","zde":-60,"zdf":-0.26,"zjsj":22925}]}

[ 2026-05-31T22:32:08+08:00 ] ::1 /Home/PriceSync/getQuotes.html
INFO: [ app_init ] --START--
INFO: Run Behavior\BuildLiteBehavior [ RunTime:0.000007s ]
INFO: [ app_init ] --END-- [ RunTime:0.000058s ]
INFO: [ app_begin ] --START--
INFO: Run Behavior\ReadHtmlCacheBehavior [ RunTime:0.000036s ]
INFO: [ app_begin ] --END-- [ RunTime:0.000067s ]
ERR: {"status":1,"msg":"\u83b7\u53d6\u6210\u529f","data":[{"p":14520,"name":"\u4e01\u4e8c\u70ef\u80f6\u4e3b\u8fde","dm":"brm","zde":80,"zdf":0.55,"zjsj":14440},{"p":14795,"name":"\u4e0d\u9508\u94a2\u4e3b\u8fde","dm":"ssm","zde":-110,"zdf":-0.74,"zjsj":14905},{"p":142960,"name":"\u6caa\u954d\u4e3b\u8fde","dm":"nim","zde":-1160,"zdf":-0.8,"zjsj":144120},{"p":2888,"name":"\u6c27\u5316\u94dd\u4e3b\u8fde","dm":"aom","zde":0,"zdf":0,"zjsj":2888},{"p":3164,"name":"\u87ba\u7eb9\u94a2\u4e3b\u8fde","dm":"rbm","zde":7,"zdf":0.22,"zjsj":3157},{"p":104430,"name":"\u6caa\u94dc\u4e3b\u8fde","dm":"cum","zde":-410,"zdf":-0.39,"zjsj":104840},{"p":24265,"name":"\u6caa\u94dd\u4e3b\u8fde","dm":"alm","zde":-75,"zdf":-0.31,"zjsj":24340},{"p":3786,"name":"\u71c3\u6cb9\u4e3b\u8fde","dm":"fum","zde":-7,"zdf":-0.18,"zjsj":3793},{"p":425310,"name":"\u6caa\u9521\u4e3b\u8fde","dm":"snm","zde":-1140,"zdf":-0.27,"zjsj":426450},{"p":24665,"name":"\u6caa\u950c\u4e3b\u8fde","dm":"znm","zde":-215,"zdf":-0.86,"zjsj":24880},{"p":4880,"name":"\u7eb8\u6d46\u4e3b\u8fde","dm":"spm","zde":-58,"zdf":-1.17,"zjsj":4938},{"p":18323,"name":"\u6caa\u94f6\u4e3b\u8fde","dm":"agm","zde":117,"zdf":0.64,"zjsj":18206},{"p":3364,"name":"\u7ebf\u6750\u4e3b\u8fde","dm":"wrm","zde":8,"zdf":0.24,"zjsj":3356},{"p":17890,"name":"\u6a61\u80f6\u4e3b\u8fde","dm":"rum","zde":85,"zdf":0.48,"zjsj":17805},{"p":4175,"name":"\u6ca5\u9752\u4e3b\u8fde","dm":"bum","zde":-3,"zdf":-0.07,"zjsj":4178},{"p":3385,"name":"\u70ed\u5377\u4e3b\u8fde","dm":"hcm","zde":7,"zdf":0.21,"zjsj":3378},{"p":16540,"name":"\u6caa\u94c5\u4e3b\u8fde","dm":"pbm","zde":-10,"zdf":-0.06,"zjsj":16550},{"p":996.3,"name":"\u6caa\u91d1\u4e3b\u8fde","dm":"aum","zde":15.8,"zdf":1.61,"zjsj":980.5},{"p":4002,"name":"\u80f6\u7248\u7eb8\u4e3b\u8fde","dm":"opm","zde":-6,"zdf":-0.15,"zjsj":4008},{"p":22865,"name":"\u94f8\u9020\u94dd\u4e3b\u8fde","dm":"adm","zde":-60,"zdf":-0.26,"zjsj":22925}]}

[ 2026-05-31T22:32:11+08:00 ] ::1 /Home/PriceSync/getQuotes.html
INFO: [ app_init ] --START--
INFO: Run Behavior\BuildLiteBehavior [ RunTime:0.000009s ]
INFO: [ app_init ] --END-- [ RunTime:0.000086s ]
INFO: [ app_begin ] --START--
INFO: Run Behavior\ReadHtmlCacheBehavior [ RunTime:0.000027s ]
INFO: [ app_begin ] --END-- [ RunTime:0.000044s ]
ERR: {"status":1,"msg":"\u83b7\u53d6\u6210\u529f","data":[{"p":14520,"name":"\u4e01\u4e8c\u70ef\u80f6\u4e3b\u8fde","dm":"brm","zde":80,"zdf":0.55,"zjsj":14440},{"p":14795,"name":"\u4e0d\u9508\u94a2\u4e3b\u8fde","dm":"ssm","zde":-110,"zdf":-0.74,"zjsj":14905},{"p":142960,"name":"\u6caa\u954d\u4e3b\u8fde","dm":"nim","zde":-1160,"zdf":-0.8,"zjsj":144120},{"p":2888,"name":"\u6c27\u5316\u94dd\u4e3b\u8fde","dm":"aom","zde":0,"zdf":0,"zjsj":2888},{"p":3164,"name":"\u87ba\u7eb9\u94a2\u4e3b\u8fde","dm":"rbm","zde":7,"zdf":0.22,"zjsj":3157},{"p":104430,"name":"\u6caa\u94dc\u4e3b\u8fde","dm":"cum","zde":-410,"zdf":-0.39,"zjsj":104840},{"p":24265,"name":"\u6caa\u94dd\u4e3b\u8fde","dm":"alm","zde":-75,"zdf":-0.31,"zjsj":24340},{"p":3786,"name":"\u71c3\u6cb9\u4e3b\u8fde","dm":"fum","zde":-7,"zdf":-0.18,"zjsj":3793},{"p":425310,"name":"\u6caa\u9521\u4e3b\u8fde","dm":"snm","zde":-1140,"zdf":-0.27,"zjsj":426450},{"p":24665,"name":"\u6caa\u950c\u4e3b\u8fde","dm":"znm","zde":-215,"zdf":-0.86,"zjsj":24880},{"p":4880,"name":"\u7eb8\u6d46\u4e3b\u8fde","dm":"spm","zde":-58,"zdf":-1.17,"zjsj":4938},{"p":18323,"name":"\u6caa\u94f6\u4e3b\u8fde","dm":"agm","zde":117,"zdf":0.64,"zjsj":18206},{"p":3364,"name":"\u7ebf\u6750\u4e3b\u8fde","dm":"wrm","zde":8,"zdf":0.24,"zjsj":3356},{"p":17890,"name":"\u6a61\u80f6\u4e3b\u8fde","dm":"rum","zde":85,"zdf":0.48,"zjsj":17805},{"p":4175,"name":"\u6ca5\u9752\u4e3b\u8fde","dm":"bum","zde":-3,"zdf":-0.07,"zjsj":4178},{"p":3385,"name":"\u70ed\u5377\u4e3b\u8fde","dm":"hcm","zde":7,"zdf":0.21,"zjsj":3378},{"p":16540,"name":"\u6caa\u94c5\u4e3b\u8fde","dm":"pbm","zde":-10,"zdf":-0.06,"zjsj":16550},{"p":996.3,"name":"\u6caa\u91d1\u4e3b\u8fde","dm":"aum","zde":15.8,"zdf":1.61,"zjsj":980.5},{"p":4002,"name":"\u80f6\u7248\u7eb8\u4e3b\u8fde","dm":"opm","zde":-6,"zdf":-0.15,"zjsj":4008},{"p":22865,"name":"\u94f8\u9020\u94dd\u4e3b\u8fde","dm":"adm","zde":-60,"zdf":-0.26,"zjsj":22925}]}

[ 2026-05-31T22:32:13+08:00 ] ::1 /Home/PriceSync/getQuotes.html
INFO: [ app_init ] --START--
INFO: Run Behavior\BuildLiteBehavior [ RunTime:0.000007s ]
INFO: [ app_init ] --END-- [ RunTime:0.000068s ]
INFO: [ app_begin ] --START--
INFO: Run Behavior\ReadHtmlCacheBehavior [ RunTime:0.000039s ]
INFO: [ app_begin ] --END-- [ RunTime:0.000059s ]
ERR: {"status":1,"msg":"\u83b7\u53d6\u6210\u529f","data":[{"p":14520,"name":"\u4e01\u4e8c\u70ef\u80f6\u4e3b\u8fde","dm":"brm","zde":80,"zdf":0.55,"zjsj":14440},{"p":14795,"name":"\u4e0d\u9508\u94a2\u4e3b\u8fde","dm":"ssm","zde":-110,"zdf":-0.74,"zjsj":14905},{"p":142960,"name":"\u6caa\u954d\u4e3b\u8fde","dm":"nim","zde":-1160,"zdf":-0.8,"zjsj":144120},{"p":2888,"name":"\u6c27\u5316\u94dd\u4e3b\u8fde","dm":"aom","zde":0,"zdf":0,"zjsj":2888},{"p":3164,"name":"\u87ba\u7eb9\u94a2\u4e3b\u8fde","dm":"rbm","zde":7,"zdf":0.22,"zjsj":3157},{"p":104430,"name":"\u6caa\u94dc\u4e3b\u8fde","dm":"cum","zde":-410,"zdf":-0.39,"zjsj":104840},{"p":24265,"name":"\u6caa\u94dd\u4e3b\u8fde","dm":"alm","zde":-75,"zdf":-0.31,"zjsj":24340},{"p":3786,"name":"\u71c3\u6cb9\u4e3b\u8fde","dm":"fum","zde":-7,"zdf":-0.18,"zjsj":3793},{"p":425310,"name":"\u6caa\u9521\u4e3b\u8fde","dm":"snm","zde":-1140,"zdf":-0.27,"zjsj":426450},{"p":24665,"name":"\u6caa\u950c\u4e3b\u8fde","dm":"znm","zde":-215,"zdf":-0.86,"zjsj":24880},{"p":4880,"name":"\u7eb8\u6d46\u4e3b\u8fde","dm":"spm","zde":-58,"zdf":-1.17,"zjsj":4938},{"p":18323,"name":"\u6caa\u94f6\u4e3b\u8fde","dm":"agm","zde":117,"zdf":0.64,"zjsj":18206},{"p":3364,"name":"\u7ebf\u6750\u4e3b\u8fde","dm":"wrm","zde":8,"zdf":0.24,"zjsj":3356},{"p":17890,"name":"\u6a61\u80f6\u4e3b\u8fde","dm":"rum","zde":85,"zdf":0.48,"zjsj":17805},{"p":4175,"name":"\u6ca5\u9752\u4e3b\u8fde","dm":"bum","zde":-3,"zdf":-0.07,"zjsj":4178},{"p":3385,"name":"\u70ed\u5377\u4e3b\u8fde","dm":"hcm","zde":7,"zdf":0.21,"zjsj":3378},{"p":16540,"name":"\u6caa\u94c5\u4e3b\u8fde","dm":"pbm","zde":-10,"zdf":-0.06,"zjsj":16550},{"p":996.3,"name":"\u6caa\u91d1\u4e3b\u8fde","dm":"aum","zde":15.8,"zdf":1.61,"zjsj":980.5},{"p":4002,"name":"\u80f6\u7248\u7eb8\u4e3b\u8fde","dm":"opm","zde":-6,"zdf":-0.15,"zjsj":4008},{"p":22865,"name":"\u94f8\u9020\u94dd\u4e3b\u8fde","dm":"adm","zde":-60,"zdf":-0.26,"zjsj":22925}]}

[ 2026-05-31T22:32:33+08:00 ] ::1 /Home/PriceSync/getQuotes.html
INFO: [ app_init ] --START--
INFO: Run Behavior\BuildLiteBehavior [ RunTime:0.000011s ]
INFO: [ app_init ] --END-- [ RunTime:0.000181s ]
INFO: [ app_begin ] --START--
INFO: Run Behavior\ReadHtmlCacheBehavior [ RunTime:0.000056s ]
INFO: [ app_begin ] --END-- [ RunTime:0.000087s ]
ERR: {"status":1,"msg":"\u83b7\u53d6\u6210\u529f","data":[{"p":14520,"name":"\u4e01\u4e8c\u70ef\u80f6\u4e3b\u8fde","dm":"brm","zde":80,"zdf":0.55,"zjsj":14440},{"p":14795,"name":"\u4e0d\u9508\u94a2\u4e3b\u8fde","dm":"ssm","zde":-110,"zdf":-0.74,"zjsj":14905},{"p":142960,"name":"\u6caa\u954d\u4e3b\u8fde","dm":"nim","zde":-1160,"zdf":-0.8,"zjsj":144120},{"p":2888,"name":"\u6c27\u5316\u94dd\u4e3b\u8fde","dm":"aom","zde":0,"zdf":0,"zjsj":2888},{"p":3164,"name":"\u87ba\u7eb9\u94a2\u4e3b\u8fde","dm":"rbm","zde":7,"zdf":0.22,"zjsj":3157},{"p":104430,"name":"\u6caa\u94dc\u4e3b\u8fde","dm":"cum","zde":-410,"zdf":-0.39,"zjsj":104840},{"p":24265,"name":"\u6caa\u94dd\u4e3b\u8fde","dm":"alm","zde":-75,"zdf":-0.31,"zjsj":24340},{"p":3786,"name":"\u71c3\u6cb9\u4e3b\u8fde","dm":"fum","zde":-7,"zdf":-0.18,"zjsj":3793},{"p":425310,"name":"\u6caa\u9521\u4e3b\u8fde","dm":"snm","zde":-1140,"zdf":-0.27,"zjsj":426450},{"p":24665,"name":"\u6caa\u950c\u4e3b\u8fde","dm":"znm","zde":-215,"zdf":-0.86,"zjsj":24880},{"p":4880,"name":"\u7eb8\u6d46\u4e3b\u8fde","dm":"spm","zde":-58,"zdf":-1.17,"zjsj":4938},{"p":18323,"name":"\u6caa\u94f6\u4e3b\u8fde","dm":"agm","zde":117,"zdf":0.64,"zjsj":18206},{"p":3364,"name":"\u7ebf\u6750\u4e3b\u8fde","dm":"wrm","zde":8,"zdf":0.24,"zjsj":3356},{"p":17890,"name":"\u6a61\u80f6\u4e3b\u8fde","dm":"rum","zde":85,"zdf":0.48,"zjsj":17805},{"p":4175,"name":"\u6ca5\u9752\u4e3b\u8fde","dm":"bum","zde":-3,"zdf":-0.07,"zjsj":4178},{"p":3385,"name":"\u70ed\u5377\u4e3b\u8fde","dm":"hcm","zde":7,"zdf":0.21,"zjsj":3378},{"p":16540,"name":"\u6caa\u94c5\u4e3b\u8fde","dm":"pbm","zde":-10,"zdf":-0.06,"zjsj":16550},{"p":996.3,"name":"\u6caa\u91d1\u4e3b\u8fde","dm":"aum","zde":15.8,"zdf":1.61,"zjsj":980.5},{"p":4002,"name":"\u80f6\u7248\u7eb8\u4e3b\u8fde","dm":"opm","zde":-6,"zdf":-0.15,"zjsj":4008},{"p":22865,"name":"\u94f8\u9020\u94dd\u4e3b\u8fde","dm":"adm","zde":-60,"zdf":-0.26,"zjsj":22925}]}

[ 2026-05-31T22:32:34+08:00 ] ::1 /Home/PriceSync/getQuotes.html
INFO: [ app_init ] --START--
INFO: Run Behavior\BuildLiteBehavior [ RunTime:0.000008s ]
INFO: [ app_init ] --END-- [ RunTime:0.000077s ]
INFO: [ app_begin ] --START--
INFO: Run Behavior\ReadHtmlCacheBehavior [ RunTime:0.000034s ]
INFO: [ app_begin ] --END-- [ RunTime:0.000055s ]
ERR: {"status":1,"msg":"\u83b7\u53d6\u6210\u529f","data":[{"p":14520,"name":"\u4e01\u4e8c\u70ef\u80f6\u4e3b\u8fde","dm":"brm","zde":80,"zdf":0.55,"zjsj":14440},{"p":14795,"name":"\u4e0d\u9508\u94a2\u4e3b\u8fde","dm":"ssm","zde":-110,"zdf":-0.74,"zjsj":14905},{"p":142960,"name":"\u6caa\u954d\u4e3b\u8fde","dm":"nim","zde":-1160,"zdf":-0.8,"zjsj":144120},{"p":2888,"name":"\u6c27\u5316\u94dd\u4e3b\u8fde","dm":"aom","zde":0,"zdf":0,"zjsj":2888},{"p":3164,"name":"\u87ba\u7eb9\u94a2\u4e3b\u8fde","dm":"rbm","zde":7,"zdf":0.22,"zjsj":3157},{"p":104430,"name":"\u6caa\u94dc\u4e3b\u8fde","dm":"cum","zde":-410,"zdf":-0.39,"zjsj":104840},{"p":24265,"name":"\u6caa\u94dd\u4e3b\u8fde","dm":"alm","zde":-75,"zdf":-0.31,"zjsj":24340},{"p":3786,"name":"\u71c3\u6cb9\u4e3b\u8fde","dm":"fum","zde":-7,"zdf":-0.18,"zjsj":3793},{"p":425310,"name":"\u6caa\u9521\u4e3b\u8fde","dm":"snm","zde":-1140,"zdf":-0.27,"zjsj":426450},{"p":24665,"name":"\u6caa\u950c\u4e3b\u8fde","dm":"znm","zde":-215,"zdf":-0.86,"zjsj":24880},{"p":4880,"name":"\u7eb8\u6d46\u4e3b\u8fde","dm":"spm","zde":-58,"zdf":-1.17,"zjsj":4938},{"p":18323,"name":"\u6caa\u94f6\u4e3b\u8fde","dm":"agm","zde":117,"zdf":0.64,"zjsj":18206},{"p":3364,"name":"\u7ebf\u6750\u4e3b\u8fde","dm":"wrm","zde":8,"zdf":0.24,"zjsj":3356},{"p":17890,"name":"\u6a61\u80f6\u4e3b\u8fde","dm":"rum","zde":85,"zdf":0.48,"zjsj":17805},{"p":4175,"name":"\u6ca5\u9752\u4e3b\u8fde","dm":"bum","zde":-3,"zdf":-0.07,"zjsj":4178},{"p":3385,"name":"\u70ed\u5377\u4e3b\u8fde","dm":"hcm","zde":7,"zdf":0.21,"zjsj":3378},{"p":16540,"name":"\u6caa\u94c5\u4e3b\u8fde","dm":"pbm","zde":-10,"zdf":-0.06,"zjsj":16550},{"p":996.3,"name":"\u6caa\u91d1\u4e3b\u8fde","dm":"aum","zde":15.8,"zdf":1.61,"zjsj":980.5},{"p":4002,"name":"\u80f6\u7248\u7eb8\u4e3b\u8fde","dm":"opm","zde":-6,"zdf":-0.15,"zjsj":4008},{"p":22865,"name":"\u94f8\u9020\u94dd\u4e3b\u8fde","dm":"adm","zde":-60,"zdf":-0.26,"zjsj":22925}]}

[ 2026-05-31T22:32:35+08:00 ] ::1 /Home/PriceSync/getQuotes.html
INFO: [ app_init ] --START--
INFO: Run Behavior\BuildLiteBehavior [ RunTime:0.000056s ]
INFO: [ app_init ] --END-- [ RunTime:0.000128s ]
INFO: [ app_begin ] --START--
INFO: Run Behavior\ReadHtmlCacheBehavior [ RunTime:0.000069s ]
INFO: [ app_begin ] --END-- [ RunTime:0.000112s ]
ERR: {"status":1,"msg":"\u83b7\u53d6\u6210\u529f","data":[{"p":14520,"name":"\u4e01\u4e8c\u70ef\u80f6\u4e3b\u8fde","dm":"brm","zde":80,"zdf":0.55,"zjsj":14440},{"p":14795,"name":"\u4e0d\u9508\u94a2\u4e3b\u8fde","dm":"ssm","zde":-110,"zdf":-0.74,"zjsj":14905},{"p":142960,"name":"\u6caa\u954d\u4e3b\u8fde","dm":"nim","zde":-1160,"zdf":-0.8,"zjsj":144120},{"p":2888,"name":"\u6c27\u5316\u94dd\u4e3b\u8fde","dm":"aom","zde":0,"zdf":0,"zjsj":2888},{"p":3164,"name":"\u87ba\u7eb9\u94a2\u4e3b\u8fde","dm":"rbm","zde":7,"zdf":0.22,"zjsj":3157},{"p":104430,"name":"\u6caa\u94dc\u4e3b\u8fde","dm":"cum","zde":-410,"zdf":-0.39,"zjsj":104840},{"p":24265,"name":"\u6caa\u94dd\u4e3b\u8fde","dm":"alm","zde":-75,"zdf":-0.31,"zjsj":24340},{"p":3786,"name":"\u71c3\u6cb9\u4e3b\u8fde","dm":"fum","zde":-7,"zdf":-0.18,"zjsj":3793},{"p":425310,"name":"\u6caa\u9521\u4e3b\u8fde","dm":"snm","zde":-1140,"zdf":-0.27,"zjsj":426450},{"p":24665,"name":"\u6caa\u950c\u4e3b\u8fde","dm":"znm","zde":-215,"zdf":-0.86,"zjsj":24880},{"p":4880,"name":"\u7eb8\u6d46\u4e3b\u8fde","dm":"spm","zde":-58,"zdf":-1.17,"zjsj":4938},{"p":18323,"name":"\u6caa\u94f6\u4e3b\u8fde","dm":"agm","zde":117,"zdf":0.64,"zjsj":18206},{"p":3364,"name":"\u7ebf\u6750\u4e3b\u8fde","dm":"wrm","zde":8,"zdf":0.24,"zjsj":3356},{"p":17890,"name":"\u6a61\u80f6\u4e3b\u8fde","dm":"rum","zde":85,"zdf":0.48,"zjsj":17805},{"p":4175,"name":"\u6ca5\u9752\u4e3b\u8fde","dm":"bum","zde":-3,"zdf":-0.07,"zjsj":4178},{"p":3385,"name":"\u70ed\u5377\u4e3b\u8fde","dm":"hcm","zde":7,"zdf":0.21,"zjsj":3378},{"p":16540,"name":"\u6caa\u94c5\u4e3b\u8fde","dm":"pbm","zde":-10,"zdf":-0.06,"zjsj":16550},{"p":996.3,"name":"\u6caa\u91d1\u4e3b\u8fde","dm":"aum","zde":15.8,"zdf":1.61,"zjsj":980.5},{"p":4002,"name":"\u80f6\u7248\u7eb8\u4e3b\u8fde","dm":"opm","zde":-6,"zdf":-0.15,"zjsj":4008},{"p":22865,"name":"\u94f8\u9020\u94dd\u4e3b\u8fde","dm":"adm","zde":-60,"zdf":-0.26,"zjsj":22925}]}

[ 2026-05-31T22:32:39+08:00 ] ::1 /Home/PriceSync/getQuotes.html
INFO: [ app_init ] --START--
INFO: Run Behavior\BuildLiteBehavior [ RunTime:0.000008s ]
INFO: [ app_init ] --END-- [ RunTime:0.000088s ]
INFO: [ app_begin ] --START--
INFO: Run Behavior\ReadHtmlCacheBehavior [ RunTime:0.000033s ]
INFO: [ app_begin ] --END-- [ RunTime:0.000056s ]
ERR: {"status":1,"msg":"\u83b7\u53d6\u6210\u529f","data":[{"p":7885,"name":"\u5851\u6599\u4e3b\u8fde","dm":"lm","zde":80,"zdf":1.02,"zjsj":7805},{"p":8497,"name":"\u805a\u4e19\u70ef\u4e3b\u8fde","dm":"ppm","zde":41,"zdf":0.48,"zjsj":8456},{"p":8495,"name":"\u805a\u4e19\u70ef\u6708\u5747\u4e3b\u8fde","dm":"ppFm","zde":39,"zdf":0.46,"zjsj":8456},{"p":1918,"name":"\u7126\u70ad\u4e3b\u8fde","dm":"jm","zde":17,"zdf":0.89,"zjsj":1901},{"p":10700,"name":"\u751f\u732a\u4e3b\u8fde","dm":"lhm","zde":-15,"zdf":-0.14,"zjsj":10715},{"p":4198,"name":"\u9e21\u86cb\u4e3b\u8fde","dm":"jdm","zde":109,"zdf":2.67,"zjsj":4089},{"p":780.5,"name":"\u94c1\u77ff\u77f3\u4e3b\u8fde","dm":"im","zde":-2,"zdf":-0.26,"zjsj":782.5},{"p":147.35,"name":"\u80f6\u5408\u677f\u4e3b\u8fde","dm":"bbm","zde":-0.1,"zdf":-0.07,"zjsj":147.45},{"p":3562,"name":"\u7cb3\u7c73\u4e3b\u8fde","dm":"rrm","zde":-7,"zdf":-0.2,"zjsj":3569},{"p":9617,"name":"\u68d5\u6988\u6cb9\u4e3b\u8fde","dm":"pm","zde":18,"zdf":0.19,"zjsj":9599},{"p":7883,"name":"\u5851\u6599\u6708\u5747\u4e3b\u8fde","dm":"lFm","zde":78,"zdf":1,"zjsj":7805},{"p":795,"name":"\u539f\u6728\u4e3b\u8fde","dm":"lgm","zde":-10,"zdf":-1.24,"zjsj":805},{"p":2688,"name":"\u6dc0\u7c89\u4e3b\u8fde","dm":"csm","zde":6,"zdf":0.22,"zjsj":2682},{"p":2981,"name":"\u8c46\u7c95\u4e3b\u8fde","dm":"mm","zde":-16,"zdf":-0.53,"zjsj":2997},{"p":4446,"name":"\u4e59\u4e8c\u9187\u4e3b\u8fde","dm":"egm","zde":2,"zdf":0.05,"zjsj":4444},{"p":4954,"name":"PVC\u6708\u5747\u4e3b\u8fde","dm":"vFm","zde":25,"zdf":0.51,"zjsj":4929},{"p":2327,"name":"\u7389\u7c73\u4e3b\u8fde","dm":"cm","zde":5,"zdf":0.22,"zjsj":2322},{"p":8652,"name":"\u82ef\u4e59\u70ef\u4e3b\u8fde","dm":"ebm","zde":-98,"zdf":-1.12,"zjsj":8750},{"p":3576,"name":"\u8c46\u4e8c\u4e3b\u8fde","dm":"bm","zde":-12,"zdf":-0.33,"zjsj":3588},{"p":1294,"name":"\u7126\u7164\u4e3b\u8fde","dm":"jmm","zde":9,"zdf":0.7,"zjsj":1285},{"p":4687,"name":"\u8c46\u4e00\u4e3b\u8fde","dm":"am","zde":-96,"zdf":-2.01,"zjsj":4783},{"p":1287.5,"name":"\u7ea4\u7ef4\u677f\u4e3b\u8fde","dm":"fbm","zde":3,"zdf":0.23,"zjsj":1284.5},{"p":8568,"name":"\u8c46\u6cb9\u4e3b\u8fde","dm":"ym","zde":27,"zdf":0.32,"zjsj":8541},{"p":5487,"name":"LPG\u4e3b\u8fde","dm":"pgm","zde":-31,"zdf":-0.56,"zjsj":5518},{"p":7414,"name":"\u7eaf\u82ef\u4e3b\u8fde","dm":"bzm","zde":-94,"zdf":-1.25,"zjsj":7508},{"p":4955,"name":"PVC\u4e3b\u8fde","dm":"vm","zde":26,"zdf":0.53,"zjsj":4929}]}

[ 2026-05-31T22:32:41+08:00 ] ::1 /Home/PriceSync/getQuotes.html
INFO: [ app_init ] --START--
INFO: Run Behavior\BuildLiteBehavior [ RunTime:0.000008s ]
INFO: [ app_init ] --END-- [ RunTime:0.000067s ]
INFO: [ app_begin ] --START--
INFO: Run Behavior\ReadHtmlCacheBehavior [ RunTime:0.000030s ]
INFO: [ app_begin ] --END-- [ RunTime:0.000055s ]
ERR: {"status":1,"msg":"\u83b7\u53d6\u6210\u529f","data":[{"p":7680,"name":"\u77ed\u7ea4\u4e3b\u8fde","dm":"PFM","zde":-20,"zdf":-0.26,"zjsj":7700},{"p":2793,"name":"\u7532\u9187\u4e3b\u8fde","dm":"MAM","zde":-4,"zdf":-0.14,"zjsj":2797},{"p":8658,"name":"\u5bf9\u4e8c\u7532\u82ef\u4e3b\u8fde","dm":"PXM","zde":-24,"zdf":-0.28,"zjsj":8682},{"p":5976,"name":"\u9530\u7845\u4e3b\u8fde","dm":"SMM","zde":-18,"zdf":-0.3,"zjsj":5994},{"p":"-","name":"\u65e9\u7c7c\u7a3b\u4e3b\u8fde","dm":"RIM","zde":"-","zdf":"-","zjsj":2479},{"p":1951,"name":"\u70e7\u78b1\u4e3b\u8fde","dm":"SHM","zde":5,"zdf":0.26,"zjsj":1946},{"p":22375,"name":"\u68c9\u7eb1\u4e3b\u8fde","dm":"CYM","zde":-10,"zdf":-0.04,"zjsj":22385},{"p":7968,"name":"\u74f6\u7247\u4e3b\u8fde","dm":"PRM","zde":34,"zdf":0.43,"zjsj":7934},{"p":9385,"name":"\u7ea2\u67a3\u4e3b\u8fde","dm":"CJM","zde":30,"zdf":0.32,"zjsj":9355},{"p":5826,"name":"\u7845\u94c1\u4e3b\u8fde","dm":"SFM","zde":-92,"zdf":-1.55,"zjsj":5918},{"p":16055,"name":"\u68c9\u82b1\u4e3b\u8fde","dm":"CFM","zde":-55,"zdf":-0.34,"zjsj":16110},{"p":"-","name":"\u52a8\u529b\u7164\u4e3b\u8fde","dm":"ZCM","zde":"-","zdf":"-","zjsj":801.4},{"p":5736,"name":"\u83dc\u7c7d\u4e3b\u8fde","dm":"RSM","zde":-22,"zdf":-0.38,"zjsj":5758},{"p":5412,"name":"\u767d\u7cd6\u4e3b\u8fde","dm":"SRM","zde":10,"zdf":0.19,"zjsj":5402},{"p":8383,"name":"\u4e19\u70ef\u4e3b\u8fde","dm":"PLM","zde":48,"zdf":0.58,"zjsj":8335},{"p":7505,"name":"\u82f9\u679c\u4e3b\u8fde","dm":"APM","zde":-40,"zdf":-0.53,"zjsj":7545},{"p":"-","name":"\u7cb3\u7a3b\u4e3b\u8fde","dm":"JRM","zde":"-","zdf":"-","zjsj":2662},{"p":"-","name":"\u666e\u9ea6\u4e3b\u8fde","dm":"PMM","zde":"-","zdf":"-","zjsj":3122},{"p":"-","name":"\u5f3a\u9ea6\u4e3b\u8fde","dm":"WHM","zde":"-","zdf":"-","zjsj":3198},{"p":1214,"name":"\u7eaf\u78b1\u4e3b\u8fde","dm":"SAM","zde":3,"zdf":0.25,"zjsj":1211},{"p":1051,"name":"\u73bb\u7483\u4e3b\u8fde","dm":"FGM","zde":2,"zdf":0.19,"zjsj":1049},{"p":8138,"name":"\u82b1\u751f\u4e3b\u8fde","dm":"PKM","zde":-40,"zdf":-0.49,"zjsj":8178},{"p":9917,"name":"\u83dc\u6cb9\u4e3b\u8fde","dm":"OIM","zde":34,"zdf":0.34,"zjsj":9883},{"p":1829,"name":"\u5c3f\u7d20\u4e3b\u8fde","dm":"URM","zde":-32,"zdf":-1.72,"zjsj":1861},{"p":6102,"name":"PTA\u4e3b\u8fde","dm":"TAM","zde":-24,"zdf":-0.39,"zjsj":6126},{"p":2302,"name":"\u83dc\u7c95\u4e3b\u8fde","dm":"RMM","zde":-2,"zdf":-0.09,"zjsj":2304}]}

[ 2026-05-31T22:32:43+08:00 ] ::1 /Home/PriceSync/getQuotes.html
INFO: [ app_init ] --START--
INFO: Run Behavior\BuildLiteBehavior [ RunTime:0.000019s ]
INFO: [ app_init ] --END-- [ RunTime:0.000190s ]
INFO: [ app_begin ] --START--
INFO: Run Behavior\ReadHtmlCacheBehavior [ RunTime:0.000078s ]
INFO: [ app_begin ] --END-- [ RunTime:0.000113s ]
ERR: {"status":1,"msg":"\u83b7\u53d6\u6210\u529f","data":[{"p":473,"name":"\u94c2\u4e3b\u8fde","dm":"ptm","zde":6.6,"zdf":1.42,"zjsj":466.4},{"p":327.35,"name":"\u94af\u4e3b\u8fde","dm":"pdm","zde":2.2,"zdf":0.68,"zjsj":325.15},{"p":179740,"name":"\u78b3\u9178\u9502\u4e3b\u8fde","dm":"lcm","zde":2160,"zdf":1.22,"zjsj":177580},{"p":36835,"name":"\u591a\u6676\u7845\u4e3b\u8fde","dm":"psm","zde":5,"zdf":0.01,"zjsj":36830},{"p":8585,"name":"\u5de5\u4e1a\u7845\u4e3b\u8fde","dm":"sim","zde":10,"zdf":0.12,"zjsj":8575}]}

[ 2026-05-31T22:49:34+08:00 ] ::1 /Home/PriceSync/index
INFO: [ app_init ] --START--
INFO: Run Behavior\BuildLiteBehavior [ RunTime:0.000015s ]
INFO: [ app_init ] --END-- [ RunTime:0.000677s ]
INFO: [ app_begin ] --START--
INFO: Run Behavior\ReadHtmlCacheBehavior [ RunTime:0.000055s ]
INFO: [ app_begin ] --END-- [ RunTime:0.000098s ]
INFO: [ view_parse ] --START--
INFO: [ template_filter ] --START--
INFO: Run Behavior\ContentReplaceBehavior [ RunTime:0.000111s ]
INFO: [ template_filter ] --END-- [ RunTime:0.000133s ]
INFO: Run Behavior\ParseTemplateBehavior [ RunTime:0.008367s ]
INFO: [ view_parse ] --END-- [ RunTime:0.008424s ]
INFO: [ view_filter ] --START--
INFO: Run Behavior\WriteHtmlCacheBehavior [ RunTime:0.000052s ]
INFO: [ view_filter ] --END-- [ RunTime:0.000062s ]
INFO: [ app_end ] --START--
INFO: Run Behavior\ShowPageTraceBehavior [ RunTime:0.000251s ]
INFO: [ app_end ] --END-- [ RunTime:0.000272s ]

[ 2026-05-31T22:49:34+08:00 ] ::1 /Home/PriceSync/getQuotes.html
INFO: [ app_init ] --START--
INFO: Run Behavior\BuildLiteBehavior [ RunTime:0.000004s ]
INFO: [ app_init ] --END-- [ RunTime:0.000031s ]
INFO: [ app_begin ] --START--
INFO: Run Behavior\ReadHtmlCacheBehavior [ RunTime:0.000012s ]
INFO: [ app_begin ] --END-- [ RunTime:0.000020s ]
ERR: {"status":1,"msg":"\u83b7\u53d6\u6210\u529f","data":[{"p":14520,"name":"\u4e01\u4e8c\u70ef\u80f6\u4e3b\u8fde","dm":"brm","zde":80,"zdf":0.55,"zjsj":14440},{"p":14795,"name":"\u4e0d\u9508\u94a2\u4e3b\u8fde","dm":"ssm","zde":-110,"zdf":-0.74,"zjsj":14905},{"p":142960,"name":"\u6caa\u954d\u4e3b\u8fde","dm":"nim","zde":-1160,"zdf":-0.8,"zjsj":144120},{"p":2888,"name":"\u6c27\u5316\u94dd\u4e3b\u8fde","dm":"aom","zde":0,"zdf":0,"zjsj":2888},{"p":3164,"name":"\u87ba\u7eb9\u94a2\u4e3b\u8fde","dm":"rbm","zde":7,"zdf":0.22,"zjsj":3157},{"p":104430,"name":"\u6caa\u94dc\u4e3b\u8fde","dm":"cum","zde":-410,"zdf":-0.39,"zjsj":104840},{"p":24265,"name":"\u6caa\u94dd\u4e3b\u8fde","dm":"alm","zde":-75,"zdf":-0.31,"zjsj":24340},{"p":3786,"name":"\u71c3\u6cb9\u4e3b\u8fde","dm":"fum","zde":-7,"zdf":-0.18,"zjsj":3793},{"p":425310,"name":"\u6caa\u9521\u4e3b\u8fde","dm":"snm","zde":-1140,"zdf":-0.27,"zjsj":426450},{"p":24665,"name":"\u6caa\u950c\u4e3b\u8fde","dm":"znm","zde":-215,"zdf":-0.86,"zjsj":24880},{"p":4880,"name":"\u7eb8\u6d46\u4e3b\u8fde","dm":"spm","zde":-58,"zdf":-1.17,"zjsj":4938},{"p":18323,"name":"\u6caa\u94f6\u4e3b\u8fde","dm":"agm","zde":117,"zdf":0.64,"zjsj":18206},{"p":3364,"name":"\u7ebf\u6750\u4e3b\u8fde","dm":"wrm","zde":8,"zdf":0.24,"zjsj":3356},{"p":17890,"name":"\u6a61\u80f6\u4e3b\u8fde","dm":"rum","zde":85,"zdf":0.48,"zjsj":17805},{"p":4175,"name":"\u6ca5\u9752\u4e3b\u8fde","dm":"bum","zde":-3,"zdf":-0.07,"zjsj":4178},{"p":3385,"name":"\u70ed\u5377\u4e3b\u8fde","dm":"hcm","zde":7,"zdf":0.21,"zjsj":3378},{"p":16540,"name":"\u6caa\u94c5\u4e3b\u8fde","dm":"pbm","zde":-10,"zdf":-0.06,"zjsj":16550},{"p":996.3,"name":"\u6caa\u91d1\u4e3b\u8fde","dm":"aum","zde":15.8,"zdf":1.61,"zjsj":980.5},{"p":4002,"name":"\u80f6\u7248\u7eb8\u4e3b\u8fde","dm":"opm","zde":-6,"zdf":-0.15,"zjsj":4008},{"p":22865,"name":"\u94f8\u9020\u94dd\u4e3b\u8fde","dm":"adm","zde":-60,"zdf":-0.26,"zjsj":22925}]}

[ 2026-05-31T22:49:34+08:00 ] ::1 /Home/PriceSync/getConfigList.html
INFO: [ app_init ] --START--
INFO: Run Behavior\BuildLiteBehavior [ RunTime:0.000007s ]
INFO: [ app_init ] --END-- [ RunTime:0.000053s ]
INFO: [ app_begin ] --START--
INFO: Run Behavior\ReadHtmlCacheBehavior [ RunTime:0.000019s ]
INFO: [ app_begin ] --END-- [ RunTime:0.000031s ]
SQL: SHOW COLUMNS FROM `price_sync_config` [ RunTime:0.0564s ]
SQL: SELECT * FROM `price_sync_config` WHERE `status` = 1 ORDER BY id asc  [ RunTime:0.0145s ]
ERR: {"status":1,"msg":"\u83b7\u53d6\u6210\u529f","data":[]}

[ 2026-05-31T22:49:34+08:00 ] ::1 /Home/PriceSync/getMaterials.html
INFO: [ app_init ] --START--
INFO: Run Behavior\BuildLiteBehavior [ RunTime:0.000012s ]
INFO: [ app_init ] --END-- [ RunTime:0.000092s ]
INFO: [ app_begin ] --START--
INFO: Run Behavior\ReadHtmlCacheBehavior [ RunTime:0.000083s ]
INFO: [ app_begin ] --END-- [ RunTime:0.000162s ]
SQL: SHOW COLUMNS FROM `new_label` [ RunTime:0.0074s ]
SQL: SELECT * FROM `new_label` WHERE `cate_label_id` > 0 AND `pid` = 0 ORDER BY cate_label_id asc, id asc  [ RunTime:0.0025s ]
SQL: SELECT `id`,`name` FROM `new_label` WHERE `id` IN (3,4,26,28,30,32,133,159,184)  [ RunTime:0.0039s ]
ERR: {"status":1,"msg":"\u83b7\u53d6\u6210\u529f","data":[{"id":5,"cate_label_id":3,"name":"\u73b0\u8d27\u94dc\u4ef7\u57fa\u7840\u503c","cate_type":0,"pid":0,"ratio":"100.0000","price":"94.7000","status":1,"is_del":1,"level":0,"add_time":1731588218,"up_time":1731678051,"pid_str":"","pid2":0,"pid2_str":"","ratio2":"100.0000","pid3":0,"pid3_str":"","ratio3":"100.0000","end_ratio":"0.0000","level2":0,"level3":0,"cat_name":"\u5bfc\u4f53\u6750\u6599\u4ef7\u683c"},{"id":51,"cate_label_id":3,"name":"\u73b0\u8d27\u94dd\u4ef7\u57fa\u7840\u503c","cate_type":0,"pid":0,"ratio":"100.0000","price":"23.0000","status":1,"is_del":1,"level":0,"add_time":1731682407,"up_time":1731682407,"pid_str":"","pid2":0,"pid2_str":"","ratio2":"100.0000","pid3":0,"pid3_str":"","ratio3":"100.0000","end_ratio":"0.0000","level2":0,"level3":0,"cat_name":"\u5bfc\u4f53\u6750\u6599\u4ef7\u683c"},{"id":99,"cate_label_id":3,"name":"\u67b6\u7a7a\u5bfc\u7ebf\u94a2\u4e1d\u4ef7","cate_type":0,"pid":0,"ratio":"0.0000","price":"5.0000","status":1,"is_del":1,"level":1,"add_time":1735382759,"up_time":1735382759,"pid_str":"","pid2":0,"pid2_str":"","ratio2":"100.0000","pid3":0,"pid3_str":"","ratio3":"100.0000","end_ratio":"0.0000","level2":1,"level3":1,"cat_name":"\u5bfc\u4f53\u6750\u6599\u4ef7\u683c"},{"id":94,"cate_label_id":4,"name":"\u9ed1\u4e91\u6bcd\u5e26","cate_type":0,"pid":0,"ratio":"0.0000","price":"38.0000","status":1,"is_del":1,"level":0,"add_time":1735321887,"up_time":1735321887,"pid_str":"","pid2":0,"pid2_str":"","ratio2":"100.0000","pid3":0,"pid3_str":"","ratio3":"100.0000","end_ratio":"0.0000","level2":0,"level3":0,"cat_name":"\u4e91\u6bcd\u6750\u6599\u4ef7\u683c"},{"id":27,"cate_label_id":26,"name":"\u4ea4\u8054\u805a\u4e59\u70ef\u4ef7\u683c","cate_type":0,"pid":0,"ratio":"0.0000","price":"12.0000","status":1,"is_del":1,"level":0,"add_time":1731673353,"up_time":1731673353,"pid_str":"","pid2":0,"pid2_str":"","ratio2":"100.0000","pid3":0,"pid3_str":"","ratio3":"100.0000","end_ratio":"0.0000","level2":0,"level3":0,"cat_name":"\u7edd\u7f18\u6750\u6599\u4ef7\u683c"},{"id":74,"cate_label_id":26,"name":"PVC\u805a\u6c2f\u4e59\u70ef\u4ef7","cate_type":0,"pid":0,"ratio":"100.0000","price":"7.5000","status":1,"is_del":1,"level":0,"add_time":1734582414,"up_time":1734582414,"pid_str":"","pid2":0,"pid2_str":"","ratio2":"100.0000","pid3":0,"pid3_str":"","ratio3":"100.0000","end_ratio":"0.0000","level2":0,"level3":0,"cat_name":"\u7edd\u7f18\u6750\u6599\u4ef7\u683c"},{"id":29,"cate_label_id":28,"name":"\u5bfc\u4f53+\u7edd\u7f18\u5c4f\u853d\u6599\u4ef7","cate_type":0,"pid":0,"ratio":"0.0000","price":"11.5000","status":1,"is_del":1,"level":0,"add_time":1731673397,"up_time":1731673397,"pid_str":"","pid2":0,"pid2_str":"","ratio2":"100.0000","pid3":0,"pid3_str":"","ratio3":"100.0000","end_ratio":"0.0000","level2":1,"level3":1,"cat_name":""},{"id":105,"cate_label_id":30,"name":"\u94a2\u5e26\u4ef7\u683c","cate_type":0,"pid":0,"ratio":"0.0000","price":"4.2000","status":1,"is_del":1,"level":0,"add_time":1735400959,"up_time":1735400959,"pid_str":"","pid2":0,"pid2_str":"","ratio2":"100.0000","pid3":0,"pid3_str":"","ratio3":"100.0000","end_ratio":"0.0000","level2":0,"level3":0,"cat_name":"\u91d1\u5c5e\u94e0\u88c5\u6750\u6599"},{"id":109,"cate_label_id":32,"name":"PVC\u805a\u6c2f\u4e59\u70ef","cate_type":0,"pid":0,"ratio":"0.0000","price":"7.0000","status":1,"is_del":1,"level":0,"add_time":1735401182,"up_time":1735401182,"pid_str":"","pid2":0,"pid2_str":"","ratio2":"100.0000","pid3":0,"pid3_str":"","ratio3":"100.0000","end_ratio":"0.0000","level2":0,"level3":0,"cat_name":""},{"id":134,"cate_label_id":133,"name":"XH-03A-\u77ff\u7528\u62a4\u5957","cate_type":0,"pid":0,"ratio":"0.0000","price":"8.0000","status":1,"is_del":1,"level":0,"add_time":1744771398,"up_time":1744771398,"pid_str":"","pid2":0,"pid2_str":"","ratio2":"0.0000","pid3":0,"pid3_str":"","ratio3":"0.0000","end_ratio":"0.0000","level2":0,"level3":0,"cat_name":"\u6a61\u80f6\u7535\u7f06\u6750\u6599\u4ef7\u683c"},{"id":160,"cate_label_id":159,"name":"\u6caa\u94dc","cate_type":0,"pid":0,"ratio":"0.0000","price":"107720.0000","status":1,"is_del":1,"level":0,"add_time":1772791661,"up_time":1772791661,"pid_str":"","pid2":0,"pid2_str":"","ratio2":"0.0000","pid3":0,"pid3_str":"","ratio3":"0.0000","end_ratio":"0.0000","level2":0,"level3":0,"cat_name":"\u57fa\u7840\u91d1\u5c5e\u5217\u8868"},{"id":161,"cate_label_id":159,"name":"\u6caa\u94dd","cate_type":0,"pid":0,"ratio":"0.0000","price":"24640.0000","status":1,"is_del":1,"level":0,"add_time":1775158584,"up_time":1775158584,"pid_str":"","pid2":0,"pid2_str":"","ratio2":"0.0000","pid3":0,"pid3_str":"","ratio3":"0.0000","end_ratio":"0.0000","level2":0,"level3":0,"cat_name":"\u57fa\u7840\u91d1\u5c5e\u5217\u8868"},{"id":162,"cate_label_id":159,"name":"\u6caa\u954d","cate_type":0,"pid":0,"ratio":"0.0000","price":"145650.0000","status":1,"is_del":1,"level":0,"add_time":1775158650,"up_time":1775158650,"pid_str":"","pid2":0,"pid2_str":"","ratio2":"0.0000","pid3":0,"pid3_str":"","ratio3":"0.0000","end_ratio":"0.0000","level2":0,"level3":0,"cat_name":"\u57fa\u7840\u91d1\u5c5e\u5217\u8868"},{"id":163,"cate_label_id":159,"name":"\u6caa\u9521","cate_type":0,"pid":0,"ratio":"0.0000","price":"437040.0000","status":1,"is_del":1,"level":0,"add_time":1775158678,"up_time":1775158678,"pid_str":"","pid2":0,"pid2_str":"","ratio2":"0.0000","pid3":0,"pid3_str":"","ratio3":"0.0000","end_ratio":"0.0000","level2":0,"level3":0,"cat_name":"\u57fa\u7840\u91d1\u5c5e\u5217\u8868"},{"id":164,"cate_label_id":159,"name":"\u6caa\u950c","cate_type":0,"pid":0,"ratio":"0.0000","price":"24640.0000","status":1,"is_del":1,"level":0,"add_time":1775158807,"up_time":1775158807,"pid_str":"","pid2":0,"pid2_str":"","ratio2":"0.0000","pid3":0,"pid3_str":"","ratio3":"0.0000","end_ratio":"0.0000","level2":0,"level3":0,"cat_name":"\u57fa\u7840\u91d1\u5c5e\u5217\u8868"},{"id":165,"cate_label_id":159,"name":"\u4e0d\u9508\u94a2","cate_type":0,"pid":0,"ratio":"0.0000","price":"15065.0000","status":1,"is_del":1,"level":0,"add_time":1775158827,"up_time":1775158827,"pid_str":"","pid2":0,"pid2_str":"","ratio2":"0.0000","pid3":0,"pid3_str":"","ratio3":"0.0000","end_ratio":"0.0000","level2":0,"level3":0,"cat_name":"\u57fa\u7840\u91d1\u5c5e\u5217\u8868"},{"id":166,"cate_label_id":159,"name":"\u6caa\u94f6","cate_type":0,"pid":0,"ratio":"0.0000","price":"20964.0000","status":1,"is_del":1,"level":0,"add_time":1775158945,"up_time":1775158945,"pid_str":"","pid2":0,"pid2_str":"","ratio2":"0.0000","pid3":0,"pid3_str":"","ratio3":"0.0000","end_ratio":"0.0000","level2":0,"level3":0,"cat_name":"\u57fa\u7840\u91d1\u5c5e\u5217\u8868"},{"id":167,"cate_label_id":159,"name":"\u6caa\u91d1","cate_type":0,"pid":0,"ratio":"0.0000","price":"1027.1000","status":1,"is_del":1,"level":0,"add_time":1775159038,"up_time":1775159038,"pid_str":"","pid2":0,"pid2_str":"","ratio2":"0.0000","pid3":0,"pid3_str":"","ratio3":"0.0000","end_ratio":"0.0000","level2":0,"level3":0,"cat_name":"\u57fa\u7840\u91d1\u5c5e\u5217\u8868"},{"id":168,"cate_label_id":159,"name":"\u7845\u94c1","cate_type":0,"pid":0,"ratio":"0.0000","price":"5762.0000","status":1,"is_del":1,"level":0,"add_time":1775159058,"up_time":1775159058,"pid_str":"","pid2":0,"pid2_str":"","ratio2":"0.0000","pid3":0,"pid3_str":"","ratio3":"0.0000","end_ratio":"0.0000","level2":0,"level3":0,"cat_name":"\u57fa\u7840\u91d1\u5c5e\u5217\u8868"},{"id":169,"cate_label_id":159,"name":"\u94c1\u77ff\u77f3","cate_type":0,"pid":0,"ratio":"0.0000","price":"815.5000","status":1,"is_del":1,"level":0,"add_time":1775159155,"up_time":1775159155,"pid_str":"","pid2":0,"pid2_str":"","ratio2":"0.0000","pid3":0,"pid3_str":"","ratio3":"0.0000","end_ratio":"0.0000","level2":0,"level3":0,"cat_name":"\u57fa\u7840\u91d1\u5c5e\u5217\u8868"},{"id":170,"cate_label_id":159,"name":"\u87ba\u7eb9\u94a2","cate_type":0,"pid":0,"ratio":"0.0000","price":"3249.0000","status":1,"is_del":1,"level":0,"add_time":1775159188,"up_time":1775159188,"pid_str":"","pid2":0,"pid2_str":"","ratio2":"0.0000","pid3":0,"pid3_str":"","ratio3":"0.0000","end_ratio":"0.0000","level2":0,"level3":0,"cat_name":"\u57fa\u7840\u91d1\u5c5e\u5217\u8868"},{"id":171,"cate_label_id":159,"name":"\u70ed\u5377","cate_type":0,"pid":0,"ratio":"0.0000","price":"3468.0000","status":1,"is_del":1,"level":0,"add_time":1775159363,"up_time":1775159363,"pid_str":"","pid2":0,"pid2_str":"","ratio2":"0.0000","pid3":0,"pid3_str":"","ratio3":"0.0000","end_ratio":"0.0000","level2":0,"level3":0,"cat_name":"\u57fa\u7840\u91d1\u5c5e\u5217\u8868"},{"id":172,"cate_label_id":159,"name":"\u9530\u7845","cate_type":0,"pid":0,"ratio":"0.0000","price":"5878.0000","status":1,"is_del":1,"level":0,"add_time":1775159401,"up_time":1775159401,"pid_str":"","pid2":0,"pid2_str":"","ratio2":"0.0000","pid3":0,"pid3_str":"","ratio3":"0.0000","end_ratio":"0.0000","level2":0,"level3":0,"cat_name":"\u57fa\u7840\u91d1\u5c5e\u5217\u8868"},{"id":173,"cate_label_id":159,"name":"\u94c2\u91d1","cate_type":0,"pid":0,"ratio":"0.0000","price":"2141.4000","status":1,"is_del":1,"level":0,"add_time":1775159416,"up_time":1775159416,"pid_str":"","pid2":0,"pid2_str":"","ratio2":"0.0000","pid3":0,"pid3_str":"","ratio3":"0.0000","end_ratio":"0.0000","level2":0,"level3":0,"cat_name":"\u57fa\u7840\u91d1\u5c5e\u5217\u8868"},{"id":174,"cate_label_id":159,"name":"\u94af\u91d1","cate_type":0,"pid":0,"ratio":"0.0000","price":"1508.0000","status":1,"is_del":1,"level":0,"add_time":1775159431,"up_time":1775159431,"pid_str":"","pid2":0,"pid2_str":"","ratio2":"0.0000","pid3":0,"pid3_str":"","ratio3":"0.0000","end_ratio":"0.0000","level2":0,"level3":0,"cat_name":"\u57fa\u7840\u91d1\u5c5e\u5217\u8868"},{"id":175,"cate_label_id":159,"name":"\u5de5\u4e1a\u7845","cate_type":0,"pid":0,"ratio":"0.0000","price":"8795.0000","status":1,"is_del":1,"level":0,"add_time":1775159442,"up_time":1775159442,"pid_str":"","pid2":0,"pid2_str":"","ratio2":"0.0000","pid3":0,"pid3_str":"","ratio3":"0.0000","end_ratio":"0.0000","level2":0,"level3":0,"cat_name":"\u57fa\u7840\u91d1\u5c5e\u5217\u8868"},{"id":176,"cate_label_id":159,"name":"\u94dd\u5408\u91d1","cate_type":0,"pid":0,"ratio":"0.0000","price":"23255.0000","status":1,"is_del":1,"level":0,"add_time":1775159467,"up_time":1775159467,"pid_str":"","pid2":0,"pid2_str":"","ratio2":"0.0000","pid3":0,"pid3_str":"","ratio3":"0.0000","end_ratio":"0.0000","level2":0,"level3":0,"cat_name":"\u57fa\u7840\u91d1\u5c5e\u5217\u8868"},{"id":177,"cate_label_id":159,"name":"\u6c27\u5316\u94dd","cate_type":0,"pid":0,"ratio":"0.0000","price":"2776.0000","status":1,"is_del":1,"level":0,"add_time":1775159483,"up_time":1775159483,"pid_str":"","pid2":0,"pid2_str":"","ratio2":"0.0000","pid3":0,"pid3_str":"","ratio3":"0.0000","end_ratio":"0.0000","level2":0,"level3":0,"cat_name":"\u57fa\u7840\u91d1\u5c5e\u5217\u8868"},{"id":178,"cate_label_id":159,"name":"\u7ebf\u6750","cate_type":0,"pid":0,"ratio":"0.0000","price":"3395.0000","status":1,"is_del":1,"level":0,"add_time":1775159497,"up_time":1775159497,"pid_str":"","pid2":0,"pid2_str":"","ratio2":"0.0000","pid3":0,"pid3_str":"","ratio3":"0.0000","end_ratio":"0.0000","level2":0,"level3":0,"cat_name":"\u57fa\u7840\u91d1\u5c5e\u5217\u8868"},{"id":179,"cate_label_id":159,"name":"\u73bb\u7483","cate_type":0,"pid":0,"ratio":"0.0000","price":"1068.0000","status":1,"is_del":1,"level":0,"add_time":1775159539,"up_time":1775159539,"pid_str":"","pid2":0,"pid2_str":"","ratio2":"0.0000","pid3":0,"pid3_str":"","ratio3":"0.0000","end_ratio":"0.0000","level2":0,"level3":0,"cat_name":"\u57fa\u7840\u91d1\u5c5e\u5217\u8868"},{"id":180,"cate_label_id":159,"name":"\u91d1\u5c5e\u94ec","cate_type":0,"pid":0,"ratio":"0.0000","price":"91.5000","status":1,"is_del":1,"level":0,"add_time":1775159558,"up_time":1775159558,"pid_str":"","pid2":0,"pid2_str":"","ratio2":"0.0000","pid3":0,"pid3_str":"","ratio3":"0.0000","end_ratio":"0.0000","level2":0,"level3":0,"cat_name":"\u57fa\u7840\u91d1\u5c5e\u5217\u8868"},{"id":181,"cate_label_id":159,"name":"\u77f3\u58a8\u70ef","cate_type":0,"pid":0,"ratio":"0.0000","price":"555.0000","status":1,"is_del":1,"level":0,"add_time":1775159576,"up_time":1775159576,"pid_str":"","pid2":0,"pid2_str":"","ratio2":"0.0000","pid3":0,"pid3_str":"","ratio3":"0.0000","end_ratio":"0.0000","level2":0,"level3":0,"cat_name":"\u57fa\u7840\u91d1\u5c5e\u5217\u8868"},{"id":182,"cate_label_id":159,"name":"\u91d1\u5c5e\u94b4","cate_type":0,"pid":0,"ratio":"0.0000","price":"989.0000","status":1,"is_del":1,"level":0,"add_time":1775159588,"up_time":1775159588,"pid_str":"","pid2":0,"pid2_str":"","ratio2":"0.0000","pid3":0,"pid3_str":"","ratio3":"0.0000","end_ratio":"0.0000","level2":0,"level3":0,"cat_name":"\u57fa\u7840\u91d1\u5c5e\u5217\u8868"},{"id":183,"cate_label_id":159,"name":"\u5f85\u5b9a","cate_type":0,"pid":0,"ratio":"0.0000","price":"91.5000","status":1,"is_del":1,"level":0,"add_time":1775160000,"up_time":1775160000,"pid_str":"","pid2":0,"pid2_str":"","ratio2":"0.0000","pid3":0,"pid3_str":"","ratio3":"0.0000","end_ratio":"0.0000","level2":0,"level3":0,"cat_name":"\u57fa\u7840\u91d1\u5c5e\u5217\u8868"},{"id":189,"cate_label_id":159,"name":"\u5907\u75281","cate_type":0,"pid":0,"ratio":"0.0000","price":"1.0000","status":1,"is_del":1,"level":1,"add_time":1778617483,"up_time":1778617483,"pid_str":"","pid2":0,"pid2_str":"","ratio2":"0.0000","pid3":0,"pid3_str":"","ratio3":"0.0000","end_ratio":"0.0000","level2":1,"level3":1,"cat_name":"\u57fa\u7840\u91d1\u5c5e\u5217\u8868"},{"id":190,"cate_label_id":159,"name":"\u5907\u75282","cate_type":0,"pid":0,"ratio":"0.0000","price":"2.0000","status":1,"is_del":1,"level":1,"add_time":1778617496,"up_time":1778617496,"pid_str":"","pid2":0,"pid2_str":"","ratio2":"0.0000","pid3":0,"pid3_str":"","ratio3":"0.0000","end_ratio":"0.0000","level2":1,"level3":1,"cat_name":"\u57fa\u7840\u91d1\u5c5e\u5217\u8868"},{"id":191,"cate_label_id":159,"name":"\u5907\u75283","cate_type":0,"pid":0,"ratio":"0.0000","price":"3.0000","status":1,"is_del":1,"level":1,"add_time":1778617507,"up_time":1778617507,"pid_str":"","pid2":0,"pid2_str":"","ratio2":"0.0000","pid3":0,"pid3_str":"","ratio3":"0.0000","end_ratio":"0.0000","level2":1,"level3":1,"cat_name":"\u57fa\u7840\u91d1\u5c5e\u5217\u8868"},{"id":192,"cate_label_id":159,"name":"\u5907\u75284","cate_type":0,"pid":0,"ratio":"0.0000","price":"4.0000","status":1,"is_del":1,"level":1,"add_time":1778617516,"up_time":1778617516,"pid_str":"","pid2":0,"pid2_str":"","ratio2":"0.0000","pid3":0,"pid3_str":"","ratio3":"0.0000","end_ratio":"0.0000","level2":1,"level3":1,"cat_name":"\u57fa\u7840\u91d1\u5c5e\u5217\u8868"},{"id":193,"cate_label_id":159,"name":"\u5907\u75285","cate_type":0,"pid":0,"ratio":"0.0000","price":"5.0000","status":1,"is_del":1,"level":1,"add_time":1778617527,"up_time":1778617527,"pid_str":"","pid2":0,"pid2_str":"","ratio2":"0.0000","pid3":0,"pid3_str":"","ratio3":"0.0000","end_ratio":"0.0000","level2":1,"level3":1,"cat_name":"\u57fa\u7840\u91d1\u5c5e\u5217\u8868"},{"id":194,"cate_label_id":159,"name":"\u5907\u75286","cate_type":0,"pid":0,"ratio":"0.0000","price":"6.0000","status":1,"is_del":1,"level":1,"add_time":1778617537,"up_time":1778617537,"pid_str":"","pid2":0,"pid2_str":"","ratio2":"0.0000","pid3":0,"pid3_str":"","ratio3":"0.0000","end_ratio":"0.0000","level2":1,"level3":1,"cat_name":"\u57fa\u7840\u91d1\u5c5e\u5217\u8868"},{"id":185,"cate_label_id":184,"name":"\u57fa\u7840\u94dc\u4ef7","cate_type":0,"pid":0,"ratio":"0.0000","price":"96.5000","status":1,"is_del":1,"level":1,"add_time":1775216239,"up_time":1775216239,"pid_str":"","pid2":0,"pid2_str":"","ratio2":"0.0000","pid3":0,"pid3_str":"","ratio3":"0.0000","end_ratio":"0.0000","level2":1,"level3":1,"cat_name":"\u5bfc\u4f53\u5206\u7c7b"},{"id":186,"cate_label_id":184,"name":"\u57fa\u7840\u94dd\u4ef7","cate_type":0,"pid":0,"ratio":"0.0000","price":"24.0000","status":1,"is_del":1,"level":1,"add_time":1775216251,"up_time":1775216251,"pid_str":"","pid2":0,"pid2_str":"","ratio2":"0.0000","pid3":0,"pid3_str":"","ratio3":"0.0000","end_ratio":"0.0000","level2":1,"level3":1,"cat_name":"\u5bfc\u4f53\u5206\u7c7b"},{"id":187,"cate_label_id":184,"name":"\u57fa\u7840\u94a2\u4ef7","cate_type":0,"pid":0,"ratio":"0.0000","price":"4.5000","status":1,"is_del":1,"level":0,"add_time":1775216277,"up_time":1775216277,"pid_str":"","pid2":0,"pid2_str":"","ratio2":"0.0000","pid3":0,"pid3_str":"","ratio3":"0.0000","end_ratio":"0.0000","level2":0,"level3":0,"cat_name":"\u5bfc\u4f53\u5206\u7c7b"},{"id":188,"cate_label_id":184,"name":"\u57fa\u7840\u954d\u4ef7","cate_type":0,"pid":0,"ratio":"0.0000","price":"135.0000","status":1,"is_del":1,"level":1,"add_time":1775216322,"up_time":1775216322,"pid_str":"","pid2":0,"pid2_str":"","ratio2":"0.0000","pid3":0,"pid3_str":"","ratio3":"0.0000","end_ratio":"0.0000","level2":1,"level3":1,"cat_name":"\u5bfc\u4f53\u5206\u7c7b"}]}

[ 2026-05-31T22:51:44+08:00 ] ::1 /Home/NewLabel/index
INFO: [ app_init ] --START--
INFO: Run Behavior\BuildLiteBehavior [ RunTime:0.000013s ]
INFO: [ app_init ] --END-- [ RunTime:0.000181s ]
INFO: [ app_begin ] --START--
INFO: Run Behavior\ReadHtmlCacheBehavior [ RunTime:0.000079s ]
INFO: [ app_begin ] --END-- [ RunTime:0.000114s ]
SQL: SHOW COLUMNS FROM `new_label` [ RunTime:0.0126s ]
SQL: SELECT * FROM `new_label` ORDER BY id asc  [ RunTime:0.0017s ]
INFO: [ view_parse ] --START--
INFO: [ template_filter ] --START--
INFO: Run Behavior\ContentReplaceBehavior [ RunTime:0.000226s ]
INFO: [ template_filter ] --END-- [ RunTime:0.000339s ]
INFO: Run Behavior\ParseTemplateBehavior [ RunTime:0.033627s ]
INFO: [ view_parse ] --END-- [ RunTime:0.033677s ]
INFO: [ view_filter ] --START--
INFO: Run Behavior\WriteHtmlCacheBehavior [ RunTime:0.000090s ]
INFO: [ view_filter ] --END-- [ RunTime:0.000125s ]
INFO: [ app_end ] --START--
INFO: Run Behavior\ShowPageTraceBehavior [ RunTime:0.000054s ]
INFO: [ app_end ] --END-- [ RunTime:0.000063s ]

[ 2026-05-31T22:54:45+08:00 ] ::1 /Home/PriceSync/index
INFO: [ app_init ] --START--
INFO: Run Behavior\BuildLiteBehavior [ RunTime:0.000017s ]
INFO: [ app_init ] --END-- [ RunTime:0.000216s ]
INFO: [ app_begin ] --START--
INFO: Run Behavior\ReadHtmlCacheBehavior [ RunTime:0.000076s ]
INFO: [ app_begin ] --END-- [ RunTime:0.000111s ]
INFO: [ view_parse ] --START--
INFO: [ template_filter ] --START--
INFO: Run Behavior\ContentReplaceBehavior [ RunTime:0.000127s ]
INFO: [ template_filter ] --END-- [ RunTime:0.000153s ]
INFO: Run Behavior\ParseTemplateBehavior [ RunTime:0.007258s ]
INFO: [ view_parse ] --END-- [ RunTime:0.007291s ]
INFO: [ view_filter ] --START--
INFO: Run Behavior\WriteHtmlCacheBehavior [ RunTime:0.000050s ]
INFO: [ view_filter ] --END-- [ RunTime:0.000060s ]
INFO: [ app_end ] --START--
INFO: Run Behavior\ShowPageTraceBehavior [ RunTime:0.000048s ]
INFO: [ app_end ] --END-- [ RunTime:0.000058s ]

[ 2026-05-31T22:54:45+08:00 ] ::1 /Home/PriceSync/getQuotes.html
INFO: [ app_init ] --START--
INFO: Run Behavior\BuildLiteBehavior [ RunTime:0.000006s ]
INFO: [ app_init ] --END-- [ RunTime:0.000061s ]
INFO: [ app_begin ] --START--
INFO: Run Behavior\ReadHtmlCacheBehavior [ RunTime:0.000031s ]
INFO: [ app_begin ] --END-- [ RunTime:0.000051s ]
ERR: {"status":1,"msg":"\u83b7\u53d6\u6210\u529f","data":[{"p":14520,"name":"\u4e01\u4e8c\u70ef\u80f6\u4e3b\u8fde","dm":"brm","zde":80,"zdf":0.55,"zjsj":14440},{"p":14795,"name":"\u4e0d\u9508\u94a2\u4e3b\u8fde","dm":"ssm","zde":-110,"zdf":-0.74,"zjsj":14905},{"p":142960,"name":"\u6caa\u954d\u4e3b\u8fde","dm":"nim","zde":-1160,"zdf":-0.8,"zjsj":144120},{"p":2888,"name":"\u6c27\u5316\u94dd\u4e3b\u8fde","dm":"aom","zde":0,"zdf":0,"zjsj":2888},{"p":3164,"name":"\u87ba\u7eb9\u94a2\u4e3b\u8fde","dm":"rbm","zde":7,"zdf":0.22,"zjsj":3157},{"p":104430,"name":"\u6caa\u94dc\u4e3b\u8fde","dm":"cum","zde":-410,"zdf":-0.39,"zjsj":104840},{"p":24265,"name":"\u6caa\u94dd\u4e3b\u8fde","dm":"alm","zde":-75,"zdf":-0.31,"zjsj":24340},{"p":3786,"name":"\u71c3\u6cb9\u4e3b\u8fde","dm":"fum","zde":-7,"zdf":-0.18,"zjsj":3793},{"p":425310,"name":"\u6caa\u9521\u4e3b\u8fde","dm":"snm","zde":-1140,"zdf":-0.27,"zjsj":426450},{"p":24665,"name":"\u6caa\u950c\u4e3b\u8fde","dm":"znm","zde":-215,"zdf":-0.86,"zjsj":24880},{"p":4880,"name":"\u7eb8\u6d46\u4e3b\u8fde","dm":"spm","zde":-58,"zdf":-1.17,"zjsj":4938},{"p":18323,"name":"\u6caa\u94f6\u4e3b\u8fde","dm":"agm","zde":117,"zdf":0.64,"zjsj":18206},{"p":3364,"name":"\u7ebf\u6750\u4e3b\u8fde","dm":"wrm","zde":8,"zdf":0.24,"zjsj":3356},{"p":17890,"name":"\u6a61\u80f6\u4e3b\u8fde","dm":"rum","zde":85,"zdf":0.48,"zjsj":17805},{"p":4175,"name":"\u6ca5\u9752\u4e3b\u8fde","dm":"bum","zde":-3,"zdf":-0.07,"zjsj":4178},{"p":3385,"name":"\u70ed\u5377\u4e3b\u8fde","dm":"hcm","zde":7,"zdf":0.21,"zjsj":3378},{"p":16540,"name":"\u6caa\u94c5\u4e3b\u8fde","dm":"pbm","zde":-10,"zdf":-0.06,"zjsj":16550},{"p":996.3,"name":"\u6caa\u91d1\u4e3b\u8fde","dm":"aum","zde":15.8,"zdf":1.61,"zjsj":980.5},{"p":4002,"name":"\u80f6\u7248\u7eb8\u4e3b\u8fde","dm":"opm","zde":-6,"zdf":-0.15,"zjsj":4008},{"p":22865,"name":"\u94f8\u9020\u94dd\u4e3b\u8fde","dm":"adm","zde":-60,"zdf":-0.26,"zjsj":22925}]}

[ 2026-05-31T22:54:45+08:00 ] ::1 /Home/PriceSync/getConfigList.html
INFO: [ app_init ] --START--
INFO: Run Behavior\BuildLiteBehavior [ RunTime:0.000007s ]
INFO: [ app_init ] --END-- [ RunTime:0.000073s ]
INFO: [ app_begin ] --START--
INFO: Run Behavior\ReadHtmlCacheBehavior [ RunTime:0.000032s ]
INFO: [ app_begin ] --END-- [ RunTime:0.000055s ]
SQL: SHOW COLUMNS FROM `price_sync_config` [ RunTime:0.0098s ]
SQL: SELECT * FROM `price_sync_config` WHERE `status` = 1 ORDER BY id asc  [ RunTime:0.0055s ]
ERR: {"status":1,"msg":"\u83b7\u53d6\u6210\u529f","data":[]}

[ 2026-05-31T22:54:45+08:00 ] ::1 /Home/PriceSync/getMaterials.html
INFO: [ app_init ] --START--
INFO: Run Behavior\BuildLiteBehavior [ RunTime:0.000010s ]
INFO: [ app_init ] --END-- [ RunTime:0.000082s ]
INFO: [ app_begin ] --START--
INFO: Run Behavior\ReadHtmlCacheBehavior [ RunTime:0.000043s ]
INFO: [ app_begin ] --END-- [ RunTime:0.000084s ]
SQL: SHOW COLUMNS FROM `new_label` [ RunTime:0.0100s ]
SQL: SELECT `id`,`name` FROM `new_label` WHERE `cate_label_id` = 0 AND `cate_type` = 0  [ RunTime:0.0027s ]
SQL: SELECT * FROM `new_label` WHERE `cate_label_id` IN (3,4,26,30,133,159,184) AND `pid` = 0 ORDER BY cate_label_id asc, id asc  [ RunTime:0.0017s ]
ERR: {"status":1,"msg":"\u83b7\u53d6\u6210\u529f","data":[{"id":5,"cate_label_id":3,"name":"\u73b0\u8d27\u94dc\u4ef7\u57fa\u7840\u503c","cate_type":0,"pid":0,"ratio":"100.0000","price":"94.7000","status":1,"is_del":1,"level":0,"add_time":1731588218,"up_time":1731678051,"pid_str":"","pid2":0,"pid2_str":"","ratio2":"100.0000","pid3":0,"pid3_str":"","ratio3":"100.0000","end_ratio":"0.0000","level2":0,"level3":0,"cat_name":"\u5bfc\u4f53\u6750\u6599\u4ef7\u683c"},{"id":51,"cate_label_id":3,"name":"\u73b0\u8d27\u94dd\u4ef7\u57fa\u7840\u503c","cate_type":0,"pid":0,"ratio":"100.0000","price":"23.0000","status":1,"is_del":1,"level":0,"add_time":1731682407,"up_time":1731682407,"pid_str":"","pid2":0,"pid2_str":"","ratio2":"100.0000","pid3":0,"pid3_str":"","ratio3":"100.0000","end_ratio":"0.0000","level2":0,"level3":0,"cat_name":"\u5bfc\u4f53\u6750\u6599\u4ef7\u683c"},{"id":99,"cate_label_id":3,"name":"\u67b6\u7a7a\u5bfc\u7ebf\u94a2\u4e1d\u4ef7","cate_type":0,"pid":0,"ratio":"0.0000","price":"5.0000","status":1,"is_del":1,"level":1,"add_time":1735382759,"up_time":1735382759,"pid_str":"","pid2":0,"pid2_str":"","ratio2":"100.0000","pid3":0,"pid3_str":"","ratio3":"100.0000","end_ratio":"0.0000","level2":1,"level3":1,"cat_name":"\u5bfc\u4f53\u6750\u6599\u4ef7\u683c"},{"id":94,"cate_label_id":4,"name":"\u9ed1\u4e91\u6bcd\u5e26","cate_type":0,"pid":0,"ratio":"0.0000","price":"38.0000","status":1,"is_del":1,"level":0,"add_time":1735321887,"up_time":1735321887,"pid_str":"","pid2":0,"pid2_str":"","ratio2":"100.0000","pid3":0,"pid3_str":"","ratio3":"100.0000","end_ratio":"0.0000","level2":0,"level3":0,"cat_name":"\u4e91\u6bcd\u6750\u6599\u4ef7\u683c"},{"id":27,"cate_label_id":26,"name":"\u4ea4\u8054\u805a\u4e59\u70ef\u4ef7\u683c","cate_type":0,"pid":0,"ratio":"0.0000","price":"12.0000","status":1,"is_del":1,"level":0,"add_time":1731673353,"up_time":1731673353,"pid_str":"","pid2":0,"pid2_str":"","ratio2":"100.0000","pid3":0,"pid3_str":"","ratio3":"100.0000","end_ratio":"0.0000","level2":0,"level3":0,"cat_name":"\u7edd\u7f18\u6750\u6599\u4ef7\u683c"},{"id":74,"cate_label_id":26,"name":"PVC\u805a\u6c2f\u4e59\u70ef\u4ef7","cate_type":0,"pid":0,"ratio":"100.0000","price":"7.5000","status":1,"is_del":1,"level":0,"add_time":1734582414,"up_time":1734582414,"pid_str":"","pid2":0,"pid2_str":"","ratio2":"100.0000","pid3":0,"pid3_str":"","ratio3":"100.0000","end_ratio":"0.0000","level2":0,"level3":0,"cat_name":"\u7edd\u7f18\u6750\u6599\u4ef7\u683c"},{"id":105,"cate_label_id":30,"name":"\u94a2\u5e26\u4ef7\u683c","cate_type":0,"pid":0,"ratio":"0.0000","price":"4.2000","status":1,"is_del":1,"level":0,"add_time":1735400959,"up_time":1735400959,"pid_str":"","pid2":0,"pid2_str":"","ratio2":"100.0000","pid3":0,"pid3_str":"","ratio3":"100.0000","end_ratio":"0.0000","level2":0,"level3":0,"cat_name":"\u91d1\u5c5e\u94e0\u88c5\u6750\u6599"},{"id":134,"cate_label_id":133,"name":"XH-03A-\u77ff\u7528\u62a4\u5957","cate_type":0,"pid":0,"ratio":"0.0000","price":"8.0000","status":1,"is_del":1,"level":0,"add_time":1744771398,"up_time":1744771398,"pid_str":"","pid2":0,"pid2_str":"","ratio2":"0.0000","pid3":0,"pid3_str":"","ratio3":"0.0000","end_ratio":"0.0000","level2":0,"level3":0,"cat_name":"\u6a61\u80f6\u7535\u7f06\u6750\u6599\u4ef7\u683c"},{"id":160,"cate_label_id":159,"name":"\u6caa\u94dc","cate_type":0,"pid":0,"ratio":"0.0000","price":"107720.0000","status":1,"is_del":1,"level":0,"add_time":1772791661,"up_time":1772791661,"pid_str":"","pid2":0,"pid2_str":"","ratio2":"0.0000","pid3":0,"pid3_str":"","ratio3":"0.0000","end_ratio":"0.0000","level2":0,"level3":0,"cat_name":"\u57fa\u7840\u91d1\u5c5e\u5217\u8868"},{"id":161,"cate_label_id":159,"name":"\u6caa\u94dd","cate_type":0,"pid":0,"ratio":"0.0000","price":"24640.0000","status":1,"is_del":1,"level":0,"add_time":1775158584,"up_time":1775158584,"pid_str":"","pid2":0,"pid2_str":"","ratio2":"0.0000","pid3":0,"pid3_str":"","ratio3":"0.0000","end_ratio":"0.0000","level2":0,"level3":0,"cat_name":"\u57fa\u7840\u91d1\u5c5e\u5217\u8868"},{"id":162,"cate_label_id":159,"name":"\u6caa\u954d","cate_type":0,"pid":0,"ratio":"0.0000","price":"145650.0000","status":1,"is_del":1,"level":0,"add_time":1775158650,"up_time":1775158650,"pid_str":"","pid2":0,"pid2_str":"","ratio2":"0.0000","pid3":0,"pid3_str":"","ratio3":"0.0000","end_ratio":"0.0000","level2":0,"level3":0,"cat_name":"\u57fa\u7840\u91d1\u5c5e\u5217\u8868"},{"id":163,"cate_label_id":159,"name":"\u6caa\u9521","cate_type":0,"pid":0,"ratio":"0.0000","price":"437040.0000","status":1,"is_del":1,"level":0,"add_time":1775158678,"up_time":1775158678,"pid_str":"","pid2":0,"pid2_str":"","ratio2":"0.0000","pid3":0,"pid3_str":"","ratio3":"0.0000","end_ratio":"0.0000","level2":0,"level3":0,"cat_name":"\u57fa\u7840\u91d1\u5c5e\u5217\u8868"},{"id":164,"cate_label_id":159,"name":"\u6caa\u950c","cate_type":0,"pid":0,"ratio":"0.0000","price":"24640.0000","status":1,"is_del":1,"level":0,"add_time":1775158807,"up_time":1775158807,"pid_str":"","pid2":0,"pid2_str":"","ratio2":"0.0000","pid3":0,"pid3_str":"","ratio3":"0.0000","end_ratio":"0.0000","level2":0,"level3":0,"cat_name":"\u57fa\u7840\u91d1\u5c5e\u5217\u8868"},{"id":165,"cate_label_id":159,"name":"\u4e0d\u9508\u94a2","cate_type":0,"pid":0,"ratio":"0.0000","price":"15065.0000","status":1,"is_del":1,"level":0,"add_time":1775158827,"up_time":1775158827,"pid_str":"","pid2":0,"pid2_str":"","ratio2":"0.0000","pid3":0,"pid3_str":"","ratio3":"0.0000","end_ratio":"0.0000","level2":0,"level3":0,"cat_name":"\u57fa\u7840\u91d1\u5c5e\u5217\u8868"},{"id":166,"cate_label_id":159,"name":"\u6caa\u94f6","cate_type":0,"pid":0,"ratio":"0.0000","price":"20964.0000","status":1,"is_del":1,"level":0,"add_time":1775158945,"up_time":1775158945,"pid_str":"","pid2":0,"pid2_str":"","ratio2":"0.0000","pid3":0,"pid3_str":"","ratio3":"0.0000","end_ratio":"0.0000","level2":0,"level3":0,"cat_name":"\u57fa\u7840\u91d1\u5c5e\u5217\u8868"},{"id":167,"cate_label_id":159,"name":"\u6caa\u91d1","cate_type":0,"pid":0,"ratio":"0.0000","price":"1027.1000","status":1,"is_del":1,"level":0,"add_time":1775159038,"up_time":1775159038,"pid_str":"","pid2":0,"pid2_str":"","ratio2":"0.0000","pid3":0,"pid3_str":"","ratio3":"0.0000","end_ratio":"0.0000","level2":0,"level3":0,"cat_name":"\u57fa\u7840\u91d1\u5c5e\u5217\u8868"},{"id":168,"cate_label_id":159,"name":"\u7845\u94c1","cate_type":0,"pid":0,"ratio":"0.0000","price":"5762.0000","status":1,"is_del":1,"level":0,"add_time":1775159058,"up_time":1775159058,"pid_str":"","pid2":0,"pid2_str":"","ratio2":"0.0000","pid3":0,"pid3_str":"","ratio3":"0.0000","end_ratio":"0.0000","level2":0,"level3":0,"cat_name":"\u57fa\u7840\u91d1\u5c5e\u5217\u8868"},{"id":169,"cate_label_id":159,"name":"\u94c1\u77ff\u77f3","cate_type":0,"pid":0,"ratio":"0.0000","price":"815.5000","status":1,"is_del":1,"level":0,"add_time":1775159155,"up_time":1775159155,"pid_str":"","pid2":0,"pid2_str":"","ratio2":"0.0000","pid3":0,"pid3_str":"","ratio3":"0.0000","end_ratio":"0.0000","level2":0,"level3":0,"cat_name":"\u57fa\u7840\u91d1\u5c5e\u5217\u8868"},{"id":170,"cate_label_id":159,"name":"\u87ba\u7eb9\u94a2","cate_type":0,"pid":0,"ratio":"0.0000","price":"3249.0000","status":1,"is_del":1,"level":0,"add_time":1775159188,"up_time":1775159188,"pid_str":"","pid2":0,"pid2_str":"","ratio2":"0.0000","pid3":0,"pid3_str":"","ratio3":"0.0000","end_ratio":"0.0000","level2":0,"level3":0,"cat_name":"\u57fa\u7840\u91d1\u5c5e\u5217\u8868"},{"id":171,"cate_label_id":159,"name":"\u70ed\u5377","cate_type":0,"pid":0,"ratio":"0.0000","price":"3468.0000","status":1,"is_del":1,"level":0,"add_time":1775159363,"up_time":1775159363,"pid_str":"","pid2":0,"pid2_str":"","ratio2":"0.0000","pid3":0,"pid3_str":"","ratio3":"0.0000","end_ratio":"0.0000","level2":0,"level3":0,"cat_name":"\u57fa\u7840\u91d1\u5c5e\u5217\u8868"},{"id":172,"cate_label_id":159,"name":"\u9530\u7845","cate_type":0,"pid":0,"ratio":"0.0000","price":"5878.0000","status":1,"is_del":1,"level":0,"add_time":1775159401,"up_time":1775159401,"pid_str":"","pid2":0,"pid2_str":"","ratio2":"0.0000","pid3":0,"pid3_str":"","ratio3":"0.0000","end_ratio":"0.0000","level2":0,"level3":0,"cat_name":"\u57fa\u7840\u91d1\u5c5e\u5217\u8868"},{"id":173,"cate_label_id":159,"name":"\u94c2\u91d1","cate_type":0,"pid":0,"ratio":"0.0000","price":"2141.4000","status":1,"is_del":1,"level":0,"add_time":1775159416,"up_time":1775159416,"pid_str":"","pid2":0,"pid2_str":"","ratio2":"0.0000","pid3":0,"pid3_str":"","ratio3":"0.0000","end_ratio":"0.0000","level2":0,"level3":0,"cat_name":"\u57fa\u7840\u91d1\u5c5e\u5217\u8868"},{"id":174,"cate_label_id":159,"name":"\u94af\u91d1","cate_type":0,"pid":0,"ratio":"0.0000","price":"1508.0000","status":1,"is_del":1,"level":0,"add_time":1775159431,"up_time":1775159431,"pid_str":"","pid2":0,"pid2_str":"","ratio2":"0.0000","pid3":0,"pid3_str":"","ratio3":"0.0000","end_ratio":"0.0000","level2":0,"level3":0,"cat_name":"\u57fa\u7840\u91d1\u5c5e\u5217\u8868"},{"id":175,"cate_label_id":159,"name":"\u5de5\u4e1a\u7845","cate_type":0,"pid":0,"ratio":"0.0000","price":"8795.0000","status":1,"is_del":1,"level":0,"add_time":1775159442,"up_time":1775159442,"pid_str":"","pid2":0,"pid2_str":"","ratio2":"0.0000","pid3":0,"pid3_str":"","ratio3":"0.0000","end_ratio":"0.0000","level2":0,"level3":0,"cat_name":"\u57fa\u7840\u91d1\u5c5e\u5217\u8868"},{"id":176,"cate_label_id":159,"name":"\u94dd\u5408\u91d1","cate_type":0,"pid":0,"ratio":"0.0000","price":"23255.0000","status":1,"is_del":1,"level":0,"add_time":1775159467,"up_time":1775159467,"pid_str":"","pid2":0,"pid2_str":"","ratio2":"0.0000","pid3":0,"pid3_str":"","ratio3":"0.0000","end_ratio":"0.0000","level2":0,"level3":0,"cat_name":"\u57fa\u7840\u91d1\u5c5e\u5217\u8868"},{"id":177,"cate_label_id":159,"name":"\u6c27\u5316\u94dd","cate_type":0,"pid":0,"ratio":"0.0000","price":"2776.0000","status":1,"is_del":1,"level":0,"add_time":1775159483,"up_time":1775159483,"pid_str":"","pid2":0,"pid2_str":"","ratio2":"0.0000","pid3":0,"pid3_str":"","ratio3":"0.0000","end_ratio":"0.0000","level2":0,"level3":0,"cat_name":"\u57fa\u7840\u91d1\u5c5e\u5217\u8868"},{"id":178,"cate_label_id":159,"name":"\u7ebf\u6750","cate_type":0,"pid":0,"ratio":"0.0000","price":"3395.0000","status":1,"is_del":1,"level":0,"add_time":1775159497,"up_time":1775159497,"pid_str":"","pid2":0,"pid2_str":"","ratio2":"0.0000","pid3":0,"pid3_str":"","ratio3":"0.0000","end_ratio":"0.0000","level2":0,"level3":0,"cat_name":"\u57fa\u7840\u91d1\u5c5e\u5217\u8868"},{"id":179,"cate_label_id":159,"name":"\u73bb\u7483","cate_type":0,"pid":0,"ratio":"0.0000","price":"1068.0000","status":1,"is_del":1,"level":0,"add_time":1775159539,"up_time":1775159539,"pid_str":"","pid2":0,"pid2_str":"","ratio2":"0.0000","pid3":0,"pid3_str":"","ratio3":"0.0000","end_ratio":"0.0000","level2":0,"level3":0,"cat_name":"\u57fa\u7840\u91d1\u5c5e\u5217\u8868"},{"id":180,"cate_label_id":159,"name":"\u91d1\u5c5e\u94ec","cate_type":0,"pid":0,"ratio":"0.0000","price":"91.5000","status":1,"is_del":1,"level":0,"add_time":1775159558,"up_time":1775159558,"pid_str":"","pid2":0,"pid2_str":"","ratio2":"0.0000","pid3":0,"pid3_str":"","ratio3":"0.0000","end_ratio":"0.0000","level2":0,"level3":0,"cat_name":"\u57fa\u7840\u91d1\u5c5e\u5217\u8868"},{"id":181,"cate_label_id":159,"name":"\u77f3\u58a8\u70ef","cate_type":0,"pid":0,"ratio":"0.0000","price":"555.0000","status":1,"is_del":1,"level":0,"add_time":1775159576,"up_time":1775159576,"pid_str":"","pid2":0,"pid2_str":"","ratio2":"0.0000","pid3":0,"pid3_str":"","ratio3":"0.0000","end_ratio":"0.0000","level2":0,"level3":0,"cat_name":"\u57fa\u7840\u91d1\u5c5e\u5217\u8868"},{"id":182,"cate_label_id":159,"name":"\u91d1\u5c5e\u94b4","cate_type":0,"pid":0,"ratio":"0.0000","price":"989.0000","status":1,"is_del":1,"level":0,"add_time":1775159588,"up_time":1775159588,"pid_str":"","pid2":0,"pid2_str":"","ratio2":"0.0000","pid3":0,"pid3_str":"","ratio3":"0.0000","end_ratio":"0.0000","level2":0,"level3":0,"cat_name":"\u57fa\u7840\u91d1\u5c5e\u5217\u8868"},{"id":183,"cate_label_id":159,"name":"\u5f85\u5b9a","cate_type":0,"pid":0,"ratio":"0.0000","price":"91.5000","status":1,"is_del":1,"level":0,"add_time":1775160000,"up_time":1775160000,"pid_str":"","pid2":0,"pid2_str":"","ratio2":"0.0000","pid3":0,"pid3_str":"","ratio3":"0.0000","end_ratio":"0.0000","level2":0,"level3":0,"cat_name":"\u57fa\u7840\u91d1\u5c5e\u5217\u8868"},{"id":189,"cate_label_id":159,"name":"\u5907\u75281","cate_type":0,"pid":0,"ratio":"0.0000","price":"1.0000","status":1,"is_del":1,"level":1,"add_time":1778617483,"up_time":1778617483,"pid_str":"","pid2":0,"pid2_str":"","ratio2":"0.0000","pid3":0,"pid3_str":"","ratio3":"0.0000","end_ratio":"0.0000","level2":1,"level3":1,"cat_name":"\u57fa\u7840\u91d1\u5c5e\u5217\u8868"},{"id":190,"cate_label_id":159,"name":"\u5907\u75282","cate_type":0,"pid":0,"ratio":"0.0000","price":"2.0000","status":1,"is_del":1,"level":1,"add_time":1778617496,"up_time":1778617496,"pid_str":"","pid2":0,"pid2_str":"","ratio2":"0.0000","pid3":0,"pid3_str":"","ratio3":"0.0000","end_ratio":"0.0000","level2":1,"level3":1,"cat_name":"\u57fa\u7840\u91d1\u5c5e\u5217\u8868"},{"id":191,"cate_label_id":159,"name":"\u5907\u75283","cate_type":0,"pid":0,"ratio":"0.0000","price":"3.0000","status":1,"is_del":1,"level":1,"add_time":1778617507,"up_time":1778617507,"pid_str":"","pid2":0,"pid2_str":"","ratio2":"0.0000","pid3":0,"pid3_str":"","ratio3":"0.0000","end_ratio":"0.0000","level2":1,"level3":1,"cat_name":"\u57fa\u7840\u91d1\u5c5e\u5217\u8868"},{"id":192,"cate_label_id":159,"name":"\u5907\u75284","cate_type":0,"pid":0,"ratio":"0.0000","price":"4.0000","status":1,"is_del":1,"level":1,"add_time":1778617516,"up_time":1778617516,"pid_str":"","pid2":0,"pid2_str":"","ratio2":"0.0000","pid3":0,"pid3_str":"","ratio3":"0.0000","end_ratio":"0.0000","level2":1,"level3":1,"cat_name":"\u57fa\u7840\u91d1\u5c5e\u5217\u8868"},{"id":193,"cate_label_id":159,"name":"\u5907\u75285","cate_type":0,"pid":0,"ratio":"0.0000","price":"5.0000","status":1,"is_del":1,"level":1,"add_time":1778617527,"up_time":1778617527,"pid_str":"","pid2":0,"pid2_str":"","ratio2":"0.0000","pid3":0,"pid3_str":"","ratio3":"0.0000","end_ratio":"0.0000","level2":1,"level3":1,"cat_name":"\u57fa\u7840\u91d1\u5c5e\u5217\u8868"},{"id":194,"cate_label_id":159,"name":"\u5907\u75286","cate_type":0,"pid":0,"ratio":"0.0000","price":"6.0000","status":1,"is_del":1,"level":1,"add_time":1778617537,"up_time":1778617537,"pid_str":"","pid2":0,"pid2_str":"","ratio2":"0.0000","pid3":0,"pid3_str":"","ratio3":"0.0000","end_ratio":"0.0000","level2":1,"level3":1,"cat_name":"\u57fa\u7840\u91d1\u5c5e\u5217\u8868"},{"id":185,"cate_label_id":184,"name":"\u57fa\u7840\u94dc\u4ef7","cate_type":0,"pid":0,"ratio":"0.0000","price":"96.5000","status":1,"is_del":1,"level":1,"add_time":1775216239,"up_time":1775216239,"pid_str":"","pid2":0,"pid2_str":"","ratio2":"0.0000","pid3":0,"pid3_str":"","ratio3":"0.0000","end_ratio":"0.0000","level2":1,"level3":1,"cat_name":"\u5bfc\u4f53\u5206\u7c7b"},{"id":186,"cate_label_id":184,"name":"\u57fa\u7840\u94dd\u4ef7","cate_type":0,"pid":0,"ratio":"0.0000","price":"24.0000","status":1,"is_del":1,"level":1,"add_time":1775216251,"up_time":1775216251,"pid_str":"","pid2":0,"pid2_str":"","ratio2":"0.0000","pid3":0,"pid3_str":"","ratio3":"0.0000","end_ratio":"0.0000","level2":1,"level3":1,"cat_name":"\u5bfc\u4f53\u5206\u7c7b"},{"id":187,"cate_label_id":184,"name":"\u57fa\u7840\u94a2\u4ef7","cate_type":0,"pid":0,"ratio":"0.0000","price":"4.5000","status":1,"is_del":1,"level":0,"add_time":1775216277,"up_time":1775216277,"pid_str":"","pid2":0,"pid2_str":"","ratio2":"0.0000","pid3":0,"pid3_str":"","ratio3":"0.0000","end_ratio":"0.0000","level2":0,"level3":0,"cat_name":"\u5bfc\u4f53\u5206\u7c7b"},{"id":188,"cate_label_id":184,"name":"\u57fa\u7840\u954d\u4ef7","cate_type":0,"pid":0,"ratio":"0.0000","price":"135.0000","status":1,"is_del":1,"level":1,"add_time":1775216322,"up_time":1775216322,"pid_str":"","pid2":0,"pid2_str":"","ratio2":"0.0000","pid3":0,"pid3_str":"","ratio3":"0.0000","end_ratio":"0.0000","level2":1,"level3":1,"cat_name":"\u5bfc\u4f53\u5206\u7c7b"}]}

[ 2026-05-31T22:55:38+08:00 ] ::1 /Home/PriceSync/saveConfig.html
INFO: [ app_init ] --START--
INFO: Run Behavior\BuildLiteBehavior [ RunTime:0.000018s ]
INFO: [ app_init ] --END-- [ RunTime:0.000234s ]
INFO: [ app_begin ] --START--
INFO: Run Behavior\ReadHtmlCacheBehavior [ RunTime:0.000051s ]
INFO: [ app_begin ] --END-- [ RunTime:0.000121s ]
SQL: SHOW COLUMNS FROM `price_sync_config` [ RunTime:0.0076s ]
SQL: INSERT INTO `price_sync_config` (`futures_code`,`futures_name`,`exchange`,`new_label_id`,`label_name`,`ratio`,`auto_sync`,`up_time`,`status`,`add_time`) VALUES ('cum','沪铜主连','shfe','160','沪铜','1','0','1780239338','1','1780239338') [ RunTime:0.0206s ]
ERR: {"status":1,"msg":"\u6dfb\u52a0\u6210\u529f","data":{"id":"1"}}

[ 2026-05-31T22:55:38+08:00 ] ::1 /Home/PriceSync/getConfigList.html
INFO: [ app_init ] --START--
INFO: Run Behavior\BuildLiteBehavior [ RunTime:0.000005s ]
INFO: [ app_init ] --END-- [ RunTime:0.000092s ]
INFO: [ app_begin ] --START--
INFO: Run Behavior\ReadHtmlCacheBehavior [ RunTime:0.000032s ]
INFO: [ app_begin ] --END-- [ RunTime:0.000059s ]
SQL: SHOW COLUMNS FROM `price_sync_config` [ RunTime:0.0068s ]
SQL: SELECT * FROM `price_sync_config` WHERE `status` = 1 ORDER BY id asc  [ RunTime:0.0014s ]
SQL: SHOW COLUMNS FROM `new_label` [ RunTime:0.0036s ]
SQL: SELECT `price` FROM `new_label` WHERE `id` = 160 LIMIT 1   [ RunTime:0.0016s ]
ERR: {"status":1,"msg":"\u83b7\u53d6\u6210\u529f","data":[{"id":1,"futures_code":"cum","futures_name":"\u6caa\u94dc\u4e3b\u8fde","exchange":"shfe","new_label_id":160,"label_name":"\u6caa\u94dc","ratio":"1.0000","auto_sync":0,"status":1,"add_time":1780239338,"up_time":1780239338,"current_price":"107720.0000"}]}

[ 2026-05-31T22:55:42+08:00 ] ::1 /Home/PriceSync/syncOne.html
INFO: [ app_init ] --START--
INFO: Run Behavior\BuildLiteBehavior [ RunTime:0.000009s ]
INFO: [ app_init ] --END-- [ RunTime:0.000089s ]
INFO: [ app_begin ] --START--
INFO: Run Behavior\ReadHtmlCacheBehavior [ RunTime:0.000065s ]
INFO: [ app_begin ] --END-- [ RunTime:0.000128s ]
SQL: SHOW COLUMNS FROM `price_sync_config` [ RunTime:0.0067s ]
SQL: SELECT * FROM `price_sync_config` WHERE `id` = 1 AND `status` = 1 LIMIT 1   [ RunTime:0.0018s ]
SQL: SHOW COLUMNS FROM `new_label` [ RunTime:0.0060s ]
SQL: SELECT * FROM `new_label` WHERE `id` = 160 LIMIT 1   [ RunTime:0.0015s ]
SQL: UPDATE `new_label` SET `price`='104430.0000',`up_time`='1780239342' WHERE `id` = 160 [ RunTime:0.0048s ]
SQL: SELECT * FROM `new_label` WHERE ( FIND_IN_SET(160, pid_str) ) ORDER BY level asc, id asc  [ RunTime:0.0076s ]
SQL: SELECT * FROM `new_label` WHERE `id` = 160 LIMIT 1   [ RunTime:0.0012s ]
SQL: SELECT * FROM `new_label` WHERE `id` = 160 LIMIT 1   [ RunTime:0.0011s ]
SQL: SELECT * FROM `new_label` WHERE `id` = 163 LIMIT 1   [ RunTime:0.0008s ]
SQL: SELECT * FROM `new_label` WHERE `id` = 160 LIMIT 1   [ RunTime:0.0006s ]
SQL: SELECT * FROM `new_label` WHERE `id` = 160 LIMIT 1   [ RunTime:0.0008s ]
SQL: SELECT * FROM `new_label` WHERE `id` = 163 LIMIT 1   [ RunTime:0.0010s ]
SQL: SELECT * FROM `new_label` WHERE ( FIND_IN_SET(160, pid2_str) ) ORDER BY level2 asc, id asc  [ RunTime:0.0021s ]
SQL: SELECT * FROM `new_label` WHERE ( FIND_IN_SET(160, pid3_str) ) ORDER BY level3 asc, id asc  [ RunTime:0.0013s ]
SQL: SELECT * FROM `new_label` WHERE `id` = 160 LIMIT 1   [ RunTime:0.0028s ]
SQL: SHOW COLUMNS FROM `new_cate` [ RunTime:0.0054s ]
SQL: SELECT * FROM `new_cate` WHERE `new_label_id` = 160  [ RunTime:0.0032s ]
SQL: UPDATE `new_cate` SET `price`='104430.0000' WHERE `new_label_id` = 160 [ RunTime:0.0011s ]
SQL: SHOW COLUMNS FROM `new_cate_form` [ RunTime:0.0044s ]
DEBUG: 22222222222
DEBUG: 160
DEBUG: 
SQL: SHOW COLUMNS FROM `task_log` [ RunTime:0.0031s ]
SQL: SHOW COLUMNS FROM `task` [ RunTime:0.0022s ]
SQL: SELECT * FROM `new_label` WHERE `id` = 195 LIMIT 1   [ RunTime:0.0010s ]
SQL: SELECT * FROM `new_cate` WHERE `new_label_id` = 195  [ RunTime:0.0007s ]
SQL: UPDATE `new_cate` SET `price`='107.7200' WHERE `new_label_id` = 195 [ RunTime:0.0007s ]
DEBUG: 22222222222
DEBUG: 195
DEBUG: 
SQL: SELECT * FROM `new_label` WHERE `id` = 196 LIMIT 1   [ RunTime:0.0008s ]
SQL: SELECT * FROM `new_cate` WHERE `new_label_id` = 196  [ RunTime:0.0006s ]
SQL: UPDATE `new_cate` SET `price`='117.5900' WHERE `new_label_id` = 196 [ RunTime:0.0005s ]
DEBUG: 22222222222
DEBUG: 196
DEBUG: 
SQL: SELECT * FROM `new_label` WHERE `id` = 197 LIMIT 1   [ RunTime:0.0006s ]
SQL: SELECT * FROM `new_cate` WHERE `new_label_id` = 197  [ RunTime:0.0005s ]
SQL: UPDATE `new_cate` SET `price`='112.0300' WHERE `new_label_id` = 197 [ RunTime:0.0004s ]
DEBUG: 22222222222
DEBUG: 197
DEBUG: 
SQL: SELECT * FROM `new_label` WHERE `id` = 198 LIMIT 1   [ RunTime:0.0004s ]
SQL: SELECT * FROM `new_cate` WHERE `new_label_id` = 198  [ RunTime:0.0007s ]
SQL: UPDATE `new_cate` SET `price`='125.4900' WHERE `new_label_id` = 198 [ RunTime:0.0005s ]
DEBUG: 22222222222
DEBUG: 198
DEBUG: 
SQL: SHOW COLUMNS FROM `price_sync_log` [ RunTime:0.0183s ]
SQL: INSERT INTO `price_sync_log` (`config_id`,`futures_code`,`futures_name`,`new_label_id`,`label_name`,`futures_price`,`old_price`,`new_price`,`sync_type`,`status`,`add_time`) VALUES ('1','cum','沪铜主连','160','沪铜','104430','107720.0000','104430.0000','1','1','1780239342') [ RunTime:0.0127s ]
ERR: {"status":1,"msg":"\u540c\u6b65\u6210\u529f","data":{"new_price":"104430.0000","futures_price":104430}}

[ 2026-05-31T22:55:54+08:00 ] ::1 /Home/PriceSync/saveConfig.html
INFO: [ app_init ] --START--
INFO: Run Behavior\BuildLiteBehavior [ RunTime:0.000010s ]
INFO: [ app_init ] --END-- [ RunTime:0.000094s ]
INFO: [ app_begin ] --START--
INFO: Run Behavior\ReadHtmlCacheBehavior [ RunTime:0.000045s ]
INFO: [ app_begin ] --END-- [ RunTime:0.000071s ]
SQL: SHOW COLUMNS FROM `price_sync_config` [ RunTime:0.0057s ]
SQL: UPDATE `price_sync_config` SET `futures_code`='cum',`futures_name`='沪铜主连',`exchange`='shfe',`new_label_id`='160',`label_name`='沪铜',`ratio`='1.0000',`auto_sync`='1',`up_time`='1780239354' WHERE `id` = 1 [ RunTime:0.0026s ]
ERR: {"status":1,"msg":"\u66f4\u65b0\u6210\u529f","data":null}

[ 2026-05-31T22:55:54+08:00 ] ::1 /Home/PriceSync/getConfigList.html
INFO: [ app_init ] --START--
INFO: Run Behavior\BuildLiteBehavior [ RunTime:0.000006s ]
INFO: [ app_init ] --END-- [ RunTime:0.000051s ]
INFO: [ app_begin ] --START--
INFO: Run Behavior\ReadHtmlCacheBehavior [ RunTime:0.000027s ]
INFO: [ app_begin ] --END-- [ RunTime:0.000044s ]
SQL: SHOW COLUMNS FROM `price_sync_config` [ RunTime:0.0054s ]
SQL: SELECT * FROM `price_sync_config` WHERE `status` = 1 ORDER BY id asc  [ RunTime:0.0016s ]
SQL: SHOW COLUMNS FROM `new_label` [ RunTime:0.0039s ]
SQL: SELECT `price` FROM `new_label` WHERE `id` = 160 LIMIT 1   [ RunTime:0.0019s ]
ERR: {"status":1,"msg":"\u83b7\u53d6\u6210\u529f","data":[{"id":1,"futures_code":"cum","futures_name":"\u6caa\u94dc\u4e3b\u8fde","exchange":"shfe","new_label_id":160,"label_name":"\u6caa\u94dc","ratio":"1.0000","auto_sync":1,"status":1,"add_time":1780239338,"up_time":1780239354,"current_price":"104430.0000"}]}

[ 2026-05-31T23:17:10+08:00 ] ::1 /Home/NewLabel/index
INFO: [ app_init ] --START--
INFO: Run Behavior\BuildLiteBehavior [ RunTime:0.000007s ]
INFO: [ app_init ] --END-- [ RunTime:0.000492s ]
INFO: [ app_begin ] --START--
INFO: Run Behavior\ReadHtmlCacheBehavior [ RunTime:0.000035s ]
INFO: [ app_begin ] --END-- [ RunTime:0.000052s ]
SQL: SHOW COLUMNS FROM `new_label` [ RunTime:0.0401s ]
SQL: SELECT * FROM `new_label` ORDER BY id asc  [ RunTime:0.0073s ]
INFO: [ view_parse ] --START--
INFO: [ template_filter ] --START--
INFO: Run Behavior\ContentReplaceBehavior [ RunTime:0.000179s ]
INFO: [ template_filter ] --END-- [ RunTime:0.000243s ]
INFO: Run Behavior\ParseTemplateBehavior [ RunTime:0.026607s ]
INFO: [ view_parse ] --END-- [ RunTime:0.026656s ]
INFO: [ view_filter ] --START--
INFO: Run Behavior\WriteHtmlCacheBehavior [ RunTime:0.000074s ]
INFO: [ view_filter ] --END-- [ RunTime:0.000089s ]
INFO: [ app_end ] --START--
INFO: Run Behavior\ShowPageTraceBehavior [ RunTime:0.000037s ]
INFO: [ app_end ] --END-- [ RunTime:0.000043s ]

[ 2026-05-31T23:17:24+08:00 ] ::1 /Home/PriceSync/syncOne.html
INFO: [ app_init ] --START--
INFO: Run Behavior\BuildLiteBehavior [ RunTime:0.000013s ]
INFO: [ app_init ] --END-- [ RunTime:0.000143s ]
INFO: [ app_begin ] --START--
INFO: Run Behavior\ReadHtmlCacheBehavior [ RunTime:0.000082s ]
INFO: [ app_begin ] --END-- [ RunTime:0.000171s ]
SQL: SHOW COLUMNS FROM `price_sync_config` [ RunTime:0.0124s ]
SQL: SELECT * FROM `price_sync_config` WHERE `id` = 1 AND `status` = 1 LIMIT 1   [ RunTime:0.0041s ]
SQL: SHOW COLUMNS FROM `new_label` [ RunTime:0.0036s ]
SQL: SELECT * FROM `new_label` WHERE `id` = 160 LIMIT 1   [ RunTime:0.0018s ]
SQL: UPDATE `new_label` SET `price`='1044.3000',`last_futures_price`='104430',`last_sync_ratio`='1.0000',`last_sync_time`='1780240644',`up_time`='1780240644' WHERE `id` = 160 [ RunTime:0.0263s ]
SQL: SELECT * FROM `new_label` WHERE ( FIND_IN_SET(160, pid_str) ) ORDER BY level asc, id asc  [ RunTime:0.0027s ]
SQL: SELECT * FROM `new_label` WHERE `id` = 160 LIMIT 1   [ RunTime:0.0007s ]
SQL: SELECT * FROM `new_label` WHERE `id` = 160 LIMIT 1   [ RunTime:0.0006s ]
SQL: SELECT * FROM `new_label` WHERE `id` = 163 LIMIT 1   [ RunTime:0.0007s ]
SQL: SELECT * FROM `new_label` WHERE `id` = 160 LIMIT 1   [ RunTime:0.0007s ]
SQL: SELECT * FROM `new_label` WHERE `id` = 160 LIMIT 1   [ RunTime:0.0014s ]
SQL: SELECT * FROM `new_label` WHERE `id` = 163 LIMIT 1   [ RunTime:0.0004s ]
SQL: SELECT * FROM `new_label` WHERE ( FIND_IN_SET(160, pid2_str) ) ORDER BY level2 asc, id asc  [ RunTime:0.0011s ]
SQL: SELECT * FROM `new_label` WHERE ( FIND_IN_SET(160, pid3_str) ) ORDER BY level3 asc, id asc  [ RunTime:0.0008s ]
SQL: SELECT * FROM `new_label` WHERE `id` = 160 LIMIT 1   [ RunTime:0.0006s ]
SQL: SHOW COLUMNS FROM `new_cate` [ RunTime:0.0059s ]
SQL: SELECT * FROM `new_cate` WHERE `new_label_id` = 160  [ RunTime:0.0037s ]
SQL: UPDATE `new_cate` SET `price`='1044.3000' WHERE `new_label_id` = 160 [ RunTime:0.0011s ]
SQL: SHOW COLUMNS FROM `new_cate_form` [ RunTime:0.0085s ]
DEBUG: 22222222222
DEBUG: 160
DEBUG: 
SQL: SHOW COLUMNS FROM `task_log` [ RunTime:0.0039s ]
SQL: SHOW COLUMNS FROM `task` [ RunTime:0.0061s ]
SQL: SELECT * FROM `new_label` WHERE `id` = 195 LIMIT 1   [ RunTime:0.0007s ]
SQL: SELECT * FROM `new_cate` WHERE `new_label_id` = 195  [ RunTime:0.0003s ]
SQL: UPDATE `new_cate` SET `price`='107.7200' WHERE `new_label_id` = 195 [ RunTime:0.0004s ]
DEBUG: 22222222222
DEBUG: 195
DEBUG: 
SQL: SELECT * FROM `new_label` WHERE `id` = 196 LIMIT 1   [ RunTime:0.0006s ]
SQL: SELECT * FROM `new_cate` WHERE `new_label_id` = 196  [ RunTime:0.0009s ]
SQL: UPDATE `new_cate` SET `price`='117.5900' WHERE `new_label_id` = 196 [ RunTime:0.0006s ]
DEBUG: 22222222222
DEBUG: 196
DEBUG: 
SQL: SELECT * FROM `new_label` WHERE `id` = 197 LIMIT 1   [ RunTime:0.0006s ]
SQL: SELECT * FROM `new_cate` WHERE `new_label_id` = 197  [ RunTime:0.0005s ]
SQL: UPDATE `new_cate` SET `price`='112.0300' WHERE `new_label_id` = 197 [ RunTime:0.0005s ]
DEBUG: 22222222222
DEBUG: 197
DEBUG: 
SQL: SELECT * FROM `new_label` WHERE `id` = 198 LIMIT 1   [ RunTime:0.0004s ]
SQL: SELECT * FROM `new_cate` WHERE `new_label_id` = 198  [ RunTime:0.0004s ]
SQL: UPDATE `new_cate` SET `price`='125.4900' WHERE `new_label_id` = 198 [ RunTime:0.0006s ]
DEBUG: 22222222222
DEBUG: 198
DEBUG: 
SQL: SHOW COLUMNS FROM `price_sync_log` [ RunTime:0.0047s ]
SQL: INSERT INTO `price_sync_log` (`config_id`,`futures_code`,`futures_name`,`new_label_id`,`label_name`,`futures_price`,`old_price`,`new_price`,`sync_type`,`status`,`add_time`) VALUES ('1','cum','沪铜主连','160','沪铜','104430','104430.0000','1044.3000','1','1','1780240644') [ RunTime:0.0094s ]
ERR: {"status":1,"msg":"\u540c\u6b65\u6210\u529f","data":{"new_price":"1044.3000","futures_price":104430}}

[ 2026-05-31T23:17:30+08:00 ] ::1 /Home/NewLabel/index
INFO: [ app_init ] --START--
INFO: Run Behavior\BuildLiteBehavior [ RunTime:0.000009s ]
INFO: [ app_init ] --END-- [ RunTime:0.000080s ]
INFO: [ app_begin ] --START--
INFO: Run Behavior\ReadHtmlCacheBehavior [ RunTime:0.000029s ]
INFO: [ app_begin ] --END-- [ RunTime:0.000050s ]
SQL: SHOW COLUMNS FROM `new_label` [ RunTime:0.0038s ]
SQL: SELECT * FROM `new_label` ORDER BY id asc  [ RunTime:0.0021s ]
INFO: [ view_parse ] --START--
INFO: [ template_filter ] --START--
INFO: Run Behavior\ContentReplaceBehavior [ RunTime:0.000185s ]
INFO: [ template_filter ] --END-- [ RunTime:0.000238s ]
INFO: Run Behavior\ParseTemplateBehavior [ RunTime:0.013772s ]
INFO: [ view_parse ] --END-- [ RunTime:0.013819s ]
INFO: [ view_filter ] --START--
INFO: Run Behavior\WriteHtmlCacheBehavior [ RunTime:0.000152s ]
INFO: [ view_filter ] --END-- [ RunTime:0.000172s ]
INFO: [ app_end ] --START--
INFO: Run Behavior\ShowPageTraceBehavior [ RunTime:0.000103s ]
INFO: [ app_end ] --END-- [ RunTime:0.000121s ]

[ 2026-05-31T23:17:57+08:00 ] ::1 /Home/PriceSync/index
INFO: [ app_init ] --START--
INFO: Run Behavior\BuildLiteBehavior [ RunTime:0.000013s ]
INFO: [ app_init ] --END-- [ RunTime:0.000416s ]
INFO: [ app_begin ] --START--
INFO: Run Behavior\ReadHtmlCacheBehavior [ RunTime:0.000119s ]
INFO: [ app_begin ] --END-- [ RunTime:0.000331s ]
INFO: [ view_parse ] --START--
INFO: [ template_filter ] --START--
INFO: Run Behavior\ContentReplaceBehavior [ RunTime:0.000191s ]
INFO: [ template_filter ] --END-- [ RunTime:0.000253s ]
INFO: Run Behavior\ParseTemplateBehavior [ RunTime:0.009805s ]
INFO: [ view_parse ] --END-- [ RunTime:0.009857s ]
INFO: [ view_filter ] --START--
INFO: Run Behavior\WriteHtmlCacheBehavior [ RunTime:0.000106s ]
INFO: [ view_filter ] --END-- [ RunTime:0.000119s ]
INFO: [ app_end ] --START--
INFO: Run Behavior\ShowPageTraceBehavior [ RunTime:0.000100s ]
INFO: [ app_end ] --END-- [ RunTime:0.000123s ]

[ 2026-05-31T23:17:57+08:00 ] ::1 /Home/PriceSync/getQuotes.html
INFO: [ app_init ] --START--
INFO: Run Behavior\BuildLiteBehavior [ RunTime:0.000008s ]
INFO: [ app_init ] --END-- [ RunTime:0.000063s ]
INFO: [ app_begin ] --START--
INFO: Run Behavior\ReadHtmlCacheBehavior [ RunTime:0.000053s ]
INFO: [ app_begin ] --END-- [ RunTime:0.000087s ]
ERR: {"status":1,"msg":"\u83b7\u53d6\u6210\u529f","data":[{"p":14520,"name":"\u4e01\u4e8c\u70ef\u80f6\u4e3b\u8fde","dm":"brm","zde":80,"zdf":0.55,"zjsj":14440},{"p":14795,"name":"\u4e0d\u9508\u94a2\u4e3b\u8fde","dm":"ssm","zde":-110,"zdf":-0.74,"zjsj":14905},{"p":142960,"name":"\u6caa\u954d\u4e3b\u8fde","dm":"nim","zde":-1160,"zdf":-0.8,"zjsj":144120},{"p":2888,"name":"\u6c27\u5316\u94dd\u4e3b\u8fde","dm":"aom","zde":0,"zdf":0,"zjsj":2888},{"p":3164,"name":"\u87ba\u7eb9\u94a2\u4e3b\u8fde","dm":"rbm","zde":7,"zdf":0.22,"zjsj":3157},{"p":104430,"name":"\u6caa\u94dc\u4e3b\u8fde","dm":"cum","zde":-410,"zdf":-0.39,"zjsj":104840},{"p":24265,"name":"\u6caa\u94dd\u4e3b\u8fde","dm":"alm","zde":-75,"zdf":-0.31,"zjsj":24340},{"p":3786,"name":"\u71c3\u6cb9\u4e3b\u8fde","dm":"fum","zde":-7,"zdf":-0.18,"zjsj":3793},{"p":425310,"name":"\u6caa\u9521\u4e3b\u8fde","dm":"snm","zde":-1140,"zdf":-0.27,"zjsj":426450},{"p":24665,"name":"\u6caa\u950c\u4e3b\u8fde","dm":"znm","zde":-215,"zdf":-0.86,"zjsj":24880},{"p":4880,"name":"\u7eb8\u6d46\u4e3b\u8fde","dm":"spm","zde":-58,"zdf":-1.17,"zjsj":4938},{"p":18323,"name":"\u6caa\u94f6\u4e3b\u8fde","dm":"agm","zde":117,"zdf":0.64,"zjsj":18206},{"p":3364,"name":"\u7ebf\u6750\u4e3b\u8fde","dm":"wrm","zde":8,"zdf":0.24,"zjsj":3356},{"p":17890,"name":"\u6a61\u80f6\u4e3b\u8fde","dm":"rum","zde":85,"zdf":0.48,"zjsj":17805},{"p":4175,"name":"\u6ca5\u9752\u4e3b\u8fde","dm":"bum","zde":-3,"zdf":-0.07,"zjsj":4178},{"p":3385,"name":"\u70ed\u5377\u4e3b\u8fde","dm":"hcm","zde":7,"zdf":0.21,"zjsj":3378},{"p":16540,"name":"\u6caa\u94c5\u4e3b\u8fde","dm":"pbm","zde":-10,"zdf":-0.06,"zjsj":16550},{"p":996.3,"name":"\u6caa\u91d1\u4e3b\u8fde","dm":"aum","zde":15.8,"zdf":1.61,"zjsj":980.5},{"p":4002,"name":"\u80f6\u7248\u7eb8\u4e3b\u8fde","dm":"opm","zde":-6,"zdf":-0.15,"zjsj":4008},{"p":22865,"name":"\u94f8\u9020\u94dd\u4e3b\u8fde","dm":"adm","zde":-60,"zdf":-0.26,"zjsj":22925}]}

[ 2026-05-31T23:17:57+08:00 ] ::1 /Home/PriceSync/getConfigList.html
INFO: [ app_init ] --START--
INFO: Run Behavior\BuildLiteBehavior [ RunTime:0.000004s ]
INFO: [ app_init ] --END-- [ RunTime:0.000033s ]
INFO: [ app_begin ] --START--
INFO: Run Behavior\ReadHtmlCacheBehavior [ RunTime:0.000018s ]
INFO: [ app_begin ] --END-- [ RunTime:0.000031s ]
SQL: SHOW COLUMNS FROM `price_sync_config` [ RunTime:0.0100s ]
SQL: SELECT * FROM `price_sync_config` WHERE `status` = 1 ORDER BY id asc  [ RunTime:0.0018s ]
SQL: SHOW COLUMNS FROM `new_label` [ RunTime:0.0044s ]
SQL: SELECT `price` FROM `new_label` WHERE `id` = 160 LIMIT 1   [ RunTime:0.0016s ]
ERR: {"status":1,"msg":"\u83b7\u53d6\u6210\u529f","data":[{"id":1,"futures_code":"cum","futures_name":"\u6caa\u94dc\u4e3b\u8fde","exchange":"shfe","new_label_id":160,"label_name":"\u6caa\u94dc","ratio":"1.0000","auto_sync":1,"status":1,"add_time":1780239338,"up_time":1780239354,"current_price":"1044.3000"}]}

[ 2026-05-31T23:17:57+08:00 ] ::1 /Home/PriceSync/getMaterials.html
INFO: [ app_init ] --START--
INFO: Run Behavior\BuildLiteBehavior [ RunTime:0.000004s ]
INFO: [ app_init ] --END-- [ RunTime:0.000032s ]
INFO: [ app_begin ] --START--
INFO: Run Behavior\ReadHtmlCacheBehavior [ RunTime:0.000015s ]
INFO: [ app_begin ] --END-- [ RunTime:0.000027s ]
SQL: SHOW COLUMNS FROM `new_label` [ RunTime:0.0131s ]
SQL: SELECT `id`,`name` FROM `new_label` WHERE `cate_label_id` = 0 AND `cate_type` = 0  [ RunTime:0.0012s ]
SQL: SELECT * FROM `new_label` WHERE `cate_label_id` IN (3,4,26,30,133,159,184) AND `pid` = 0 ORDER BY cate_label_id asc, id asc  [ RunTime:0.0021s ]
ERR: {"status":1,"msg":"\u83b7\u53d6\u6210\u529f","data":[{"id":5,"cate_label_id":3,"name":"\u73b0\u8d27\u94dc\u4ef7\u57fa\u7840\u503c","cate_type":0,"pid":0,"ratio":"100.0000","price":"94.7000","last_futures_price":"0.0000","last_sync_ratio":"0.0000","last_sync_time":0,"status":1,"is_del":1,"level":0,"add_time":1731588218,"up_time":1731678051,"pid_str":"","pid2":0,"pid2_str":"","ratio2":"100.0000","pid3":0,"pid3_str":"","ratio3":"100.0000","end_ratio":"0.0000","level2":0,"level3":0,"cat_name":"\u5bfc\u4f53\u6750\u6599\u4ef7\u683c"},{"id":51,"cate_label_id":3,"name":"\u73b0\u8d27\u94dd\u4ef7\u57fa\u7840\u503c","cate_type":0,"pid":0,"ratio":"100.0000","price":"23.0000","last_futures_price":"0.0000","last_sync_ratio":"0.0000","last_sync_time":0,"status":1,"is_del":1,"level":0,"add_time":1731682407,"up_time":1731682407,"pid_str":"","pid2":0,"pid2_str":"","ratio2":"100.0000","pid3":0,"pid3_str":"","ratio3":"100.0000","end_ratio":"0.0000","level2":0,"level3":0,"cat_name":"\u5bfc\u4f53\u6750\u6599\u4ef7\u683c"},{"id":99,"cate_label_id":3,"name":"\u67b6\u7a7a\u5bfc\u7ebf\u94a2\u4e1d\u4ef7","cate_type":0,"pid":0,"ratio":"0.0000","price":"5.0000","last_futures_price":"0.0000","last_sync_ratio":"0.0000","last_sync_time":0,"status":1,"is_del":1,"level":1,"add_time":1735382759,"up_time":1735382759,"pid_str":"","pid2":0,"pid2_str":"","ratio2":"100.0000","pid3":0,"pid3_str":"","ratio3":"100.0000","end_ratio":"0.0000","level2":1,"level3":1,"cat_name":"\u5bfc\u4f53\u6750\u6599\u4ef7\u683c"},{"id":94,"cate_label_id":4,"name":"\u9ed1\u4e91\u6bcd\u5e26","cate_type":0,"pid":0,"ratio":"0.0000","price":"38.0000","last_futures_price":"0.0000","last_sync_ratio":"0.0000","last_sync_time":0,"status":1,"is_del":1,"level":0,"add_time":1735321887,"up_time":1735321887,"pid_str":"","pid2":0,"pid2_str":"","ratio2":"100.0000","pid3":0,"pid3_str":"","ratio3":"100.0000","end_ratio":"0.0000","level2":0,"level3":0,"cat_name":"\u4e91\u6bcd\u6750\u6599\u4ef7\u683c"},{"id":27,"cate_label_id":26,"name":"\u4ea4\u8054\u805a\u4e59\u70ef\u4ef7\u683c","cate_type":0,"pid":0,"ratio":"0.0000","price":"12.0000","last_futures_price":"0.0000","last_sync_ratio":"0.0000","last_sync_time":0,"status":1,"is_del":1,"level":0,"add_time":1731673353,"up_time":1731673353,"pid_str":"","pid2":0,"pid2_str":"","ratio2":"100.0000","pid3":0,"pid3_str":"","ratio3":"100.0000","end_ratio":"0.0000","level2":0,"level3":0,"cat_name":"\u7edd\u7f18\u6750\u6599\u4ef7\u683c"},{"id":74,"cate_label_id":26,"name":"PVC\u805a\u6c2f\u4e59\u70ef\u4ef7","cate_type":0,"pid":0,"ratio":"100.0000","price":"7.5000","last_futures_price":"0.0000","last_sync_ratio":"0.0000","last_sync_time":0,"status":1,"is_del":1,"level":0,"add_time":1734582414,"up_time":1734582414,"pid_str":"","pid2":0,"pid2_str":"","ratio2":"100.0000","pid3":0,"pid3_str":"","ratio3":"100.0000","end_ratio":"0.0000","level2":0,"level3":0,"cat_name":"\u7edd\u7f18\u6750\u6599\u4ef7\u683c"},{"id":105,"cate_label_id":30,"name":"\u94a2\u5e26\u4ef7\u683c","cate_type":0,"pid":0,"ratio":"0.0000","price":"4.2000","last_futures_price":"0.0000","last_sync_ratio":"0.0000","last_sync_time":0,"status":1,"is_del":1,"level":0,"add_time":1735400959,"up_time":1735400959,"pid_str":"","pid2":0,"pid2_str":"","ratio2":"100.0000","pid3":0,"pid3_str":"","ratio3":"100.0000","end_ratio":"0.0000","level2":0,"level3":0,"cat_name":"\u91d1\u5c5e\u94e0\u88c5\u6750\u6599"},{"id":134,"cate_label_id":133,"name":"XH-03A-\u77ff\u7528\u62a4\u5957","cate_type":0,"pid":0,"ratio":"0.0000","price":"8.0000","last_futures_price":"0.0000","last_sync_ratio":"0.0000","last_sync_time":0,"status":1,"is_del":1,"level":0,"add_time":1744771398,"up_time":1744771398,"pid_str":"","pid2":0,"pid2_str":"","ratio2":"0.0000","pid3":0,"pid3_str":"","ratio3":"0.0000","end_ratio":"0.0000","level2":0,"level3":0,"cat_name":"\u6a61\u80f6\u7535\u7f06\u6750\u6599\u4ef7\u683c"},{"id":160,"cate_label_id":159,"name":"\u6caa\u94dc","cate_type":0,"pid":0,"ratio":"0.0000","price":"1044.3000","last_futures_price":"104430.0000","last_sync_ratio":"1.0000","last_sync_time":1780240644,"status":1,"is_del":1,"level":0,"add_time":1772791661,"up_time":1780240644,"pid_str":"","pid2":0,"pid2_str":"","ratio2":"0.0000","pid3":0,"pid3_str":"","ratio3":"0.0000","end_ratio":"0.0000","level2":0,"level3":0,"cat_name":"\u57fa\u7840\u91d1\u5c5e\u5217\u8868"},{"id":161,"cate_label_id":159,"name":"\u6caa\u94dd","cate_type":0,"pid":0,"ratio":"0.0000","price":"24640.0000","last_futures_price":"0.0000","last_sync_ratio":"0.0000","last_sync_time":0,"status":1,"is_del":1,"level":0,"add_time":1775158584,"up_time":1775158584,"pid_str":"","pid2":0,"pid2_str":"","ratio2":"0.0000","pid3":0,"pid3_str":"","ratio3":"0.0000","end_ratio":"0.0000","level2":0,"level3":0,"cat_name":"\u57fa\u7840\u91d1\u5c5e\u5217\u8868"},{"id":162,"cate_label_id":159,"name":"\u6caa\u954d","cate_type":0,"pid":0,"ratio":"0.0000","price":"145650.0000","last_futures_price":"0.0000","last_sync_ratio":"0.0000","last_sync_time":0,"status":1,"is_del":1,"level":0,"add_time":1775158650,"up_time":1775158650,"pid_str":"","pid2":0,"pid2_str":"","ratio2":"0.0000","pid3":0,"pid3_str":"","ratio3":"0.0000","end_ratio":"0.0000","level2":0,"level3":0,"cat_name":"\u57fa\u7840\u91d1\u5c5e\u5217\u8868"},{"id":163,"cate_label_id":159,"name":"\u6caa\u9521","cate_type":0,"pid":0,"ratio":"0.0000","price":"437040.0000","last_futures_price":"0.0000","last_sync_ratio":"0.0000","last_sync_time":0,"status":1,"is_del":1,"level":0,"add_time":1775158678,"up_time":1775158678,"pid_str":"","pid2":0,"pid2_str":"","ratio2":"0.0000","pid3":0,"pid3_str":"","ratio3":"0.0000","end_ratio":"0.0000","level2":0,"level3":0,"cat_name":"\u57fa\u7840\u91d1\u5c5e\u5217\u8868"},{"id":164,"cate_label_id":159,"name":"\u6caa\u950c","cate_type":0,"pid":0,"ratio":"0.0000","price":"24640.0000","last_futures_price":"0.0000","last_sync_ratio":"0.0000","last_sync_time":0,"status":1,"is_del":1,"level":0,"add_time":1775158807,"up_time":1775158807,"pid_str":"","pid2":0,"pid2_str":"","ratio2":"0.0000","pid3":0,"pid3_str":"","ratio3":"0.0000","end_ratio":"0.0000","level2":0,"level3":0,"cat_name":"\u57fa\u7840\u91d1\u5c5e\u5217\u8868"},{"id":165,"cate_label_id":159,"name":"\u4e0d\u9508\u94a2","cate_type":0,"pid":0,"ratio":"0.0000","price":"15065.0000","last_futures_price":"0.0000","last_sync_ratio":"0.0000","last_sync_time":0,"status":1,"is_del":1,"level":0,"add_time":1775158827,"up_time":1775158827,"pid_str":"","pid2":0,"pid2_str":"","ratio2":"0.0000","pid3":0,"pid3_str":"","ratio3":"0.0000","end_ratio":"0.0000","level2":0,"level3":0,"cat_name":"\u57fa\u7840\u91d1\u5c5e\u5217\u8868"},{"id":166,"cate_label_id":159,"name":"\u6caa\u94f6","cate_type":0,"pid":0,"ratio":"0.0000","price":"20964.0000","last_futures_price":"0.0000","last_sync_ratio":"0.0000","last_sync_time":0,"status":1,"is_del":1,"level":0,"add_time":1775158945,"up_time":1775158945,"pid_str":"","pid2":0,"pid2_str":"","ratio2":"0.0000","pid3":0,"pid3_str":"","ratio3":"0.0000","end_ratio":"0.0000","level2":0,"level3":0,"cat_name":"\u57fa\u7840\u91d1\u5c5e\u5217\u8868"},{"id":167,"cate_label_id":159,"name":"\u6caa\u91d1","cate_type":0,"pid":0,"ratio":"0.0000","price":"1027.1000","last_futures_price":"0.0000","last_sync_ratio":"0.0000","last_sync_time":0,"status":1,"is_del":1,"level":0,"add_time":1775159038,"up_time":1775159038,"pid_str":"","pid2":0,"pid2_str":"","ratio2":"0.0000","pid3":0,"pid3_str":"","ratio3":"0.0000","end_ratio":"0.0000","level2":0,"level3":0,"cat_name":"\u57fa\u7840\u91d1\u5c5e\u5217\u8868"},{"id":168,"cate_label_id":159,"name":"\u7845\u94c1","cate_type":0,"pid":0,"ratio":"0.0000","price":"5762.0000","last_futures_price":"0.0000","last_sync_ratio":"0.0000","last_sync_time":0,"status":1,"is_del":1,"level":0,"add_time":1775159058,"up_time":1775159058,"pid_str":"","pid2":0,"pid2_str":"","ratio2":"0.0000","pid3":0,"pid3_str":"","ratio3":"0.0000","end_ratio":"0.0000","level2":0,"level3":0,"cat_name":"\u57fa\u7840\u91d1\u5c5e\u5217\u8868"},{"id":169,"cate_label_id":159,"name":"\u94c1\u77ff\u77f3","cate_type":0,"pid":0,"ratio":"0.0000","price":"815.5000","last_futures_price":"0.0000","last_sync_ratio":"0.0000","last_sync_time":0,"status":1,"is_del":1,"level":0,"add_time":1775159155,"up_time":1775159155,"pid_str":"","pid2":0,"pid2_str":"","ratio2":"0.0000","pid3":0,"pid3_str":"","ratio3":"0.0000","end_ratio":"0.0000","level2":0,"level3":0,"cat_name":"\u57fa\u7840\u91d1\u5c5e\u5217\u8868"},{"id":170,"cate_label_id":159,"name":"\u87ba\u7eb9\u94a2","cate_type":0,"pid":0,"ratio":"0.0000","price":"3249.0000","last_futures_price":"0.0000","last_sync_ratio":"0.0000","last_sync_time":0,"status":1,"is_del":1,"level":0,"add_time":1775159188,"up_time":1775159188,"pid_str":"","pid2":0,"pid2_str":"","ratio2":"0.0000","pid3":0,"pid3_str":"","ratio3":"0.0000","end_ratio":"0.0000","level2":0,"level3":0,"cat_name":"\u57fa\u7840\u91d1\u5c5e\u5217\u8868"},{"id":171,"cate_label_id":159,"name":"\u70ed\u5377","cate_type":0,"pid":0,"ratio":"0.0000","price":"3468.0000","last_futures_price":"0.0000","last_sync_ratio":"0.0000","last_sync_time":0,"status":1,"is_del":1,"level":0,"add_time":1775159363,"up_time":1775159363,"pid_str":"","pid2":0,"pid2_str":"","ratio2":"0.0000","pid3":0,"pid3_str":"","ratio3":"0.0000","end_ratio":"0.0000","level2":0,"level3":0,"cat_name":"\u57fa\u7840\u91d1\u5c5e\u5217\u8868"},{"id":172,"cate_label_id":159,"name":"\u9530\u7845","cate_type":0,"pid":0,"ratio":"0.0000","price":"5878.0000","last_futures_price":"0.0000","last_sync_ratio":"0.0000","last_sync_time":0,"status":1,"is_del":1,"level":0,"add_time":1775159401,"up_time":1775159401,"pid_str":"","pid2":0,"pid2_str":"","ratio2":"0.0000","pid3":0,"pid3_str":"","ratio3":"0.0000","end_ratio":"0.0000","level2":0,"level3":0,"cat_name":"\u57fa\u7840\u91d1\u5c5e\u5217\u8868"},{"id":173,"cate_label_id":159,"name":"\u94c2\u91d1","cate_type":0,"pid":0,"ratio":"0.0000","price":"2141.4000","last_futures_price":"0.0000","last_sync_ratio":"0.0000","last_sync_time":0,"status":1,"is_del":1,"level":0,"add_time":1775159416,"up_time":1775159416,"pid_str":"","pid2":0,"pid2_str":"","ratio2":"0.0000","pid3":0,"pid3_str":"","ratio3":"0.0000","end_ratio":"0.0000","level2":0,"level3":0,"cat_name":"\u57fa\u7840\u91d1\u5c5e\u5217\u8868"},{"id":174,"cate_label_id":159,"name":"\u94af\u91d1","cate_type":0,"pid":0,"ratio":"0.0000","price":"1508.0000","last_futures_price":"0.0000","last_sync_ratio":"0.0000","last_sync_time":0,"status":1,"is_del":1,"level":0,"add_time":1775159431,"up_time":1775159431,"pid_str":"","pid2":0,"pid2_str":"","ratio2":"0.0000","pid3":0,"pid3_str":"","ratio3":"0.0000","end_ratio":"0.0000","level2":0,"level3":0,"cat_name":"\u57fa\u7840\u91d1\u5c5e\u5217\u8868"},{"id":175,"cate_label_id":159,"name":"\u5de5\u4e1a\u7845","cate_type":0,"pid":0,"ratio":"0.0000","price":"8795.0000","last_futures_price":"0.0000","last_sync_ratio":"0.0000","last_sync_time":0,"status":1,"is_del":1,"level":0,"add_time":1775159442,"up_time":1775159442,"pid_str":"","pid2":0,"pid2_str":"","ratio2":"0.0000","pid3":0,"pid3_str":"","ratio3":"0.0000","end_ratio":"0.0000","level2":0,"level3":0,"cat_name":"\u57fa\u7840\u91d1\u5c5e\u5217\u8868"},{"id":176,"cate_label_id":159,"name":"\u94dd\u5408\u91d1","cate_type":0,"pid":0,"ratio":"0.0000","price":"23255.0000","last_futures_price":"0.0000","last_sync_ratio":"0.0000","last_sync_time":0,"status":1,"is_del":1,"level":0,"add_time":1775159467,"up_time":1775159467,"pid_str":"","pid2":0,"pid2_str":"","ratio2":"0.0000","pid3":0,"pid3_str":"","ratio3":"0.0000","end_ratio":"0.0000","level2":0,"level3":0,"cat_name":"\u57fa\u7840\u91d1\u5c5e\u5217\u8868"},{"id":177,"cate_label_id":159,"name":"\u6c27\u5316\u94dd","cate_type":0,"pid":0,"ratio":"0.0000","price":"2776.0000","last_futures_price":"0.0000","last_sync_ratio":"0.0000","last_sync_time":0,"status":1,"is_del":1,"level":0,"add_time":1775159483,"up_time":1775159483,"pid_str":"","pid2":0,"pid2_str":"","ratio2":"0.0000","pid3":0,"pid3_str":"","ratio3":"0.0000","end_ratio":"0.0000","level2":0,"level3":0,"cat_name":"\u57fa\u7840\u91d1\u5c5e\u5217\u8868"},{"id":178,"cate_label_id":159,"name":"\u7ebf\u6750","cate_type":0,"pid":0,"ratio":"0.0000","price":"3395.0000","last_futures_price":"0.0000","last_sync_ratio":"0.0000","last_sync_time":0,"status":1,"is_del":1,"level":0,"add_time":1775159497,"up_time":1775159497,"pid_str":"","pid2":0,"pid2_str":"","ratio2":"0.0000","pid3":0,"pid3_str":"","ratio3":"0.0000","end_ratio":"0.0000","level2":0,"level3":0,"cat_name":"\u57fa\u7840\u91d1\u5c5e\u5217\u8868"},{"id":179,"cate_label_id":159,"name":"\u73bb\u7483","cate_type":0,"pid":0,"ratio":"0.0000","price":"1068.0000","last_futures_price":"0.0000","last_sync_ratio":"0.0000","last_sync_time":0,"status":1,"is_del":1,"level":0,"add_time":1775159539,"up_time":1775159539,"pid_str":"","pid2":0,"pid2_str":"","ratio2":"0.0000","pid3":0,"pid3_str":"","ratio3":"0.0000","end_ratio":"0.0000","level2":0,"level3":0,"cat_name":"\u57fa\u7840\u91d1\u5c5e\u5217\u8868"},{"id":180,"cate_label_id":159,"name":"\u91d1\u5c5e\u94ec","cate_type":0,"pid":0,"ratio":"0.0000","price":"91.5000","last_futures_price":"0.0000","last_sync_ratio":"0.0000","last_sync_time":0,"status":1,"is_del":1,"level":0,"add_time":1775159558,"up_time":1775159558,"pid_str":"","pid2":0,"pid2_str":"","ratio2":"0.0000","pid3":0,"pid3_str":"","ratio3":"0.0000","end_ratio":"0.0000","level2":0,"level3":0,"cat_name":"\u57fa\u7840\u91d1\u5c5e\u5217\u8868"},{"id":181,"cate_label_id":159,"name":"\u77f3\u58a8\u70ef","cate_type":0,"pid":0,"ratio":"0.0000","price":"555.0000","last_futures_price":"0.0000","last_sync_ratio":"0.0000","last_sync_time":0,"status":1,"is_del":1,"level":0,"add_time":1775159576,"up_time":1775159576,"pid_str":"","pid2":0,"pid2_str":"","ratio2":"0.0000","pid3":0,"pid3_str":"","ratio3":"0.0000","end_ratio":"0.0000","level2":0,"level3":0,"cat_name":"\u57fa\u7840\u91d1\u5c5e\u5217\u8868"},{"id":182,"cate_label_id":159,"name":"\u91d1\u5c5e\u94b4","cate_type":0,"pid":0,"ratio":"0.0000","price":"989.0000","last_futures_price":"0.0000","last_sync_ratio":"0.0000","last_sync_time":0,"status":1,"is_del":1,"level":0,"add_time":1775159588,"up_time":1775159588,"pid_str":"","pid2":0,"pid2_str":"","ratio2":"0.0000","pid3":0,"pid3_str":"","ratio3":"0.0000","end_ratio":"0.0000","level2":0,"level3":0,"cat_name":"\u57fa\u7840\u91d1\u5c5e\u5217\u8868"},{"id":183,"cate_label_id":159,"name":"\u5f85\u5b9a","cate_type":0,"pid":0,"ratio":"0.0000","price":"91.5000","last_futures_price":"0.0000","last_sync_ratio":"0.0000","last_sync_time":0,"status":1,"is_del":1,"level":0,"add_time":1775160000,"up_time":1775160000,"pid_str":"","pid2":0,"pid2_str":"","ratio2":"0.0000","pid3":0,"pid3_str":"","ratio3":"0.0000","end_ratio":"0.0000","level2":0,"level3":0,"cat_name":"\u57fa\u7840\u91d1\u5c5e\u5217\u8868"},{"id":189,"cate_label_id":159,"name":"\u5907\u75281","cate_type":0,"pid":0,"ratio":"0.0000","price":"1.0000","last_futures_price":"0.0000","last_sync_ratio":"0.0000","last_sync_time":0,"status":1,"is_del":1,"level":1,"add_time":1778617483,"up_time":1778617483,"pid_str":"","pid2":0,"pid2_str":"","ratio2":"0.0000","pid3":0,"pid3_str":"","ratio3":"0.0000","end_ratio":"0.0000","level2":1,"level3":1,"cat_name":"\u57fa\u7840\u91d1\u5c5e\u5217\u8868"},{"id":190,"cate_label_id":159,"name":"\u5907\u75282","cate_type":0,"pid":0,"ratio":"0.0000","price":"2.0000","last_futures_price":"0.0000","last_sync_ratio":"0.0000","last_sync_time":0,"status":1,"is_del":1,"level":1,"add_time":1778617496,"up_time":1778617496,"pid_str":"","pid2":0,"pid2_str":"","ratio2":"0.0000","pid3":0,"pid3_str":"","ratio3":"0.0000","end_ratio":"0.0000","level2":1,"level3":1,"cat_name":"\u57fa\u7840\u91d1\u5c5e\u5217\u8868"},{"id":191,"cate_label_id":159,"name":"\u5907\u75283","cate_type":0,"pid":0,"ratio":"0.0000","price":"3.0000","last_futures_price":"0.0000","last_sync_ratio":"0.0000","last_sync_time":0,"status":1,"is_del":1,"level":1,"add_time":1778617507,"up_time":1778617507,"pid_str":"","pid2":0,"pid2_str":"","ratio2":"0.0000","pid3":0,"pid3_str":"","ratio3":"0.0000","end_ratio":"0.0000","level2":1,"level3":1,"cat_name":"\u57fa\u7840\u91d1\u5c5e\u5217\u8868"},{"id":192,"cate_label_id":159,"name":"\u5907\u75284","cate_type":0,"pid":0,"ratio":"0.0000","price":"4.0000","last_futures_price":"0.0000","last_sync_ratio":"0.0000","last_sync_time":0,"status":1,"is_del":1,"level":1,"add_time":1778617516,"up_time":1778617516,"pid_str":"","pid2":0,"pid2_str":"","ratio2":"0.0000","pid3":0,"pid3_str":"","ratio3":"0.0000","end_ratio":"0.0000","level2":1,"level3":1,"cat_name":"\u57fa\u7840\u91d1\u5c5e\u5217\u8868"},{"id":193,"cate_label_id":159,"name":"\u5907\u75285","cate_type":0,"pid":0,"ratio":"0.0000","price":"5.0000","last_futures_price":"0.0000","last_sync_ratio":"0.0000","last_sync_time":0,"status":1,"is_del":1,"level":1,"add_time":1778617527,"up_time":1778617527,"pid_str":"","pid2":0,"pid2_str":"","ratio2":"0.0000","pid3":0,"pid3_str":"","ratio3":"0.0000","end_ratio":"0.0000","level2":1,"level3":1,"cat_name":"\u57fa\u7840\u91d1\u5c5e\u5217\u8868"},{"id":194,"cate_label_id":159,"name":"\u5907\u75286","cate_type":0,"pid":0,"ratio":"0.0000","price":"6.0000","last_futures_price":"0.0000","last_sync_ratio":"0.0000","last_sync_time":0,"status":1,"is_del":1,"level":1,"add_time":1778617537,"up_time":1778617537,"pid_str":"","pid2":0,"pid2_str":"","ratio2":"0.0000","pid3":0,"pid3_str":"","ratio3":"0.0000","end_ratio":"0.0000","level2":1,"level3":1,"cat_name":"\u57fa\u7840\u91d1\u5c5e\u5217\u8868"},{"id":185,"cate_label_id":184,"name":"\u57fa\u7840\u94dc\u4ef7","cate_type":0,"pid":0,"ratio":"0.0000","price":"96.5000","last_futures_price":"0.0000","last_sync_ratio":"0.0000","last_sync_time":0,"status":1,"is_del":1,"level":1,"add_time":1775216239,"up_time":1775216239,"pid_str":"","pid2":0,"pid2_str":"","ratio2":"0.0000","pid3":0,"pid3_str":"","ratio3":"0.0000","end_ratio":"0.0000","level2":1,"level3":1,"cat_name":"\u5bfc\u4f53\u5206\u7c7b"},{"id":186,"cate_label_id":184,"name":"\u57fa\u7840\u94dd\u4ef7","cate_type":0,"pid":0,"ratio":"0.0000","price":"24.0000","last_futures_price":"0.0000","last_sync_ratio":"0.0000","last_sync_time":0,"status":1,"is_del":1,"level":1,"add_time":1775216251,"up_time":1775216251,"pid_str":"","pid2":0,"pid2_str":"","ratio2":"0.0000","pid3":0,"pid3_str":"","ratio3":"0.0000","end_ratio":"0.0000","level2":1,"level3":1,"cat_name":"\u5bfc\u4f53\u5206\u7c7b"},{"id":187,"cate_label_id":184,"name":"\u57fa\u7840\u94a2\u4ef7","cate_type":0,"pid":0,"ratio":"0.0000","price":"4.5000","last_futures_price":"0.0000","last_sync_ratio":"0.0000","last_sync_time":0,"status":1,"is_del":1,"level":0,"add_time":1775216277,"up_time":1775216277,"pid_str":"","pid2":0,"pid2_str":"","ratio2":"0.0000","pid3":0,"pid3_str":"","ratio3":"0.0000","end_ratio":"0.0000","level2":0,"level3":0,"cat_name":"\u5bfc\u4f53\u5206\u7c7b"},{"id":188,"cate_label_id":184,"name":"\u57fa\u7840\u954d\u4ef7","cate_type":0,"pid":0,"ratio":"0.0000","price":"135.0000","last_futures_price":"0.0000","last_sync_ratio":"0.0000","last_sync_time":0,"status":1,"is_del":1,"level":1,"add_time":1775216322,"up_time":1775216322,"pid_str":"","pid2":0,"pid2_str":"","ratio2":"0.0000","pid3":0,"pid3_str":"","ratio3":"0.0000","end_ratio":"0.0000","level2":1,"level3":1,"cat_name":"\u5bfc\u4f53\u5206\u7c7b"}]}

[ 2026-05-31T23:18:05+08:00 ] ::1 /Home/PriceSync/saveConfig.html
INFO: [ app_init ] --START--
INFO: Run Behavior\BuildLiteBehavior [ RunTime:0.000010s ]
INFO: [ app_init ] --END-- [ RunTime:0.000098s ]
INFO: [ app_begin ] --START--
INFO: Run Behavior\ReadHtmlCacheBehavior [ RunTime:0.000045s ]
INFO: [ app_begin ] --END-- [ RunTime:0.000070s ]
SQL: SHOW COLUMNS FROM `price_sync_config` [ RunTime:0.0042s ]
SQL: UPDATE `price_sync_config` SET `futures_code`='cum',`futures_name`='沪铜主连',`exchange`='shfe',`new_label_id`='160',`label_name`='沪铜',`ratio`='100',`auto_sync`='1',`up_time`='1780240685' WHERE `id` = 1 [ RunTime:0.0086s ]
ERR: {"status":1,"msg":"\u66f4\u65b0\u6210\u529f","data":null}

[ 2026-05-31T23:18:05+08:00 ] ::1 /Home/PriceSync/getConfigList.html
INFO: [ app_init ] --START--
INFO: Run Behavior\BuildLiteBehavior [ RunTime:0.000007s ]
INFO: [ app_init ] --END-- [ RunTime:0.000074s ]
INFO: [ app_begin ] --START--
INFO: Run Behavior\ReadHtmlCacheBehavior [ RunTime:0.000049s ]
INFO: [ app_begin ] --END-- [ RunTime:0.000086s ]
SQL: SHOW COLUMNS FROM `price_sync_config` [ RunTime:0.0076s ]
SQL: SELECT * FROM `price_sync_config` WHERE `status` = 1 ORDER BY id asc  [ RunTime:0.0011s ]
SQL: SHOW COLUMNS FROM `new_label` [ RunTime:0.0028s ]
SQL: SELECT `price` FROM `new_label` WHERE `id` = 160 LIMIT 1   [ RunTime:0.0008s ]
ERR: {"status":1,"msg":"\u83b7\u53d6\u6210\u529f","data":[{"id":1,"futures_code":"cum","futures_name":"\u6caa\u94dc\u4e3b\u8fde","exchange":"shfe","new_label_id":160,"label_name":"\u6caa\u94dc","ratio":"100.0000","auto_sync":1,"status":1,"add_time":1780239338,"up_time":1780240685,"current_price":"1044.3000"}]}

[ 2026-05-31T23:18:06+08:00 ] ::1 /Home/PriceSync/syncOne.html
INFO: [ app_init ] --START--
INFO: Run Behavior\BuildLiteBehavior [ RunTime:0.000008s ]
INFO: [ app_init ] --END-- [ RunTime:0.000079s ]
INFO: [ app_begin ] --START--
INFO: Run Behavior\ReadHtmlCacheBehavior [ RunTime:0.000040s ]
INFO: [ app_begin ] --END-- [ RunTime:0.000072s ]
SQL: SHOW COLUMNS FROM `price_sync_config` [ RunTime:0.0037s ]
SQL: SELECT * FROM `price_sync_config` WHERE `id` = 1 AND `status` = 1 LIMIT 1   [ RunTime:0.0011s ]
SQL: SHOW COLUMNS FROM `new_label` [ RunTime:0.0030s ]
SQL: SELECT * FROM `new_label` WHERE `id` = 160 LIMIT 1   [ RunTime:0.0019s ]
SQL: UPDATE `new_label` SET `price`='104430.0000',`last_futures_price`='104430',`last_sync_ratio`='100.0000',`last_sync_time`='1780240686',`up_time`='1780240686' WHERE `id` = 160 [ RunTime:0.0028s ]
SQL: SELECT * FROM `new_label` WHERE ( FIND_IN_SET(160, pid_str) ) ORDER BY level asc, id asc  [ RunTime:0.0019s ]
SQL: SELECT * FROM `new_label` WHERE `id` = 160 LIMIT 1   [ RunTime:0.0017s ]
SQL: SELECT * FROM `new_label` WHERE `id` = 160 LIMIT 1   [ RunTime:0.0009s ]
SQL: SELECT * FROM `new_label` WHERE `id` = 163 LIMIT 1   [ RunTime:0.0013s ]
SQL: SELECT * FROM `new_label` WHERE `id` = 160 LIMIT 1   [ RunTime:0.0008s ]
SQL: SELECT * FROM `new_label` WHERE `id` = 160 LIMIT 1   [ RunTime:0.0005s ]
SQL: SELECT * FROM `new_label` WHERE `id` = 163 LIMIT 1   [ RunTime:0.0005s ]
SQL: SELECT * FROM `new_label` WHERE ( FIND_IN_SET(160, pid2_str) ) ORDER BY level2 asc, id asc  [ RunTime:0.0010s ]
SQL: SELECT * FROM `new_label` WHERE ( FIND_IN_SET(160, pid3_str) ) ORDER BY level3 asc, id asc  [ RunTime:0.0013s ]
SQL: SELECT * FROM `new_label` WHERE `id` = 160 LIMIT 1   [ RunTime:0.0015s ]
SQL: SHOW COLUMNS FROM `new_cate` [ RunTime:0.0052s ]
SQL: SELECT * FROM `new_cate` WHERE `new_label_id` = 160  [ RunTime:0.0046s ]
SQL: UPDATE `new_cate` SET `price`='104430.0000' WHERE `new_label_id` = 160 [ RunTime:0.0011s ]
SQL: SHOW COLUMNS FROM `new_cate_form` [ RunTime:0.0039s ]
DEBUG: 22222222222
DEBUG: 160
DEBUG: 
SQL: SHOW COLUMNS FROM `task_log` [ RunTime:0.0067s ]
SQL: SHOW COLUMNS FROM `task` [ RunTime:0.0054s ]
SQL: SELECT * FROM `new_label` WHERE `id` = 195 LIMIT 1   [ RunTime:0.0012s ]
SQL: SELECT * FROM `new_cate` WHERE `new_label_id` = 195  [ RunTime:0.0008s ]
SQL: UPDATE `new_cate` SET `price`='107.7200' WHERE `new_label_id` = 195 [ RunTime:0.0006s ]
DEBUG: 22222222222
DEBUG: 195
DEBUG: 
SQL: SELECT * FROM `new_label` WHERE `id` = 196 LIMIT 1   [ RunTime:0.0005s ]
SQL: SELECT * FROM `new_cate` WHERE `new_label_id` = 196  [ RunTime:0.0004s ]
SQL: UPDATE `new_cate` SET `price`='117.5900' WHERE `new_label_id` = 196 [ RunTime:0.0004s ]
DEBUG: 22222222222
DEBUG: 196
DEBUG: 
SQL: SELECT * FROM `new_label` WHERE `id` = 197 LIMIT 1   [ RunTime:0.0007s ]
SQL: SELECT * FROM `new_cate` WHERE `new_label_id` = 197  [ RunTime:0.0010s ]
SQL: UPDATE `new_cate` SET `price`='112.0300' WHERE `new_label_id` = 197 [ RunTime:0.0006s ]
DEBUG: 22222222222
DEBUG: 197
DEBUG: 
SQL: SELECT * FROM `new_label` WHERE `id` = 198 LIMIT 1   [ RunTime:0.0005s ]
SQL: SELECT * FROM `new_cate` WHERE `new_label_id` = 198  [ RunTime:0.0005s ]
SQL: UPDATE `new_cate` SET `price`='125.4900' WHERE `new_label_id` = 198 [ RunTime:0.0004s ]
DEBUG: 22222222222
DEBUG: 198
DEBUG: 
SQL: SHOW COLUMNS FROM `price_sync_log` [ RunTime:0.0024s ]
SQL: INSERT INTO `price_sync_log` (`config_id`,`futures_code`,`futures_name`,`new_label_id`,`label_name`,`futures_price`,`old_price`,`new_price`,`sync_type`,`status`,`add_time`) VALUES ('1','cum','沪铜主连','160','沪铜','104430','1044.3000','104430.0000','1','1','1780240686') [ RunTime:0.0064s ]
ERR: {"status":1,"msg":"\u540c\u6b65\u6210\u529f","data":{"new_price":"104430.0000","futures_price":104430}}

[ 2026-05-31T23:18:11+08:00 ] ::1 /Home/NewLabel/index
INFO: [ app_init ] --START--
INFO: Run Behavior\BuildLiteBehavior [ RunTime:0.000011s ]
INFO: [ app_init ] --END-- [ RunTime:0.000163s ]
INFO: [ app_begin ] --START--
INFO: Run Behavior\ReadHtmlCacheBehavior [ RunTime:0.000046s ]
INFO: [ app_begin ] --END-- [ RunTime:0.000070s ]
SQL: SHOW COLUMNS FROM `new_label` [ RunTime:0.0080s ]
SQL: SELECT * FROM `new_label` ORDER BY id asc  [ RunTime:0.0085s ]
INFO: [ view_parse ] --START--
INFO: [ template_filter ] --START--
INFO: Run Behavior\ContentReplaceBehavior [ RunTime:0.000225s ]
INFO: [ template_filter ] --END-- [ RunTime:0.000282s ]
INFO: Run Behavior\ParseTemplateBehavior [ RunTime:0.016921s ]
INFO: [ view_parse ] --END-- [ RunTime:0.016983s ]
INFO: [ view_filter ] --START--
INFO: Run Behavior\WriteHtmlCacheBehavior [ RunTime:0.000099s ]
INFO: [ view_filter ] --END-- [ RunTime:0.000109s ]
INFO: [ app_end ] --START--
INFO: Run Behavior\ShowPageTraceBehavior [ RunTime:0.000054s ]
INFO: [ app_end ] --END-- [ RunTime:0.000063s ]

[ 2026-05-31T23:18:14+08:00 ] ::1 /Home/NewLabel/index
INFO: [ app_init ] --START--
INFO: Run Behavior\BuildLiteBehavior [ RunTime:0.000009s ]
INFO: [ app_init ] --END-- [ RunTime:0.000074s ]
INFO: [ app_begin ] --START--
INFO: Run Behavior\ReadHtmlCacheBehavior [ RunTime:0.000037s ]
INFO: [ app_begin ] --END-- [ RunTime:0.000063s ]
SQL: SHOW COLUMNS FROM `new_label` [ RunTime:0.0097s ]
SQL: SELECT * FROM `new_label` ORDER BY id asc  [ RunTime:0.0026s ]
INFO: [ view_parse ] --START--
INFO: [ template_filter ] --START--
INFO: Run Behavior\ContentReplaceBehavior [ RunTime:0.000191s ]
INFO: [ template_filter ] --END-- [ RunTime:0.000251s ]
INFO: Run Behavior\ParseTemplateBehavior [ RunTime:0.019740s ]
INFO: [ view_parse ] --END-- [ RunTime:0.019802s ]
INFO: [ view_filter ] --START--
INFO: Run Behavior\WriteHtmlCacheBehavior [ RunTime:0.000077s ]
INFO: [ view_filter ] --END-- [ RunTime:0.000085s ]
INFO: [ app_end ] --START--
INFO: Run Behavior\ShowPageTraceBehavior [ RunTime:0.000037s ]
INFO: [ app_end ] --END-- [ RunTime:0.000053s ]

[ 2026-05-31T23:20:13+08:00 ] ::1 /Home/NewLabel/index
INFO: [ app_init ] --START--
INFO: Run Behavior\BuildLiteBehavior [ RunTime:0.000023s ]
INFO: [ app_init ] --END-- [ RunTime:0.000149s ]
INFO: [ app_begin ] --START--
INFO: Run Behavior\ReadHtmlCacheBehavior [ RunTime:0.000115s ]
INFO: [ app_begin ] --END-- [ RunTime:0.000148s ]
SQL: SHOW COLUMNS FROM `new_label` [ RunTime:0.0057s ]
SQL: SELECT * FROM `new_label` ORDER BY id asc  [ RunTime:0.0019s ]
INFO: [ view_parse ] --START--
INFO: [ template_filter ] --START--
INFO: Run Behavior\ContentReplaceBehavior [ RunTime:0.000167s ]
INFO: [ template_filter ] --END-- [ RunTime:0.000197s ]
INFO: Run Behavior\ParseTemplateBehavior [ RunTime:0.012676s ]
INFO: [ view_parse ] --END-- [ RunTime:0.012716s ]
INFO: [ view_filter ] --START--
INFO: Run Behavior\WriteHtmlCacheBehavior [ RunTime:0.000117s ]
INFO: [ view_filter ] --END-- [ RunTime:0.000127s ]
INFO: [ app_end ] --START--
INFO: Run Behavior\ShowPageTraceBehavior [ RunTime:0.000084s ]
INFO: [ app_end ] --END-- [ RunTime:0.000105s ]

[ 2026-05-31T23:21:26+08:00 ] ::1 /Home/NewLabel/index
INFO: [ app_init ] --START--
INFO: Run Behavior\BuildLiteBehavior [ RunTime:0.000013s ]
INFO: [ app_init ] --END-- [ RunTime:0.000152s ]
INFO: [ app_begin ] --START--
INFO: Run Behavior\ReadHtmlCacheBehavior [ RunTime:0.000061s ]
INFO: [ app_begin ] --END-- [ RunTime:0.000091s ]
SQL: SHOW COLUMNS FROM `new_label` [ RunTime:0.0097s ]
SQL: SELECT * FROM `new_label` ORDER BY id asc  [ RunTime:0.0026s ]
INFO: [ view_parse ] --START--
INFO: [ template_filter ] --START--
INFO: Run Behavior\ContentReplaceBehavior [ RunTime:0.000197s ]
INFO: [ template_filter ] --END-- [ RunTime:0.000248s ]
INFO: Run Behavior\ParseTemplateBehavior [ RunTime:0.016284s ]
INFO: [ view_parse ] --END-- [ RunTime:0.016390s ]
INFO: [ view_filter ] --START--
INFO: Run Behavior\WriteHtmlCacheBehavior [ RunTime:0.000166s ]
INFO: [ view_filter ] --END-- [ RunTime:0.000183s ]
INFO: [ app_end ] --START--
INFO: Run Behavior\ShowPageTraceBehavior [ RunTime:0.000102s ]
INFO: [ app_end ] --END-- [ RunTime:0.000125s ]

[ 2026-05-31T23:22:59+08:00 ] ::1 /Home/NewLabel/editGet/model/new_label.html
INFO: [ app_init ] --START--
INFO: Run Behavior\BuildLiteBehavior [ RunTime:0.000017s ]
INFO: [ app_init ] --END-- [ RunTime:0.000203s ]
INFO: [ app_begin ] --START--
INFO: Run Behavior\ReadHtmlCacheBehavior [ RunTime:0.000682s ]
INFO: [ app_begin ] --END-- [ RunTime:0.000733s ]
SQL: SHOW COLUMNS FROM `new_label` [ RunTime:0.0068s ]
SQL: SELECT * FROM `new_label` WHERE `id` = 162 LIMIT 1   [ RunTime:0.0019s ]
SQL: SELECT * FROM `new_label` WHERE `id` <> 162 AND `cate_label_id` > 0  [ RunTime:0.0032s ]
ERR: {"status":1,"msg":"\u4fee\u6539\u6210\u529f","data":{"id":162,"cate_label_id":159,"name":"\u6caa\u954d","cate_type":0,"pid":0,"ratio":0,"price":"145650.0000","last_futures_price":"0.0000","last_sync_ratio":"0.0000","last_sync_time":0,"status":1,"is_del":1,"level":0,"add_time":1775158650,"up_time":1775158650,"pid_str":"","pid2":0,"pid2_str":"","ratio2":0,"pid3":0,"pid3_str":"","ratio3":0,"end_ratio":0,"level2":0,"level3":0,"cate_list":[{"id":5,"cate_label_id":3,"name":"\u73b0\u8d27\u94dc\u4ef7\u57fa\u7840\u503c","cate_type":0,"pid":0,"ratio":"100.0000","price":"94.7000","last_futures_price":"0.0000","last_sync_ratio":"0.0000","last_sync_time":0,"status":1,"is_del":1,"level":0,"add_time":1731588218,"up_time":1731678051,"pid_str":"","pid2":0,"pid2_str":"","ratio2":"100.0000","pid3":0,"pid3_str":"","ratio3":"100.0000","end_ratio":"0.0000","level2":0,"level3":0},{"id":27,"cate_label_id":26,"name":"\u4ea4\u8054\u805a\u4e59\u70ef\u4ef7\u683c","cate_type":0,"pid":0,"ratio":"0.0000","price":"12.0000","last_futures_price":"0.0000","last_sync_ratio":"0.0000","last_sync_time":0,"status":1,"is_del":1,"level":0,"add_time":1731673353,"up_time":1731673353,"pid_str":"","pid2":0,"pid2_str":"","ratio2":"100.0000","pid3":0,"pid3_str":"","ratio3":"100.0000","end_ratio":"0.0000","level2":0,"level3":0},{"id":29,"cate_label_id":28,"name":"\u5bfc\u4f53+\u7edd\u7f18\u5c4f\u853d\u6599\u4ef7","cate_type":0,"pid":0,"ratio":"0.0000","price":"11.5000","last_futures_price":"0.0000","last_sync_ratio":"0.0000","last_sync_time":0,"status":1,"is_del":1,"level":0,"add_time":1731673397,"up_time":1731673397,"pid_str":"","pid2":0,"pid2_str":"","ratio2":"100.0000","pid3":0,"pid3_str":"","ratio3":"100.0000","end_ratio":"0.0000","level2":1,"level3":1},{"id":51,"cate_label_id":3,"name":"\u73b0\u8d27\u94dd\u4ef7\u57fa\u7840\u503c","cate_type":0,"pid":0,"ratio":"100.0000","price":"23.0000","last_futures_price":"0.0000","last_sync_ratio":"0.0000","last_sync_time":0,"status":1,"is_del":1,"level":0,"add_time":1731682407,"up_time":1731682407,"pid_str":"","pid2":0,"pid2_str":"","ratio2":"100.0000","pid3":0,"pid3_str":"","ratio3":"100.0000","end_ratio":"0.0000","level2":0,"level3":0},{"id":74,"cate_label_id":26,"name":"PVC\u805a\u6c2f\u4e59\u70ef\u4ef7","cate_type":0,"pid":0,"ratio":"100.0000","price":"7.5000","last_futures_price":"0.0000","last_sync_ratio":"0.0000","last_sync_time":0,"status":1,"is_del":1,"level":0,"add_time":1734582414,"up_time":1734582414,"pid_str":"","pid2":0,"pid2_str":"","ratio2":"100.0000","pid3":0,"pid3_str":"","ratio3":"100.0000","end_ratio":"0.0000","level2":0,"level3":0},{"id":94,"cate_label_id":4,"name":"\u9ed1\u4e91\u6bcd\u5e26","cate_type":0,"pid":0,"ratio":"0.0000","price":"38.0000","last_futures_price":"0.0000","last_sync_ratio":"0.0000","last_sync_time":0,"status":1,"is_del":1,"level":0,"add_time":1735321887,"up_time":1735321887,"pid_str":"","pid2":0,"pid2_str":"","ratio2":"100.0000","pid3":0,"pid3_str":"","ratio3":"100.0000","end_ratio":"0.0000","level2":0,"level3":0},{"id":95,"cate_label_id":4,"name":"\u767d\u4e91\u6bcd\u5e26","cate_type":0,"pid":94,"ratio":"139.0000","price":"52.8200","last_futures_price":"0.0000","last_sync_ratio":"0.0000","last_sync_time":0,"status":1,"is_del":1,"level":1,"add_time":1735321972,"up_time":1735321972,"pid_str":"94","pid2":0,"pid2_str":"","ratio2":"100.0000","pid3":0,"pid3_str":"","ratio3":"100.0000","end_ratio":"0.0000","level2":1,"level3":1},{"id":96,"cate_label_id":3,"name":"\u7ec6\u94dc\u4e1d\u4ef7\u683c","cate_type":0,"pid":5,"ratio":"104.0000","price":"98.4800","last_futures_price":"0.0000","last_sync_ratio":"0.0000","last_sync_time":0,"status":1,"is_del":1,"level":1,"add_time":1735381914,"up_time":1735381914,"pid_str":"5","pid2":0,"pid2_str":"","ratio2":"100.0000","pid3":0,"pid3_str":"","ratio3":"100.0000","end_ratio":"0.0000","level2":1,"level3":1},{"id":97,"cate_label_id":3,"name":"\u94dd\u5408\u91d1\u4ef7","cate_type":0,"pid":51,"ratio":"105.0000","price":"24.1500","last_futures_price":"0.0000","last_sync_ratio":"0.0000","last_sync_time":0,"status":1,"is_del":1,"level":1,"add_time":1735381985,"up_time":1735381985,"pid_str":"51","pid2":0,"pid2_str":"","ratio2":"100.0000","pid3":0,"pid3_str":"","ratio3":"100.0000","end_ratio":"0.0000","level2":1,"level3":1},{"id":98,"cate_label_id":3,"name":"BVR\u7ec6\u94dc\u4e1d\u4ef7","cate_type":0,"pid":5,"ratio":"103.0000","price":"97.5400","last_futures_price":"0.0000","last_sync_ratio":"0.0000","last_sync_time":0,"status":1,"is_del":1,"level":1,"add_time":1735382673,"up_time":1735382673,"pid_str":"5","pid2":0,"pid2_str":"","ratio2":"100.0000","pid3":0,"pid3_str":"","ratio3":"100.0000","end_ratio":"0.0000","level2":1,"level3":1},{"id":99,"cate_label_id":3,"name":"\u67b6\u7a7a\u5bfc\u7ebf\u94a2\u4e1d\u4ef7","cate_type":0,"pid":0,"ratio":"0.0000","price":"5.0000","last_futures_price":"0.0000","last_sync_ratio":"0.0000","last_sync_time":0,"status":1,"is_del":1,"level":1,"add_time":1735382759,"up_time":1735382759,"pid_str":"","pid2":0,"pid2_str":"","ratio2":"100.0000","pid3":0,"pid3_str":"","ratio3":"100.0000","end_ratio":"0.0000","level2":1,"level3":1},{"id":101,"cate_label_id":26,"name":"10KV\/35KV\u4ea4\u8054\u7edd\u7f18\u4ef7","cate_type":0,"pid":27,"ratio":"123.0000","price":"14.7600","last_futures_price":"0.0000","last_sync_ratio":"0.0000","last_sync_time":0,"status":1,"is_del":1,"level":1,"add_time":1735383067,"up_time":1735383067,"pid_str":"27","pid2":0,"pid2_str":"","ratio2":"100.0000","pid3":0,"pid3_str":"","ratio3":"100.0000","end_ratio":"0.0000","level2":1,"level3":1},{"id":102,"cate_label_id":26,"name":"\u67b6\u7a7a\u8010\u5019XLPE\u6599\u4ef7","cate_type":0,"pid":27,"ratio":"116.7000","price":"14.0000","last_futures_price":"0.0000","last_sync_ratio":"0.0000","last_sync_time":0,"status":1,"is_del":1,"level":1,"add_time":1735400540,"up_time":1735400540,"pid_str":"27","pid2":0,"pid2_str":"","ratio2":"100.0000","pid3":0,"pid3_str":"","ratio3":"100.0000","end_ratio":"0.0000","level2":0,"level3":0},{"id":103,"cate_label_id":3,"name":"\u5c4f\u853d\u94dc\u5e26","cate_type":0,"pid":5,"ratio":"111.1000","price":"105.2100","last_futures_price":"0.0000","last_sync_ratio":"0.0000","last_sync_time":0,"status":1,"is_del":1,"level":1,"add_time":1735400783,"up_time":1735400783,"pid_str":"5","pid2":0,"pid2_str":"","ratio2":"100.0000","pid3":0,"pid3_str":"","ratio3":"100.0000","end_ratio":"0.0000","level2":1,"level3":1},{"id":104,"cate_label_id":26,"name":"\u5bfc\u4f53+\u7edd\u7f18\u5c4f\u853d\u6599\u4ef7","cate_type":0,"pid":101,"ratio":"104.0000","price":"15.3500","last_futures_price":"0.0000","last_sync_ratio":"0.0000","last_sync_time":0,"status":1,"is_del":1,"level":2,"add_time":1735400894,"up_time":1735400894,"pid_str":"27,101","pid2":0,"pid2_str":"","ratio2":"100.0000","pid3":0,"pid3_str":"","ratio3":"100.0000","end_ratio":"0.0000","level2":1,"level3":1},{"id":105,"cate_label_id":30,"name":"\u94a2\u5e26\u4ef7\u683c","cate_type":0,"pid":0,"ratio":"0.0000","price":"4.2000","last_futures_price":"0.0000","last_sync_ratio":"0.0000","last_sync_time":0,"status":1,"is_del":1,"level":0,"add_time":1735400959,"up_time":1735400959,"pid_str":"","pid2":0,"pid2_str":"","ratio2":"100.0000","pid3":0,"pid3_str":"","ratio3":"100.0000","end_ratio":"0.0000","level2":0,"level3":0},{"id":106,"cate_label_id":30,"name":"\u4e0d\u9508\u94a2\u5e26\u4ef7\u683c","cate_type":0,"pid":105,"ratio":"250.0000","price":"10.5000","last_futures_price":"0.0000","last_sync_ratio":"0.0000","last_sync_time":0,"status":1,"is_del":1,"level":1,"add_time":1735401010,"up_time":1735401010,"pid_str":"105","pid2":0,"pid2_str":"","ratio2":"100.0000","pid3":0,"pid3_str":"","ratio3":"100.0000","end_ratio":"0.0000","level2":1,"level3":1},{"id":107,"cate_label_id":30,"name":"\u94a2\u4e1d\u4ef7\u683c","cate_type":0,"pid":105,"ratio":"108.0000","price":"4.5300","last_futures_price":"0.0000","last_sync_ratio":"0.0000","last_sync_time":0,"status":1,"is_del":1,"level":1,"add_time":1735401055,"up_time":1735401055,"pid_str":"105","pid2":0,"pid2_str":"","ratio2":"100.0000","pid3":0,"pid3_str":"","ratio3":"100.0000","end_ratio":"0.0000","level2":1,"level3":1},{"id":108,"cate_label_id":30,"name":"\u4e0d\u9508\u94a2\u4e1d","cate_type":0,"pid":105,"ratio":"131.0000","price":"5.5000","last_futures_price":"0.0000","last_sync_ratio":"0.0000","last_sync_time":0,"status":1,"is_del":1,"level":1,"add_time":1735401113,"up_time":1735401113,"pid_str":"105","pid2":0,"pid2_str":"","ratio2":"100.0000","pid3":0,"pid3_str":"","ratio3":"100.0000","end_ratio":"0.0000","level2":1,"level3":1},{"id":109,"cate_label_id":32,"name":"PVC\u805a\u6c2f\u4e59\u70ef","cate_type":0,"pid":0,"ratio":"0.0000","price":"7.0000","last_futures_price":"0.0000","last_sync_ratio":"0.0000","last_sync_time":0,"status":1,"is_del":1,"level":0,"add_time":1735401182,"up_time":1735401182,"pid_str":"","pid2":0,"pid2_str":"","ratio2":"100.0000","pid3":0,"pid3_str":"","ratio3":"100.0000","end_ratio":"0.0000","level2":0,"level3":0},{"id":110,"cate_label_id":32,"name":"\u65e0\u5364\u4f4e\u70df\u963b\u71c3\u805a\u70ef\u70c3","cate_type":0,"pid":109,"ratio":"117.0000","price":"8.1900","last_futures_price":"0.0000","last_sync_ratio":"0.0000","last_sync_time":0,"status":1,"is_del":1,"level":1,"add_time":1735401270,"up_time":1735401270,"pid_str":"109","pid2":0,"pid2_str":"","ratio2":"100.0000","pid3":0,"pid3_str":"","ratio3":"100.0000","end_ratio":"0.0000","level2":1,"level3":1},{"id":111,"cate_label_id":32,"name":"\u9632\u706b\u4f4e\u70df\u963b\u71c3\u805a\u70ef\u70c3","cate_type":0,"pid":110,"ratio":"107.0000","price":"8.7600","last_futures_price":"0.0000","last_sync_ratio":"0.0000","last_sync_time":0,"status":1,"is_del":1,"level":2,"add_time":1735401324,"up_time":1735401324,"pid_str":"109,110","pid2":0,"pid2_str":"","ratio2":"100.0000","pid3":0,"pid3_str":"","ratio3":"100.0000","end_ratio":"0.0000","level2":1,"level3":1},{"id":113,"cate_label_id":32,"name":"\u6c2f\u4e01\u6a61\u80f6\u62a4\u5957","cate_type":0,"pid":112,"ratio":"100.0000","price":"10.0000","last_futures_price":"0.0000","last_sync_ratio":"0.0000","last_sync_time":0,"status":1,"is_del":1,"level":2,"add_time":1735401407,"up_time":1735401407,"pid_str":"112","pid2":0,"pid2_str":"","ratio2":"100.0000","pid3":0,"pid3_str":"","ratio3":"100.0000","end_ratio":"0.0000","level2":1,"level3":1},{"id":114,"cate_label_id":32,"name":"\u4e8c\u4ee3\u6599PVC\u805a\u6c2f\u4e59\u70ef","cate_type":0,"pid":109,"ratio":"75.0000","price":"5.2500","last_futures_price":"0.0000","last_sync_ratio":"0.0000","last_sync_time":0,"status":1,"is_del":1,"level":1,"add_time":1735401470,"up_time":1735401470,"pid_str":"109","pid2":0,"pid2_str":"","ratio2":"100.0000","pid3":0,"pid3_str":"","ratio3":"100.0000","end_ratio":"0.0000","level2":1,"level3":1},{"id":115,"cate_label_id":32,"name":"\u805a\u4e59\u70ef\u6750\u6599\u4ef7\u683c","cate_type":0,"pid":109,"ratio":"150.0000","price":"10.5000","last_futures_price":"0.0000","last_sync_ratio":"0.0000","last_sync_time":0,"status":1,"is_del":1,"level":1,"add_time":1735401546,"up_time":1735401546,"pid_str":"109","pid2":0,"pid2_str":"","ratio2":"100.0000","pid3":0,"pid3_str":"","ratio3":"100.0000","end_ratio":"0.0000","level2":1,"level3":1},{"id":116,"cate_label_id":3,"name":"\u7f16\u7ec7\u94dc\u4e1d\u4ef7","cate_type":0,"pid":5,"ratio":"105.5000","price":"99.9000","last_futures_price":"0.0000","last_sync_ratio":"0.0000","last_sync_time":0,"status":1,"is_del":1,"level":1,"add_time":1735401652,"up_time":1735401652,"pid_str":"5","pid2":0,"pid2_str":"","ratio2":"100.0000","pid3":0,"pid3_str":"","ratio3":"100.0000","end_ratio":"0.0000","level2":1,"level3":1},{"id":117,"cate_label_id":3,"name":"\u5206\u5c4f+\u603b\u5c4f\u94dc\u4ef7","cate_type":0,"pid":116,"ratio":"100.0000","price":"99.9000","last_futures_price":"0.0000","last_sync_ratio":"0.0000","last_sync_time":0,"status":1,"is_del":1,"level":2,"add_time":1735401722,"up_time":1735401722,"pid_str":"5,116","pid2":0,"pid2_str":"","ratio2":"100.0000","pid3":0,"pid3_str":"","ratio3":"100.0000","end_ratio":"0.0000","level2":1,"level3":1},{"id":118,"cate_label_id":3,"name":"\u9632\u706b\u94dc\u5e26\u4ef7\u683c","cate_type":0,"pid":5,"ratio":"105.7000","price":"100.0900","last_futures_price":"0.0000","last_sync_ratio":"0.0000","last_sync_time":0,"status":1,"is_del":1,"level":1,"add_time":1735401753,"up_time":1735401753,"pid_str":"5","pid2":0,"pid2_str":"","ratio2":"100.0000","pid3":0,"pid3_str":"","ratio3":"100.0000","end_ratio":"0.0000","level2":1,"level3":1},{"id":119,"cate_label_id":3,"name":"\u9694\u79bb\u578b\u94dd\u7ba1\u4ef7","cate_type":0,"pid":51,"ratio":"107.5000","price":"24.7200","last_futures_price":"0.0000","last_sync_ratio":"0.0000","last_sync_time":0,"status":1,"is_del":1,"level":1,"add_time":1735401804,"up_time":1735401804,"pid_str":"51","pid2":0,"pid2_str":"","ratio2":"100.0000","pid3":0,"pid3_str":"","ratio3":"100.0000","end_ratio":"0.0000","level2":1,"level3":1},{"id":120,"cate_label_id":3,"name":"\u8054\u9501\u94e0\u88c5\u94dd\u5e26\u4ef7","cate_type":0,"pid":51,"ratio":"110.0000","price":"25.3000","last_futures_price":"0.0000","last_sync_ratio":"0.0000","last_sync_time":0,"status":1,"is_del":1,"level":1,"add_time":1735761006,"up_time":1735761006,"pid_str":"51","pid2":0,"pid2_str":"","ratio2":"100.0000","pid3":0,"pid3_str":"","ratio3":"100.0000","end_ratio":"0.0000","level2":1,"level3":1},{"id":121,"cate_label_id":3,"name":"\u94dc\u5305\u94dd\u5bfc\u4f53","cate_type":0,"pid":5,"ratio":"11.0000","price":"31.1100","last_futures_price":"0.0000","last_sync_ratio":"0.0000","last_sync_time":0,"status":1,"is_del":1,"level":1,"add_time":1735763487,"up_time":1735763487,"pid_str":"5","pid2":51,"pid2_str":"","ratio2":"90.0000","pid3":0,"pid3_str":"","ratio3":"100.0000","end_ratio":"0.0000","level2":1,"level3":0},{"id":124,"cate_label_id":3,"name":"\u5c4f\u853d\u94dd\u5e26","cate_type":0,"pid":51,"ratio":"130.0000","price":"29.9000","last_futures_price":"0.0000","last_sync_ratio":"0.0000","last_sync_time":0,"status":1,"is_del":1,"level":1,"add_time":1736553876,"up_time":1736553876,"pid_str":"51","pid2":0,"pid2_str":"","ratio2":"100.0000","pid3":0,"pid3_str":"","ratio3":"100.0000","end_ratio":"0.0000","level2":1,"level3":1},{"id":125,"cate_label_id":26,"name":"\u4f4e\u70df\u65e0\u5364\u7edd\u7f18","cate_type":0,"pid":27,"ratio":"127.0000","price":"15.2400","last_futures_price":"0.0000","last_sync_ratio":"0.0000","last_sync_time":0,"status":1,"is_del":1,"level":1,"add_time":1738838536,"up_time":1738838536,"pid_str":"27","pid2":0,"pid2_str":"","ratio2":"100.0000","pid3":0,"pid3_str":"","ratio3":"100.0000","end_ratio":"0.0000","level2":1,"level3":1},{"id":130,"cate_label_id":3,"name":"\u6a61\u5957\u7535\u7f06\u8f6f\u94dc\u5bfc\u4f53","cate_type":0,"pid":96,"ratio":"98.0000","price":"96.5100","last_futures_price":"0.0000","last_sync_ratio":"0.0000","last_sync_time":0,"status":1,"is_del":1,"level":2,"add_time":1744767200,"up_time":1744767200,"pid_str":"5,96","pid2":0,"pid2_str":"","ratio2":"0.0000","pid3":0,"pid3_str":"","ratio3":"0.0000","end_ratio":"0.0000","level2":0,"level3":0},{"id":131,"cate_label_id":3,"name":"\u77ff\u7528\u7535\u7f06\u8f6f\u94dc\u5bfc\u4f53","cate_type":0,"pid":96,"ratio":"98.0000","price":"96.5100","last_futures_price":"0.0000","last_sync_ratio":"0.0000","last_sync_time":0,"status":1,"is_del":1,"level":2,"add_time":1744767234,"up_time":1744767234,"pid_str":"5,96","pid2":0,"pid2_str":"","ratio2":"0.0000","pid3":0,"pid3_str":"","ratio3":"0.0000","end_ratio":"0.0000","level2":0,"level3":0},{"id":132,"cate_label_id":3,"name":"\u77ff\u7528\u7535\u7f06\u9540\u9521\u8f6f\u94dc","cate_type":0,"pid":131,"ratio":"102.0000","price":"98.4400","last_futures_price":"0.0000","last_sync_ratio":"0.0000","last_sync_time":0,"status":1,"is_del":1,"level":3,"add_time":1744767609,"up_time":1744767609,"pid_str":"5,96,131","pid2":0,"pid2_str":"","ratio2":"0.0000","pid3":0,"pid3_str":"","ratio3":"0.0000","end_ratio":"0.0000","level2":0,"level3":0},{"id":134,"cate_label_id":133,"name":"XH-03A-\u77ff\u7528\u62a4\u5957","cate_type":0,"pid":0,"ratio":"0.0000","price":"8.0000","last_futures_price":"0.0000","last_sync_ratio":"0.0000","last_sync_time":0,"status":1,"is_del":1,"level":0,"add_time":1744771398,"up_time":1744771398,"pid_str":"","pid2":0,"pid2_str":"","ratio2":"0.0000","pid3":0,"pid3_str":"","ratio3":"0.0000","end_ratio":"0.0000","level2":0,"level3":0},{"id":135,"cate_label_id":133,"name":"IE4-\u901a\u7528\u7edd\u7f18\u6a61\u80f6","cate_type":0,"pid":134,"ratio":"134.3000","price":"10.7400","last_futures_price":"0.0000","last_sync_ratio":"0.0000","last_sync_time":0,"status":1,"is_del":1,"level":1,"add_time":1744771497,"up_time":1744771497,"pid_str":"134","pid2":0,"pid2_str":"","ratio2":"0.0000","pid3":0,"pid3_str":"","ratio3":"0.0000","end_ratio":"0.0000","level2":0,"level3":0},{"id":136,"cate_label_id":133,"name":"1KV-XJ-30A-\u77ff\u7528\u7edd\u7f18\u6a61\u80f6","cate_type":0,"pid":134,"ratio":"140.0000","price":"11.2000","last_futures_price":"0.0000","last_sync_ratio":"0.0000","last_sync_time":0,"status":1,"is_del":1,"level":1,"add_time":1744771556,"up_time":1744771556,"pid_str":"134","pid2":0,"pid2_str":"","ratio2":"0.0000","pid3":0,"pid3_str":"","ratio3":"0.0000","end_ratio":"0.0000","level2":0,"level3":0},{"id":137,"cate_label_id":133,"name":"10KV-XJ-30A-\u77ff\u7528\u7edd\u7f18\u6a61\u80f6","cate_type":0,"pid":134,"ratio":"165.7000","price":"13.2500","last_futures_price":"0.0000","last_sync_ratio":"0.0000","last_sync_time":0,"status":1,"is_del":1,"level":1,"add_time":1744771607,"up_time":1744771607,"pid_str":"134","pid2":0,"pid2_str":"","ratio2":"0.0000","pid3":0,"pid3_str":"","ratio3":"0.0000","end_ratio":"0.0000","level2":0,"level3":0},{"id":138,"cate_label_id":133,"name":"SE3-\u901a\u7528\u62a4\u5957\u6a61\u80f6","cate_type":0,"pid":134,"ratio":"81.4000","price":"6.5100","last_futures_price":"0.0000","last_sync_ratio":"0.0000","last_sync_time":0,"status":1,"is_del":1,"level":1,"add_time":1744771648,"up_time":1744771648,"pid_str":"134","pid2":0,"pid2_str":"","ratio2":"0.0000","pid3":0,"pid3_str":"","ratio3":"0.0000","end_ratio":"0.0000","level2":0,"level3":0},{"id":139,"cate_label_id":133,"name":"\u77ff\u7528\u5185\u886c\u5c42\u6a61\u80f6","cate_type":0,"pid":134,"ratio":"111.4000","price":"8.9100","last_futures_price":"0.0000","last_sync_ratio":"0.0000","last_sync_time":0,"status":1,"is_del":1,"level":1,"add_time":1744771716,"up_time":1744771716,"pid_str":"134","pid2":0,"pid2_str":"","ratio2":"0.0000","pid3":0,"pid3_str":"","ratio3":"0.0000","end_ratio":"0.0000","level2":0,"level3":0},{"id":140,"cate_label_id":133,"name":"SE3-YH-\u710a\u673a\u7ebf\u62a4\u5957","cate_type":0,"pid":134,"ratio":"105.7000","price":"8.4500","last_futures_price":"0.0000","last_sync_ratio":"0.0000","last_sync_time":0,"status":1,"is_del":1,"level":1,"add_time":1744771931,"up_time":1744771931,"pid_str":"134","pid2":0,"pid2_str":"","ratio2":"0.0000","pid3":0,"pid3_str":"","ratio3":"0.0000","end_ratio":"0.0000","level2":0,"level3":0},{"id":141,"cate_label_id":133,"name":"\u6a61\u80f6\u5185\u5c4f-\u77ff\u7f06","cate_type":0,"pid":134,"ratio":"193.0000","price":"15.4400","last_futures_price":"0.0000","last_sync_ratio":"0.0000","last_sync_time":0,"status":1,"is_del":1,"level":1,"add_time":1744771985,"up_time":1744771985,"pid_str":"134","pid2":0,"pid2_str":"","ratio2":"0.0000","pid3":0,"pid3_str":"","ratio3":"0.0000","end_ratio":"0.0000","level2":0,"level3":0},{"id":142,"cate_label_id":133,"name":"\u6a61\u80f6\u5916\u5c4f","cate_type":0,"pid":141,"ratio":"217.6000","price":"33.5900","last_futures_price":"0.0000","last_sync_ratio":"0.0000","last_sync_time":0,"status":1,"is_del":1,"level":2,"add_time":1744772031,"up_time":1744772031,"pid_str":"134,141","pid2":0,"pid2_str":"","ratio2":"0.0000","pid3":0,"pid3_str":"","ratio3":"0.0000","end_ratio":"0.0000","level2":0,"level3":0},{"id":143,"cate_label_id":133,"name":"WD-XH-03A","cate_type":0,"pid":134,"ratio":"467.1000","price":"37.3600","last_futures_price":"0.0000","last_sync_ratio":"0.0000","last_sync_time":0,"status":1,"is_del":1,"level":1,"add_time":1744772105,"up_time":1744772105,"pid_str":"134","pid2":0,"pid2_str":"","ratio2":"0.0000","pid3":0,"pid3_str":"","ratio3":"0.0000","end_ratio":"0.0000","level2":0,"level3":0},{"id":144,"cate_label_id":133,"name":"\u6df7\u70bc\u80f61#-\u586b\u5145\u7c7b","cate_type":0,"pid":134,"ratio":"80.0000","price":"6.4000","last_futures_price":"0.0000","last_sync_ratio":"0.0000","last_sync_time":0,"status":1,"is_del":1,"level":1,"add_time":1744772165,"up_time":1744772165,"pid_str":"134","pid2":0,"pid2_str":"","ratio2":"0.0000","pid3":0,"pid3_str":"","ratio3":"0.0000","end_ratio":"0.0000","level2":0,"level3":0},{"id":145,"cate_label_id":133,"name":"\u6df7\u70bc\u80f63#-\u586b\u5145\u7c7b","cate_type":0,"pid":144,"ratio":"91.0000","price":"5.8200","last_futures_price":"0.0000","last_sync_ratio":"0.0000","last_sync_time":0,"status":1,"is_del":1,"level":2,"add_time":1744772205,"up_time":1744772205,"pid_str":"134,144","pid2":0,"pid2_str":"","ratio2":"0.0000","pid3":0,"pid3_str":"","ratio3":"0.0000","end_ratio":"0.0000","level2":0,"level3":0},{"id":146,"cate_label_id":3,"name":"\u9540\u9521\u7f16\u7ec7\u94dc\u4e1d","cate_type":0,"pid":132,"ratio":"105.5000","price":"103.8500","last_futures_price":"0.0000","last_sync_ratio":"0.0000","last_sync_time":0,"status":1,"is_del":1,"level":4,"add_time":1744812415,"up_time":1744812415,"pid_str":"5,96,131,132","pid2":0,"pid2_str":"","ratio2":"0.0000","pid3":0,"pid3_str":"","ratio3":"0.0000","end_ratio":"0.0000","level2":0,"level3":0},{"id":147,"cate_label_id":133,"name":"\u7845\u6a61\u80f6\u6750\u6599","cate_type":0,"pid":135,"ratio":"144.0000","price":"15.4600","last_futures_price":"0.0000","last_sync_ratio":"0.0000","last_sync_time":0,"status":1,"is_del":1,"level":2,"add_time":1745174816,"up_time":1745174816,"pid_str":"134,135","pid2":0,"pid2_str":"","ratio2":"0.0000","pid3":0,"pid3_str":"","ratio3":"0.0000","end_ratio":"0.0000","level2":0,"level3":0},{"id":148,"cate_label_id":133,"name":"\u4e01\u8148\u6a61\u80f6\u6750\u6599","cate_type":0,"pid":135,"ratio":"107.0000","price":"11.4900","last_futures_price":"0.0000","last_sync_ratio":"0.0000","last_sync_time":0,"status":1,"is_del":1,"level":2,"add_time":1745174886,"up_time":1745174886,"pid_str":"134,135","pid2":0,"pid2_str":"","ratio2":"0.0000","pid3":0,"pid3_str":"","ratio3":"0.0000","end_ratio":"0.0000","level2":0,"level3":0},{"id":149,"cate_label_id":3,"name":"\u6a61\u5957\u7535\u7f06\u94dd\u5408\u91d1\u5bfc\u4f53","cate_type":0,"pid":51,"ratio":"117.1000","price":"26.9300","last_futures_price":"0.0000","last_sync_ratio":"0.0000","last_sync_time":0,"status":1,"is_del":1,"level":1,"add_time":1745175141,"up_time":1745175141,"pid_str":"51","pid2":0,"pid2_str":"","ratio2":"0.0000","pid3":0,"pid3_str":"","ratio3":"0.0000","end_ratio":"0.0000","level2":0,"level3":0},{"id":150,"cate_label_id":3,"name":"\u67b6\u7a7a\u7535\u7f06\u94dd","cate_type":0,"pid":51,"ratio":"100.0000","price":"23.0000","last_futures_price":"0.0000","last_sync_ratio":"0.0000","last_sync_time":0,"status":1,"is_del":1,"level":1,"add_time":1745776273,"up_time":1745776273,"pid_str":"51","pid2":0,"pid2_str":"","ratio2":"0.0000","pid3":0,"pid3_str":"","ratio3":"0.0000","end_ratio":"0.0000","level2":0,"level3":0},{"id":151,"cate_label_id":3,"name":"\u67b6\u7a7a\u7535\u7f06\u94dd\u5408\u91d1","cate_type":0,"pid":150,"ratio":"105.0000","price":"24.1500","last_futures_price":"0.0000","last_sync_ratio":"0.0000","last_sync_time":0,"status":1,"is_del":1,"level":2,"add_time":1745776305,"up_time":1745776305,"pid_str":"51,150","pid2":0,"pid2_str":"","ratio2":"0.0000","pid3":0,"pid3_str":"","ratio3":"0.0000","end_ratio":"0.0000","level2":0,"level3":0},{"id":152,"cate_label_id":30,"name":"\u67b6\u7a7a\u7535\u7f06\u666e\u901a\u94a2\u4e1d","cate_type":0,"pid":107,"ratio":"88.2000","price":"4.0000","last_futures_price":"0.0000","last_sync_ratio":"0.0000","last_sync_time":0,"status":1,"is_del":1,"level":2,"add_time":1745776560,"up_time":1745776560,"pid_str":"105,107","pid2":0,"pid2_str":"","ratio2":"0.0000","pid3":0,"pid3_str":"","ratio3":"0.0000","end_ratio":"0.0000","level2":0,"level3":0},{"id":153,"cate_label_id":30,"name":"\u94a2\u7ede\u7ebf\u9540\u950c\u94a2\u4e1d","cate_type":0,"pid":152,"ratio":"150.0000","price":"6.0000","last_futures_price":"0.0000","last_sync_ratio":"0.0000","last_sync_time":0,"status":1,"is_del":1,"level":3,"add_time":1745776605,"up_time":1745776605,"pid_str":"105,107,152","pid2":0,"pid2_str":"","ratio2":"0.0000","pid3":0,"pid3_str":"","ratio3":"0.0000","end_ratio":"0.0000","level2":0,"level3":0},{"id":154,"cate_label_id":3,"name":"\u94dd\u7ede\u7ebf\u6750\u6599\u94dd","cate_type":0,"pid":150,"ratio":"105.0000","price":"24.1500","last_futures_price":"0.0000","last_sync_ratio":"0.0000","last_sync_time":0,"status":1,"is_del":1,"level":2,"add_time":1745776845,"up_time":1745776845,"pid_str":"51,150","pid2":0,"pid2_str":"","ratio2":"0.0000","pid3":0,"pid3_str":"","ratio3":"0.0000","end_ratio":"0.0000","level2":0,"level3":0},{"id":155,"cate_label_id":3,"name":"\u94dd\u5408\u91d1\u7ede\u7ebf\u94dd","cate_type":0,"pid":154,"ratio":"105.0000","price":"25.3500","last_futures_price":"0.0000","last_sync_ratio":"0.0000","last_sync_time":0,"status":1,"is_del":1,"level":3,"add_time":1745776872,"up_time":1745776872,"pid_str":"51,150,154","pid2":0,"pid2_str":"","ratio2":"0.0000","pid3":0,"pid3_str":"","ratio3":"0.0000","end_ratio":"0.0000","level2":1,"level3":1},{"id":156,"cate_label_id":3,"name":"\u67b6\u7a7a\u7535\u7f06\u786c\u94dc","cate_type":0,"pid":5,"ratio":"100.0000","price":"94.7000","last_futures_price":"0.0000","last_sync_ratio":"0.0000","last_sync_time":0,"status":1,"is_del":1,"level":1,"add_time":1745777117,"up_time":1745777117,"pid_str":"5","pid2":0,"pid2_str":"","ratio2":"0.0000","pid3":0,"pid3_str":"","ratio3":"0.0000","end_ratio":"0.0000","level2":0,"level3":0},{"id":157,"cate_label_id":3,"name":"\u67b6\u7a7a\u7535\u7f06\u8f6f\u94dc","cate_type":0,"pid":96,"ratio":"100.0000","price":"98.4800","last_futures_price":"0.0000","last_sync_ratio":"0.0000","last_sync_time":0,"status":1,"is_del":1,"level":2,"add_time":1745777136,"up_time":1745777136,"pid_str":"5,96","pid2":0,"pid2_str":"","ratio2":"0.0000","pid3":0,"pid3_str":"","ratio3":"0.0000","end_ratio":"0.0000","level2":0,"level3":0},{"id":158,"cate_label_id":30,"name":"\u7f16\u7ec7\u7528\u9540\u9521\u94a2\u4e1d","cate_type":0,"pid":105,"ratio":"150.0000","price":"6.3000","last_futures_price":"0.0000","last_sync_ratio":"0.0000","last_sync_time":0,"status":1,"is_del":1,"level":1,"add_time":1753483344,"up_time":1753483344,"pid_str":"105","pid2":0,"pid2_str":"","ratio2":"0.0000","pid3":0,"pid3_str":"","ratio3":"0.0000","end_ratio":"100.0000","level2":0,"level3":0},{"id":160,"cate_label_id":159,"name":"\u6caa\u94dc","cate_type":0,"pid":0,"ratio":"0.0000","price":"104430.0000","last_futures_price":"104430.0000","last_sync_ratio":"100.0000","last_sync_time":1780240686,"status":1,"is_del":1,"level":0,"add_time":1772791661,"up_time":1780240686,"pid_str":"","pid2":0,"pid2_str":"","ratio2":"0.0000","pid3":0,"pid3_str":"","ratio3":"0.0000","end_ratio":"0.0000","level2":0,"level3":0},{"id":161,"cate_label_id":159,"name":"\u6caa\u94dd","cate_type":0,"pid":0,"ratio":"0.0000","price":"24640.0000","last_futures_price":"0.0000","last_sync_ratio":"0.0000","last_sync_time":0,"status":1,"is_del":1,"level":0,"add_time":1775158584,"up_time":1775158584,"pid_str":"","pid2":0,"pid2_str":"","ratio2":"0.0000","pid3":0,"pid3_str":"","ratio3":"0.0000","end_ratio":"0.0000","level2":0,"level3":0},{"id":163,"cate_label_id":159,"name":"\u6caa\u9521","cate_type":0,"pid":0,"ratio":"0.0000","price":"437040.0000","last_futures_price":"0.0000","last_sync_ratio":"0.0000","last_sync_time":0,"status":1,"is_del":1,"level":0,"add_time":1775158678,"up_time":1775158678,"pid_str":"","pid2":0,"pid2_str":"","ratio2":"0.0000","pid3":0,"pid3_str":"","ratio3":"0.0000","end_ratio":"0.0000","level2":0,"level3":0},{"id":164,"cate_label_id":159,"name":"\u6caa\u950c","cate_type":0,"pid":0,"ratio":"0.0000","price":"24640.0000","last_futures_price":"0.0000","last_sync_ratio":"0.0000","last_sync_time":0,"status":1,"is_del":1,"level":0,"add_time":1775158807,"up_time":1775158807,"pid_str":"","pid2":0,"pid2_str":"","ratio2":"0.0000","pid3":0,"pid3_str":"","ratio3":"0.0000","end_ratio":"0.0000","level2":0,"level3":0},{"id":165,"cate_label_id":159,"name":"\u4e0d\u9508\u94a2","cate_type":0,"pid":0,"ratio":"0.0000","price":"15065.0000","last_futures_price":"0.0000","last_sync_ratio":"0.0000","last_sync_time":0,"status":1,"is_del":1,"level":0,"add_time":1775158827,"up_time":1775158827,"pid_str":"","pid2":0,"pid2_str":"","ratio2":"0.0000","pid3":0,"pid3_str":"","ratio3":"0.0000","end_ratio":"0.0000","level2":0,"level3":0},{"id":166,"cate_label_id":159,"name":"\u6caa\u94f6","cate_type":0,"pid":0,"ratio":"0.0000","price":"20964.0000","last_futures_price":"0.0000","last_sync_ratio":"0.0000","last_sync_time":0,"status":1,"is_del":1,"level":0,"add_time":1775158945,"up_time":1775158945,"pid_str":"","pid2":0,"pid2_str":"","ratio2":"0.0000","pid3":0,"pid3_str":"","ratio3":"0.0000","end_ratio":"0.0000","level2":0,"level3":0},{"id":167,"cate_label_id":159,"name":"\u6caa\u91d1","cate_type":0,"pid":0,"ratio":"0.0000","price":"1027.1000","last_futures_price":"0.0000","last_sync_ratio":"0.0000","last_sync_time":0,"status":1,"is_del":1,"level":0,"add_time":1775159038,"up_time":1775159038,"pid_str":"","pid2":0,"pid2_str":"","ratio2":"0.0000","pid3":0,"pid3_str":"","ratio3":"0.0000","end_ratio":"0.0000","level2":0,"level3":0},{"id":168,"cate_label_id":159,"name":"\u7845\u94c1","cate_type":0,"pid":0,"ratio":"0.0000","price":"5762.0000","last_futures_price":"0.0000","last_sync_ratio":"0.0000","last_sync_time":0,"status":1,"is_del":1,"level":0,"add_time":1775159058,"up_time":1775159058,"pid_str":"","pid2":0,"pid2_str":"","ratio2":"0.0000","pid3":0,"pid3_str":"","ratio3":"0.0000","end_ratio":"0.0000","level2":0,"level3":0},{"id":169,"cate_label_id":159,"name":"\u94c1\u77ff\u77f3","cate_type":0,"pid":0,"ratio":"0.0000","price":"815.5000","last_futures_price":"0.0000","last_sync_ratio":"0.0000","last_sync_time":0,"status":1,"is_del":1,"level":0,"add_time":1775159155,"up_time":1775159155,"pid_str":"","pid2":0,"pid2_str":"","ratio2":"0.0000","pid3":0,"pid3_str":"","ratio3":"0.0000","end_ratio":"0.0000","level2":0,"level3":0},{"id":170,"cate_label_id":159,"name":"\u87ba\u7eb9\u94a2","cate_type":0,"pid":0,"ratio":"0.0000","price":"3249.0000","last_futures_price":"0.0000","last_sync_ratio":"0.0000","last_sync_time":0,"status":1,"is_del":1,"level":0,"add_time":1775159188,"up_time":1775159188,"pid_str":"","pid2":0,"pid2_str":"","ratio2":"0.0000","pid3":0,"pid3_str":"","ratio3":"0.0000","end_ratio":"0.0000","level2":0,"level3":0},{"id":171,"cate_label_id":159,"name":"\u70ed\u5377","cate_type":0,"pid":0,"ratio":"0.0000","price":"3468.0000","last_futures_price":"0.0000","last_sync_ratio":"0.0000","last_sync_time":0,"status":1,"is_del":1,"level":0,"add_time":1775159363,"up_time":1775159363,"pid_str":"","pid2":0,"pid2_str":"","ratio2":"0.0000","pid3":0,"pid3_str":"","ratio3":"0.0000","end_ratio":"0.0000","level2":0,"level3":0},{"id":172,"cate_label_id":159,"name":"\u9530\u7845","cate_type":0,"pid":0,"ratio":"0.0000","price":"5878.0000","last_futures_price":"0.0000","last_sync_ratio":"0.0000","last_sync_time":0,"status":1,"is_del":1,"level":0,"add_time":1775159401,"up_time":1775159401,"pid_str":"","pid2":0,"pid2_str":"","ratio2":"0.0000","pid3":0,"pid3_str":"","ratio3":"0.0000","end_ratio":"0.0000","level2":0,"level3":0},{"id":173,"cate_label_id":159,"name":"\u94c2\u91d1","cate_type":0,"pid":0,"ratio":"0.0000","price":"2141.4000","last_futures_price":"0.0000","last_sync_ratio":"0.0000","last_sync_time":0,"status":1,"is_del":1,"level":0,"add_time":1775159416,"up_time":1775159416,"pid_str":"","pid2":0,"pid2_str":"","ratio2":"0.0000","pid3":0,"pid3_str":"","ratio3":"0.0000","end_ratio":"0.0000","level2":0,"level3":0},{"id":174,"cate_label_id":159,"name":"\u94af\u91d1","cate_type":0,"pid":0,"ratio":"0.0000","price":"1508.0000","last_futures_price":"0.0000","last_sync_ratio":"0.0000","last_sync_time":0,"status":1,"is_del":1,"level":0,"add_time":1775159431,"up_time":1775159431,"pid_str":"","pid2":0,"pid2_str":"","ratio2":"0.0000","pid3":0,"pid3_str":"","ratio3":"0.0000","end_ratio":"0.0000","level2":0,"level3":0},{"id":175,"cate_label_id":159,"name":"\u5de5\u4e1a\u7845","cate_type":0,"pid":0,"ratio":"0.0000","price":"8795.0000","last_futures_price":"0.0000","last_sync_ratio":"0.0000","last_sync_time":0,"status":1,"is_del":1,"level":0,"add_time":1775159442,"up_time":1775159442,"pid_str":"","pid2":0,"pid2_str":"","ratio2":"0.0000","pid3":0,"pid3_str":"","ratio3":"0.0000","end_ratio":"0.0000","level2":0,"level3":0},{"id":176,"cate_label_id":159,"name":"\u94dd\u5408\u91d1","cate_type":0,"pid":0,"ratio":"0.0000","price":"23255.0000","last_futures_price":"0.0000","last_sync_ratio":"0.0000","last_sync_time":0,"status":1,"is_del":1,"level":0,"add_time":1775159467,"up_time":1775159467,"pid_str":"","pid2":0,"pid2_str":"","ratio2":"0.0000","pid3":0,"pid3_str":"","ratio3":"0.0000","end_ratio":"0.0000","level2":0,"level3":0},{"id":177,"cate_label_id":159,"name":"\u6c27\u5316\u94dd","cate_type":0,"pid":0,"ratio":"0.0000","price":"2776.0000","last_futures_price":"0.0000","last_sync_ratio":"0.0000","last_sync_time":0,"status":1,"is_del":1,"level":0,"add_time":1775159483,"up_time":1775159483,"pid_str":"","pid2":0,"pid2_str":"","ratio2":"0.0000","pid3":0,"pid3_str":"","ratio3":"0.0000","end_ratio":"0.0000","level2":0,"level3":0},{"id":178,"cate_label_id":159,"name":"\u7ebf\u6750","cate_type":0,"pid":0,"ratio":"0.0000","price":"3395.0000","last_futures_price":"0.0000","last_sync_ratio":"0.0000","last_sync_time":0,"status":1,"is_del":1,"level":0,"add_time":1775159497,"up_time":1775159497,"pid_str":"","pid2":0,"pid2_str":"","ratio2":"0.0000","pid3":0,"pid3_str":"","ratio3":"0.0000","end_ratio":"0.0000","level2":0,"level3":0},{"id":179,"cate_label_id":159,"name":"\u73bb\u7483","cate_type":0,"pid":0,"ratio":"0.0000","price":"1068.0000","last_futures_price":"0.0000","last_sync_ratio":"0.0000","last_sync_time":0,"status":1,"is_del":1,"level":0,"add_time":1775159539,"up_time":1775159539,"pid_str":"","pid2":0,"pid2_str":"","ratio2":"0.0000","pid3":0,"pid3_str":"","ratio3":"0.0000","end_ratio":"0.0000","level2":0,"level3":0},{"id":180,"cate_label_id":159,"name":"\u91d1\u5c5e\u94ec","cate_type":0,"pid":0,"ratio":"0.0000","price":"91.5000","last_futures_price":"0.0000","last_sync_ratio":"0.0000","last_sync_time":0,"status":1,"is_del":1,"level":0,"add_time":1775159558,"up_time":1775159558,"pid_str":"","pid2":0,"pid2_str":"","ratio2":"0.0000","pid3":0,"pid3_str":"","ratio3":"0.0000","end_ratio":"0.0000","level2":0,"level3":0},{"id":181,"cate_label_id":159,"name":"\u77f3\u58a8\u70ef","cate_type":0,"pid":0,"ratio":"0.0000","price":"555.0000","last_futures_price":"0.0000","last_sync_ratio":"0.0000","last_sync_time":0,"status":1,"is_del":1,"level":0,"add_time":1775159576,"up_time":1775159576,"pid_str":"","pid2":0,"pid2_str":"","ratio2":"0.0000","pid3":0,"pid3_str":"","ratio3":"0.0000","end_ratio":"0.0000","level2":0,"level3":0},{"id":182,"cate_label_id":159,"name":"\u91d1\u5c5e\u94b4","cate_type":0,"pid":0,"ratio":"0.0000","price":"989.0000","last_futures_price":"0.0000","last_sync_ratio":"0.0000","last_sync_time":0,"status":1,"is_del":1,"level":0,"add_time":1775159588,"up_time":1775159588,"pid_str":"","pid2":0,"pid2_str":"","ratio2":"0.0000","pid3":0,"pid3_str":"","ratio3":"0.0000","end_ratio":"0.0000","level2":0,"level3":0},{"id":183,"cate_label_id":159,"name":"\u5f85\u5b9a","cate_type":0,"pid":0,"ratio":"0.0000","price":"91.5000","last_futures_price":"0.0000","last_sync_ratio":"0.0000","last_sync_time":0,"status":1,"is_del":1,"level":0,"add_time":1775160000,"up_time":1775160000,"pid_str":"","pid2":0,"pid2_str":"","ratio2":"0.0000","pid3":0,"pid3_str":"","ratio3":"0.0000","end_ratio":"0.0000","level2":0,"level3":0},{"id":185,"cate_label_id":184,"name":"\u57fa\u7840\u94dc\u4ef7","cate_type":0,"pid":0,"ratio":"0.0000","price":"96.5000","last_futures_price":"0.0000","last_sync_ratio":"0.0000","last_sync_time":0,"status":1,"is_del":1,"level":1,"add_time":1775216239,"up_time":1775216239,"pid_str":"","pid2":0,"pid2_str":"","ratio2":"0.0000","pid3":0,"pid3_str":"","ratio3":"0.0000","end_ratio":"0.0000","level2":1,"level3":1},{"id":186,"cate_label_id":184,"name":"\u57fa\u7840\u94dd\u4ef7","cate_type":0,"pid":0,"ratio":"0.0000","price":"24.0000","last_futures_price":"0.0000","last_sync_ratio":"0.0000","last_sync_time":0,"status":1,"is_del":1,"level":1,"add_time":1775216251,"up_time":1775216251,"pid_str":"","pid2":0,"pid2_str":"","ratio2":"0.0000","pid3":0,"pid3_str":"","ratio3":"0.0000","end_ratio":"0.0000","level2":1,"level3":1},{"id":187,"cate_label_id":184,"name":"\u57fa\u7840\u94a2\u4ef7","cate_type":0,"pid":0,"ratio":"0.0000","price":"4.5000","last_futures_price":"0.0000","last_sync_ratio":"0.0000","last_sync_time":0,"status":1,"is_del":1,"level":0,"add_time":1775216277,"up_time":1775216277,"pid_str":"","pid2":0,"pid2_str":"","ratio2":"0.0000","pid3":0,"pid3_str":"","ratio3":"0.0000","end_ratio":"0.0000","level2":0,"level3":0},{"id":188,"cate_label_id":184,"name":"\u57fa\u7840\u954d\u4ef7","cate_type":0,"pid":0,"ratio":"0.0000","price":"135.0000","last_futures_price":"0.0000","last_sync_ratio":"0.0000","last_sync_time":0,"status":1,"is_del":1,"level":1,"add_time":1775216322,"up_time":1775216322,"pid_str":"","pid2":0,"pid2_str":"","ratio2":"0.0000","pid3":0,"pid3_str":"","ratio3":"0.0000","end_ratio":"0.0000","level2":1,"level3":1},{"id":189,"cate_label_id":159,"name":"\u5907\u75281","cate_type":0,"pid":0,"ratio":"0.0000","price":"1.0000","last_futures_price":"0.0000","last_sync_ratio":"0.0000","last_sync_time":0,"status":1,"is_del":1,"level":1,"add_time":1778617483,"up_time":1778617483,"pid_str":"","pid2":0,"pid2_str":"","ratio2":"0.0000","pid3":0,"pid3_str":"","ratio3":"0.0000","end_ratio":"0.0000","level2":1,"level3":1},{"id":190,"cate_label_id":159,"name":"\u5907\u75282","cate_type":0,"pid":0,"ratio":"0.0000","price":"2.0000","last_futures_price":"0.0000","last_sync_ratio":"0.0000","last_sync_time":0,"status":1,"is_del":1,"level":1,"add_time":1778617496,"up_time":1778617496,"pid_str":"","pid2":0,"pid2_str":"","ratio2":"0.0000","pid3":0,"pid3_str":"","ratio3":"0.0000","end_ratio":"0.0000","level2":1,"level3":1},{"id":191,"cate_label_id":159,"name":"\u5907\u75283","cate_type":0,"pid":0,"ratio":"0.0000","price":"3.0000","last_futures_price":"0.0000","last_sync_ratio":"0.0000","last_sync_time":0,"status":1,"is_del":1,"level":1,"add_time":1778617507,"up_time":1778617507,"pid_str":"","pid2":0,"pid2_str":"","ratio2":"0.0000","pid3":0,"pid3_str":"","ratio3":"0.0000","end_ratio":"0.0000","level2":1,"level3":1},{"id":192,"cate_label_id":159,"name":"\u5907\u75284","cate_type":0,"pid":0,"ratio":"0.0000","price":"4.0000","last_futures_price":"0.0000","last_sync_ratio":"0.0000","last_sync_time":0,"status":1,"is_del":1,"level":1,"add_time":1778617516,"up_time":1778617516,"pid_str":"","pid2":0,"pid2_str":"","ratio2":"0.0000","pid3":0,"pid3_str":"","ratio3":"0.0000","end_ratio":"0.0000","level2":1,"level3":1},{"id":193,"cate_label_id":159,"name":"\u5907\u75285","cate_type":0,"pid":0,"ratio":"0.0000","price":"5.0000","last_futures_price":"0.0000","last_sync_ratio":"0.0000","last_sync_time":0,"status":1,"is_del":1,"level":1,"add_time":1778617527,"up_time":1778617527,"pid_str":"","pid2":0,"pid2_str":"","ratio2":"0.0000","pid3":0,"pid3_str":"","ratio3":"0.0000","end_ratio":"0.0000","level2":1,"level3":1},{"id":194,"cate_label_id":159,"name":"\u5907\u75286","cate_type":0,"pid":0,"ratio":"0.0000","price":"6.0000","last_futures_price":"0.0000","last_sync_ratio":"0.0000","last_sync_time":0,"status":1,"is_del":1,"level":1,"add_time":1778617537,"up_time":1778617537,"pid_str":"","pid2":0,"pid2_str":"","ratio2":"0.0000","pid3":0,"pid3_str":"","ratio3":"0.0000","end_ratio":"0.0000","level2":1,"level3":1},{"id":195,"cate_label_id":159,"name":"1KV-\u786c\u94dc\u5149\u4eae","cate_type":0,"pid":160,"ratio":"0.1000","price":"107.7200","last_futures_price":"0.0000","last_sync_ratio":"0.0000","last_sync_time":0,"status":1,"is_del":1,"level":1,"add_time":1778617649,"up_time":1778617649,"pid_str":"160","pid2":0,"pid2_str":"","ratio2":"0.0000","pid3":0,"pid3_str":"","ratio3":"0.0000","end_ratio":"0.0000","level2":0,"level3":0},{"id":196,"cate_label_id":159,"name":"1KV-\u786c\u94dc\u9540\u9521","cate_type":0,"pid":160,"ratio":"0.1000","price":"117.5900","last_futures_price":"0.0000","last_sync_ratio":"0.0000","last_sync_time":0,"status":1,"is_del":1,"level":1,"add_time":1778617780,"up_time":1778617780,"pid_str":"160","pid2":163,"pid2_str":"","ratio2":"0.0000","pid3":0,"pid3_str":"","ratio3":"0.0000","end_ratio":"105.0000","level2":1,"level3":0},{"id":197,"cate_label_id":159,"name":"1KV-\u8f6f\u94dc\u5149\u4eae","cate_type":0,"pid":160,"ratio":"0.1000","price":"112.0300","last_futures_price":"0.0000","last_sync_ratio":"0.0000","last_sync_time":0,"status":1,"is_del":1,"level":1,"add_time":1778617868,"up_time":1778617868,"pid_str":"160","pid2":0,"pid2_str":"","ratio2":"0.0000","pid3":0,"pid3_str":"","ratio3":"0.0000","end_ratio":"0.0000","level2":0,"level3":0},{"id":198,"cate_label_id":159,"name":"1KV-\u8f6f\u94dc\u9540\u9521","cate_type":0,"pid":160,"ratio":"0.1000","price":"125.4900","last_futures_price":"0.0000","last_sync_ratio":"0.0000","last_sync_time":0,"status":1,"is_del":1,"level":1,"add_time":1778617909,"up_time":1778617909,"pid_str":"160","pid2":163,"pid2_str":"","ratio2":"0.0000","pid3":0,"pid3_str":"","ratio3":"0.0000","end_ratio":"105.0000","level2":1,"level3":0},{"id":199,"cate_label_id":159,"name":"1KV-\u7535\u5de5\u94dd","cate_type":0,"pid":161,"ratio":"100.0000","price":"24640.0000","last_futures_price":"0.0000","last_sync_ratio":"0.0000","last_sync_time":0,"status":1,"is_del":1,"level":1,"add_time":1778617999,"up_time":1778617999,"pid_str":"161","pid2":0,"pid2_str":"","ratio2":"100.0000","pid3":0,"pid3_str":"","ratio3":"0.0000","end_ratio":"0.0000","level2":0,"level3":0},{"id":200,"cate_label_id":4,"name":"\u6d4b\u8bd5\u7ea2\u8272\u5bfc\u4f53","cate_type":0,"pid":94,"ratio":"100.0000","price":"48.5600","last_futures_price":"0.0000","last_sync_ratio":"0.0000","last_sync_time":0,"status":1,"is_del":1,"level":1,"add_time":1779615141,"up_time":1779615141,"pid_str":"94","pid2":95,"pid2_str":"","ratio2":"20.0000","pid3":0,"pid3_str":"","ratio3":"0.0000","end_ratio":"0.0000","level2":2,"level3":1},{"id":201,"cate_label_id":4,"name":"\u7ea2\u8272\u6807\u9898\u6d4b\u8bd51","cate_type":0,"pid":94,"ratio":"100.0000","price":"45.2400","last_futures_price":"0.0000","last_sync_ratio":"0.0000","last_sync_time":0,"status":1,"is_del":1,"level":1,"add_time":1779615737,"up_time":1779615737,"pid_str":"94","pid2":97,"pid2_str":"","ratio2":"30.0000","pid3":0,"pid3_str":"","ratio3":"0.0000","end_ratio":"0.0000","level2":2,"level3":1},{"id":204,"cate_label_id":203,"name":"\u6d4b\u8bd5","cate_type":0,"pid":5,"ratio":"100.0000","price":"132.7000","last_futures_price":"0.0000","last_sync_ratio":"0.0000","last_sync_time":0,"status":1,"is_del":1,"level":1,"add_time":1779766798,"up_time":1779766798,"pid_str":"5","pid2":94,"pid2_str":"","ratio2":"100.0000","pid3":0,"pid3_str":"","ratio3":"100.0000","end_ratio":"0.0000","level2":1,"level3":1},{"id":205,"cate_label_id":202,"name":"\u6d4b\u8bd51","cate_type":0,"pid":27,"ratio":"100.0000","price":"16.2000","last_futures_price":"0.0000","last_sync_ratio":"0.0000","last_sync_time":0,"status":1,"is_del":1,"level":1,"add_time":1779766824,"up_time":1779766824,"pid_str":"27","pid2":105,"pid2_str":"","ratio2":"100.0000","pid3":0,"pid3_str":"","ratio3":"100.0000","end_ratio":"0.0000","level2":1,"level3":1},{"id":206,"cate_label_id":202,"name":"\u6d4b\u8bd5\u7ea2\u8272","cate_type":0,"pid":5,"ratio":"100.0000","price":"307.4003","last_futures_price":"0.0000","last_sync_ratio":"0.0000","last_sync_time":0,"status":1,"is_del":1,"level":1,"add_time":1779767533,"up_time":1779767533,"pid_str":"5","pid2":204,"pid2_str":"","ratio2":"100.0000","pid3":0,"pid3_str":"","ratio3":"100.0000","end_ratio":"80.0003","level2":2,"level3":0}]}}

[ 2026-05-31T23:27:45+08:00 ] ::1 /Home/NewLabel/index
INFO: [ app_init ] --START--
INFO: Run Behavior\BuildLiteBehavior [ RunTime:0.000013s ]
INFO: [ app_init ] --END-- [ RunTime:0.000135s ]
INFO: [ app_begin ] --START--
INFO: Run Behavior\ReadHtmlCacheBehavior [ RunTime:0.000205s ]
INFO: [ app_begin ] --END-- [ RunTime:0.000309s ]
SQL: SHOW COLUMNS FROM `new_label` [ RunTime:0.0076s ]
SQL: SELECT * FROM `new_label` ORDER BY id asc  [ RunTime:0.0023s ]
INFO: [ view_parse ] --START--
INFO: [ template_filter ] --START--
INFO: Run Behavior\ContentReplaceBehavior [ RunTime:0.000179s ]
INFO: [ template_filter ] --END-- [ RunTime:0.000224s ]
INFO: Run Behavior\ParseTemplateBehavior [ RunTime:0.019662s ]
INFO: [ view_parse ] --END-- [ RunTime:0.019738s ]
INFO: [ view_filter ] --START--
INFO: Run Behavior\WriteHtmlCacheBehavior [ RunTime:0.000155s ]
INFO: [ view_filter ] --END-- [ RunTime:0.000170s ]
INFO: [ app_end ] --START--
INFO: Run Behavior\ShowPageTraceBehavior [ RunTime:0.000098s ]
INFO: [ app_end ] --END-- [ RunTime:0.000119s ]

[ 2026-05-31T23:27:47+08:00 ] ::1 /Home/NewLabel/editGet/model/new_label.html
INFO: [ app_init ] --START--
INFO: Run Behavior\BuildLiteBehavior [ RunTime:0.000007s ]
INFO: [ app_init ] --END-- [ RunTime:0.000060s ]
INFO: [ app_begin ] --START--
INFO: Run Behavior\ReadHtmlCacheBehavior [ RunTime:0.000046s ]
INFO: [ app_begin ] --END-- [ RunTime:0.000084s ]
SQL: SHOW COLUMNS FROM `new_label` [ RunTime:0.0143s ]
SQL: SELECT * FROM `new_label` WHERE `id` = 161 LIMIT 1   [ RunTime:0.0037s ]
SQL: SELECT * FROM `new_label` WHERE `id` <> 161 AND `cate_label_id` > 0  [ RunTime:0.0053s ]
SQL: SHOW COLUMNS FROM `price_sync_config` [ RunTime:0.0062s ]
SQL: SELECT * FROM `price_sync_config` WHERE `new_label_id` = 161 AND `auto_sync` = 1 AND `status` = 1 LIMIT 1   [ RunTime:0.0014s ]
ERR: {"status":1,"msg":"\u4fee\u6539\u6210\u529f","data":{"id":161,"cate_label_id":159,"name":"\u6caa\u94dd","cate_type":0,"pid":0,"ratio":0,"price":"24640.0000","last_futures_price":"0.0000","last_sync_ratio":0,"last_sync_time":0,"status":1,"is_del":1,"level":0,"add_time":1775158584,"up_time":1775158584,"pid_str":"","pid2":0,"pid2_str":"","ratio2":0,"pid3":0,"pid3_str":"","ratio3":0,"end_ratio":0,"level2":0,"level3":0,"cate_list":[{"id":5,"cate_label_id":3,"name":"\u73b0\u8d27\u94dc\u4ef7\u57fa\u7840\u503c","cate_type":0,"pid":0,"ratio":"100.0000","price":"94.7000","last_futures_price":"0.0000","last_sync_ratio":"0.0000","last_sync_time":0,"status":1,"is_del":1,"level":0,"add_time":1731588218,"up_time":1731678051,"pid_str":"","pid2":0,"pid2_str":"","ratio2":"100.0000","pid3":0,"pid3_str":"","ratio3":"100.0000","end_ratio":"0.0000","level2":0,"level3":0},{"id":27,"cate_label_id":26,"name":"\u4ea4\u8054\u805a\u4e59\u70ef\u4ef7\u683c","cate_type":0,"pid":0,"ratio":"0.0000","price":"12.0000","last_futures_price":"0.0000","last_sync_ratio":"0.0000","last_sync_time":0,"status":1,"is_del":1,"level":0,"add_time":1731673353,"up_time":1731673353,"pid_str":"","pid2":0,"pid2_str":"","ratio2":"100.0000","pid3":0,"pid3_str":"","ratio3":"100.0000","end_ratio":"0.0000","level2":0,"level3":0},{"id":29,"cate_label_id":28,"name":"\u5bfc\u4f53+\u7edd\u7f18\u5c4f\u853d\u6599\u4ef7","cate_type":0,"pid":0,"ratio":"0.0000","price":"11.5000","last_futures_price":"0.0000","last_sync_ratio":"0.0000","last_sync_time":0,"status":1,"is_del":1,"level":0,"add_time":1731673397,"up_time":1731673397,"pid_str":"","pid2":0,"pid2_str":"","ratio2":"100.0000","pid3":0,"pid3_str":"","ratio3":"100.0000","end_ratio":"0.0000","level2":1,"level3":1},{"id":51,"cate_label_id":3,"name":"\u73b0\u8d27\u94dd\u4ef7\u57fa\u7840\u503c","cate_type":0,"pid":0,"ratio":"100.0000","price":"23.0000","last_futures_price":"0.0000","last_sync_ratio":"0.0000","last_sync_time":0,"status":1,"is_del":1,"level":0,"add_time":1731682407,"up_time":1731682407,"pid_str":"","pid2":0,"pid2_str":"","ratio2":"100.0000","pid3":0,"pid3_str":"","ratio3":"100.0000","end_ratio":"0.0000","level2":0,"level3":0},{"id":74,"cate_label_id":26,"name":"PVC\u805a\u6c2f\u4e59\u70ef\u4ef7","cate_type":0,"pid":0,"ratio":"100.0000","price":"7.5000","last_futures_price":"0.0000","last_sync_ratio":"0.0000","last_sync_time":0,"status":1,"is_del":1,"level":0,"add_time":1734582414,"up_time":1734582414,"pid_str":"","pid2":0,"pid2_str":"","ratio2":"100.0000","pid3":0,"pid3_str":"","ratio3":"100.0000","end_ratio":"0.0000","level2":0,"level3":0},{"id":94,"cate_label_id":4,"name":"\u9ed1\u4e91\u6bcd\u5e26","cate_type":0,"pid":0,"ratio":"0.0000","price":"38.0000","last_futures_price":"0.0000","last_sync_ratio":"0.0000","last_sync_time":0,"status":1,"is_del":1,"level":0,"add_time":1735321887,"up_time":1735321887,"pid_str":"","pid2":0,"pid2_str":"","ratio2":"100.0000","pid3":0,"pid3_str":"","ratio3":"100.0000","end_ratio":"0.0000","level2":0,"level3":0},{"id":95,"cate_label_id":4,"name":"\u767d\u4e91\u6bcd\u5e26","cate_type":0,"pid":94,"ratio":"139.0000","price":"52.8200","last_futures_price":"0.0000","last_sync_ratio":"0.0000","last_sync_time":0,"status":1,"is_del":1,"level":1,"add_time":1735321972,"up_time":1735321972,"pid_str":"94","pid2":0,"pid2_str":"","ratio2":"100.0000","pid3":0,"pid3_str":"","ratio3":"100.0000","end_ratio":"0.0000","level2":1,"level3":1},{"id":96,"cate_label_id":3,"name":"\u7ec6\u94dc\u4e1d\u4ef7\u683c","cate_type":0,"pid":5,"ratio":"104.0000","price":"98.4800","last_futures_price":"0.0000","last_sync_ratio":"0.0000","last_sync_time":0,"status":1,"is_del":1,"level":1,"add_time":1735381914,"up_time":1735381914,"pid_str":"5","pid2":0,"pid2_str":"","ratio2":"100.0000","pid3":0,"pid3_str":"","ratio3":"100.0000","end_ratio":"0.0000","level2":1,"level3":1},{"id":97,"cate_label_id":3,"name":"\u94dd\u5408\u91d1\u4ef7","cate_type":0,"pid":51,"ratio":"105.0000","price":"24.1500","last_futures_price":"0.0000","last_sync_ratio":"0.0000","last_sync_time":0,"status":1,"is_del":1,"level":1,"add_time":1735381985,"up_time":1735381985,"pid_str":"51","pid2":0,"pid2_str":"","ratio2":"100.0000","pid3":0,"pid3_str":"","ratio3":"100.0000","end_ratio":"0.0000","level2":1,"level3":1},{"id":98,"cate_label_id":3,"name":"BVR\u7ec6\u94dc\u4e1d\u4ef7","cate_type":0,"pid":5,"ratio":"103.0000","price":"97.5400","last_futures_price":"0.0000","last_sync_ratio":"0.0000","last_sync_time":0,"status":1,"is_del":1,"level":1,"add_time":1735382673,"up_time":1735382673,"pid_str":"5","pid2":0,"pid2_str":"","ratio2":"100.0000","pid3":0,"pid3_str":"","ratio3":"100.0000","end_ratio":"0.0000","level2":1,"level3":1},{"id":99,"cate_label_id":3,"name":"\u67b6\u7a7a\u5bfc\u7ebf\u94a2\u4e1d\u4ef7","cate_type":0,"pid":0,"ratio":"0.0000","price":"5.0000","last_futures_price":"0.0000","last_sync_ratio":"0.0000","last_sync_time":0,"status":1,"is_del":1,"level":1,"add_time":1735382759,"up_time":1735382759,"pid_str":"","pid2":0,"pid2_str":"","ratio2":"100.0000","pid3":0,"pid3_str":"","ratio3":"100.0000","end_ratio":"0.0000","level2":1,"level3":1},{"id":101,"cate_label_id":26,"name":"10KV\/35KV\u4ea4\u8054\u7edd\u7f18\u4ef7","cate_type":0,"pid":27,"ratio":"123.0000","price":"14.7600","last_futures_price":"0.0000","last_sync_ratio":"0.0000","last_sync_time":0,"status":1,"is_del":1,"level":1,"add_time":1735383067,"up_time":1735383067,"pid_str":"27","pid2":0,"pid2_str":"","ratio2":"100.0000","pid3":0,"pid3_str":"","ratio3":"100.0000","end_ratio":"0.0000","level2":1,"level3":1},{"id":102,"cate_label_id":26,"name":"\u67b6\u7a7a\u8010\u5019XLPE\u6599\u4ef7","cate_type":0,"pid":27,"ratio":"116.7000","price":"14.0000","last_futures_price":"0.0000","last_sync_ratio":"0.0000","last_sync_time":0,"status":1,"is_del":1,"level":1,"add_time":1735400540,"up_time":1735400540,"pid_str":"27","pid2":0,"pid2_str":"","ratio2":"100.0000","pid3":0,"pid3_str":"","ratio3":"100.0000","end_ratio":"0.0000","level2":0,"level3":0},{"id":103,"cate_label_id":3,"name":"\u5c4f\u853d\u94dc\u5e26","cate_type":0,"pid":5,"ratio":"111.1000","price":"105.2100","last_futures_price":"0.0000","last_sync_ratio":"0.0000","last_sync_time":0,"status":1,"is_del":1,"level":1,"add_time":1735400783,"up_time":1735400783,"pid_str":"5","pid2":0,"pid2_str":"","ratio2":"100.0000","pid3":0,"pid3_str":"","ratio3":"100.0000","end_ratio":"0.0000","level2":1,"level3":1},{"id":104,"cate_label_id":26,"name":"\u5bfc\u4f53+\u7edd\u7f18\u5c4f\u853d\u6599\u4ef7","cate_type":0,"pid":101,"ratio":"104.0000","price":"15.3500","last_futures_price":"0.0000","last_sync_ratio":"0.0000","last_sync_time":0,"status":1,"is_del":1,"level":2,"add_time":1735400894,"up_time":1735400894,"pid_str":"27,101","pid2":0,"pid2_str":"","ratio2":"100.0000","pid3":0,"pid3_str":"","ratio3":"100.0000","end_ratio":"0.0000","level2":1,"level3":1},{"id":105,"cate_label_id":30,"name":"\u94a2\u5e26\u4ef7\u683c","cate_type":0,"pid":0,"ratio":"0.0000","price":"4.2000","last_futures_price":"0.0000","last_sync_ratio":"0.0000","last_sync_time":0,"status":1,"is_del":1,"level":0,"add_time":1735400959,"up_time":1735400959,"pid_str":"","pid2":0,"pid2_str":"","ratio2":"100.0000","pid3":0,"pid3_str":"","ratio3":"100.0000","end_ratio":"0.0000","level2":0,"level3":0},{"id":106,"cate_label_id":30,"name":"\u4e0d\u9508\u94a2\u5e26\u4ef7\u683c","cate_type":0,"pid":105,"ratio":"250.0000","price":"10.5000","last_futures_price":"0.0000","last_sync_ratio":"0.0000","last_sync_time":0,"status":1,"is_del":1,"level":1,"add_time":1735401010,"up_time":1735401010,"pid_str":"105","pid2":0,"pid2_str":"","ratio2":"100.0000","pid3":0,"pid3_str":"","ratio3":"100.0000","end_ratio":"0.0000","level2":1,"level3":1},{"id":107,"cate_label_id":30,"name":"\u94a2\u4e1d\u4ef7\u683c","cate_type":0,"pid":105,"ratio":"108.0000","price":"4.5300","last_futures_price":"0.0000","last_sync_ratio":"0.0000","last_sync_time":0,"status":1,"is_del":1,"level":1,"add_time":1735401055,"up_time":1735401055,"pid_str":"105","pid2":0,"pid2_str":"","ratio2":"100.0000","pid3":0,"pid3_str":"","ratio3":"100.0000","end_ratio":"0.0000","level2":1,"level3":1},{"id":108,"cate_label_id":30,"name":"\u4e0d\u9508\u94a2\u4e1d","cate_type":0,"pid":105,"ratio":"131.0000","price":"5.5000","last_futures_price":"0.0000","last_sync_ratio":"0.0000","last_sync_time":0,"status":1,"is_del":1,"level":1,"add_time":1735401113,"up_time":1735401113,"pid_str":"105","pid2":0,"pid2_str":"","ratio2":"100.0000","pid3":0,"pid3_str":"","ratio3":"100.0000","end_ratio":"0.0000","level2":1,"level3":1},{"id":109,"cate_label_id":32,"name":"PVC\u805a\u6c2f\u4e59\u70ef","cate_type":0,"pid":0,"ratio":"0.0000","price":"7.0000","last_futures_price":"0.0000","last_sync_ratio":"0.0000","last_sync_time":0,"status":1,"is_del":1,"level":0,"add_time":1735401182,"up_time":1735401182,"pid_str":"","pid2":0,"pid2_str":"","ratio2":"100.0000","pid3":0,"pid3_str":"","ratio3":"100.0000","end_ratio":"0.0000","level2":0,"level3":0},{"id":110,"cate_label_id":32,"name":"\u65e0\u5364\u4f4e\u70df\u963b\u71c3\u805a\u70ef\u70c3","cate_type":0,"pid":109,"ratio":"117.0000","price":"8.1900","last_futures_price":"0.0000","last_sync_ratio":"0.0000","last_sync_time":0,"status":1,"is_del":1,"level":1,"add_time":1735401270,"up_time":1735401270,"pid_str":"109","pid2":0,"pid2_str":"","ratio2":"100.0000","pid3":0,"pid3_str":"","ratio3":"100.0000","end_ratio":"0.0000","level2":1,"level3":1},{"id":111,"cate_label_id":32,"name":"\u9632\u706b\u4f4e\u70df\u963b\u71c3\u805a\u70ef\u70c3","cate_type":0,"pid":110,"ratio":"107.0000","price":"8.7600","last_futures_price":"0.0000","last_sync_ratio":"0.0000","last_sync_time":0,"status":1,"is_del":1,"level":2,"add_time":1735401324,"up_time":1735401324,"pid_str":"109,110","pid2":0,"pid2_str":"","ratio2":"100.0000","pid3":0,"pid3_str":"","ratio3":"100.0000","end_ratio":"0.0000","level2":1,"level3":1},{"id":113,"cate_label_id":32,"name":"\u6c2f\u4e01\u6a61\u80f6\u62a4\u5957","cate_type":0,"pid":112,"ratio":"100.0000","price":"10.0000","last_futures_price":"0.0000","last_sync_ratio":"0.0000","last_sync_time":0,"status":1,"is_del":1,"level":2,"add_time":1735401407,"up_time":1735401407,"pid_str":"112","pid2":0,"pid2_str":"","ratio2":"100.0000","pid3":0,"pid3_str":"","ratio3":"100.0000","end_ratio":"0.0000","level2":1,"level3":1},{"id":114,"cate_label_id":32,"name":"\u4e8c\u4ee3\u6599PVC\u805a\u6c2f\u4e59\u70ef","cate_type":0,"pid":109,"ratio":"75.0000","price":"5.2500","last_futures_price":"0.0000","last_sync_ratio":"0.0000","last_sync_time":0,"status":1,"is_del":1,"level":1,"add_time":1735401470,"up_time":1735401470,"pid_str":"109","pid2":0,"pid2_str":"","ratio2":"100.0000","pid3":0,"pid3_str":"","ratio3":"100.0000","end_ratio":"0.0000","level2":1,"level3":1},{"id":115,"cate_label_id":32,"name":"\u805a\u4e59\u70ef\u6750\u6599\u4ef7\u683c","cate_type":0,"pid":109,"ratio":"150.0000","price":"10.5000","last_futures_price":"0.0000","last_sync_ratio":"0.0000","last_sync_time":0,"status":1,"is_del":1,"level":1,"add_time":1735401546,"up_time":1735401546,"pid_str":"109","pid2":0,"pid2_str":"","ratio2":"100.0000","pid3":0,"pid3_str":"","ratio3":"100.0000","end_ratio":"0.0000","level2":1,"level3":1},{"id":116,"cate_label_id":3,"name":"\u7f16\u7ec7\u94dc\u4e1d\u4ef7","cate_type":0,"pid":5,"ratio":"105.5000","price":"99.9000","last_futures_price":"0.0000","last_sync_ratio":"0.0000","last_sync_time":0,"status":1,"is_del":1,"level":1,"add_time":1735401652,"up_time":1735401652,"pid_str":"5","pid2":0,"pid2_str":"","ratio2":"100.0000","pid3":0,"pid3_str":"","ratio3":"100.0000","end_ratio":"0.0000","level2":1,"level3":1},{"id":117,"cate_label_id":3,"name":"\u5206\u5c4f+\u603b\u5c4f\u94dc\u4ef7","cate_type":0,"pid":116,"ratio":"100.0000","price":"99.9000","last_futures_price":"0.0000","last_sync_ratio":"0.0000","last_sync_time":0,"status":1,"is_del":1,"level":2,"add_time":1735401722,"up_time":1735401722,"pid_str":"5,116","pid2":0,"pid2_str":"","ratio2":"100.0000","pid3":0,"pid3_str":"","ratio3":"100.0000","end_ratio":"0.0000","level2":1,"level3":1},{"id":118,"cate_label_id":3,"name":"\u9632\u706b\u94dc\u5e26\u4ef7\u683c","cate_type":0,"pid":5,"ratio":"105.7000","price":"100.0900","last_futures_price":"0.0000","last_sync_ratio":"0.0000","last_sync_time":0,"status":1,"is_del":1,"level":1,"add_time":1735401753,"up_time":1735401753,"pid_str":"5","pid2":0,"pid2_str":"","ratio2":"100.0000","pid3":0,"pid3_str":"","ratio3":"100.0000","end_ratio":"0.0000","level2":1,"level3":1},{"id":119,"cate_label_id":3,"name":"\u9694\u79bb\u578b\u94dd\u7ba1\u4ef7","cate_type":0,"pid":51,"ratio":"107.5000","price":"24.7200","last_futures_price":"0.0000","last_sync_ratio":"0.0000","last_sync_time":0,"status":1,"is_del":1,"level":1,"add_time":1735401804,"up_time":1735401804,"pid_str":"51","pid2":0,"pid2_str":"","ratio2":"100.0000","pid3":0,"pid3_str":"","ratio3":"100.0000","end_ratio":"0.0000","level2":1,"level3":1},{"id":120,"cate_label_id":3,"name":"\u8054\u9501\u94e0\u88c5\u94dd\u5e26\u4ef7","cate_type":0,"pid":51,"ratio":"110.0000","price":"25.3000","last_futures_price":"0.0000","last_sync_ratio":"0.0000","last_sync_time":0,"status":1,"is_del":1,"level":1,"add_time":1735761006,"up_time":1735761006,"pid_str":"51","pid2":0,"pid2_str":"","ratio2":"100.0000","pid3":0,"pid3_str":"","ratio3":"100.0000","end_ratio":"0.0000","level2":1,"level3":1},{"id":121,"cate_label_id":3,"name":"\u94dc\u5305\u94dd\u5bfc\u4f53","cate_type":0,"pid":5,"ratio":"11.0000","price":"31.1100","last_futures_price":"0.0000","last_sync_ratio":"0.0000","last_sync_time":0,"status":1,"is_del":1,"level":1,"add_time":1735763487,"up_time":1735763487,"pid_str":"5","pid2":51,"pid2_str":"","ratio2":"90.0000","pid3":0,"pid3_str":"","ratio3":"100.0000","end_ratio":"0.0000","level2":1,"level3":0},{"id":124,"cate_label_id":3,"name":"\u5c4f\u853d\u94dd\u5e26","cate_type":0,"pid":51,"ratio":"130.0000","price":"29.9000","last_futures_price":"0.0000","last_sync_ratio":"0.0000","last_sync_time":0,"status":1,"is_del":1,"level":1,"add_time":1736553876,"up_time":1736553876,"pid_str":"51","pid2":0,"pid2_str":"","ratio2":"100.0000","pid3":0,"pid3_str":"","ratio3":"100.0000","end_ratio":"0.0000","level2":1,"level3":1},{"id":125,"cate_label_id":26,"name":"\u4f4e\u70df\u65e0\u5364\u7edd\u7f18","cate_type":0,"pid":27,"ratio":"127.0000","price":"15.2400","last_futures_price":"0.0000","last_sync_ratio":"0.0000","last_sync_time":0,"status":1,"is_del":1,"level":1,"add_time":1738838536,"up_time":1738838536,"pid_str":"27","pid2":0,"pid2_str":"","ratio2":"100.0000","pid3":0,"pid3_str":"","ratio3":"100.0000","end_ratio":"0.0000","level2":1,"level3":1},{"id":130,"cate_label_id":3,"name":"\u6a61\u5957\u7535\u7f06\u8f6f\u94dc\u5bfc\u4f53","cate_type":0,"pid":96,"ratio":"98.0000","price":"96.5100","last_futures_price":"0.0000","last_sync_ratio":"0.0000","last_sync_time":0,"status":1,"is_del":1,"level":2,"add_time":1744767200,"up_time":1744767200,"pid_str":"5,96","pid2":0,"pid2_str":"","ratio2":"0.0000","pid3":0,"pid3_str":"","ratio3":"0.0000","end_ratio":"0.0000","level2":0,"level3":0},{"id":131,"cate_label_id":3,"name":"\u77ff\u7528\u7535\u7f06\u8f6f\u94dc\u5bfc\u4f53","cate_type":0,"pid":96,"ratio":"98.0000","price":"96.5100","last_futures_price":"0.0000","last_sync_ratio":"0.0000","last_sync_time":0,"status":1,"is_del":1,"level":2,"add_time":1744767234,"up_time":1744767234,"pid_str":"5,96","pid2":0,"pid2_str":"","ratio2":"0.0000","pid3":0,"pid3_str":"","ratio3":"0.0000","end_ratio":"0.0000","level2":0,"level3":0},{"id":132,"cate_label_id":3,"name":"\u77ff\u7528\u7535\u7f06\u9540\u9521\u8f6f\u94dc","cate_type":0,"pid":131,"ratio":"102.0000","price":"98.4400","last_futures_price":"0.0000","last_sync_ratio":"0.0000","last_sync_time":0,"status":1,"is_del":1,"level":3,"add_time":1744767609,"up_time":1744767609,"pid_str":"5,96,131","pid2":0,"pid2_str":"","ratio2":"0.0000","pid3":0,"pid3_str":"","ratio3":"0.0000","end_ratio":"0.0000","level2":0,"level3":0},{"id":134,"cate_label_id":133,"name":"XH-03A-\u77ff\u7528\u62a4\u5957","cate_type":0,"pid":0,"ratio":"0.0000","price":"8.0000","last_futures_price":"0.0000","last_sync_ratio":"0.0000","last_sync_time":0,"status":1,"is_del":1,"level":0,"add_time":1744771398,"up_time":1744771398,"pid_str":"","pid2":0,"pid2_str":"","ratio2":"0.0000","pid3":0,"pid3_str":"","ratio3":"0.0000","end_ratio":"0.0000","level2":0,"level3":0},{"id":135,"cate_label_id":133,"name":"IE4-\u901a\u7528\u7edd\u7f18\u6a61\u80f6","cate_type":0,"pid":134,"ratio":"134.3000","price":"10.7400","last_futures_price":"0.0000","last_sync_ratio":"0.0000","last_sync_time":0,"status":1,"is_del":1,"level":1,"add_time":1744771497,"up_time":1744771497,"pid_str":"134","pid2":0,"pid2_str":"","ratio2":"0.0000","pid3":0,"pid3_str":"","ratio3":"0.0000","end_ratio":"0.0000","level2":0,"level3":0},{"id":136,"cate_label_id":133,"name":"1KV-XJ-30A-\u77ff\u7528\u7edd\u7f18\u6a61\u80f6","cate_type":0,"pid":134,"ratio":"140.0000","price":"11.2000","last_futures_price":"0.0000","last_sync_ratio":"0.0000","last_sync_time":0,"status":1,"is_del":1,"level":1,"add_time":1744771556,"up_time":1744771556,"pid_str":"134","pid2":0,"pid2_str":"","ratio2":"0.0000","pid3":0,"pid3_str":"","ratio3":"0.0000","end_ratio":"0.0000","level2":0,"level3":0},{"id":137,"cate_label_id":133,"name":"10KV-XJ-30A-\u77ff\u7528\u7edd\u7f18\u6a61\u80f6","cate_type":0,"pid":134,"ratio":"165.7000","price":"13.2500","last_futures_price":"0.0000","last_sync_ratio":"0.0000","last_sync_time":0,"status":1,"is_del":1,"level":1,"add_time":1744771607,"up_time":1744771607,"pid_str":"134","pid2":0,"pid2_str":"","ratio2":"0.0000","pid3":0,"pid3_str":"","ratio3":"0.0000","end_ratio":"0.0000","level2":0,"level3":0},{"id":138,"cate_label_id":133,"name":"SE3-\u901a\u7528\u62a4\u5957\u6a61\u80f6","cate_type":0,"pid":134,"ratio":"81.4000","price":"6.5100","last_futures_price":"0.0000","last_sync_ratio":"0.0000","last_sync_time":0,"status":1,"is_del":1,"level":1,"add_time":1744771648,"up_time":1744771648,"pid_str":"134","pid2":0,"pid2_str":"","ratio2":"0.0000","pid3":0,"pid3_str":"","ratio3":"0.0000","end_ratio":"0.0000","level2":0,"level3":0},{"id":139,"cate_label_id":133,"name":"\u77ff\u7528\u5185\u886c\u5c42\u6a61\u80f6","cate_type":0,"pid":134,"ratio":"111.4000","price":"8.9100","last_futures_price":"0.0000","last_sync_ratio":"0.0000","last_sync_time":0,"status":1,"is_del":1,"level":1,"add_time":1744771716,"up_time":1744771716,"pid_str":"134","pid2":0,"pid2_str":"","ratio2":"0.0000","pid3":0,"pid3_str":"","ratio3":"0.0000","end_ratio":"0.0000","level2":0,"level3":0},{"id":140,"cate_label_id":133,"name":"SE3-YH-\u710a\u673a\u7ebf\u62a4\u5957","cate_type":0,"pid":134,"ratio":"105.7000","price":"8.4500","last_futures_price":"0.0000","last_sync_ratio":"0.0000","last_sync_time":0,"status":1,"is_del":1,"level":1,"add_time":1744771931,"up_time":1744771931,"pid_str":"134","pid2":0,"pid2_str":"","ratio2":"0.0000","pid3":0,"pid3_str":"","ratio3":"0.0000","end_ratio":"0.0000","level2":0,"level3":0},{"id":141,"cate_label_id":133,"name":"\u6a61\u80f6\u5185\u5c4f-\u77ff\u7f06","cate_type":0,"pid":134,"ratio":"193.0000","price":"15.4400","last_futures_price":"0.0000","last_sync_ratio":"0.0000","last_sync_time":0,"status":1,"is_del":1,"level":1,"add_time":1744771985,"up_time":1744771985,"pid_str":"134","pid2":0,"pid2_str":"","ratio2":"0.0000","pid3":0,"pid3_str":"","ratio3":"0.0000","end_ratio":"0.0000","level2":0,"level3":0},{"id":142,"cate_label_id":133,"name":"\u6a61\u80f6\u5916\u5c4f","cate_type":0,"pid":141,"ratio":"217.6000","price":"33.5900","last_futures_price":"0.0000","last_sync_ratio":"0.0000","last_sync_time":0,"status":1,"is_del":1,"level":2,"add_time":1744772031,"up_time":1744772031,"pid_str":"134,141","pid2":0,"pid2_str":"","ratio2":"0.0000","pid3":0,"pid3_str":"","ratio3":"0.0000","end_ratio":"0.0000","level2":0,"level3":0},{"id":143,"cate_label_id":133,"name":"WD-XH-03A","cate_type":0,"pid":134,"ratio":"467.1000","price":"37.3600","last_futures_price":"0.0000","last_sync_ratio":"0.0000","last_sync_time":0,"status":1,"is_del":1,"level":1,"add_time":1744772105,"up_time":1744772105,"pid_str":"134","pid2":0,"pid2_str":"","ratio2":"0.0000","pid3":0,"pid3_str":"","ratio3":"0.0000","end_ratio":"0.0000","level2":0,"level3":0},{"id":144,"cate_label_id":133,"name":"\u6df7\u70bc\u80f61#-\u586b\u5145\u7c7b","cate_type":0,"pid":134,"ratio":"80.0000","price":"6.4000","last_futures_price":"0.0000","last_sync_ratio":"0.0000","last_sync_time":0,"status":1,"is_del":1,"level":1,"add_time":1744772165,"up_time":1744772165,"pid_str":"134","pid2":0,"pid2_str":"","ratio2":"0.0000","pid3":0,"pid3_str":"","ratio3":"0.0000","end_ratio":"0.0000","level2":0,"level3":0},{"id":145,"cate_label_id":133,"name":"\u6df7\u70bc\u80f63#-\u586b\u5145\u7c7b","cate_type":0,"pid":144,"ratio":"91.0000","price":"5.8200","last_futures_price":"0.0000","last_sync_ratio":"0.0000","last_sync_time":0,"status":1,"is_del":1,"level":2,"add_time":1744772205,"up_time":1744772205,"pid_str":"134,144","pid2":0,"pid2_str":"","ratio2":"0.0000","pid3":0,"pid3_str":"","ratio3":"0.0000","end_ratio":"0.0000","level2":0,"level3":0},{"id":146,"cate_label_id":3,"name":"\u9540\u9521\u7f16\u7ec7\u94dc\u4e1d","cate_type":0,"pid":132,"ratio":"105.5000","price":"103.8500","last_futures_price":"0.0000","last_sync_ratio":"0.0000","last_sync_time":0,"status":1,"is_del":1,"level":4,"add_time":1744812415,"up_time":1744812415,"pid_str":"5,96,131,132","pid2":0,"pid2_str":"","ratio2":"0.0000","pid3":0,"pid3_str":"","ratio3":"0.0000","end_ratio":"0.0000","level2":0,"level3":0},{"id":147,"cate_label_id":133,"name":"\u7845\u6a61\u80f6\u6750\u6599","cate_type":0,"pid":135,"ratio":"144.0000","price":"15.4600","last_futures_price":"0.0000","last_sync_ratio":"0.0000","last_sync_time":0,"status":1,"is_del":1,"level":2,"add_time":1745174816,"up_time":1745174816,"pid_str":"134,135","pid2":0,"pid2_str":"","ratio2":"0.0000","pid3":0,"pid3_str":"","ratio3":"0.0000","end_ratio":"0.0000","level2":0,"level3":0},{"id":148,"cate_label_id":133,"name":"\u4e01\u8148\u6a61\u80f6\u6750\u6599","cate_type":0,"pid":135,"ratio":"107.0000","price":"11.4900","last_futures_price":"0.0000","last_sync_ratio":"0.0000","last_sync_time":0,"status":1,"is_del":1,"level":2,"add_time":1745174886,"up_time":1745174886,"pid_str":"134,135","pid2":0,"pid2_str":"","ratio2":"0.0000","pid3":0,"pid3_str":"","ratio3":"0.0000","end_ratio":"0.0000","level2":0,"level3":0},{"id":149,"cate_label_id":3,"name":"\u6a61\u5957\u7535\u7f06\u94dd\u5408\u91d1\u5bfc\u4f53","cate_type":0,"pid":51,"ratio":"117.1000","price":"26.9300","last_futures_price":"0.0000","last_sync_ratio":"0.0000","last_sync_time":0,"status":1,"is_del":1,"level":1,"add_time":1745175141,"up_time":1745175141,"pid_str":"51","pid2":0,"pid2_str":"","ratio2":"0.0000","pid3":0,"pid3_str":"","ratio3":"0.0000","end_ratio":"0.0000","level2":0,"level3":0},{"id":150,"cate_label_id":3,"name":"\u67b6\u7a7a\u7535\u7f06\u94dd","cate_type":0,"pid":51,"ratio":"100.0000","price":"23.0000","last_futures_price":"0.0000","last_sync_ratio":"0.0000","last_sync_time":0,"status":1,"is_del":1,"level":1,"add_time":1745776273,"up_time":1745776273,"pid_str":"51","pid2":0,"pid2_str":"","ratio2":"0.0000","pid3":0,"pid3_str":"","ratio3":"0.0000","end_ratio":"0.0000","level2":0,"level3":0},{"id":151,"cate_label_id":3,"name":"\u67b6\u7a7a\u7535\u7f06\u94dd\u5408\u91d1","cate_type":0,"pid":150,"ratio":"105.0000","price":"24.1500","last_futures_price":"0.0000","last_sync_ratio":"0.0000","last_sync_time":0,"status":1,"is_del":1,"level":2,"add_time":1745776305,"up_time":1745776305,"pid_str":"51,150","pid2":0,"pid2_str":"","ratio2":"0.0000","pid3":0,"pid3_str":"","ratio3":"0.0000","end_ratio":"0.0000","level2":0,"level3":0},{"id":152,"cate_label_id":30,"name":"\u67b6\u7a7a\u7535\u7f06\u666e\u901a\u94a2\u4e1d","cate_type":0,"pid":107,"ratio":"88.2000","price":"4.0000","last_futures_price":"0.0000","last_sync_ratio":"0.0000","last_sync_time":0,"status":1,"is_del":1,"level":2,"add_time":1745776560,"up_time":1745776560,"pid_str":"105,107","pid2":0,"pid2_str":"","ratio2":"0.0000","pid3":0,"pid3_str":"","ratio3":"0.0000","end_ratio":"0.0000","level2":0,"level3":0},{"id":153,"cate_label_id":30,"name":"\u94a2\u7ede\u7ebf\u9540\u950c\u94a2\u4e1d","cate_type":0,"pid":152,"ratio":"150.0000","price":"6.0000","last_futures_price":"0.0000","last_sync_ratio":"0.0000","last_sync_time":0,"status":1,"is_del":1,"level":3,"add_time":1745776605,"up_time":1745776605,"pid_str":"105,107,152","pid2":0,"pid2_str":"","ratio2":"0.0000","pid3":0,"pid3_str":"","ratio3":"0.0000","end_ratio":"0.0000","level2":0,"level3":0},{"id":154,"cate_label_id":3,"name":"\u94dd\u7ede\u7ebf\u6750\u6599\u94dd","cate_type":0,"pid":150,"ratio":"105.0000","price":"24.1500","last_futures_price":"0.0000","last_sync_ratio":"0.0000","last_sync_time":0,"status":1,"is_del":1,"level":2,"add_time":1745776845,"up_time":1745776845,"pid_str":"51,150","pid2":0,"pid2_str":"","ratio2":"0.0000","pid3":0,"pid3_str":"","ratio3":"0.0000","end_ratio":"0.0000","level2":0,"level3":0},{"id":155,"cate_label_id":3,"name":"\u94dd\u5408\u91d1\u7ede\u7ebf\u94dd","cate_type":0,"pid":154,"ratio":"105.0000","price":"25.3500","last_futures_price":"0.0000","last_sync_ratio":"0.0000","last_sync_time":0,"status":1,"is_del":1,"level":3,"add_time":1745776872,"up_time":1745776872,"pid_str":"51,150,154","pid2":0,"pid2_str":"","ratio2":"0.0000","pid3":0,"pid3_str":"","ratio3":"0.0000","end_ratio":"0.0000","level2":1,"level3":1},{"id":156,"cate_label_id":3,"name":"\u67b6\u7a7a\u7535\u7f06\u786c\u94dc","cate_type":0,"pid":5,"ratio":"100.0000","price":"94.7000","last_futures_price":"0.0000","last_sync_ratio":"0.0000","last_sync_time":0,"status":1,"is_del":1,"level":1,"add_time":1745777117,"up_time":1745777117,"pid_str":"5","pid2":0,"pid2_str":"","ratio2":"0.0000","pid3":0,"pid3_str":"","ratio3":"0.0000","end_ratio":"0.0000","level2":0,"level3":0},{"id":157,"cate_label_id":3,"name":"\u67b6\u7a7a\u7535\u7f06\u8f6f\u94dc","cate_type":0,"pid":96,"ratio":"100.0000","price":"98.4800","last_futures_price":"0.0000","last_sync_ratio":"0.0000","last_sync_time":0,"status":1,"is_del":1,"level":2,"add_time":1745777136,"up_time":1745777136,"pid_str":"5,96","pid2":0,"pid2_str":"","ratio2":"0.0000","pid3":0,"pid3_str":"","ratio3":"0.0000","end_ratio":"0.0000","level2":0,"level3":0},{"id":158,"cate_label_id":30,"name":"\u7f16\u7ec7\u7528\u9540\u9521\u94a2\u4e1d","cate_type":0,"pid":105,"ratio":"150.0000","price":"6.3000","last_futures_price":"0.0000","last_sync_ratio":"0.0000","last_sync_time":0,"status":1,"is_del":1,"level":1,"add_time":1753483344,"up_time":1753483344,"pid_str":"105","pid2":0,"pid2_str":"","ratio2":"0.0000","pid3":0,"pid3_str":"","ratio3":"0.0000","end_ratio":"100.0000","level2":0,"level3":0},{"id":160,"cate_label_id":159,"name":"\u6caa\u94dc","cate_type":0,"pid":0,"ratio":"0.0000","price":"104430.0000","last_futures_price":"104430.0000","last_sync_ratio":"100.0000","last_sync_time":1780240686,"status":1,"is_del":1,"level":0,"add_time":1772791661,"up_time":1780240686,"pid_str":"","pid2":0,"pid2_str":"","ratio2":"0.0000","pid3":0,"pid3_str":"","ratio3":"0.0000","end_ratio":"0.0000","level2":0,"level3":0},{"id":162,"cate_label_id":159,"name":"\u6caa\u954d","cate_type":0,"pid":0,"ratio":"0.0000","price":"145650.0000","last_futures_price":"0.0000","last_sync_ratio":"0.0000","last_sync_time":0,"status":1,"is_del":1,"level":0,"add_time":1775158650,"up_time":1775158650,"pid_str":"","pid2":0,"pid2_str":"","ratio2":"0.0000","pid3":0,"pid3_str":"","ratio3":"0.0000","end_ratio":"0.0000","level2":0,"level3":0},{"id":163,"cate_label_id":159,"name":"\u6caa\u9521","cate_type":0,"pid":0,"ratio":"0.0000","price":"437040.0000","last_futures_price":"0.0000","last_sync_ratio":"0.0000","last_sync_time":0,"status":1,"is_del":1,"level":0,"add_time":1775158678,"up_time":1775158678,"pid_str":"","pid2":0,"pid2_str":"","ratio2":"0.0000","pid3":0,"pid3_str":"","ratio3":"0.0000","end_ratio":"0.0000","level2":0,"level3":0},{"id":164,"cate_label_id":159,"name":"\u6caa\u950c","cate_type":0,"pid":0,"ratio":"0.0000","price":"24640.0000","last_futures_price":"0.0000","last_sync_ratio":"0.0000","last_sync_time":0,"status":1,"is_del":1,"level":0,"add_time":1775158807,"up_time":1775158807,"pid_str":"","pid2":0,"pid2_str":"","ratio2":"0.0000","pid3":0,"pid3_str":"","ratio3":"0.0000","end_ratio":"0.0000","level2":0,"level3":0},{"id":165,"cate_label_id":159,"name":"\u4e0d\u9508\u94a2","cate_type":0,"pid":0,"ratio":"0.0000","price":"15065.0000","last_futures_price":"0.0000","last_sync_ratio":"0.0000","last_sync_time":0,"status":1,"is_del":1,"level":0,"add_time":1775158827,"up_time":1775158827,"pid_str":"","pid2":0,"pid2_str":"","ratio2":"0.0000","pid3":0,"pid3_str":"","ratio3":"0.0000","end_ratio":"0.0000","level2":0,"level3":0},{"id":166,"cate_label_id":159,"name":"\u6caa\u94f6","cate_type":0,"pid":0,"ratio":"0.0000","price":"20964.0000","last_futures_price":"0.0000","last_sync_ratio":"0.0000","last_sync_time":0,"status":1,"is_del":1,"level":0,"add_time":1775158945,"up_time":1775158945,"pid_str":"","pid2":0,"pid2_str":"","ratio2":"0.0000","pid3":0,"pid3_str":"","ratio3":"0.0000","end_ratio":"0.0000","level2":0,"level3":0},{"id":167,"cate_label_id":159,"name":"\u6caa\u91d1","cate_type":0,"pid":0,"ratio":"0.0000","price":"1027.1000","last_futures_price":"0.0000","last_sync_ratio":"0.0000","last_sync_time":0,"status":1,"is_del":1,"level":0,"add_time":1775159038,"up_time":1775159038,"pid_str":"","pid2":0,"pid2_str":"","ratio2":"0.0000","pid3":0,"pid3_str":"","ratio3":"0.0000","end_ratio":"0.0000","level2":0,"level3":0},{"id":168,"cate_label_id":159,"name":"\u7845\u94c1","cate_type":0,"pid":0,"ratio":"0.0000","price":"5762.0000","last_futures_price":"0.0000","last_sync_ratio":"0.0000","last_sync_time":0,"status":1,"is_del":1,"level":0,"add_time":1775159058,"up_time":1775159058,"pid_str":"","pid2":0,"pid2_str":"","ratio2":"0.0000","pid3":0,"pid3_str":"","ratio3":"0.0000","end_ratio":"0.0000","level2":0,"level3":0},{"id":169,"cate_label_id":159,"name":"\u94c1\u77ff\u77f3","cate_type":0,"pid":0,"ratio":"0.0000","price":"815.5000","last_futures_price":"0.0000","last_sync_ratio":"0.0000","last_sync_time":0,"status":1,"is_del":1,"level":0,"add_time":1775159155,"up_time":1775159155,"pid_str":"","pid2":0,"pid2_str":"","ratio2":"0.0000","pid3":0,"pid3_str":"","ratio3":"0.0000","end_ratio":"0.0000","level2":0,"level3":0},{"id":170,"cate_label_id":159,"name":"\u87ba\u7eb9\u94a2","cate_type":0,"pid":0,"ratio":"0.0000","price":"3249.0000","last_futures_price":"0.0000","last_sync_ratio":"0.0000","last_sync_time":0,"status":1,"is_del":1,"level":0,"add_time":1775159188,"up_time":1775159188,"pid_str":"","pid2":0,"pid2_str":"","ratio2":"0.0000","pid3":0,"pid3_str":"","ratio3":"0.0000","end_ratio":"0.0000","level2":0,"level3":0},{"id":171,"cate_label_id":159,"name":"\u70ed\u5377","cate_type":0,"pid":0,"ratio":"0.0000","price":"3468.0000","last_futures_price":"0.0000","last_sync_ratio":"0.0000","last_sync_time":0,"status":1,"is_del":1,"level":0,"add_time":1775159363,"up_time":1775159363,"pid_str":"","pid2":0,"pid2_str":"","ratio2":"0.0000","pid3":0,"pid3_str":"","ratio3":"0.0000","end_ratio":"0.0000","level2":0,"level3":0},{"id":172,"cate_label_id":159,"name":"\u9530\u7845","cate_type":0,"pid":0,"ratio":"0.0000","price":"5878.0000","last_futures_price":"0.0000","last_sync_ratio":"0.0000","last_sync_time":0,"status":1,"is_del":1,"level":0,"add_time":1775159401,"up_time":1775159401,"pid_str":"","pid2":0,"pid2_str":"","ratio2":"0.0000","pid3":0,"pid3_str":"","ratio3":"0.0000","end_ratio":"0.0000","level2":0,"level3":0},{"id":173,"cate_label_id":159,"name":"\u94c2\u91d1","cate_type":0,"pid":0,"ratio":"0.0000","price":"2141.4000","last_futures_price":"0.0000","last_sync_ratio":"0.0000","last_sync_time":0,"status":1,"is_del":1,"level":0,"add_time":1775159416,"up_time":1775159416,"pid_str":"","pid2":0,"pid2_str":"","ratio2":"0.0000","pid3":0,"pid3_str":"","ratio3":"0.0000","end_ratio":"0.0000","level2":0,"level3":0},{"id":174,"cate_label_id":159,"name":"\u94af\u91d1","cate_type":0,"pid":0,"ratio":"0.0000","price":"1508.0000","last_futures_price":"0.0000","last_sync_ratio":"0.0000","last_sync_time":0,"status":1,"is_del":1,"level":0,"add_time":1775159431,"up_time":1775159431,"pid_str":"","pid2":0,"pid2_str":"","ratio2":"0.0000","pid3":0,"pid3_str":"","ratio3":"0.0000","end_ratio":"0.0000","level2":0,"level3":0},{"id":175,"cate_label_id":159,"name":"\u5de5\u4e1a\u7845","cate_type":0,"pid":0,"ratio":"0.0000","price":"8795.0000","last_futures_price":"0.0000","last_sync_ratio":"0.0000","last_sync_time":0,"status":1,"is_del":1,"level":0,"add_time":1775159442,"up_time":1775159442,"pid_str":"","pid2":0,"pid2_str":"","ratio2":"0.0000","pid3":0,"pid3_str":"","ratio3":"0.0000","end_ratio":"0.0000","level2":0,"level3":0},{"id":176,"cate_label_id":159,"name":"\u94dd\u5408\u91d1","cate_type":0,"pid":0,"ratio":"0.0000","price":"23255.0000","last_futures_price":"0.0000","last_sync_ratio":"0.0000","last_sync_time":0,"status":1,"is_del":1,"level":0,"add_time":1775159467,"up_time":1775159467,"pid_str":"","pid2":0,"pid2_str":"","ratio2":"0.0000","pid3":0,"pid3_str":"","ratio3":"0.0000","end_ratio":"0.0000","level2":0,"level3":0},{"id":177,"cate_label_id":159,"name":"\u6c27\u5316\u94dd","cate_type":0,"pid":0,"ratio":"0.0000","price":"2776.0000","last_futures_price":"0.0000","last_sync_ratio":"0.0000","last_sync_time":0,"status":1,"is_del":1,"level":0,"add_time":1775159483,"up_time":1775159483,"pid_str":"","pid2":0,"pid2_str":"","ratio2":"0.0000","pid3":0,"pid3_str":"","ratio3":"0.0000","end_ratio":"0.0000","level2":0,"level3":0},{"id":178,"cate_label_id":159,"name":"\u7ebf\u6750","cate_type":0,"pid":0,"ratio":"0.0000","price":"3395.0000","last_futures_price":"0.0000","last_sync_ratio":"0.0000","last_sync_time":0,"status":1,"is_del":1,"level":0,"add_time":1775159497,"up_time":1775159497,"pid_str":"","pid2":0,"pid2_str":"","ratio2":"0.0000","pid3":0,"pid3_str":"","ratio3":"0.0000","end_ratio":"0.0000","level2":0,"level3":0},{"id":179,"cate_label_id":159,"name":"\u73bb\u7483","cate_type":0,"pid":0,"ratio":"0.0000","price":"1068.0000","last_futures_price":"0.0000","last_sync_ratio":"0.0000","last_sync_time":0,"status":1,"is_del":1,"level":0,"add_time":1775159539,"up_time":1775159539,"pid_str":"","pid2":0,"pid2_str":"","ratio2":"0.0000","pid3":0,"pid3_str":"","ratio3":"0.0000","end_ratio":"0.0000","level2":0,"level3":0},{"id":180,"cate_label_id":159,"name":"\u91d1\u5c5e\u94ec","cate_type":0,"pid":0,"ratio":"0.0000","price":"91.5000","last_futures_price":"0.0000","last_sync_ratio":"0.0000","last_sync_time":0,"status":1,"is_del":1,"level":0,"add_time":1775159558,"up_time":1775159558,"pid_str":"","pid2":0,"pid2_str":"","ratio2":"0.0000","pid3":0,"pid3_str":"","ratio3":"0.0000","end_ratio":"0.0000","level2":0,"level3":0},{"id":181,"cate_label_id":159,"name":"\u77f3\u58a8\u70ef","cate_type":0,"pid":0,"ratio":"0.0000","price":"555.0000","last_futures_price":"0.0000","last_sync_ratio":"0.0000","last_sync_time":0,"status":1,"is_del":1,"level":0,"add_time":1775159576,"up_time":1775159576,"pid_str":"","pid2":0,"pid2_str":"","ratio2":"0.0000","pid3":0,"pid3_str":"","ratio3":"0.0000","end_ratio":"0.0000","level2":0,"level3":0},{"id":182,"cate_label_id":159,"name":"\u91d1\u5c5e\u94b4","cate_type":0,"pid":0,"ratio":"0.0000","price":"989.0000","last_futures_price":"0.0000","last_sync_ratio":"0.0000","last_sync_time":0,"status":1,"is_del":1,"level":0,"add_time":1775159588,"up_time":1775159588,"pid_str":"","pid2":0,"pid2_str":"","ratio2":"0.0000","pid3":0,"pid3_str":"","ratio3":"0.0000","end_ratio":"0.0000","level2":0,"level3":0},{"id":183,"cate_label_id":159,"name":"\u5f85\u5b9a","cate_type":0,"pid":0,"ratio":"0.0000","price":"91.5000","last_futures_price":"0.0000","last_sync_ratio":"0.0000","last_sync_time":0,"status":1,"is_del":1,"level":0,"add_time":1775160000,"up_time":1775160000,"pid_str":"","pid2":0,"pid2_str":"","ratio2":"0.0000","pid3":0,"pid3_str":"","ratio3":"0.0000","end_ratio":"0.0000","level2":0,"level3":0},{"id":185,"cate_label_id":184,"name":"\u57fa\u7840\u94dc\u4ef7","cate_type":0,"pid":0,"ratio":"0.0000","price":"96.5000","last_futures_price":"0.0000","last_sync_ratio":"0.0000","last_sync_time":0,"status":1,"is_del":1,"level":1,"add_time":1775216239,"up_time":1775216239,"pid_str":"","pid2":0,"pid2_str":"","ratio2":"0.0000","pid3":0,"pid3_str":"","ratio3":"0.0000","end_ratio":"0.0000","level2":1,"level3":1},{"id":186,"cate_label_id":184,"name":"\u57fa\u7840\u94dd\u4ef7","cate_type":0,"pid":0,"ratio":"0.0000","price":"24.0000","last_futures_price":"0.0000","last_sync_ratio":"0.0000","last_sync_time":0,"status":1,"is_del":1,"level":1,"add_time":1775216251,"up_time":1775216251,"pid_str":"","pid2":0,"pid2_str":"","ratio2":"0.0000","pid3":0,"pid3_str":"","ratio3":"0.0000","end_ratio":"0.0000","level2":1,"level3":1},{"id":187,"cate_label_id":184,"name":"\u57fa\u7840\u94a2\u4ef7","cate_type":0,"pid":0,"ratio":"0.0000","price":"4.5000","last_futures_price":"0.0000","last_sync_ratio":"0.0000","last_sync_time":0,"status":1,"is_del":1,"level":0,"add_time":1775216277,"up_time":1775216277,"pid_str":"","pid2":0,"pid2_str":"","ratio2":"0.0000","pid3":0,"pid3_str":"","ratio3":"0.0000","end_ratio":"0.0000","level2":0,"level3":0},{"id":188,"cate_label_id":184,"name":"\u57fa\u7840\u954d\u4ef7","cate_type":0,"pid":0,"ratio":"0.0000","price":"135.0000","last_futures_price":"0.0000","last_sync_ratio":"0.0000","last_sync_time":0,"status":1,"is_del":1,"level":1,"add_time":1775216322,"up_time":1775216322,"pid_str":"","pid2":0,"pid2_str":"","ratio2":"0.0000","pid3":0,"pid3_str":"","ratio3":"0.0000","end_ratio":"0.0000","level2":1,"level3":1},{"id":189,"cate_label_id":159,"name":"\u5907\u75281","cate_type":0,"pid":0,"ratio":"0.0000","price":"1.0000","last_futures_price":"0.0000","last_sync_ratio":"0.0000","last_sync_time":0,"status":1,"is_del":1,"level":1,"add_time":1778617483,"up_time":1778617483,"pid_str":"","pid2":0,"pid2_str":"","ratio2":"0.0000","pid3":0,"pid3_str":"","ratio3":"0.0000","end_ratio":"0.0000","level2":1,"level3":1},{"id":190,"cate_label_id":159,"name":"\u5907\u75282","cate_type":0,"pid":0,"ratio":"0.0000","price":"2.0000","last_futures_price":"0.0000","last_sync_ratio":"0.0000","last_sync_time":0,"status":1,"is_del":1,"level":1,"add_time":1778617496,"up_time":1778617496,"pid_str":"","pid2":0,"pid2_str":"","ratio2":"0.0000","pid3":0,"pid3_str":"","ratio3":"0.0000","end_ratio":"0.0000","level2":1,"level3":1},{"id":191,"cate_label_id":159,"name":"\u5907\u75283","cate_type":0,"pid":0,"ratio":"0.0000","price":"3.0000","last_futures_price":"0.0000","last_sync_ratio":"0.0000","last_sync_time":0,"status":1,"is_del":1,"level":1,"add_time":1778617507,"up_time":1778617507,"pid_str":"","pid2":0,"pid2_str":"","ratio2":"0.0000","pid3":0,"pid3_str":"","ratio3":"0.0000","end_ratio":"0.0000","level2":1,"level3":1},{"id":192,"cate_label_id":159,"name":"\u5907\u75284","cate_type":0,"pid":0,"ratio":"0.0000","price":"4.0000","last_futures_price":"0.0000","last_sync_ratio":"0.0000","last_sync_time":0,"status":1,"is_del":1,"level":1,"add_time":1778617516,"up_time":1778617516,"pid_str":"","pid2":0,"pid2_str":"","ratio2":"0.0000","pid3":0,"pid3_str":"","ratio3":"0.0000","end_ratio":"0.0000","level2":1,"level3":1},{"id":193,"cate_label_id":159,"name":"\u5907\u75285","cate_type":0,"pid":0,"ratio":"0.0000","price":"5.0000","last_futures_price":"0.0000","last_sync_ratio":"0.0000","last_sync_time":0,"status":1,"is_del":1,"level":1,"add_time":1778617527,"up_time":1778617527,"pid_str":"","pid2":0,"pid2_str":"","ratio2":"0.0000","pid3":0,"pid3_str":"","ratio3":"0.0000","end_ratio":"0.0000","level2":1,"level3":1},{"id":194,"cate_label_id":159,"name":"\u5907\u75286","cate_type":0,"pid":0,"ratio":"0.0000","price":"6.0000","last_futures_price":"0.0000","last_sync_ratio":"0.0000","last_sync_time":0,"status":1,"is_del":1,"level":1,"add_time":1778617537,"up_time":1778617537,"pid_str":"","pid2":0,"pid2_str":"","ratio2":"0.0000","pid3":0,"pid3_str":"","ratio3":"0.0000","end_ratio":"0.0000","level2":1,"level3":1},{"id":195,"cate_label_id":159,"name":"1KV-\u786c\u94dc\u5149\u4eae","cate_type":0,"pid":160,"ratio":"0.1000","price":"107.7200","last_futures_price":"0.0000","last_sync_ratio":"0.0000","last_sync_time":0,"status":1,"is_del":1,"level":1,"add_time":1778617649,"up_time":1778617649,"pid_str":"160","pid2":0,"pid2_str":"","ratio2":"0.0000","pid3":0,"pid3_str":"","ratio3":"0.0000","end_ratio":"0.0000","level2":0,"level3":0},{"id":196,"cate_label_id":159,"name":"1KV-\u786c\u94dc\u9540\u9521","cate_type":0,"pid":160,"ratio":"0.1000","price":"117.5900","last_futures_price":"0.0000","last_sync_ratio":"0.0000","last_sync_time":0,"status":1,"is_del":1,"level":1,"add_time":1778617780,"up_time":1778617780,"pid_str":"160","pid2":163,"pid2_str":"","ratio2":"0.0000","pid3":0,"pid3_str":"","ratio3":"0.0000","end_ratio":"105.0000","level2":1,"level3":0},{"id":197,"cate_label_id":159,"name":"1KV-\u8f6f\u94dc\u5149\u4eae","cate_type":0,"pid":160,"ratio":"0.1000","price":"112.0300","last_futures_price":"0.0000","last_sync_ratio":"0.0000","last_sync_time":0,"status":1,"is_del":1,"level":1,"add_time":1778617868,"up_time":1778617868,"pid_str":"160","pid2":0,"pid2_str":"","ratio2":"0.0000","pid3":0,"pid3_str":"","ratio3":"0.0000","end_ratio":"0.0000","level2":0,"level3":0},{"id":198,"cate_label_id":159,"name":"1KV-\u8f6f\u94dc\u9540\u9521","cate_type":0,"pid":160,"ratio":"0.1000","price":"125.4900","last_futures_price":"0.0000","last_sync_ratio":"0.0000","last_sync_time":0,"status":1,"is_del":1,"level":1,"add_time":1778617909,"up_time":1778617909,"pid_str":"160","pid2":163,"pid2_str":"","ratio2":"0.0000","pid3":0,"pid3_str":"","ratio3":"0.0000","end_ratio":"105.0000","level2":1,"level3":0},{"id":199,"cate_label_id":159,"name":"1KV-\u7535\u5de5\u94dd","cate_type":0,"pid":161,"ratio":"100.0000","price":"24640.0000","last_futures_price":"0.0000","last_sync_ratio":"0.0000","last_sync_time":0,"status":1,"is_del":1,"level":1,"add_time":1778617999,"up_time":1778617999,"pid_str":"161","pid2":0,"pid2_str":"","ratio2":"100.0000","pid3":0,"pid3_str":"","ratio3":"0.0000","end_ratio":"0.0000","level2":0,"level3":0},{"id":200,"cate_label_id":4,"name":"\u6d4b\u8bd5\u7ea2\u8272\u5bfc\u4f53","cate_type":0,"pid":94,"ratio":"100.0000","price":"48.5600","last_futures_price":"0.0000","last_sync_ratio":"0.0000","last_sync_time":0,"status":1,"is_del":1,"level":1,"add_time":1779615141,"up_time":1779615141,"pid_str":"94","pid2":95,"pid2_str":"","ratio2":"20.0000","pid3":0,"pid3_str":"","ratio3":"0.0000","end_ratio":"0.0000","level2":2,"level3":1},{"id":201,"cate_label_id":4,"name":"\u7ea2\u8272\u6807\u9898\u6d4b\u8bd51","cate_type":0,"pid":94,"ratio":"100.0000","price":"45.2400","last_futures_price":"0.0000","last_sync_ratio":"0.0000","last_sync_time":0,"status":1,"is_del":1,"level":1,"add_time":1779615737,"up_time":1779615737,"pid_str":"94","pid2":97,"pid2_str":"","ratio2":"30.0000","pid3":0,"pid3_str":"","ratio3":"0.0000","end_ratio":"0.0000","level2":2,"level3":1},{"id":204,"cate_label_id":203,"name":"\u6d4b\u8bd5","cate_type":0,"pid":5,"ratio":"100.0000","price":"132.7000","last_futures_price":"0.0000","last_sync_ratio":"0.0000","last_sync_time":0,"status":1,"is_del":1,"level":1,"add_time":1779766798,"up_time":1779766798,"pid_str":"5","pid2":94,"pid2_str":"","ratio2":"100.0000","pid3":0,"pid3_str":"","ratio3":"100.0000","end_ratio":"0.0000","level2":1,"level3":1},{"id":205,"cate_label_id":202,"name":"\u6d4b\u8bd51","cate_type":0,"pid":27,"ratio":"100.0000","price":"16.2000","last_futures_price":"0.0000","last_sync_ratio":"0.0000","last_sync_time":0,"status":1,"is_del":1,"level":1,"add_time":1779766824,"up_time":1779766824,"pid_str":"27","pid2":105,"pid2_str":"","ratio2":"100.0000","pid3":0,"pid3_str":"","ratio3":"100.0000","end_ratio":"0.0000","level2":1,"level3":1},{"id":206,"cate_label_id":202,"name":"\u6d4b\u8bd5\u7ea2\u8272","cate_type":0,"pid":5,"ratio":"100.0000","price":"307.4003","last_futures_price":"0.0000","last_sync_ratio":"0.0000","last_sync_time":0,"status":1,"is_del":1,"level":1,"add_time":1779767533,"up_time":1779767533,"pid_str":"5","pid2":204,"pid2_str":"","ratio2":"100.0000","pid3":0,"pid3_str":"","ratio3":"100.0000","end_ratio":"80.0003","level2":2,"level3":0}],"has_auto_sync":0,"sync_config_id":0}}

[ 2026-05-31T23:27:51+08:00 ] ::1 /Home/NewLabel/editGet/model/new_label.html
INFO: [ app_init ] --START--
INFO: Run Behavior\BuildLiteBehavior [ RunTime:0.000010s ]
INFO: [ app_init ] --END-- [ RunTime:0.000084s ]
INFO: [ app_begin ] --START--
INFO: Run Behavior\ReadHtmlCacheBehavior [ RunTime:0.000043s ]
INFO: [ app_begin ] --END-- [ RunTime:0.000076s ]
SQL: SHOW COLUMNS FROM `new_label` [ RunTime:0.0061s ]
SQL: SELECT * FROM `new_label` WHERE `id` = 160 LIMIT 1   [ RunTime:0.0014s ]
SQL: SELECT * FROM `new_label` WHERE `id` <> 160 AND `cate_label_id` > 0  [ RunTime:0.0018s ]
SQL: SHOW COLUMNS FROM `price_sync_config` [ RunTime:0.0034s ]
SQL: SELECT * FROM `price_sync_config` WHERE `new_label_id` = 160 AND `auto_sync` = 1 AND `status` = 1 LIMIT 1   [ RunTime:0.0014s ]
ERR: {"status":1,"msg":"\u4fee\u6539\u6210\u529f","data":{"id":160,"cate_label_id":159,"name":"\u6caa\u94dc","cate_type":0,"pid":0,"ratio":0,"price":"104430.0000","last_futures_price":"104430.0000","last_sync_ratio":100,"last_sync_time":1780240686,"status":1,"is_del":1,"level":0,"add_time":1772791661,"up_time":1780240686,"pid_str":"","pid2":0,"pid2_str":"","ratio2":0,"pid3":0,"pid3_str":"","ratio3":0,"end_ratio":0,"level2":0,"level3":0,"cate_list":[{"id":5,"cate_label_id":3,"name":"\u73b0\u8d27\u94dc\u4ef7\u57fa\u7840\u503c","cate_type":0,"pid":0,"ratio":"100.0000","price":"94.7000","last_futures_price":"0.0000","last_sync_ratio":"0.0000","last_sync_time":0,"status":1,"is_del":1,"level":0,"add_time":1731588218,"up_time":1731678051,"pid_str":"","pid2":0,"pid2_str":"","ratio2":"100.0000","pid3":0,"pid3_str":"","ratio3":"100.0000","end_ratio":"0.0000","level2":0,"level3":0},{"id":27,"cate_label_id":26,"name":"\u4ea4\u8054\u805a\u4e59\u70ef\u4ef7\u683c","cate_type":0,"pid":0,"ratio":"0.0000","price":"12.0000","last_futures_price":"0.0000","last_sync_ratio":"0.0000","last_sync_time":0,"status":1,"is_del":1,"level":0,"add_time":1731673353,"up_time":1731673353,"pid_str":"","pid2":0,"pid2_str":"","ratio2":"100.0000","pid3":0,"pid3_str":"","ratio3":"100.0000","end_ratio":"0.0000","level2":0,"level3":0},{"id":29,"cate_label_id":28,"name":"\u5bfc\u4f53+\u7edd\u7f18\u5c4f\u853d\u6599\u4ef7","cate_type":0,"pid":0,"ratio":"0.0000","price":"11.5000","last_futures_price":"0.0000","last_sync_ratio":"0.0000","last_sync_time":0,"status":1,"is_del":1,"level":0,"add_time":1731673397,"up_time":1731673397,"pid_str":"","pid2":0,"pid2_str":"","ratio2":"100.0000","pid3":0,"pid3_str":"","ratio3":"100.0000","end_ratio":"0.0000","level2":1,"level3":1},{"id":51,"cate_label_id":3,"name":"\u73b0\u8d27\u94dd\u4ef7\u57fa\u7840\u503c","cate_type":0,"pid":0,"ratio":"100.0000","price":"23.0000","last_futures_price":"0.0000","last_sync_ratio":"0.0000","last_sync_time":0,"status":1,"is_del":1,"level":0,"add_time":1731682407,"up_time":1731682407,"pid_str":"","pid2":0,"pid2_str":"","ratio2":"100.0000","pid3":0,"pid3_str":"","ratio3":"100.0000","end_ratio":"0.0000","level2":0,"level3":0},{"id":74,"cate_label_id":26,"name":"PVC\u805a\u6c2f\u4e59\u70ef\u4ef7","cate_type":0,"pid":0,"ratio":"100.0000","price":"7.5000","last_futures_price":"0.0000","last_sync_ratio":"0.0000","last_sync_time":0,"status":1,"is_del":1,"level":0,"add_time":1734582414,"up_time":1734582414,"pid_str":"","pid2":0,"pid2_str":"","ratio2":"100.0000","pid3":0,"pid3_str":"","ratio3":"100.0000","end_ratio":"0.0000","level2":0,"level3":0},{"id":94,"cate_label_id":4,"name":"\u9ed1\u4e91\u6bcd\u5e26","cate_type":0,"pid":0,"ratio":"0.0000","price":"38.0000","last_futures_price":"0.0000","last_sync_ratio":"0.0000","last_sync_time":0,"status":1,"is_del":1,"level":0,"add_time":1735321887,"up_time":1735321887,"pid_str":"","pid2":0,"pid2_str":"","ratio2":"100.0000","pid3":0,"pid3_str":"","ratio3":"100.0000","end_ratio":"0.0000","level2":0,"level3":0},{"id":95,"cate_label_id":4,"name":"\u767d\u4e91\u6bcd\u5e26","cate_type":0,"pid":94,"ratio":"139.0000","price":"52.8200","last_futures_price":"0.0000","last_sync_ratio":"0.0000","last_sync_time":0,"status":1,"is_del":1,"level":1,"add_time":1735321972,"up_time":1735321972,"pid_str":"94","pid2":0,"pid2_str":"","ratio2":"100.0000","pid3":0,"pid3_str":"","ratio3":"100.0000","end_ratio":"0.0000","level2":1,"level3":1},{"id":96,"cate_label_id":3,"name":"\u7ec6\u94dc\u4e1d\u4ef7\u683c","cate_type":0,"pid":5,"ratio":"104.0000","price":"98.4800","last_futures_price":"0.0000","last_sync_ratio":"0.0000","last_sync_time":0,"status":1,"is_del":1,"level":1,"add_time":1735381914,"up_time":1735381914,"pid_str":"5","pid2":0,"pid2_str":"","ratio2":"100.0000","pid3":0,"pid3_str":"","ratio3":"100.0000","end_ratio":"0.0000","level2":1,"level3":1},{"id":97,"cate_label_id":3,"name":"\u94dd\u5408\u91d1\u4ef7","cate_type":0,"pid":51,"ratio":"105.0000","price":"24.1500","last_futures_price":"0.0000","last_sync_ratio":"0.0000","last_sync_time":0,"status":1,"is_del":1,"level":1,"add_time":1735381985,"up_time":1735381985,"pid_str":"51","pid2":0,"pid2_str":"","ratio2":"100.0000","pid3":0,"pid3_str":"","ratio3":"100.0000","end_ratio":"0.0000","level2":1,"level3":1},{"id":98,"cate_label_id":3,"name":"BVR\u7ec6\u94dc\u4e1d\u4ef7","cate_type":0,"pid":5,"ratio":"103.0000","price":"97.5400","last_futures_price":"0.0000","last_sync_ratio":"0.0000","last_sync_time":0,"status":1,"is_del":1,"level":1,"add_time":1735382673,"up_time":1735382673,"pid_str":"5","pid2":0,"pid2_str":"","ratio2":"100.0000","pid3":0,"pid3_str":"","ratio3":"100.0000","end_ratio":"0.0000","level2":1,"level3":1},{"id":99,"cate_label_id":3,"name":"\u67b6\u7a7a\u5bfc\u7ebf\u94a2\u4e1d\u4ef7","cate_type":0,"pid":0,"ratio":"0.0000","price":"5.0000","last_futures_price":"0.0000","last_sync_ratio":"0.0000","last_sync_time":0,"status":1,"is_del":1,"level":1,"add_time":1735382759,"up_time":1735382759,"pid_str":"","pid2":0,"pid2_str":"","ratio2":"100.0000","pid3":0,"pid3_str":"","ratio3":"100.0000","end_ratio":"0.0000","level2":1,"level3":1},{"id":101,"cate_label_id":26,"name":"10KV\/35KV\u4ea4\u8054\u7edd\u7f18\u4ef7","cate_type":0,"pid":27,"ratio":"123.0000","price":"14.7600","last_futures_price":"0.0000","last_sync_ratio":"0.0000","last_sync_time":0,"status":1,"is_del":1,"level":1,"add_time":1735383067,"up_time":1735383067,"pid_str":"27","pid2":0,"pid2_str":"","ratio2":"100.0000","pid3":0,"pid3_str":"","ratio3":"100.0000","end_ratio":"0.0000","level2":1,"level3":1},{"id":102,"cate_label_id":26,"name":"\u67b6\u7a7a\u8010\u5019XLPE\u6599\u4ef7","cate_type":0,"pid":27,"ratio":"116.7000","price":"14.0000","last_futures_price":"0.0000","last_sync_ratio":"0.0000","last_sync_time":0,"status":1,"is_del":1,"level":1,"add_time":1735400540,"up_time":1735400540,"pid_str":"27","pid2":0,"pid2_str":"","ratio2":"100.0000","pid3":0,"pid3_str":"","ratio3":"100.0000","end_ratio":"0.0000","level2":0,"level3":0},{"id":103,"cate_label_id":3,"name":"\u5c4f\u853d\u94dc\u5e26","cate_type":0,"pid":5,"ratio":"111.1000","price":"105.2100","last_futures_price":"0.0000","last_sync_ratio":"0.0000","last_sync_time":0,"status":1,"is_del":1,"level":1,"add_time":1735400783,"up_time":1735400783,"pid_str":"5","pid2":0,"pid2_str":"","ratio2":"100.0000","pid3":0,"pid3_str":"","ratio3":"100.0000","end_ratio":"0.0000","level2":1,"level3":1},{"id":104,"cate_label_id":26,"name":"\u5bfc\u4f53+\u7edd\u7f18\u5c4f\u853d\u6599\u4ef7","cate_type":0,"pid":101,"ratio":"104.0000","price":"15.3500","last_futures_price":"0.0000","last_sync_ratio":"0.0000","last_sync_time":0,"status":1,"is_del":1,"level":2,"add_time":1735400894,"up_time":1735400894,"pid_str":"27,101","pid2":0,"pid2_str":"","ratio2":"100.0000","pid3":0,"pid3_str":"","ratio3":"100.0000","end_ratio":"0.0000","level2":1,"level3":1},{"id":105,"cate_label_id":30,"name":"\u94a2\u5e26\u4ef7\u683c","cate_type":0,"pid":0,"ratio":"0.0000","price":"4.2000","last_futures_price":"0.0000","last_sync_ratio":"0.0000","last_sync_time":0,"status":1,"is_del":1,"level":0,"add_time":1735400959,"up_time":1735400959,"pid_str":"","pid2":0,"pid2_str":"","ratio2":"100.0000","pid3":0,"pid3_str":"","ratio3":"100.0000","end_ratio":"0.0000","level2":0,"level3":0},{"id":106,"cate_label_id":30,"name":"\u4e0d\u9508\u94a2\u5e26\u4ef7\u683c","cate_type":0,"pid":105,"ratio":"250.0000","price":"10.5000","last_futures_price":"0.0000","last_sync_ratio":"0.0000","last_sync_time":0,"status":1,"is_del":1,"level":1,"add_time":1735401010,"up_time":1735401010,"pid_str":"105","pid2":0,"pid2_str":"","ratio2":"100.0000","pid3":0,"pid3_str":"","ratio3":"100.0000","end_ratio":"0.0000","level2":1,"level3":1},{"id":107,"cate_label_id":30,"name":"\u94a2\u4e1d\u4ef7\u683c","cate_type":0,"pid":105,"ratio":"108.0000","price":"4.5300","last_futures_price":"0.0000","last_sync_ratio":"0.0000","last_sync_time":0,"status":1,"is_del":1,"level":1,"add_time":1735401055,"up_time":1735401055,"pid_str":"105","pid2":0,"pid2_str":"","ratio2":"100.0000","pid3":0,"pid3_str":"","ratio3":"100.0000","end_ratio":"0.0000","level2":1,"level3":1},{"id":108,"cate_label_id":30,"name":"\u4e0d\u9508\u94a2\u4e1d","cate_type":0,"pid":105,"ratio":"131.0000","price":"5.5000","last_futures_price":"0.0000","last_sync_ratio":"0.0000","last_sync_time":0,"status":1,"is_del":1,"level":1,"add_time":1735401113,"up_time":1735401113,"pid_str":"105","pid2":0,"pid2_str":"","ratio2":"100.0000","pid3":0,"pid3_str":"","ratio3":"100.0000","end_ratio":"0.0000","level2":1,"level3":1},{"id":109,"cate_label_id":32,"name":"PVC\u805a\u6c2f\u4e59\u70ef","cate_type":0,"pid":0,"ratio":"0.0000","price":"7.0000","last_futures_price":"0.0000","last_sync_ratio":"0.0000","last_sync_time":0,"status":1,"is_del":1,"level":0,"add_time":1735401182,"up_time":1735401182,"pid_str":"","pid2":0,"pid2_str":"","ratio2":"100.0000","pid3":0,"pid3_str":"","ratio3":"100.0000","end_ratio":"0.0000","level2":0,"level3":0},{"id":110,"cate_label_id":32,"name":"\u65e0\u5364\u4f4e\u70df\u963b\u71c3\u805a\u70ef\u70c3","cate_type":0,"pid":109,"ratio":"117.0000","price":"8.1900","last_futures_price":"0.0000","last_sync_ratio":"0.0000","last_sync_time":0,"status":1,"is_del":1,"level":1,"add_time":1735401270,"up_time":1735401270,"pid_str":"109","pid2":0,"pid2_str":"","ratio2":"100.0000","pid3":0,"pid3_str":"","ratio3":"100.0000","end_ratio":"0.0000","level2":1,"level3":1},{"id":111,"cate_label_id":32,"name":"\u9632\u706b\u4f4e\u70df\u963b\u71c3\u805a\u70ef\u70c3","cate_type":0,"pid":110,"ratio":"107.0000","price":"8.7600","last_futures_price":"0.0000","last_sync_ratio":"0.0000","last_sync_time":0,"status":1,"is_del":1,"level":2,"add_time":1735401324,"up_time":1735401324,"pid_str":"109,110","pid2":0,"pid2_str":"","ratio2":"100.0000","pid3":0,"pid3_str":"","ratio3":"100.0000","end_ratio":"0.0000","level2":1,"level3":1},{"id":113,"cate_label_id":32,"name":"\u6c2f\u4e01\u6a61\u80f6\u62a4\u5957","cate_type":0,"pid":112,"ratio":"100.0000","price":"10.0000","last_futures_price":"0.0000","last_sync_ratio":"0.0000","last_sync_time":0,"status":1,"is_del":1,"level":2,"add_time":1735401407,"up_time":1735401407,"pid_str":"112","pid2":0,"pid2_str":"","ratio2":"100.0000","pid3":0,"pid3_str":"","ratio3":"100.0000","end_ratio":"0.0000","level2":1,"level3":1},{"id":114,"cate_label_id":32,"name":"\u4e8c\u4ee3\u6599PVC\u805a\u6c2f\u4e59\u70ef","cate_type":0,"pid":109,"ratio":"75.0000","price":"5.2500","last_futures_price":"0.0000","last_sync_ratio":"0.0000","last_sync_time":0,"status":1,"is_del":1,"level":1,"add_time":1735401470,"up_time":1735401470,"pid_str":"109","pid2":0,"pid2_str":"","ratio2":"100.0000","pid3":0,"pid3_str":"","ratio3":"100.0000","end_ratio":"0.0000","level2":1,"level3":1},{"id":115,"cate_label_id":32,"name":"\u805a\u4e59\u70ef\u6750\u6599\u4ef7\u683c","cate_type":0,"pid":109,"ratio":"150.0000","price":"10.5000","last_futures_price":"0.0000","last_sync_ratio":"0.0000","last_sync_time":0,"status":1,"is_del":1,"level":1,"add_time":1735401546,"up_time":1735401546,"pid_str":"109","pid2":0,"pid2_str":"","ratio2":"100.0000","pid3":0,"pid3_str":"","ratio3":"100.0000","end_ratio":"0.0000","level2":1,"level3":1},{"id":116,"cate_label_id":3,"name":"\u7f16\u7ec7\u94dc\u4e1d\u4ef7","cate_type":0,"pid":5,"ratio":"105.5000","price":"99.9000","last_futures_price":"0.0000","last_sync_ratio":"0.0000","last_sync_time":0,"status":1,"is_del":1,"level":1,"add_time":1735401652,"up_time":1735401652,"pid_str":"5","pid2":0,"pid2_str":"","ratio2":"100.0000","pid3":0,"pid3_str":"","ratio3":"100.0000","end_ratio":"0.0000","level2":1,"level3":1},{"id":117,"cate_label_id":3,"name":"\u5206\u5c4f+\u603b\u5c4f\u94dc\u4ef7","cate_type":0,"pid":116,"ratio":"100.0000","price":"99.9000","last_futures_price":"0.0000","last_sync_ratio":"0.0000","last_sync_time":0,"status":1,"is_del":1,"level":2,"add_time":1735401722,"up_time":1735401722,"pid_str":"5,116","pid2":0,"pid2_str":"","ratio2":"100.0000","pid3":0,"pid3_str":"","ratio3":"100.0000","end_ratio":"0.0000","level2":1,"level3":1},{"id":118,"cate_label_id":3,"name":"\u9632\u706b\u94dc\u5e26\u4ef7\u683c","cate_type":0,"pid":5,"ratio":"105.7000","price":"100.0900","last_futures_price":"0.0000","last_sync_ratio":"0.0000","last_sync_time":0,"status":1,"is_del":1,"level":1,"add_time":1735401753,"up_time":1735401753,"pid_str":"5","pid2":0,"pid2_str":"","ratio2":"100.0000","pid3":0,"pid3_str":"","ratio3":"100.0000","end_ratio":"0.0000","level2":1,"level3":1},{"id":119,"cate_label_id":3,"name":"\u9694\u79bb\u578b\u94dd\u7ba1\u4ef7","cate_type":0,"pid":51,"ratio":"107.5000","price":"24.7200","last_futures_price":"0.0000","last_sync_ratio":"0.0000","last_sync_time":0,"status":1,"is_del":1,"level":1,"add_time":1735401804,"up_time":1735401804,"pid_str":"51","pid2":0,"pid2_str":"","ratio2":"100.0000","pid3":0,"pid3_str":"","ratio3":"100.0000","end_ratio":"0.0000","level2":1,"level3":1},{"id":120,"cate_label_id":3,"name":"\u8054\u9501\u94e0\u88c5\u94dd\u5e26\u4ef7","cate_type":0,"pid":51,"ratio":"110.0000","price":"25.3000","last_futures_price":"0.0000","last_sync_ratio":"0.0000","last_sync_time":0,"status":1,"is_del":1,"level":1,"add_time":1735761006,"up_time":1735761006,"pid_str":"51","pid2":0,"pid2_str":"","ratio2":"100.0000","pid3":0,"pid3_str":"","ratio3":"100.0000","end_ratio":"0.0000","level2":1,"level3":1},{"id":121,"cate_label_id":3,"name":"\u94dc\u5305\u94dd\u5bfc\u4f53","cate_type":0,"pid":5,"ratio":"11.0000","price":"31.1100","last_futures_price":"0.0000","last_sync_ratio":"0.0000","last_sync_time":0,"status":1,"is_del":1,"level":1,"add_time":1735763487,"up_time":1735763487,"pid_str":"5","pid2":51,"pid2_str":"","ratio2":"90.0000","pid3":0,"pid3_str":"","ratio3":"100.0000","end_ratio":"0.0000","level2":1,"level3":0},{"id":124,"cate_label_id":3,"name":"\u5c4f\u853d\u94dd\u5e26","cate_type":0,"pid":51,"ratio":"130.0000","price":"29.9000","last_futures_price":"0.0000","last_sync_ratio":"0.0000","last_sync_time":0,"status":1,"is_del":1,"level":1,"add_time":1736553876,"up_time":1736553876,"pid_str":"51","pid2":0,"pid2_str":"","ratio2":"100.0000","pid3":0,"pid3_str":"","ratio3":"100.0000","end_ratio":"0.0000","level2":1,"level3":1},{"id":125,"cate_label_id":26,"name":"\u4f4e\u70df\u65e0\u5364\u7edd\u7f18","cate_type":0,"pid":27,"ratio":"127.0000","price":"15.2400","last_futures_price":"0.0000","last_sync_ratio":"0.0000","last_sync_time":0,"status":1,"is_del":1,"level":1,"add_time":1738838536,"up_time":1738838536,"pid_str":"27","pid2":0,"pid2_str":"","ratio2":"100.0000","pid3":0,"pid3_str":"","ratio3":"100.0000","end_ratio":"0.0000","level2":1,"level3":1},{"id":130,"cate_label_id":3,"name":"\u6a61\u5957\u7535\u7f06\u8f6f\u94dc\u5bfc\u4f53","cate_type":0,"pid":96,"ratio":"98.0000","price":"96.5100","last_futures_price":"0.0000","last_sync_ratio":"0.0000","last_sync_time":0,"status":1,"is_del":1,"level":2,"add_time":1744767200,"up_time":1744767200,"pid_str":"5,96","pid2":0,"pid2_str":"","ratio2":"0.0000","pid3":0,"pid3_str":"","ratio3":"0.0000","end_ratio":"0.0000","level2":0,"level3":0},{"id":131,"cate_label_id":3,"name":"\u77ff\u7528\u7535\u7f06\u8f6f\u94dc\u5bfc\u4f53","cate_type":0,"pid":96,"ratio":"98.0000","price":"96.5100","last_futures_price":"0.0000","last_sync_ratio":"0.0000","last_sync_time":0,"status":1,"is_del":1,"level":2,"add_time":1744767234,"up_time":1744767234,"pid_str":"5,96","pid2":0,"pid2_str":"","ratio2":"0.0000","pid3":0,"pid3_str":"","ratio3":"0.0000","end_ratio":"0.0000","level2":0,"level3":0},{"id":132,"cate_label_id":3,"name":"\u77ff\u7528\u7535\u7f06\u9540\u9521\u8f6f\u94dc","cate_type":0,"pid":131,"ratio":"102.0000","price":"98.4400","last_futures_price":"0.0000","last_sync_ratio":"0.0000","last_sync_time":0,"status":1,"is_del":1,"level":3,"add_time":1744767609,"up_time":1744767609,"pid_str":"5,96,131","pid2":0,"pid2_str":"","ratio2":"0.0000","pid3":0,"pid3_str":"","ratio3":"0.0000","end_ratio":"0.0000","level2":0,"level3":0},{"id":134,"cate_label_id":133,"name":"XH-03A-\u77ff\u7528\u62a4\u5957","cate_type":0,"pid":0,"ratio":"0.0000","price":"8.0000","last_futures_price":"0.0000","last_sync_ratio":"0.0000","last_sync_time":0,"status":1,"is_del":1,"level":0,"add_time":1744771398,"up_time":1744771398,"pid_str":"","pid2":0,"pid2_str":"","ratio2":"0.0000","pid3":0,"pid3_str":"","ratio3":"0.0000","end_ratio":"0.0000","level2":0,"level3":0},{"id":135,"cate_label_id":133,"name":"IE4-\u901a\u7528\u7edd\u7f18\u6a61\u80f6","cate_type":0,"pid":134,"ratio":"134.3000","price":"10.7400","last_futures_price":"0.0000","last_sync_ratio":"0.0000","last_sync_time":0,"status":1,"is_del":1,"level":1,"add_time":1744771497,"up_time":1744771497,"pid_str":"134","pid2":0,"pid2_str":"","ratio2":"0.0000","pid3":0,"pid3_str":"","ratio3":"0.0000","end_ratio":"0.0000","level2":0,"level3":0},{"id":136,"cate_label_id":133,"name":"1KV-XJ-30A-\u77ff\u7528\u7edd\u7f18\u6a61\u80f6","cate_type":0,"pid":134,"ratio":"140.0000","price":"11.2000","last_futures_price":"0.0000","last_sync_ratio":"0.0000","last_sync_time":0,"status":1,"is_del":1,"level":1,"add_time":1744771556,"up_time":1744771556,"pid_str":"134","pid2":0,"pid2_str":"","ratio2":"0.0000","pid3":0,"pid3_str":"","ratio3":"0.0000","end_ratio":"0.0000","level2":0,"level3":0},{"id":137,"cate_label_id":133,"name":"10KV-XJ-30A-\u77ff\u7528\u7edd\u7f18\u6a61\u80f6","cate_type":0,"pid":134,"ratio":"165.7000","price":"13.2500","last_futures_price":"0.0000","last_sync_ratio":"0.0000","last_sync_time":0,"status":1,"is_del":1,"level":1,"add_time":1744771607,"up_time":1744771607,"pid_str":"134","pid2":0,"pid2_str":"","ratio2":"0.0000","pid3":0,"pid3_str":"","ratio3":"0.0000","end_ratio":"0.0000","level2":0,"level3":0},{"id":138,"cate_label_id":133,"name":"SE3-\u901a\u7528\u62a4\u5957\u6a61\u80f6","cate_type":0,"pid":134,"ratio":"81.4000","price":"6.5100","last_futures_price":"0.0000","last_sync_ratio":"0.0000","last_sync_time":0,"status":1,"is_del":1,"level":1,"add_time":1744771648,"up_time":1744771648,"pid_str":"134","pid2":0,"pid2_str":"","ratio2":"0.0000","pid3":0,"pid3_str":"","ratio3":"0.0000","end_ratio":"0.0000","level2":0,"level3":0},{"id":139,"cate_label_id":133,"name":"\u77ff\u7528\u5185\u886c\u5c42\u6a61\u80f6","cate_type":0,"pid":134,"ratio":"111.4000","price":"8.9100","last_futures_price":"0.0000","last_sync_ratio":"0.0000","last_sync_time":0,"status":1,"is_del":1,"level":1,"add_time":1744771716,"up_time":1744771716,"pid_str":"134","pid2":0,"pid2_str":"","ratio2":"0.0000","pid3":0,"pid3_str":"","ratio3":"0.0000","end_ratio":"0.0000","level2":0,"level3":0},{"id":140,"cate_label_id":133,"name":"SE3-YH-\u710a\u673a\u7ebf\u62a4\u5957","cate_type":0,"pid":134,"ratio":"105.7000","price":"8.4500","last_futures_price":"0.0000","last_sync_ratio":"0.0000","last_sync_time":0,"status":1,"is_del":1,"level":1,"add_time":1744771931,"up_time":1744771931,"pid_str":"134","pid2":0,"pid2_str":"","ratio2":"0.0000","pid3":0,"pid3_str":"","ratio3":"0.0000","end_ratio":"0.0000","level2":0,"level3":0},{"id":141,"cate_label_id":133,"name":"\u6a61\u80f6\u5185\u5c4f-\u77ff\u7f06","cate_type":0,"pid":134,"ratio":"193.0000","price":"15.4400","last_futures_price":"0.0000","last_sync_ratio":"0.0000","last_sync_time":0,"status":1,"is_del":1,"level":1,"add_time":1744771985,"up_time":1744771985,"pid_str":"134","pid2":0,"pid2_str":"","ratio2":"0.0000","pid3":0,"pid3_str":"","ratio3":"0.0000","end_ratio":"0.0000","level2":0,"level3":0},{"id":142,"cate_label_id":133,"name":"\u6a61\u80f6\u5916\u5c4f","cate_type":0,"pid":141,"ratio":"217.6000","price":"33.5900","last_futures_price":"0.0000","last_sync_ratio":"0.0000","last_sync_time":0,"status":1,"is_del":1,"level":2,"add_time":1744772031,"up_time":1744772031,"pid_str":"134,141","pid2":0,"pid2_str":"","ratio2":"0.0000","pid3":0,"pid3_str":"","ratio3":"0.0000","end_ratio":"0.0000","level2":0,"level3":0},{"id":143,"cate_label_id":133,"name":"WD-XH-03A","cate_type":0,"pid":134,"ratio":"467.1000","price":"37.3600","last_futures_price":"0.0000","last_sync_ratio":"0.0000","last_sync_time":0,"status":1,"is_del":1,"level":1,"add_time":1744772105,"up_time":1744772105,"pid_str":"134","pid2":0,"pid2_str":"","ratio2":"0.0000","pid3":0,"pid3_str":"","ratio3":"0.0000","end_ratio":"0.0000","level2":0,"level3":0},{"id":144,"cate_label_id":133,"name":"\u6df7\u70bc\u80f61#-\u586b\u5145\u7c7b","cate_type":0,"pid":134,"ratio":"80.0000","price":"6.4000","last_futures_price":"0.0000","last_sync_ratio":"0.0000","last_sync_time":0,"status":1,"is_del":1,"level":1,"add_time":1744772165,"up_time":1744772165,"pid_str":"134","pid2":0,"pid2_str":"","ratio2":"0.0000","pid3":0,"pid3_str":"","ratio3":"0.0000","end_ratio":"0.0000","level2":0,"level3":0},{"id":145,"cate_label_id":133,"name":"\u6df7\u70bc\u80f63#-\u586b\u5145\u7c7b","cate_type":0,"pid":144,"ratio":"91.0000","price":"5.8200","last_futures_price":"0.0000","last_sync_ratio":"0.0000","last_sync_time":0,"status":1,"is_del":1,"level":2,"add_time":1744772205,"up_time":1744772205,"pid_str":"134,144","pid2":0,"pid2_str":"","ratio2":"0.0000","pid3":0,"pid3_str":"","ratio3":"0.0000","end_ratio":"0.0000","level2":0,"level3":0},{"id":146,"cate_label_id":3,"name":"\u9540\u9521\u7f16\u7ec7\u94dc\u4e1d","cate_type":0,"pid":132,"ratio":"105.5000","price":"103.8500","last_futures_price":"0.0000","last_sync_ratio":"0.0000","last_sync_time":0,"status":1,"is_del":1,"level":4,"add_time":1744812415,"up_time":1744812415,"pid_str":"5,96,131,132","pid2":0,"pid2_str":"","ratio2":"0.0000","pid3":0,"pid3_str":"","ratio3":"0.0000","end_ratio":"0.0000","level2":0,"level3":0},{"id":147,"cate_label_id":133,"name":"\u7845\u6a61\u80f6\u6750\u6599","cate_type":0,"pid":135,"ratio":"144.0000","price":"15.4600","last_futures_price":"0.0000","last_sync_ratio":"0.0000","last_sync_time":0,"status":1,"is_del":1,"level":2,"add_time":1745174816,"up_time":1745174816,"pid_str":"134,135","pid2":0,"pid2_str":"","ratio2":"0.0000","pid3":0,"pid3_str":"","ratio3":"0.0000","end_ratio":"0.0000","level2":0,"level3":0},{"id":148,"cate_label_id":133,"name":"\u4e01\u8148\u6a61\u80f6\u6750\u6599","cate_type":0,"pid":135,"ratio":"107.0000","price":"11.4900","last_futures_price":"0.0000","last_sync_ratio":"0.0000","last_sync_time":0,"status":1,"is_del":1,"level":2,"add_time":1745174886,"up_time":1745174886,"pid_str":"134,135","pid2":0,"pid2_str":"","ratio2":"0.0000","pid3":0,"pid3_str":"","ratio3":"0.0000","end_ratio":"0.0000","level2":0,"level3":0},{"id":149,"cate_label_id":3,"name":"\u6a61\u5957\u7535\u7f06\u94dd\u5408\u91d1\u5bfc\u4f53","cate_type":0,"pid":51,"ratio":"117.1000","price":"26.9300","last_futures_price":"0.0000","last_sync_ratio":"0.0000","last_sync_time":0,"status":1,"is_del":1,"level":1,"add_time":1745175141,"up_time":1745175141,"pid_str":"51","pid2":0,"pid2_str":"","ratio2":"0.0000","pid3":0,"pid3_str":"","ratio3":"0.0000","end_ratio":"0.0000","level2":0,"level3":0},{"id":150,"cate_label_id":3,"name":"\u67b6\u7a7a\u7535\u7f06\u94dd","cate_type":0,"pid":51,"ratio":"100.0000","price":"23.0000","last_futures_price":"0.0000","last_sync_ratio":"0.0000","last_sync_time":0,"status":1,"is_del":1,"level":1,"add_time":1745776273,"up_time":1745776273,"pid_str":"51","pid2":0,"pid2_str":"","ratio2":"0.0000","pid3":0,"pid3_str":"","ratio3":"0.0000","end_ratio":"0.0000","level2":0,"level3":0},{"id":151,"cate_label_id":3,"name":"\u67b6\u7a7a\u7535\u7f06\u94dd\u5408\u91d1","cate_type":0,"pid":150,"ratio":"105.0000","price":"24.1500","last_futures_price":"0.0000","last_sync_ratio":"0.0000","last_sync_time":0,"status":1,"is_del":1,"level":2,"add_time":1745776305,"up_time":1745776305,"pid_str":"51,150","pid2":0,"pid2_str":"","ratio2":"0.0000","pid3":0,"pid3_str":"","ratio3":"0.0000","end_ratio":"0.0000","level2":0,"level3":0},{"id":152,"cate_label_id":30,"name":"\u67b6\u7a7a\u7535\u7f06\u666e\u901a\u94a2\u4e1d","cate_type":0,"pid":107,"ratio":"88.2000","price":"4.0000","last_futures_price":"0.0000","last_sync_ratio":"0.0000","last_sync_time":0,"status":1,"is_del":1,"level":2,"add_time":1745776560,"up_time":1745776560,"pid_str":"105,107","pid2":0,"pid2_str":"","ratio2":"0.0000","pid3":0,"pid3_str":"","ratio3":"0.0000","end_ratio":"0.0000","level2":0,"level3":0},{"id":153,"cate_label_id":30,"name":"\u94a2\u7ede\u7ebf\u9540\u950c\u94a2\u4e1d","cate_type":0,"pid":152,"ratio":"150.0000","price":"6.0000","last_futures_price":"0.0000","last_sync_ratio":"0.0000","last_sync_time":0,"status":1,"is_del":1,"level":3,"add_time":1745776605,"up_time":1745776605,"pid_str":"105,107,152","pid2":0,"pid2_str":"","ratio2":"0.0000","pid3":0,"pid3_str":"","ratio3":"0.0000","end_ratio":"0.0000","level2":0,"level3":0},{"id":154,"cate_label_id":3,"name":"\u94dd\u7ede\u7ebf\u6750\u6599\u94dd","cate_type":0,"pid":150,"ratio":"105.0000","price":"24.1500","last_futures_price":"0.0000","last_sync_ratio":"0.0000","last_sync_time":0,"status":1,"is_del":1,"level":2,"add_time":1745776845,"up_time":1745776845,"pid_str":"51,150","pid2":0,"pid2_str":"","ratio2":"0.0000","pid3":0,"pid3_str":"","ratio3":"0.0000","end_ratio":"0.0000","level2":0,"level3":0},{"id":155,"cate_label_id":3,"name":"\u94dd\u5408\u91d1\u7ede\u7ebf\u94dd","cate_type":0,"pid":154,"ratio":"105.0000","price":"25.3500","last_futures_price":"0.0000","last_sync_ratio":"0.0000","last_sync_time":0,"status":1,"is_del":1,"level":3,"add_time":1745776872,"up_time":1745776872,"pid_str":"51,150,154","pid2":0,"pid2_str":"","ratio2":"0.0000","pid3":0,"pid3_str":"","ratio3":"0.0000","end_ratio":"0.0000","level2":1,"level3":1},{"id":156,"cate_label_id":3,"name":"\u67b6\u7a7a\u7535\u7f06\u786c\u94dc","cate_type":0,"pid":5,"ratio":"100.0000","price":"94.7000","last_futures_price":"0.0000","last_sync_ratio":"0.0000","last_sync_time":0,"status":1,"is_del":1,"level":1,"add_time":1745777117,"up_time":1745777117,"pid_str":"5","pid2":0,"pid2_str":"","ratio2":"0.0000","pid3":0,"pid3_str":"","ratio3":"0.0000","end_ratio":"0.0000","level2":0,"level3":0},{"id":157,"cate_label_id":3,"name":"\u67b6\u7a7a\u7535\u7f06\u8f6f\u94dc","cate_type":0,"pid":96,"ratio":"100.0000","price":"98.4800","last_futures_price":"0.0000","last_sync_ratio":"0.0000","last_sync_time":0,"status":1,"is_del":1,"level":2,"add_time":1745777136,"up_time":1745777136,"pid_str":"5,96","pid2":0,"pid2_str":"","ratio2":"0.0000","pid3":0,"pid3_str":"","ratio3":"0.0000","end_ratio":"0.0000","level2":0,"level3":0},{"id":158,"cate_label_id":30,"name":"\u7f16\u7ec7\u7528\u9540\u9521\u94a2\u4e1d","cate_type":0,"pid":105,"ratio":"150.0000","price":"6.3000","last_futures_price":"0.0000","last_sync_ratio":"0.0000","last_sync_time":0,"status":1,"is_del":1,"level":1,"add_time":1753483344,"up_time":1753483344,"pid_str":"105","pid2":0,"pid2_str":"","ratio2":"0.0000","pid3":0,"pid3_str":"","ratio3":"0.0000","end_ratio":"100.0000","level2":0,"level3":0},{"id":161,"cate_label_id":159,"name":"\u6caa\u94dd","cate_type":0,"pid":0,"ratio":"0.0000","price":"24640.0000","last_futures_price":"0.0000","last_sync_ratio":"0.0000","last_sync_time":0,"status":1,"is_del":1,"level":0,"add_time":1775158584,"up_time":1775158584,"pid_str":"","pid2":0,"pid2_str":"","ratio2":"0.0000","pid3":0,"pid3_str":"","ratio3":"0.0000","end_ratio":"0.0000","level2":0,"level3":0},{"id":162,"cate_label_id":159,"name":"\u6caa\u954d","cate_type":0,"pid":0,"ratio":"0.0000","price":"145650.0000","last_futures_price":"0.0000","last_sync_ratio":"0.0000","last_sync_time":0,"status":1,"is_del":1,"level":0,"add_time":1775158650,"up_time":1775158650,"pid_str":"","pid2":0,"pid2_str":"","ratio2":"0.0000","pid3":0,"pid3_str":"","ratio3":"0.0000","end_ratio":"0.0000","level2":0,"level3":0},{"id":163,"cate_label_id":159,"name":"\u6caa\u9521","cate_type":0,"pid":0,"ratio":"0.0000","price":"437040.0000","last_futures_price":"0.0000","last_sync_ratio":"0.0000","last_sync_time":0,"status":1,"is_del":1,"level":0,"add_time":1775158678,"up_time":1775158678,"pid_str":"","pid2":0,"pid2_str":"","ratio2":"0.0000","pid3":0,"pid3_str":"","ratio3":"0.0000","end_ratio":"0.0000","level2":0,"level3":0},{"id":164,"cate_label_id":159,"name":"\u6caa\u950c","cate_type":0,"pid":0,"ratio":"0.0000","price":"24640.0000","last_futures_price":"0.0000","last_sync_ratio":"0.0000","last_sync_time":0,"status":1,"is_del":1,"level":0,"add_time":1775158807,"up_time":1775158807,"pid_str":"","pid2":0,"pid2_str":"","ratio2":"0.0000","pid3":0,"pid3_str":"","ratio3":"0.0000","end_ratio":"0.0000","level2":0,"level3":0},{"id":165,"cate_label_id":159,"name":"\u4e0d\u9508\u94a2","cate_type":0,"pid":0,"ratio":"0.0000","price":"15065.0000","last_futures_price":"0.0000","last_sync_ratio":"0.0000","last_sync_time":0,"status":1,"is_del":1,"level":0,"add_time":1775158827,"up_time":1775158827,"pid_str":"","pid2":0,"pid2_str":"","ratio2":"0.0000","pid3":0,"pid3_str":"","ratio3":"0.0000","end_ratio":"0.0000","level2":0,"level3":0},{"id":166,"cate_label_id":159,"name":"\u6caa\u94f6","cate_type":0,"pid":0,"ratio":"0.0000","price":"20964.0000","last_futures_price":"0.0000","last_sync_ratio":"0.0000","last_sync_time":0,"status":1,"is_del":1,"level":0,"add_time":1775158945,"up_time":1775158945,"pid_str":"","pid2":0,"pid2_str":"","ratio2":"0.0000","pid3":0,"pid3_str":"","ratio3":"0.0000","end_ratio":"0.0000","level2":0,"level3":0},{"id":167,"cate_label_id":159,"name":"\u6caa\u91d1","cate_type":0,"pid":0,"ratio":"0.0000","price":"1027.1000","last_futures_price":"0.0000","last_sync_ratio":"0.0000","last_sync_time":0,"status":1,"is_del":1,"level":0,"add_time":1775159038,"up_time":1775159038,"pid_str":"","pid2":0,"pid2_str":"","ratio2":"0.0000","pid3":0,"pid3_str":"","ratio3":"0.0000","end_ratio":"0.0000","level2":0,"level3":0},{"id":168,"cate_label_id":159,"name":"\u7845\u94c1","cate_type":0,"pid":0,"ratio":"0.0000","price":"5762.0000","last_futures_price":"0.0000","last_sync_ratio":"0.0000","last_sync_time":0,"status":1,"is_del":1,"level":0,"add_time":1775159058,"up_time":1775159058,"pid_str":"","pid2":0,"pid2_str":"","ratio2":"0.0000","pid3":0,"pid3_str":"","ratio3":"0.0000","end_ratio":"0.0000","level2":0,"level3":0},{"id":169,"cate_label_id":159,"name":"\u94c1\u77ff\u77f3","cate_type":0,"pid":0,"ratio":"0.0000","price":"815.5000","last_futures_price":"0.0000","last_sync_ratio":"0.0000","last_sync_time":0,"status":1,"is_del":1,"level":0,"add_time":1775159155,"up_time":1775159155,"pid_str":"","pid2":0,"pid2_str":"","ratio2":"0.0000","pid3":0,"pid3_str":"","ratio3":"0.0000","end_ratio":"0.0000","level2":0,"level3":0},{"id":170,"cate_label_id":159,"name":"\u87ba\u7eb9\u94a2","cate_type":0,"pid":0,"ratio":"0.0000","price":"3249.0000","last_futures_price":"0.0000","last_sync_ratio":"0.0000","last_sync_time":0,"status":1,"is_del":1,"level":0,"add_time":1775159188,"up_time":1775159188,"pid_str":"","pid2":0,"pid2_str":"","ratio2":"0.0000","pid3":0,"pid3_str":"","ratio3":"0.0000","end_ratio":"0.0000","level2":0,"level3":0},{"id":171,"cate_label_id":159,"name":"\u70ed\u5377","cate_type":0,"pid":0,"ratio":"0.0000","price":"3468.0000","last_futures_price":"0.0000","last_sync_ratio":"0.0000","last_sync_time":0,"status":1,"is_del":1,"level":0,"add_time":1775159363,"up_time":1775159363,"pid_str":"","pid2":0,"pid2_str":"","ratio2":"0.0000","pid3":0,"pid3_str":"","ratio3":"0.0000","end_ratio":"0.0000","level2":0,"level3":0},{"id":172,"cate_label_id":159,"name":"\u9530\u7845","cate_type":0,"pid":0,"ratio":"0.0000","price":"5878.0000","last_futures_price":"0.0000","last_sync_ratio":"0.0000","last_sync_time":0,"status":1,"is_del":1,"level":0,"add_time":1775159401,"up_time":1775159401,"pid_str":"","pid2":0,"pid2_str":"","ratio2":"0.0000","pid3":0,"pid3_str":"","ratio3":"0.0000","end_ratio":"0.0000","level2":0,"level3":0},{"id":173,"cate_label_id":159,"name":"\u94c2\u91d1","cate_type":0,"pid":0,"ratio":"0.0000","price":"2141.4000","last_futures_price":"0.0000","last_sync_ratio":"0.0000","last_sync_time":0,"status":1,"is_del":1,"level":0,"add_time":1775159416,"up_time":1775159416,"pid_str":"","pid2":0,"pid2_str":"","ratio2":"0.0000","pid3":0,"pid3_str":"","ratio3":"0.0000","end_ratio":"0.0000","level2":0,"level3":0},{"id":174,"cate_label_id":159,"name":"\u94af\u91d1","cate_type":0,"pid":0,"ratio":"0.0000","price":"1508.0000","last_futures_price":"0.0000","last_sync_ratio":"0.0000","last_sync_time":0,"status":1,"is_del":1,"level":0,"add_time":1775159431,"up_time":1775159431,"pid_str":"","pid2":0,"pid2_str":"","ratio2":"0.0000","pid3":0,"pid3_str":"","ratio3":"0.0000","end_ratio":"0.0000","level2":0,"level3":0},{"id":175,"cate_label_id":159,"name":"\u5de5\u4e1a\u7845","cate_type":0,"pid":0,"ratio":"0.0000","price":"8795.0000","last_futures_price":"0.0000","last_sync_ratio":"0.0000","last_sync_time":0,"status":1,"is_del":1,"level":0,"add_time":1775159442,"up_time":1775159442,"pid_str":"","pid2":0,"pid2_str":"","ratio2":"0.0000","pid3":0,"pid3_str":"","ratio3":"0.0000","end_ratio":"0.0000","level2":0,"level3":0},{"id":176,"cate_label_id":159,"name":"\u94dd\u5408\u91d1","cate_type":0,"pid":0,"ratio":"0.0000","price":"23255.0000","last_futures_price":"0.0000","last_sync_ratio":"0.0000","last_sync_time":0,"status":1,"is_del":1,"level":0,"add_time":1775159467,"up_time":1775159467,"pid_str":"","pid2":0,"pid2_str":"","ratio2":"0.0000","pid3":0,"pid3_str":"","ratio3":"0.0000","end_ratio":"0.0000","level2":0,"level3":0},{"id":177,"cate_label_id":159,"name":"\u6c27\u5316\u94dd","cate_type":0,"pid":0,"ratio":"0.0000","price":"2776.0000","last_futures_price":"0.0000","last_sync_ratio":"0.0000","last_sync_time":0,"status":1,"is_del":1,"level":0,"add_time":1775159483,"up_time":1775159483,"pid_str":"","pid2":0,"pid2_str":"","ratio2":"0.0000","pid3":0,"pid3_str":"","ratio3":"0.0000","end_ratio":"0.0000","level2":0,"level3":0},{"id":178,"cate_label_id":159,"name":"\u7ebf\u6750","cate_type":0,"pid":0,"ratio":"0.0000","price":"3395.0000","last_futures_price":"0.0000","last_sync_ratio":"0.0000","last_sync_time":0,"status":1,"is_del":1,"level":0,"add_time":1775159497,"up_time":1775159497,"pid_str":"","pid2":0,"pid2_str":"","ratio2":"0.0000","pid3":0,"pid3_str":"","ratio3":"0.0000","end_ratio":"0.0000","level2":0,"level3":0},{"id":179,"cate_label_id":159,"name":"\u73bb\u7483","cate_type":0,"pid":0,"ratio":"0.0000","price":"1068.0000","last_futures_price":"0.0000","last_sync_ratio":"0.0000","last_sync_time":0,"status":1,"is_del":1,"level":0,"add_time":1775159539,"up_time":1775159539,"pid_str":"","pid2":0,"pid2_str":"","ratio2":"0.0000","pid3":0,"pid3_str":"","ratio3":"0.0000","end_ratio":"0.0000","level2":0,"level3":0},{"id":180,"cate_label_id":159,"name":"\u91d1\u5c5e\u94ec","cate_type":0,"pid":0,"ratio":"0.0000","price":"91.5000","last_futures_price":"0.0000","last_sync_ratio":"0.0000","last_sync_time":0,"status":1,"is_del":1,"level":0,"add_time":1775159558,"up_time":1775159558,"pid_str":"","pid2":0,"pid2_str":"","ratio2":"0.0000","pid3":0,"pid3_str":"","ratio3":"0.0000","end_ratio":"0.0000","level2":0,"level3":0},{"id":181,"cate_label_id":159,"name":"\u77f3\u58a8\u70ef","cate_type":0,"pid":0,"ratio":"0.0000","price":"555.0000","last_futures_price":"0.0000","last_sync_ratio":"0.0000","last_sync_time":0,"status":1,"is_del":1,"level":0,"add_time":1775159576,"up_time":1775159576,"pid_str":"","pid2":0,"pid2_str":"","ratio2":"0.0000","pid3":0,"pid3_str":"","ratio3":"0.0000","end_ratio":"0.0000","level2":0,"level3":0},{"id":182,"cate_label_id":159,"name":"\u91d1\u5c5e\u94b4","cate_type":0,"pid":0,"ratio":"0.0000","price":"989.0000","last_futures_price":"0.0000","last_sync_ratio":"0.0000","last_sync_time":0,"status":1,"is_del":1,"level":0,"add_time":1775159588,"up_time":1775159588,"pid_str":"","pid2":0,"pid2_str":"","ratio2":"0.0000","pid3":0,"pid3_str":"","ratio3":"0.0000","end_ratio":"0.0000","level2":0,"level3":0},{"id":183,"cate_label_id":159,"name":"\u5f85\u5b9a","cate_type":0,"pid":0,"ratio":"0.0000","price":"91.5000","last_futures_price":"0.0000","last_sync_ratio":"0.0000","last_sync_time":0,"status":1,"is_del":1,"level":0,"add_time":1775160000,"up_time":1775160000,"pid_str":"","pid2":0,"pid2_str":"","ratio2":"0.0000","pid3":0,"pid3_str":"","ratio3":"0.0000","end_ratio":"0.0000","level2":0,"level3":0},{"id":185,"cate_label_id":184,"name":"\u57fa\u7840\u94dc\u4ef7","cate_type":0,"pid":0,"ratio":"0.0000","price":"96.5000","last_futures_price":"0.0000","last_sync_ratio":"0.0000","last_sync_time":0,"status":1,"is_del":1,"level":1,"add_time":1775216239,"up_time":1775216239,"pid_str":"","pid2":0,"pid2_str":"","ratio2":"0.0000","pid3":0,"pid3_str":"","ratio3":"0.0000","end_ratio":"0.0000","level2":1,"level3":1},{"id":186,"cate_label_id":184,"name":"\u57fa\u7840\u94dd\u4ef7","cate_type":0,"pid":0,"ratio":"0.0000","price":"24.0000","last_futures_price":"0.0000","last_sync_ratio":"0.0000","last_sync_time":0,"status":1,"is_del":1,"level":1,"add_time":1775216251,"up_time":1775216251,"pid_str":"","pid2":0,"pid2_str":"","ratio2":"0.0000","pid3":0,"pid3_str":"","ratio3":"0.0000","end_ratio":"0.0000","level2":1,"level3":1},{"id":187,"cate_label_id":184,"name":"\u57fa\u7840\u94a2\u4ef7","cate_type":0,"pid":0,"ratio":"0.0000","price":"4.5000","last_futures_price":"0.0000","last_sync_ratio":"0.0000","last_sync_time":0,"status":1,"is_del":1,"level":0,"add_time":1775216277,"up_time":1775216277,"pid_str":"","pid2":0,"pid2_str":"","ratio2":"0.0000","pid3":0,"pid3_str":"","ratio3":"0.0000","end_ratio":"0.0000","level2":0,"level3":0},{"id":188,"cate_label_id":184,"name":"\u57fa\u7840\u954d\u4ef7","cate_type":0,"pid":0,"ratio":"0.0000","price":"135.0000","last_futures_price":"0.0000","last_sync_ratio":"0.0000","last_sync_time":0,"status":1,"is_del":1,"level":1,"add_time":1775216322,"up_time":1775216322,"pid_str":"","pid2":0,"pid2_str":"","ratio2":"0.0000","pid3":0,"pid3_str":"","ratio3":"0.0000","end_ratio":"0.0000","level2":1,"level3":1},{"id":189,"cate_label_id":159,"name":"\u5907\u75281","cate_type":0,"pid":0,"ratio":"0.0000","price":"1.0000","last_futures_price":"0.0000","last_sync_ratio":"0.0000","last_sync_time":0,"status":1,"is_del":1,"level":1,"add_time":1778617483,"up_time":1778617483,"pid_str":"","pid2":0,"pid2_str":"","ratio2":"0.0000","pid3":0,"pid3_str":"","ratio3":"0.0000","end_ratio":"0.0000","level2":1,"level3":1},{"id":190,"cate_label_id":159,"name":"\u5907\u75282","cate_type":0,"pid":0,"ratio":"0.0000","price":"2.0000","last_futures_price":"0.0000","last_sync_ratio":"0.0000","last_sync_time":0,"status":1,"is_del":1,"level":1,"add_time":1778617496,"up_time":1778617496,"pid_str":"","pid2":0,"pid2_str":"","ratio2":"0.0000","pid3":0,"pid3_str":"","ratio3":"0.0000","end_ratio":"0.0000","level2":1,"level3":1},{"id":191,"cate_label_id":159,"name":"\u5907\u75283","cate_type":0,"pid":0,"ratio":"0.0000","price":"3.0000","last_futures_price":"0.0000","last_sync_ratio":"0.0000","last_sync_time":0,"status":1,"is_del":1,"level":1,"add_time":1778617507,"up_time":1778617507,"pid_str":"","pid2":0,"pid2_str":"","ratio2":"0.0000","pid3":0,"pid3_str":"","ratio3":"0.0000","end_ratio":"0.0000","level2":1,"level3":1},{"id":192,"cate_label_id":159,"name":"\u5907\u75284","cate_type":0,"pid":0,"ratio":"0.0000","price":"4.0000","last_futures_price":"0.0000","last_sync_ratio":"0.0000","last_sync_time":0,"status":1,"is_del":1,"level":1,"add_time":1778617516,"up_time":1778617516,"pid_str":"","pid2":0,"pid2_str":"","ratio2":"0.0000","pid3":0,"pid3_str":"","ratio3":"0.0000","end_ratio":"0.0000","level2":1,"level3":1},{"id":193,"cate_label_id":159,"name":"\u5907\u75285","cate_type":0,"pid":0,"ratio":"0.0000","price":"5.0000","last_futures_price":"0.0000","last_sync_ratio":"0.0000","last_sync_time":0,"status":1,"is_del":1,"level":1,"add_time":1778617527,"up_time":1778617527,"pid_str":"","pid2":0,"pid2_str":"","ratio2":"0.0000","pid3":0,"pid3_str":"","ratio3":"0.0000","end_ratio":"0.0000","level2":1,"level3":1},{"id":194,"cate_label_id":159,"name":"\u5907\u75286","cate_type":0,"pid":0,"ratio":"0.0000","price":"6.0000","last_futures_price":"0.0000","last_sync_ratio":"0.0000","last_sync_time":0,"status":1,"is_del":1,"level":1,"add_time":1778617537,"up_time":1778617537,"pid_str":"","pid2":0,"pid2_str":"","ratio2":"0.0000","pid3":0,"pid3_str":"","ratio3":"0.0000","end_ratio":"0.0000","level2":1,"level3":1},{"id":195,"cate_label_id":159,"name":"1KV-\u786c\u94dc\u5149\u4eae","cate_type":0,"pid":160,"ratio":"0.1000","price":"107.7200","last_futures_price":"0.0000","last_sync_ratio":"0.0000","last_sync_time":0,"status":1,"is_del":1,"level":1,"add_time":1778617649,"up_time":1778617649,"pid_str":"160","pid2":0,"pid2_str":"","ratio2":"0.0000","pid3":0,"pid3_str":"","ratio3":"0.0000","end_ratio":"0.0000","level2":0,"level3":0},{"id":196,"cate_label_id":159,"name":"1KV-\u786c\u94dc\u9540\u9521","cate_type":0,"pid":160,"ratio":"0.1000","price":"117.5900","last_futures_price":"0.0000","last_sync_ratio":"0.0000","last_sync_time":0,"status":1,"is_del":1,"level":1,"add_time":1778617780,"up_time":1778617780,"pid_str":"160","pid2":163,"pid2_str":"","ratio2":"0.0000","pid3":0,"pid3_str":"","ratio3":"0.0000","end_ratio":"105.0000","level2":1,"level3":0},{"id":197,"cate_label_id":159,"name":"1KV-\u8f6f\u94dc\u5149\u4eae","cate_type":0,"pid":160,"ratio":"0.1000","price":"112.0300","last_futures_price":"0.0000","last_sync_ratio":"0.0000","last_sync_time":0,"status":1,"is_del":1,"level":1,"add_time":1778617868,"up_time":1778617868,"pid_str":"160","pid2":0,"pid2_str":"","ratio2":"0.0000","pid3":0,"pid3_str":"","ratio3":"0.0000","end_ratio":"0.0000","level2":0,"level3":0},{"id":198,"cate_label_id":159,"name":"1KV-\u8f6f\u94dc\u9540\u9521","cate_type":0,"pid":160,"ratio":"0.1000","price":"125.4900","last_futures_price":"0.0000","last_sync_ratio":"0.0000","last_sync_time":0,"status":1,"is_del":1,"level":1,"add_time":1778617909,"up_time":1778617909,"pid_str":"160","pid2":163,"pid2_str":"","ratio2":"0.0000","pid3":0,"pid3_str":"","ratio3":"0.0000","end_ratio":"105.0000","level2":1,"level3":0},{"id":199,"cate_label_id":159,"name":"1KV-\u7535\u5de5\u94dd","cate_type":0,"pid":161,"ratio":"100.0000","price":"24640.0000","last_futures_price":"0.0000","last_sync_ratio":"0.0000","last_sync_time":0,"status":1,"is_del":1,"level":1,"add_time":1778617999,"up_time":1778617999,"pid_str":"161","pid2":0,"pid2_str":"","ratio2":"100.0000","pid3":0,"pid3_str":"","ratio3":"0.0000","end_ratio":"0.0000","level2":0,"level3":0},{"id":200,"cate_label_id":4,"name":"\u6d4b\u8bd5\u7ea2\u8272\u5bfc\u4f53","cate_type":0,"pid":94,"ratio":"100.0000","price":"48.5600","last_futures_price":"0.0000","last_sync_ratio":"0.0000","last_sync_time":0,"status":1,"is_del":1,"level":1,"add_time":1779615141,"up_time":1779615141,"pid_str":"94","pid2":95,"pid2_str":"","ratio2":"20.0000","pid3":0,"pid3_str":"","ratio3":"0.0000","end_ratio":"0.0000","level2":2,"level3":1},{"id":201,"cate_label_id":4,"name":"\u7ea2\u8272\u6807\u9898\u6d4b\u8bd51","cate_type":0,"pid":94,"ratio":"100.0000","price":"45.2400","last_futures_price":"0.0000","last_sync_ratio":"0.0000","last_sync_time":0,"status":1,"is_del":1,"level":1,"add_time":1779615737,"up_time":1779615737,"pid_str":"94","pid2":97,"pid2_str":"","ratio2":"30.0000","pid3":0,"pid3_str":"","ratio3":"0.0000","end_ratio":"0.0000","level2":2,"level3":1},{"id":204,"cate_label_id":203,"name":"\u6d4b\u8bd5","cate_type":0,"pid":5,"ratio":"100.0000","price":"132.7000","last_futures_price":"0.0000","last_sync_ratio":"0.0000","last_sync_time":0,"status":1,"is_del":1,"level":1,"add_time":1779766798,"up_time":1779766798,"pid_str":"5","pid2":94,"pid2_str":"","ratio2":"100.0000","pid3":0,"pid3_str":"","ratio3":"100.0000","end_ratio":"0.0000","level2":1,"level3":1},{"id":205,"cate_label_id":202,"name":"\u6d4b\u8bd51","cate_type":0,"pid":27,"ratio":"100.0000","price":"16.2000","last_futures_price":"0.0000","last_sync_ratio":"0.0000","last_sync_time":0,"status":1,"is_del":1,"level":1,"add_time":1779766824,"up_time":1779766824,"pid_str":"27","pid2":105,"pid2_str":"","ratio2":"100.0000","pid3":0,"pid3_str":"","ratio3":"100.0000","end_ratio":"0.0000","level2":1,"level3":1},{"id":206,"cate_label_id":202,"name":"\u6d4b\u8bd5\u7ea2\u8272","cate_type":0,"pid":5,"ratio":"100.0000","price":"307.4003","last_futures_price":"0.0000","last_sync_ratio":"0.0000","last_sync_time":0,"status":1,"is_del":1,"level":1,"add_time":1779767533,"up_time":1779767533,"pid_str":"5","pid2":204,"pid2_str":"","ratio2":"100.0000","pid3":0,"pid3_str":"","ratio3":"100.0000","end_ratio":"80.0003","level2":2,"level3":0}],"has_auto_sync":1,"sync_config_id":1}}

[ 2026-05-31T23:30:44+08:00 ] ::1 /Home/PriceSync/index
INFO: [ app_init ] --START--
INFO: Run Behavior\BuildLiteBehavior [ RunTime:0.000014s ]
INFO: [ app_init ] --END-- [ RunTime:0.000155s ]
INFO: [ app_begin ] --START--
INFO: Run Behavior\ReadHtmlCacheBehavior [ RunTime:0.000072s ]
INFO: [ app_begin ] --END-- [ RunTime:0.000104s ]
INFO: [ view_parse ] --START--
INFO: [ template_filter ] --START--
INFO: Run Behavior\ContentReplaceBehavior [ RunTime:0.000126s ]
INFO: [ template_filter ] --END-- [ RunTime:0.000176s ]
INFO: Run Behavior\ParseTemplateBehavior [ RunTime:0.010592s ]
INFO: [ view_parse ] --END-- [ RunTime:0.010671s ]
INFO: [ view_filter ] --START--
INFO: Run Behavior\WriteHtmlCacheBehavior [ RunTime:0.000155s ]
INFO: [ view_filter ] --END-- [ RunTime:0.000167s ]
INFO: [ app_end ] --START--
INFO: Run Behavior\ShowPageTraceBehavior [ RunTime:0.000070s ]
INFO: [ app_end ] --END-- [ RunTime:0.000082s ]

[ 2026-05-31T23:30:45+08:00 ] ::1 /Home/PriceSync/getQuotes.html
INFO: [ app_init ] --START--
INFO: Run Behavior\BuildLiteBehavior [ RunTime:0.000003s ]
INFO: [ app_init ] --END-- [ RunTime:0.000029s ]
INFO: [ app_begin ] --START--
INFO: Run Behavior\ReadHtmlCacheBehavior [ RunTime:0.000016s ]
INFO: [ app_begin ] --END-- [ RunTime:0.000025s ]
ERR: {"status":1,"msg":"\u83b7\u53d6\u6210\u529f","data":[{"p":14520,"name":"\u4e01\u4e8c\u70ef\u80f6\u4e3b\u8fde","dm":"brm","zde":80,"zdf":0.55,"zjsj":14440},{"p":14795,"name":"\u4e0d\u9508\u94a2\u4e3b\u8fde","dm":"ssm","zde":-110,"zdf":-0.74,"zjsj":14905},{"p":142960,"name":"\u6caa\u954d\u4e3b\u8fde","dm":"nim","zde":-1160,"zdf":-0.8,"zjsj":144120},{"p":2888,"name":"\u6c27\u5316\u94dd\u4e3b\u8fde","dm":"aom","zde":0,"zdf":0,"zjsj":2888},{"p":3164,"name":"\u87ba\u7eb9\u94a2\u4e3b\u8fde","dm":"rbm","zde":7,"zdf":0.22,"zjsj":3157},{"p":104430,"name":"\u6caa\u94dc\u4e3b\u8fde","dm":"cum","zde":-410,"zdf":-0.39,"zjsj":104840},{"p":24265,"name":"\u6caa\u94dd\u4e3b\u8fde","dm":"alm","zde":-75,"zdf":-0.31,"zjsj":24340},{"p":3786,"name":"\u71c3\u6cb9\u4e3b\u8fde","dm":"fum","zde":-7,"zdf":-0.18,"zjsj":3793},{"p":425310,"name":"\u6caa\u9521\u4e3b\u8fde","dm":"snm","zde":-1140,"zdf":-0.27,"zjsj":426450},{"p":24665,"name":"\u6caa\u950c\u4e3b\u8fde","dm":"znm","zde":-215,"zdf":-0.86,"zjsj":24880},{"p":4880,"name":"\u7eb8\u6d46\u4e3b\u8fde","dm":"spm","zde":-58,"zdf":-1.17,"zjsj":4938},{"p":18323,"name":"\u6caa\u94f6\u4e3b\u8fde","dm":"agm","zde":117,"zdf":0.64,"zjsj":18206},{"p":3364,"name":"\u7ebf\u6750\u4e3b\u8fde","dm":"wrm","zde":8,"zdf":0.24,"zjsj":3356},{"p":17890,"name":"\u6a61\u80f6\u4e3b\u8fde","dm":"rum","zde":85,"zdf":0.48,"zjsj":17805},{"p":4175,"name":"\u6ca5\u9752\u4e3b\u8fde","dm":"bum","zde":-3,"zdf":-0.07,"zjsj":4178},{"p":3385,"name":"\u70ed\u5377\u4e3b\u8fde","dm":"hcm","zde":7,"zdf":0.21,"zjsj":3378},{"p":16540,"name":"\u6caa\u94c5\u4e3b\u8fde","dm":"pbm","zde":-10,"zdf":-0.06,"zjsj":16550},{"p":996.3,"name":"\u6caa\u91d1\u4e3b\u8fde","dm":"aum","zde":15.8,"zdf":1.61,"zjsj":980.5},{"p":4002,"name":"\u80f6\u7248\u7eb8\u4e3b\u8fde","dm":"opm","zde":-6,"zdf":-0.15,"zjsj":4008},{"p":22865,"name":"\u94f8\u9020\u94dd\u4e3b\u8fde","dm":"adm","zde":-60,"zdf":-0.26,"zjsj":22925}]}

[ 2026-05-31T23:30:45+08:00 ] ::1 /Home/PriceSync/getConfigList.html
INFO: [ app_init ] --START--
INFO: Run Behavior\BuildLiteBehavior [ RunTime:0.000008s ]
INFO: [ app_init ] --END-- [ RunTime:0.000072s ]
INFO: [ app_begin ] --START--
INFO: Run Behavior\ReadHtmlCacheBehavior [ RunTime:0.000046s ]
INFO: [ app_begin ] --END-- [ RunTime:0.000085s ]
SQL: SHOW COLUMNS FROM `price_sync_config` [ RunTime:0.0127s ]
SQL: SELECT * FROM `price_sync_config` WHERE `status` = 1 ORDER BY id asc  [ RunTime:0.0024s ]
SQL: SHOW COLUMNS FROM `new_label` [ RunTime:0.0063s ]
SQL: SELECT `price` FROM `new_label` WHERE `id` = 160 LIMIT 1   [ RunTime:0.0021s ]
ERR: {"status":1,"msg":"\u83b7\u53d6\u6210\u529f","data":[{"id":1,"futures_code":"cum","futures_name":"\u6caa\u94dc\u4e3b\u8fde","exchange":"shfe","new_label_id":160,"label_name":"\u6caa\u94dc","ratio":"100.0000","auto_sync":1,"status":1,"add_time":1780239338,"up_time":1780240685,"current_price":"104430.0000"}]}

[ 2026-05-31T23:30:45+08:00 ] ::1 /Home/PriceSync/getMaterials.html
INFO: [ app_init ] --START--
INFO: Run Behavior\BuildLiteBehavior [ RunTime:0.000004s ]
INFO: [ app_init ] --END-- [ RunTime:0.000046s ]
INFO: [ app_begin ] --START--
INFO: Run Behavior\ReadHtmlCacheBehavior [ RunTime:0.000025s ]
INFO: [ app_begin ] --END-- [ RunTime:0.000054s ]
SQL: SHOW COLUMNS FROM `new_label` [ RunTime:0.0070s ]
SQL: SELECT `id`,`name` FROM `new_label` WHERE `cate_label_id` = 0 AND `cate_type` = 0  [ RunTime:0.0023s ]
SQL: SELECT * FROM `new_label` WHERE `cate_label_id` IN (3,4,26,30,133,159,184) AND `pid` = 0 ORDER BY cate_label_id asc, id asc  [ RunTime:0.0032s ]
ERR: {"status":1,"msg":"\u83b7\u53d6\u6210\u529f","data":[{"id":5,"cate_label_id":3,"name":"\u73b0\u8d27\u94dc\u4ef7\u57fa\u7840\u503c","cate_type":0,"pid":0,"ratio":"100.0000","price":"94.7000","last_futures_price":"0.0000","last_sync_ratio":"0.0000","last_sync_time":0,"status":1,"is_del":1,"level":0,"add_time":1731588218,"up_time":1731678051,"pid_str":"","pid2":0,"pid2_str":"","ratio2":"100.0000","pid3":0,"pid3_str":"","ratio3":"100.0000","end_ratio":"0.0000","level2":0,"level3":0,"cat_name":"\u5bfc\u4f53\u6750\u6599\u4ef7\u683c"},{"id":51,"cate_label_id":3,"name":"\u73b0\u8d27\u94dd\u4ef7\u57fa\u7840\u503c","cate_type":0,"pid":0,"ratio":"100.0000","price":"23.0000","last_futures_price":"0.0000","last_sync_ratio":"0.0000","last_sync_time":0,"status":1,"is_del":1,"level":0,"add_time":1731682407,"up_time":1731682407,"pid_str":"","pid2":0,"pid2_str":"","ratio2":"100.0000","pid3":0,"pid3_str":"","ratio3":"100.0000","end_ratio":"0.0000","level2":0,"level3":0,"cat_name":"\u5bfc\u4f53\u6750\u6599\u4ef7\u683c"},{"id":99,"cate_label_id":3,"name":"\u67b6\u7a7a\u5bfc\u7ebf\u94a2\u4e1d\u4ef7","cate_type":0,"pid":0,"ratio":"0.0000","price":"5.0000","last_futures_price":"0.0000","last_sync_ratio":"0.0000","last_sync_time":0,"status":1,"is_del":1,"level":1,"add_time":1735382759,"up_time":1735382759,"pid_str":"","pid2":0,"pid2_str":"","ratio2":"100.0000","pid3":0,"pid3_str":"","ratio3":"100.0000","end_ratio":"0.0000","level2":1,"level3":1,"cat_name":"\u5bfc\u4f53\u6750\u6599\u4ef7\u683c"},{"id":94,"cate_label_id":4,"name":"\u9ed1\u4e91\u6bcd\u5e26","cate_type":0,"pid":0,"ratio":"0.0000","price":"38.0000","last_futures_price":"0.0000","last_sync_ratio":"0.0000","last_sync_time":0,"status":1,"is_del":1,"level":0,"add_time":1735321887,"up_time":1735321887,"pid_str":"","pid2":0,"pid2_str":"","ratio2":"100.0000","pid3":0,"pid3_str":"","ratio3":"100.0000","end_ratio":"0.0000","level2":0,"level3":0,"cat_name":"\u4e91\u6bcd\u6750\u6599\u4ef7\u683c"},{"id":27,"cate_label_id":26,"name":"\u4ea4\u8054\u805a\u4e59\u70ef\u4ef7\u683c","cate_type":0,"pid":0,"ratio":"0.0000","price":"12.0000","last_futures_price":"0.0000","last_sync_ratio":"0.0000","last_sync_time":0,"status":1,"is_del":1,"level":0,"add_time":1731673353,"up_time":1731673353,"pid_str":"","pid2":0,"pid2_str":"","ratio2":"100.0000","pid3":0,"pid3_str":"","ratio3":"100.0000","end_ratio":"0.0000","level2":0,"level3":0,"cat_name":"\u7edd\u7f18\u6750\u6599\u4ef7\u683c"},{"id":74,"cate_label_id":26,"name":"PVC\u805a\u6c2f\u4e59\u70ef\u4ef7","cate_type":0,"pid":0,"ratio":"100.0000","price":"7.5000","last_futures_price":"0.0000","last_sync_ratio":"0.0000","last_sync_time":0,"status":1,"is_del":1,"level":0,"add_time":1734582414,"up_time":1734582414,"pid_str":"","pid2":0,"pid2_str":"","ratio2":"100.0000","pid3":0,"pid3_str":"","ratio3":"100.0000","end_ratio":"0.0000","level2":0,"level3":0,"cat_name":"\u7edd\u7f18\u6750\u6599\u4ef7\u683c"},{"id":105,"cate_label_id":30,"name":"\u94a2\u5e26\u4ef7\u683c","cate_type":0,"pid":0,"ratio":"0.0000","price":"4.2000","last_futures_price":"0.0000","last_sync_ratio":"0.0000","last_sync_time":0,"status":1,"is_del":1,"level":0,"add_time":1735400959,"up_time":1735400959,"pid_str":"","pid2":0,"pid2_str":"","ratio2":"100.0000","pid3":0,"pid3_str":"","ratio3":"100.0000","end_ratio":"0.0000","level2":0,"level3":0,"cat_name":"\u91d1\u5c5e\u94e0\u88c5\u6750\u6599"},{"id":134,"cate_label_id":133,"name":"XH-03A-\u77ff\u7528\u62a4\u5957","cate_type":0,"pid":0,"ratio":"0.0000","price":"8.0000","last_futures_price":"0.0000","last_sync_ratio":"0.0000","last_sync_time":0,"status":1,"is_del":1,"level":0,"add_time":1744771398,"up_time":1744771398,"pid_str":"","pid2":0,"pid2_str":"","ratio2":"0.0000","pid3":0,"pid3_str":"","ratio3":"0.0000","end_ratio":"0.0000","level2":0,"level3":0,"cat_name":"\u6a61\u80f6\u7535\u7f06\u6750\u6599\u4ef7\u683c"},{"id":160,"cate_label_id":159,"name":"\u6caa\u94dc","cate_type":0,"pid":0,"ratio":"0.0000","price":"104430.0000","last_futures_price":"104430.0000","last_sync_ratio":"100.0000","last_sync_time":1780240686,"status":1,"is_del":1,"level":0,"add_time":1772791661,"up_time":1780240686,"pid_str":"","pid2":0,"pid2_str":"","ratio2":"0.0000","pid3":0,"pid3_str":"","ratio3":"0.0000","end_ratio":"0.0000","level2":0,"level3":0,"cat_name":"\u57fa\u7840\u91d1\u5c5e\u5217\u8868"},{"id":161,"cate_label_id":159,"name":"\u6caa\u94dd","cate_type":0,"pid":0,"ratio":"0.0000","price":"24640.0000","last_futures_price":"0.0000","last_sync_ratio":"0.0000","last_sync_time":0,"status":1,"is_del":1,"level":0,"add_time":1775158584,"up_time":1775158584,"pid_str":"","pid2":0,"pid2_str":"","ratio2":"0.0000","pid3":0,"pid3_str":"","ratio3":"0.0000","end_ratio":"0.0000","level2":0,"level3":0,"cat_name":"\u57fa\u7840\u91d1\u5c5e\u5217\u8868"},{"id":162,"cate_label_id":159,"name":"\u6caa\u954d","cate_type":0,"pid":0,"ratio":"0.0000","price":"145650.0000","last_futures_price":"0.0000","last_sync_ratio":"0.0000","last_sync_time":0,"status":1,"is_del":1,"level":0,"add_time":1775158650,"up_time":1775158650,"pid_str":"","pid2":0,"pid2_str":"","ratio2":"0.0000","pid3":0,"pid3_str":"","ratio3":"0.0000","end_ratio":"0.0000","level2":0,"level3":0,"cat_name":"\u57fa\u7840\u91d1\u5c5e\u5217\u8868"},{"id":163,"cate_label_id":159,"name":"\u6caa\u9521","cate_type":0,"pid":0,"ratio":"0.0000","price":"437040.0000","last_futures_price":"0.0000","last_sync_ratio":"0.0000","last_sync_time":0,"status":1,"is_del":1,"level":0,"add_time":1775158678,"up_time":1775158678,"pid_str":"","pid2":0,"pid2_str":"","ratio2":"0.0000","pid3":0,"pid3_str":"","ratio3":"0.0000","end_ratio":"0.0000","level2":0,"level3":0,"cat_name":"\u57fa\u7840\u91d1\u5c5e\u5217\u8868"},{"id":164,"cate_label_id":159,"name":"\u6caa\u950c","cate_type":0,"pid":0,"ratio":"0.0000","price":"24640.0000","last_futures_price":"0.0000","last_sync_ratio":"0.0000","last_sync_time":0,"status":1,"is_del":1,"level":0,"add_time":1775158807,"up_time":1775158807,"pid_str":"","pid2":0,"pid2_str":"","ratio2":"0.0000","pid3":0,"pid3_str":"","ratio3":"0.0000","end_ratio":"0.0000","level2":0,"level3":0,"cat_name":"\u57fa\u7840\u91d1\u5c5e\u5217\u8868"},{"id":165,"cate_label_id":159,"name":"\u4e0d\u9508\u94a2","cate_type":0,"pid":0,"ratio":"0.0000","price":"15065.0000","last_futures_price":"0.0000","last_sync_ratio":"0.0000","last_sync_time":0,"status":1,"is_del":1,"level":0,"add_time":1775158827,"up_time":1775158827,"pid_str":"","pid2":0,"pid2_str":"","ratio2":"0.0000","pid3":0,"pid3_str":"","ratio3":"0.0000","end_ratio":"0.0000","level2":0,"level3":0,"cat_name":"\u57fa\u7840\u91d1\u5c5e\u5217\u8868"},{"id":166,"cate_label_id":159,"name":"\u6caa\u94f6","cate_type":0,"pid":0,"ratio":"0.0000","price":"20964.0000","last_futures_price":"0.0000","last_sync_ratio":"0.0000","last_sync_time":0,"status":1,"is_del":1,"level":0,"add_time":1775158945,"up_time":1775158945,"pid_str":"","pid2":0,"pid2_str":"","ratio2":"0.0000","pid3":0,"pid3_str":"","ratio3":"0.0000","end_ratio":"0.0000","level2":0,"level3":0,"cat_name":"\u57fa\u7840\u91d1\u5c5e\u5217\u8868"},{"id":167,"cate_label_id":159,"name":"\u6caa\u91d1","cate_type":0,"pid":0,"ratio":"0.0000","price":"1027.1000","last_futures_price":"0.0000","last_sync_ratio":"0.0000","last_sync_time":0,"status":1,"is_del":1,"level":0,"add_time":1775159038,"up_time":1775159038,"pid_str":"","pid2":0,"pid2_str":"","ratio2":"0.0000","pid3":0,"pid3_str":"","ratio3":"0.0000","end_ratio":"0.0000","level2":0,"level3":0,"cat_name":"\u57fa\u7840\u91d1\u5c5e\u5217\u8868"},{"id":168,"cate_label_id":159,"name":"\u7845\u94c1","cate_type":0,"pid":0,"ratio":"0.0000","price":"5762.0000","last_futures_price":"0.0000","last_sync_ratio":"0.0000","last_sync_time":0,"status":1,"is_del":1,"level":0,"add_time":1775159058,"up_time":1775159058,"pid_str":"","pid2":0,"pid2_str":"","ratio2":"0.0000","pid3":0,"pid3_str":"","ratio3":"0.0000","end_ratio":"0.0000","level2":0,"level3":0,"cat_name":"\u57fa\u7840\u91d1\u5c5e\u5217\u8868"},{"id":169,"cate_label_id":159,"name":"\u94c1\u77ff\u77f3","cate_type":0,"pid":0,"ratio":"0.0000","price":"815.5000","last_futures_price":"0.0000","last_sync_ratio":"0.0000","last_sync_time":0,"status":1,"is_del":1,"level":0,"add_time":1775159155,"up_time":1775159155,"pid_str":"","pid2":0,"pid2_str":"","ratio2":"0.0000","pid3":0,"pid3_str":"","ratio3":"0.0000","end_ratio":"0.0000","level2":0,"level3":0,"cat_name":"\u57fa\u7840\u91d1\u5c5e\u5217\u8868"},{"id":170,"cate_label_id":159,"name":"\u87ba\u7eb9\u94a2","cate_type":0,"pid":0,"ratio":"0.0000","price":"3249.0000","last_futures_price":"0.0000","last_sync_ratio":"0.0000","last_sync_time":0,"status":1,"is_del":1,"level":0,"add_time":1775159188,"up_time":1775159188,"pid_str":"","pid2":0,"pid2_str":"","ratio2":"0.0000","pid3":0,"pid3_str":"","ratio3":"0.0000","end_ratio":"0.0000","level2":0,"level3":0,"cat_name":"\u57fa\u7840\u91d1\u5c5e\u5217\u8868"},{"id":171,"cate_label_id":159,"name":"\u70ed\u5377","cate_type":0,"pid":0,"ratio":"0.0000","price":"3468.0000","last_futures_price":"0.0000","last_sync_ratio":"0.0000","last_sync_time":0,"status":1,"is_del":1,"level":0,"add_time":1775159363,"up_time":1775159363,"pid_str":"","pid2":0,"pid2_str":"","ratio2":"0.0000","pid3":0,"pid3_str":"","ratio3":"0.0000","end_ratio":"0.0000","level2":0,"level3":0,"cat_name":"\u57fa\u7840\u91d1\u5c5e\u5217\u8868"},{"id":172,"cate_label_id":159,"name":"\u9530\u7845","cate_type":0,"pid":0,"ratio":"0.0000","price":"5878.0000","last_futures_price":"0.0000","last_sync_ratio":"0.0000","last_sync_time":0,"status":1,"is_del":1,"level":0,"add_time":1775159401,"up_time":1775159401,"pid_str":"","pid2":0,"pid2_str":"","ratio2":"0.0000","pid3":0,"pid3_str":"","ratio3":"0.0000","end_ratio":"0.0000","level2":0,"level3":0,"cat_name":"\u57fa\u7840\u91d1\u5c5e\u5217\u8868"},{"id":173,"cate_label_id":159,"name":"\u94c2\u91d1","cate_type":0,"pid":0,"ratio":"0.0000","price":"2141.4000","last_futures_price":"0.0000","last_sync_ratio":"0.0000","last_sync_time":0,"status":1,"is_del":1,"level":0,"add_time":1775159416,"up_time":1775159416,"pid_str":"","pid2":0,"pid2_str":"","ratio2":"0.0000","pid3":0,"pid3_str":"","ratio3":"0.0000","end_ratio":"0.0000","level2":0,"level3":0,"cat_name":"\u57fa\u7840\u91d1\u5c5e\u5217\u8868"},{"id":174,"cate_label_id":159,"name":"\u94af\u91d1","cate_type":0,"pid":0,"ratio":"0.0000","price":"1508.0000","last_futures_price":"0.0000","last_sync_ratio":"0.0000","last_sync_time":0,"status":1,"is_del":1,"level":0,"add_time":1775159431,"up_time":1775159431,"pid_str":"","pid2":0,"pid2_str":"","ratio2":"0.0000","pid3":0,"pid3_str":"","ratio3":"0.0000","end_ratio":"0.0000","level2":0,"level3":0,"cat_name":"\u57fa\u7840\u91d1\u5c5e\u5217\u8868"},{"id":175,"cate_label_id":159,"name":"\u5de5\u4e1a\u7845","cate_type":0,"pid":0,"ratio":"0.0000","price":"8795.0000","last_futures_price":"0.0000","last_sync_ratio":"0.0000","last_sync_time":0,"status":1,"is_del":1,"level":0,"add_time":1775159442,"up_time":1775159442,"pid_str":"","pid2":0,"pid2_str":"","ratio2":"0.0000","pid3":0,"pid3_str":"","ratio3":"0.0000","end_ratio":"0.0000","level2":0,"level3":0,"cat_name":"\u57fa\u7840\u91d1\u5c5e\u5217\u8868"},{"id":176,"cate_label_id":159,"name":"\u94dd\u5408\u91d1","cate_type":0,"pid":0,"ratio":"0.0000","price":"23255.0000","last_futures_price":"0.0000","last_sync_ratio":"0.0000","last_sync_time":0,"status":1,"is_del":1,"level":0,"add_time":1775159467,"up_time":1775159467,"pid_str":"","pid2":0,"pid2_str":"","ratio2":"0.0000","pid3":0,"pid3_str":"","ratio3":"0.0000","end_ratio":"0.0000","level2":0,"level3":0,"cat_name":"\u57fa\u7840\u91d1\u5c5e\u5217\u8868"},{"id":177,"cate_label_id":159,"name":"\u6c27\u5316\u94dd","cate_type":0,"pid":0,"ratio":"0.0000","price":"2776.0000","last_futures_price":"0.0000","last_sync_ratio":"0.0000","last_sync_time":0,"status":1,"is_del":1,"level":0,"add_time":1775159483,"up_time":1775159483,"pid_str":"","pid2":0,"pid2_str":"","ratio2":"0.0000","pid3":0,"pid3_str":"","ratio3":"0.0000","end_ratio":"0.0000","level2":0,"level3":0,"cat_name":"\u57fa\u7840\u91d1\u5c5e\u5217\u8868"},{"id":178,"cate_label_id":159,"name":"\u7ebf\u6750","cate_type":0,"pid":0,"ratio":"0.0000","price":"3395.0000","last_futures_price":"0.0000","last_sync_ratio":"0.0000","last_sync_time":0,"status":1,"is_del":1,"level":0,"add_time":1775159497,"up_time":1775159497,"pid_str":"","pid2":0,"pid2_str":"","ratio2":"0.0000","pid3":0,"pid3_str":"","ratio3":"0.0000","end_ratio":"0.0000","level2":0,"level3":0,"cat_name":"\u57fa\u7840\u91d1\u5c5e\u5217\u8868"},{"id":179,"cate_label_id":159,"name":"\u73bb\u7483","cate_type":0,"pid":0,"ratio":"0.0000","price":"1068.0000","last_futures_price":"0.0000","last_sync_ratio":"0.0000","last_sync_time":0,"status":1,"is_del":1,"level":0,"add_time":1775159539,"up_time":1775159539,"pid_str":"","pid2":0,"pid2_str":"","ratio2":"0.0000","pid3":0,"pid3_str":"","ratio3":"0.0000","end_ratio":"0.0000","level2":0,"level3":0,"cat_name":"\u57fa\u7840\u91d1\u5c5e\u5217\u8868"},{"id":180,"cate_label_id":159,"name":"\u91d1\u5c5e\u94ec","cate_type":0,"pid":0,"ratio":"0.0000","price":"91.5000","last_futures_price":"0.0000","last_sync_ratio":"0.0000","last_sync_time":0,"status":1,"is_del":1,"level":0,"add_time":1775159558,"up_time":1775159558,"pid_str":"","pid2":0,"pid2_str":"","ratio2":"0.0000","pid3":0,"pid3_str":"","ratio3":"0.0000","end_ratio":"0.0000","level2":0,"level3":0,"cat_name":"\u57fa\u7840\u91d1\u5c5e\u5217\u8868"},{"id":181,"cate_label_id":159,"name":"\u77f3\u58a8\u70ef","cate_type":0,"pid":0,"ratio":"0.0000","price":"555.0000","last_futures_price":"0.0000","last_sync_ratio":"0.0000","last_sync_time":0,"status":1,"is_del":1,"level":0,"add_time":1775159576,"up_time":1775159576,"pid_str":"","pid2":0,"pid2_str":"","ratio2":"0.0000","pid3":0,"pid3_str":"","ratio3":"0.0000","end_ratio":"0.0000","level2":0,"level3":0,"cat_name":"\u57fa\u7840\u91d1\u5c5e\u5217\u8868"},{"id":182,"cate_label_id":159,"name":"\u91d1\u5c5e\u94b4","cate_type":0,"pid":0,"ratio":"0.0000","price":"989.0000","last_futures_price":"0.0000","last_sync_ratio":"0.0000","last_sync_time":0,"status":1,"is_del":1,"level":0,"add_time":1775159588,"up_time":1775159588,"pid_str":"","pid2":0,"pid2_str":"","ratio2":"0.0000","pid3":0,"pid3_str":"","ratio3":"0.0000","end_ratio":"0.0000","level2":0,"level3":0,"cat_name":"\u57fa\u7840\u91d1\u5c5e\u5217\u8868"},{"id":183,"cate_label_id":159,"name":"\u5f85\u5b9a","cate_type":0,"pid":0,"ratio":"0.0000","price":"91.5000","last_futures_price":"0.0000","last_sync_ratio":"0.0000","last_sync_time":0,"status":1,"is_del":1,"level":0,"add_time":1775160000,"up_time":1775160000,"pid_str":"","pid2":0,"pid2_str":"","ratio2":"0.0000","pid3":0,"pid3_str":"","ratio3":"0.0000","end_ratio":"0.0000","level2":0,"level3":0,"cat_name":"\u57fa\u7840\u91d1\u5c5e\u5217\u8868"},{"id":189,"cate_label_id":159,"name":"\u5907\u75281","cate_type":0,"pid":0,"ratio":"0.0000","price":"1.0000","last_futures_price":"0.0000","last_sync_ratio":"0.0000","last_sync_time":0,"status":1,"is_del":1,"level":1,"add_time":1778617483,"up_time":1778617483,"pid_str":"","pid2":0,"pid2_str":"","ratio2":"0.0000","pid3":0,"pid3_str":"","ratio3":"0.0000","end_ratio":"0.0000","level2":1,"level3":1,"cat_name":"\u57fa\u7840\u91d1\u5c5e\u5217\u8868"},{"id":190,"cate_label_id":159,"name":"\u5907\u75282","cate_type":0,"pid":0,"ratio":"0.0000","price":"2.0000","last_futures_price":"0.0000","last_sync_ratio":"0.0000","last_sync_time":0,"status":1,"is_del":1,"level":1,"add_time":1778617496,"up_time":1778617496,"pid_str":"","pid2":0,"pid2_str":"","ratio2":"0.0000","pid3":0,"pid3_str":"","ratio3":"0.0000","end_ratio":"0.0000","level2":1,"level3":1,"cat_name":"\u57fa\u7840\u91d1\u5c5e\u5217\u8868"},{"id":191,"cate_label_id":159,"name":"\u5907\u75283","cate_type":0,"pid":0,"ratio":"0.0000","price":"3.0000","last_futures_price":"0.0000","last_sync_ratio":"0.0000","last_sync_time":0,"status":1,"is_del":1,"level":1,"add_time":1778617507,"up_time":1778617507,"pid_str":"","pid2":0,"pid2_str":"","ratio2":"0.0000","pid3":0,"pid3_str":"","ratio3":"0.0000","end_ratio":"0.0000","level2":1,"level3":1,"cat_name":"\u57fa\u7840\u91d1\u5c5e\u5217\u8868"},{"id":192,"cate_label_id":159,"name":"\u5907\u75284","cate_type":0,"pid":0,"ratio":"0.0000","price":"4.0000","last_futures_price":"0.0000","last_sync_ratio":"0.0000","last_sync_time":0,"status":1,"is_del":1,"level":1,"add_time":1778617516,"up_time":1778617516,"pid_str":"","pid2":0,"pid2_str":"","ratio2":"0.0000","pid3":0,"pid3_str":"","ratio3":"0.0000","end_ratio":"0.0000","level2":1,"level3":1,"cat_name":"\u57fa\u7840\u91d1\u5c5e\u5217\u8868"},{"id":193,"cate_label_id":159,"name":"\u5907\u75285","cate_type":0,"pid":0,"ratio":"0.0000","price":"5.0000","last_futures_price":"0.0000","last_sync_ratio":"0.0000","last_sync_time":0,"status":1,"is_del":1,"level":1,"add_time":1778617527,"up_time":1778617527,"pid_str":"","pid2":0,"pid2_str":"","ratio2":"0.0000","pid3":0,"pid3_str":"","ratio3":"0.0000","end_ratio":"0.0000","level2":1,"level3":1,"cat_name":"\u57fa\u7840\u91d1\u5c5e\u5217\u8868"},{"id":194,"cate_label_id":159,"name":"\u5907\u75286","cate_type":0,"pid":0,"ratio":"0.0000","price":"6.0000","last_futures_price":"0.0000","last_sync_ratio":"0.0000","last_sync_time":0,"status":1,"is_del":1,"level":1,"add_time":1778617537,"up_time":1778617537,"pid_str":"","pid2":0,"pid2_str":"","ratio2":"0.0000","pid3":0,"pid3_str":"","ratio3":"0.0000","end_ratio":"0.0000","level2":1,"level3":1,"cat_name":"\u57fa\u7840\u91d1\u5c5e\u5217\u8868"},{"id":185,"cate_label_id":184,"name":"\u57fa\u7840\u94dc\u4ef7","cate_type":0,"pid":0,"ratio":"0.0000","price":"96.5000","last_futures_price":"0.0000","last_sync_ratio":"0.0000","last_sync_time":0,"status":1,"is_del":1,"level":1,"add_time":1775216239,"up_time":1775216239,"pid_str":"","pid2":0,"pid2_str":"","ratio2":"0.0000","pid3":0,"pid3_str":"","ratio3":"0.0000","end_ratio":"0.0000","level2":1,"level3":1,"cat_name":"\u5bfc\u4f53\u5206\u7c7b"},{"id":186,"cate_label_id":184,"name":"\u57fa\u7840\u94dd\u4ef7","cate_type":0,"pid":0,"ratio":"0.0000","price":"24.0000","last_futures_price":"0.0000","last_sync_ratio":"0.0000","last_sync_time":0,"status":1,"is_del":1,"level":1,"add_time":1775216251,"up_time":1775216251,"pid_str":"","pid2":0,"pid2_str":"","ratio2":"0.0000","pid3":0,"pid3_str":"","ratio3":"0.0000","end_ratio":"0.0000","level2":1,"level3":1,"cat_name":"\u5bfc\u4f53\u5206\u7c7b"},{"id":187,"cate_label_id":184,"name":"\u57fa\u7840\u94a2\u4ef7","cate_type":0,"pid":0,"ratio":"0.0000","price":"4.5000","last_futures_price":"0.0000","last_sync_ratio":"0.0000","last_sync_time":0,"status":1,"is_del":1,"level":0,"add_time":1775216277,"up_time":1775216277,"pid_str":"","pid2":0,"pid2_str":"","ratio2":"0.0000","pid3":0,"pid3_str":"","ratio3":"0.0000","end_ratio":"0.0000","level2":0,"level3":0,"cat_name":"\u5bfc\u4f53\u5206\u7c7b"},{"id":188,"cate_label_id":184,"name":"\u57fa\u7840\u954d\u4ef7","cate_type":0,"pid":0,"ratio":"0.0000","price":"135.0000","last_futures_price":"0.0000","last_sync_ratio":"0.0000","last_sync_time":0,"status":1,"is_del":1,"level":1,"add_time":1775216322,"up_time":1775216322,"pid_str":"","pid2":0,"pid2_str":"","ratio2":"0.0000","pid3":0,"pid3_str":"","ratio3":"0.0000","end_ratio":"0.0000","level2":1,"level3":1,"cat_name":"\u5bfc\u4f53\u5206\u7c7b"}]}

[ 2026-05-31T23:30:49+08:00 ] ::1 /Home/PriceSync/getSyncLog.html
INFO: [ app_init ] --START--
INFO: Run Behavior\BuildLiteBehavior [ RunTime:0.000009s ]
INFO: [ app_init ] --END-- [ RunTime:0.000080s ]
INFO: [ app_begin ] --START--
INFO: Run Behavior\ReadHtmlCacheBehavior [ RunTime:0.000029s ]
INFO: [ app_begin ] --END-- [ RunTime:0.000046s ]
SQL: SHOW COLUMNS FROM `price_sync_log` [ RunTime:0.0050s ]
SQL: SELECT * FROM `price_sync_log` WHERE `config_id` = 1 ORDER BY id desc LIMIT 50   [ RunTime:0.0052s ]
ERR: {"status":1,"msg":"\u83b7\u53d6\u6210\u529f","data":[{"id":3,"config_id":1,"futures_code":"cum","futures_name":"\u6caa\u94dc\u4e3b\u8fde","new_label_id":160,"label_name":"\u6caa\u94dc","futures_price":"104430.0000","old_price":"1044.3000","new_price":"104430.0000","sync_type":1,"status":1,"remark":"","add_time":1780240686,"add_time_str":"2026-05-31 23:18:06","type_str":"\u624b\u52a8"},{"id":2,"config_id":1,"futures_code":"cum","futures_name":"\u6caa\u94dc\u4e3b\u8fde","new_label_id":160,"label_name":"\u6caa\u94dc","futures_price":"104430.0000","old_price":"104430.0000","new_price":"1044.3000","sync_type":1,"status":1,"remark":"","add_time":1780240644,"add_time_str":"2026-05-31 23:17:24","type_str":"\u624b\u52a8"},{"id":1,"config_id":1,"futures_code":"cum","futures_name":"\u6caa\u94dc\u4e3b\u8fde","new_label_id":160,"label_name":"\u6caa\u94dc","futures_price":"104430.0000","old_price":"107720.0000","new_price":"104430.0000","sync_type":1,"status":1,"remark":"","add_time":1780239342,"add_time_str":"2026-05-31 22:55:42","type_str":"\u624b\u52a8"}]}

