[ 2026-06-12T16:59:22+08:00 ] ::1 /Home/Goods/plate_conts_list/id/1.html
INFO: [ app_init ] --START--
INFO: Run Behavior\BuildLiteBehavior [ RunTime:0.000006s ]
INFO: [ app_init ] --END-- [ RunTime:0.000055s ]
INFO: [ app_begin ] --START--
INFO: Run Behavior\ReadHtmlCacheBehavior [ RunTime:0.000014s ]
INFO: [ app_begin ] --END-- [ RunTime:0.000021s ]
SQL: SHOW COLUMNS FROM `plate_conts` [ RunTime:0.0042s ]
SQL: SHOW COLUMNS FROM `sys_tmps` [ RunTime:0.0019s ]
SQL: SELECT * FROM `plate_conts` WHERE `id` = 1 LIMIT 1   [ RunTime:0.0017s ]
SQL: SELECT * FROM `sys_tmps` WHERE `types` = 2 ORDER BY id desc  [ RunTime:0.0030s ]
INFO: [ view_parse ] --START--
INFO: [ template_filter ] --START--
INFO: Run Behavior\ContentReplaceBehavior [ RunTime:0.000138s ]
INFO: [ template_filter ] --END-- [ RunTime:0.000152s ]
INFO: Run Behavior\ParseTemplateBehavior [ RunTime:0.008387s ]
INFO: [ view_parse ] --END-- [ RunTime:0.008398s ]
INFO: [ view_filter ] --START--
INFO: Run Behavior\WriteHtmlCacheBehavior [ RunTime:0.000017s ]
INFO: [ view_filter ] --END-- [ RunTime:0.000021s ]
INFO: [ app_end ] --START--
INFO: Run Behavior\ShowPageTraceBehavior [ RunTime:0.000021s ]
INFO: [ app_end ] --END-- [ RunTime:0.000024s ]

[ 2026-06-12T16:59:23+08:00 ] ::1 /Home/Goods/plate_conts_blankr.html
INFO: [ app_init ] --START--
INFO: Run Behavior\BuildLiteBehavior [ RunTime:0.000006s ]
INFO: [ app_init ] --END-- [ RunTime:0.000051s ]
INFO: [ app_begin ] --START--
INFO: Run Behavior\ReadHtmlCacheBehavior [ RunTime:0.000015s ]
INFO: [ app_begin ] --END-- [ RunTime:0.000030s ]
SQL: SHOW COLUMNS FROM `plate_conts_blank` [ RunTime:0.0141s ]
SQL: SHOW COLUMNS FROM `plate_conts_logs` [ RunTime:0.0168s ]
SQL: SHOW COLUMNS FROM `plate_conts_logsr` [ RunTime:0.0034s ]
SQL: SELECT * FROM `plate_conts_blank` WHERE `pid` = 1 AND `cat_index` = 1 LIMIT 1   [ RunTime:0.0031s ]
SQL: SELECT * FROM `plate_conts_logs` WHERE `blank_id` = 1738 ORDER BY number asc,id asc  [ RunTime:0.0011s ]
SQL: SELECT `key_0` FROM `plate_conts_logs` WHERE `blank_id` = 1738 GROUP BY key_0 LIMIT 1   [ RunTime:0.0004s ]
SQL: SELECT `key_1` FROM `plate_conts_logs` WHERE `blank_id` = 1738 GROUP BY key_1 LIMIT 1   [ RunTime:0.0003s ]
SQL: SELECT `key_2` FROM `plate_conts_logs` WHERE `blank_id` = 1738 GROUP BY key_2 LIMIT 1   [ RunTime:0.0003s ]
SQL: SELECT `key_3` FROM `plate_conts_logs` WHERE `blank_id` = 1738 GROUP BY key_3 LIMIT 1   [ RunTime:0.0004s ]
SQL: SELECT `key_4` FROM `plate_conts_logs` WHERE `blank_id` = 1738 GROUP BY key_4 LIMIT 1   [ RunTime:0.0005s ]
SQL: SELECT `key_5` FROM `plate_conts_logs` WHERE `blank_id` = 1738 GROUP BY key_5 LIMIT 1   [ RunTime:0.0005s ]
SQL: SELECT `key_6` FROM `plate_conts_logs` WHERE `blank_id` = 1738 GROUP BY key_6 LIMIT 1   [ RunTime:0.0007s ]
SQL: SELECT `key_7` FROM `plate_conts_logs` WHERE `blank_id` = 1738 GROUP BY key_7 LIMIT 1   [ RunTime:0.0004s ]
SQL: SHOW COLUMNS FROM `new_tax` [ RunTime:0.0015s ]
SQL: SELECT * FROM `new_tax` WHERE `is_del` = 1  [ RunTime:0.0004s ]
SQL: SHOW COLUMNS FROM `plate_conts_price` [ RunTime:0.0017s ]
SQL: SELECT * FROM `plate_conts_price` WHERE `blank_id` = 1738 AND `is_del` = 1 ORDER BY sort asc, id asc  [ RunTime:0.0007s ]
SQL: SELECT * FROM `plate_conts_blank` WHERE `pid` = 1 AND `status` = 1 ORDER BY cat_index asc  [ RunTime:0.0003s ]
SQL: SHOW COLUMNS FROM `plate_conts_blank_group` [ RunTime:0.0019s ]
SQL: SELECT * FROM `plate_conts_blank_group` WHERE `pid` = 1 ORDER BY sort asc, id asc  [ RunTime:0.0025s ]
ERR: {"status":1,"msg":"\u83b7\u53d6\u6210\u529f","data":{"info":{"id":1738,"pid":1,"group_id":3,"catname":"\u5546\u54c1","cat_index":1,"source":["677187340b61b.png"],"sorts":0,"gimage":"677187340b3d7.png","gnames":"\u94dc\u82af\u4ea4\u8054\u805a\u4e59\u70ef\u7edd\u7f18\u805a\u6c2f\u4e59\u70ef\u62a4\u5957\u963b\u71c3\u7535\u7f06\u3010\u4e5d\u6298\u6807\u51c6\u3011","up_a":"0.0","down_a":"0.0","up_b":"0.0","down_b":"0.0","up_c":"0.0","down_c":"0.0","up_d":"0.0","down_d":"0.0","up_e":"0.0","down_e":"0.0","up_f":"0.0","down_f":"0.0","ticket_nor":3,"ticket_person":11,"status":1,"uptimes":1781096236,"times":1781095065,"new_tax_id":1},"key":{"keya":"\u4f9b\u8d27\u65b9\u5f0f","keyb":"\u8d28\u91cf\u6807\u51c6","keyc":"\u6267\u884c\u6807\u51c6","keyd":"\u8d77\u8ba2\u6570\u91cf","keye":"\u8ba1\u91cf\u5355\u4f4d","keyf":"\u4ea7\u54c1\u578b\u53f7","keyg":"\u7535\u538b\u7b49\u7ea7","keyh":"\u4ea7\u54c1\u89c4\u683c"},"list":[{"id":1397832,"pid":1,"cat_index":1,"blank_id":1738,"ptype":2,"source":null,"gnames":null,"sorts":1,"key_0":"\u4f9b\u8d27\u65b9\u5f0f","value_0":"\u5de5\u5382\u751f\u4ea7","key_1":"\u8d28\u91cf\u6807\u51c6","value_1":"\u56fd\u7f51\u6807\u51c6","key_2":"\u6267\u884c\u6807\u51c6","value_2":"GB\/TGWD-2023","price":"3.24","dratio":"1.060","market":"3.43","trans":"7\u5929\u5185\u53d1\u8d27","ticket_nor":null,"ticket_person":null,"status":1,"uptimes":0,"times":1781254744,"number":1,"key_3":"\u8d77\u8ba2\u6570\u91cf","value_3":"500\u7c73","key_4":"\u8ba1\u91cf\u5355\u4f4d","value_4":"\u7c73","key_5":"\u4ea7\u54c1\u578b\u53f7","value_5":"ZC-YJV","key_6":"\u7535\u538b\u7b49\u7ea7","value_6":"0.6\/1KV","key_7":"\u4ea7\u54c1\u89c4\u683c","value_7":"1\u00d710"}],"tax_list":[{"id":1,"pid":0,"name":"\u7535\u529b\u7535\u7f06\u7a0e\u7387\u53d1\u7968","alias_name":"","normal_tax":"3.00","special_tax":"11.00","status":1,"is_del":1,"add_time":0,"up_time":0},{"id":2,"pid":0,"name":"\u5bb6\u88c5\u7535\u7ebf\u7a0e\u7387","alias_name":"","normal_tax":"3.00","special_tax":"10.00","status":1,"is_del":1,"add_time":0,"up_time":0},{"id":3,"pid":0,"name":"\u521a\u6027\u9632\u706b\u7535\u7f06\u7a0e\u7387","alias_name":"","normal_tax":"3.00","special_tax":"9.00","status":1,"is_del":1,"add_time":0,"up_time":0},{"id":9,"pid":0,"name":"\u6a61\u5957\u7535\u7f06\u7a0e\u7387","alias_name":"","normal_tax":"3.00","special_tax":"11.00","status":1,"is_del":1,"add_time":0,"up_time":0},{"id":10,"pid":0,"name":"\u77ff\u7528\u6a61\u80f6\u7535\u7f06\u7a0e\u7387","alias_name":"","normal_tax":"4.00","special_tax":"12.00","status":1,"is_del":1,"add_time":0,"up_time":0}],"price_list":[{"id":2648,"plate_conts_id":1,"new_cate_one_id":1,"new_cate_two_id":355,"new_cate_three_id":356,"name":"\u94dc\u82af\u5bfc\u4f53","ratio":"1.00","sort":1000,"is_del":1,"cat_index":1,"blank_id":1738},{"id":2649,"plate_conts_id":1,"new_cate_one_id":1,"new_cate_two_id":355,"new_cate_three_id":362,"name":"\u8f90\u7167\u4ea4\u8054\u7edd\u7f18","ratio":"1.00","sort":1000,"is_del":1,"cat_index":1,"blank_id":1738},{"id":2650,"plate_conts_id":1,"new_cate_one_id":1,"new_cate_two_id":355,"new_cate_three_id":371,"name":"PVC\u62a4\u5957","ratio":"1.00","sort":1000,"is_del":1,"cat_index":1,"blank_id":1738},{"id":7812,"plate_conts_id":1,"new_cate_one_id":1,"new_cate_two_id":355,"new_cate_three_id":356,"name":"\u94dc\u82af\u5bfc\u4f53","ratio":"0.90","sort":1000,"is_del":1,"cat_index":1,"blank_id":1738},{"id":7813,"plate_conts_id":1,"new_cate_one_id":1,"new_cate_two_id":355,"new_cate_three_id":362,"name":"\u8f90\u7167\u4ea4\u8054\u7edd\u7f18","ratio":"1.00","sort":1000,"is_del":1,"cat_index":1,"blank_id":1738}],"all_blanks":[{"id":1738,"pid":1,"group_id":3,"catname":"\u5546\u54c1","cat_index":1,"source":"[\"677187340b61b.png\"]","sorts":0,"gimage":"677187340b3d7.png","gnames":"\u94dc\u82af\u4ea4\u8054\u805a\u4e59\u70ef\u7edd\u7f18\u805a\u6c2f\u4e59\u70ef\u62a4\u5957\u963b\u71c3\u7535\u7f06\u3010\u4e5d\u6298\u6807\u51c6\u3011","up_a":"0.0","down_a":"0.0","up_b":"0.0","down_b":"0.0","up_c":"0.0","down_c":"0.0","up_d":"0.0","down_d":"0.0","up_e":"0.0","down_e":"0.0","up_f":"0.0","down_f":"0.0","ticket_nor":3,"ticket_person":11,"status":1,"uptimes":1781096236,"times":1781095065,"new_tax_id":1},{"id":1739,"pid":1,"group_id":4,"catname":"\u5546\u54c1","cat_index":1,"source":"[\"677187340b61b.png\"]","sorts":null,"gimage":"677187340b3d7.png","gnames":"\u94dc\u82af\u4ea4\u8054\u805a\u4e59\u70ef\u7edd\u7f18\u805a\u6c2f\u4e59\u70ef\u62a4\u5957\u963b\u71c3\u7535\u7f06\u3010\u4e5d\u6298\u6807\u51c6\u3011","up_a":"0.0","down_a":"0.0","up_b":"0.0","down_b":"0.0","up_c":"0.0","down_c":"0.0","up_d":"0.0","down_d":"0.0","up_e":"0.0","down_e":"0.0","up_f":"0.0","down_f":"0.0","ticket_nor":3,"ticket_person":11,"status":1,"uptimes":1781228972,"times":1781228972,"new_tax_id":1},{"id":1557,"pid":1,"group_id":3,"catname":"\u4e5d\u6298\u6807\u51c6","cat_index":2,"source":"[\"677187340b61b.png\"]","sorts":0,"gimage":"677187340b3d7.png","gnames":"\u94dc\u82af\u4ea4\u8054\u805a\u4e59\u70ef\u7edd\u7f18\u805a\u6c2f\u4e59\u70ef\u62a4\u5957\u963b\u71c3\u7535\u7f06\u3010\u4e5d\u6298\u6807\u51c6\u3011","up_a":"0.0","down_a":"0.0","up_b":"0.0","down_b":"0.0","up_c":"0.0","down_c":"0.0","up_d":"0.0","down_d":"0.0","up_e":"0.0","down_e":"0.0","up_f":"0.0","down_f":"0.0","ticket_nor":3,"ticket_person":11,"status":1,"uptimes":1781095113,"times":1735489364,"new_tax_id":1},{"id":1740,"pid":1,"group_id":4,"catname":"\u4e5d\u6298\u6807\u51c6","cat_index":2,"source":"[\"677187340b61b.png\"]","sorts":null,"gimage":"677187340b3d7.png","gnames":"\u94dc\u82af\u4ea4\u8054\u805a\u4e59\u70ef\u7edd\u7f18\u805a\u6c2f\u4e59\u70ef\u62a4\u5957\u963b\u71c3\u7535\u7f06\u3010\u4e5d\u6298\u6807\u51c6\u3011","up_a":"0.0","down_a":"0.0","up_b":"0.0","down_b":"0.0","up_c":"0.0","down_c":"0.0","up_d":"0.0","down_d":"0.0","up_e":"0.0","down_e":"0.0","up_f":"0.0","down_f":"0.0","ticket_nor":3,"ticket_person":11,"status":1,"uptimes":1781228972,"times":1781228972,"new_tax_id":1},{"id":1558,"pid":1,"group_id":3,"catname":"\u516b\u6298\u6807\u51c6","cat_index":3,"source":"[\"677187340b61b.png\"]","sorts":0,"gimage":"677187340b3d7.png","gnames":"\u94dc\u82af\u4ea4\u8054\u805a\u4e59\u70ef\u7edd\u7f18\u805a\u6c2f\u4e59\u70ef\u62a4\u5957\u963b\u71c3\u7535\u7f06\u3010\u4e5d\u6298\u6807\u51c6\u3011","up_a":"0.0","down_a":"0.0","up_b":"0.0","down_b":"0.0","up_c":"0.0","down_c":"0.0","up_d":"0.0","down_d":"0.0","up_e":"0.0","down_e":"0.0","up_f":"0.0","down_f":"0.0","ticket_nor":3,"ticket_person":11,"status":1,"uptimes":1781096265,"times":1735490732,"new_tax_id":1},{"id":1741,"pid":1,"group_id":4,"catname":"\u516b\u6298\u6807\u51c6","cat_index":3,"source":"[\"677187340b61b.png\"]","sorts":null,"gimage":"677187340b3d7.png","gnames":"\u94dc\u82af\u4ea4\u8054\u805a\u4e59\u70ef\u7edd\u7f18\u805a\u6c2f\u4e59\u70ef\u62a4\u5957\u963b\u71c3\u7535\u7f06\u3010\u4e5d\u6298\u6807\u51c6\u3011","up_a":"0.0","down_a":"0.0","up_b":"0.0","down_b":"0.0","up_c":"0.0","down_c":"0.0","up_d":"0.0","down_d":"0.0","up_e":"0.0","down_e":"0.0","up_f":"0.0","down_f":"0.0","ticket_nor":3,"ticket_person":11,"status":1,"uptimes":1781228972,"times":1781228972,"new_tax_id":1}],"group_list":[{"id":3,"pid":1,"name":"test1","ratio":"1.000000","sort":0,"add_time":1781145782,"up_time":1781145782},{"id":4,"pid":1,"name":"test2","ratio":"1.000000","sort":0,"add_time":1781145796,"up_time":1781145796}]}}

[ 2026-06-12T17:00:35+08:00 ] ::1 /Home/Goods/plate_conts_list/id/1.html
INFO: [ app_init ] --START--
INFO: Run Behavior\BuildLiteBehavior [ RunTime:0.000010s ]
INFO: [ app_init ] --END-- [ RunTime:0.000091s ]
INFO: [ app_begin ] --START--
INFO: Run Behavior\ReadHtmlCacheBehavior [ RunTime:0.000040s ]
INFO: [ app_begin ] --END-- [ RunTime:0.000058s ]
SQL: SHOW COLUMNS FROM `plate_conts` [ RunTime:0.0052s ]
SQL: SHOW COLUMNS FROM `sys_tmps` [ RunTime:0.0018s ]
SQL: SELECT * FROM `plate_conts` WHERE `id` = 1 LIMIT 1   [ RunTime:0.0006s ]
SQL: SELECT * FROM `sys_tmps` WHERE `types` = 2 ORDER BY id desc  [ RunTime:0.0012s ]
INFO: [ view_parse ] --START--
INFO: [ template_filter ] --START--
INFO: Run Behavior\ContentReplaceBehavior [ RunTime:0.000134s ]
INFO: [ template_filter ] --END-- [ RunTime:0.000152s ]
INFO: Run Behavior\ParseTemplateBehavior [ RunTime:0.006391s ]
INFO: [ view_parse ] --END-- [ RunTime:0.006398s ]
INFO: [ view_filter ] --START--
INFO: Run Behavior\WriteHtmlCacheBehavior [ RunTime:0.000020s ]
INFO: [ view_filter ] --END-- [ RunTime:0.000024s ]
INFO: [ app_end ] --START--
INFO: Run Behavior\ShowPageTraceBehavior [ RunTime:0.000018s ]
INFO: [ app_end ] --END-- [ RunTime:0.000022s ]

[ 2026-06-12T17:00:35+08:00 ] ::1 /Home/Goods/plate_conts_blankr.html
INFO: [ app_init ] --START--
INFO: Run Behavior\BuildLiteBehavior [ RunTime:0.000003s ]
INFO: [ app_init ] --END-- [ RunTime:0.000028s ]
INFO: [ app_begin ] --START--
INFO: Run Behavior\ReadHtmlCacheBehavior [ RunTime:0.000033s ]
INFO: [ app_begin ] --END-- [ RunTime:0.000054s ]
SQL: SHOW COLUMNS FROM `plate_conts_blank` [ RunTime:0.0043s ]
SQL: SHOW COLUMNS FROM `plate_conts_logs` [ RunTime:0.0031s ]
SQL: SHOW COLUMNS FROM `plate_conts_logsr` [ RunTime:0.0108s ]
SQL: SELECT * FROM `plate_conts_blank` WHERE `pid` = 1 AND `cat_index` = 1 LIMIT 1   [ RunTime:0.0030s ]
SQL: SELECT * FROM `plate_conts_logs` WHERE `blank_id` = 1738 ORDER BY number asc,id asc  [ RunTime:0.0013s ]
SQL: SELECT `key_0` FROM `plate_conts_logs` WHERE `blank_id` = 1738 GROUP BY key_0 LIMIT 1   [ RunTime:0.0009s ]
SQL: SELECT `key_1` FROM `plate_conts_logs` WHERE `blank_id` = 1738 GROUP BY key_1 LIMIT 1   [ RunTime:0.0012s ]
SQL: SELECT `key_2` FROM `plate_conts_logs` WHERE `blank_id` = 1738 GROUP BY key_2 LIMIT 1   [ RunTime:0.0004s ]
SQL: SELECT `key_3` FROM `plate_conts_logs` WHERE `blank_id` = 1738 GROUP BY key_3 LIMIT 1   [ RunTime:0.0003s ]
SQL: SELECT `key_4` FROM `plate_conts_logs` WHERE `blank_id` = 1738 GROUP BY key_4 LIMIT 1   [ RunTime:0.0003s ]
SQL: SELECT `key_5` FROM `plate_conts_logs` WHERE `blank_id` = 1738 GROUP BY key_5 LIMIT 1   [ RunTime:0.0002s ]
SQL: SELECT `key_6` FROM `plate_conts_logs` WHERE `blank_id` = 1738 GROUP BY key_6 LIMIT 1   [ RunTime:0.0002s ]
SQL: SELECT `key_7` FROM `plate_conts_logs` WHERE `blank_id` = 1738 GROUP BY key_7 LIMIT 1   [ RunTime:0.0002s ]
SQL: SHOW COLUMNS FROM `new_tax` [ RunTime:0.0022s ]
SQL: SELECT * FROM `new_tax` WHERE `is_del` = 1  [ RunTime:0.0007s ]
SQL: SHOW COLUMNS FROM `plate_conts_price` [ RunTime:0.0043s ]
SQL: SELECT * FROM `plate_conts_price` WHERE `blank_id` = 1738 AND `is_del` = 1 ORDER BY sort asc, id asc  [ RunTime:0.0007s ]
SQL: SELECT * FROM `plate_conts_blank` WHERE `pid` = 1 AND `status` = 1 ORDER BY cat_index asc  [ RunTime:0.0006s ]
SQL: SHOW COLUMNS FROM `plate_conts_blank_group` [ RunTime:0.0018s ]
SQL: SELECT * FROM `plate_conts_blank_group` WHERE `pid` = 1 ORDER BY sort asc, id asc  [ RunTime:0.0008s ]
ERR: {"status":1,"msg":"\u83b7\u53d6\u6210\u529f","data":{"info":{"id":1738,"pid":1,"group_id":3,"catname":"\u5546\u54c1","cat_index":1,"source":["677187340b61b.png"],"sorts":0,"gimage":"677187340b3d7.png","gnames":"\u94dc\u82af\u4ea4\u8054\u805a\u4e59\u70ef\u7edd\u7f18\u805a\u6c2f\u4e59\u70ef\u62a4\u5957\u963b\u71c3\u7535\u7f06\u3010\u4e5d\u6298\u6807\u51c6\u3011","up_a":"0.0","down_a":"0.0","up_b":"0.0","down_b":"0.0","up_c":"0.0","down_c":"0.0","up_d":"0.0","down_d":"0.0","up_e":"0.0","down_e":"0.0","up_f":"0.0","down_f":"0.0","ticket_nor":3,"ticket_person":11,"status":1,"uptimes":1781096236,"times":1781095065,"new_tax_id":1},"key":{"keya":"\u4f9b\u8d27\u65b9\u5f0f","keyb":"\u8d28\u91cf\u6807\u51c6","keyc":"\u6267\u884c\u6807\u51c6","keyd":"\u8d77\u8ba2\u6570\u91cf","keye":"\u8ba1\u91cf\u5355\u4f4d","keyf":"\u4ea7\u54c1\u578b\u53f7","keyg":"\u7535\u538b\u7b49\u7ea7","keyh":"\u4ea7\u54c1\u89c4\u683c"},"list":[{"id":1397832,"pid":1,"cat_index":1,"blank_id":1738,"ptype":2,"source":null,"gnames":null,"sorts":1,"key_0":"\u4f9b\u8d27\u65b9\u5f0f","value_0":"\u5de5\u5382\u751f\u4ea7","key_1":"\u8d28\u91cf\u6807\u51c6","value_1":"\u56fd\u7f51\u6807\u51c6","key_2":"\u6267\u884c\u6807\u51c6","value_2":"GB\/TGWD-2023","price":"3.24","dratio":"1.060","market":"3.43","trans":"7\u5929\u5185\u53d1\u8d27","ticket_nor":null,"ticket_person":null,"status":1,"uptimes":0,"times":1781254744,"number":1,"key_3":"\u8d77\u8ba2\u6570\u91cf","value_3":"500\u7c73","key_4":"\u8ba1\u91cf\u5355\u4f4d","value_4":"\u7c73","key_5":"\u4ea7\u54c1\u578b\u53f7","value_5":"ZC-YJV","key_6":"\u7535\u538b\u7b49\u7ea7","value_6":"0.6\/1KV","key_7":"\u4ea7\u54c1\u89c4\u683c","value_7":"1\u00d710"}],"tax_list":[{"id":1,"pid":0,"name":"\u7535\u529b\u7535\u7f06\u7a0e\u7387\u53d1\u7968","alias_name":"","normal_tax":"3.00","special_tax":"11.00","status":1,"is_del":1,"add_time":0,"up_time":0},{"id":2,"pid":0,"name":"\u5bb6\u88c5\u7535\u7ebf\u7a0e\u7387","alias_name":"","normal_tax":"3.00","special_tax":"10.00","status":1,"is_del":1,"add_time":0,"up_time":0},{"id":3,"pid":0,"name":"\u521a\u6027\u9632\u706b\u7535\u7f06\u7a0e\u7387","alias_name":"","normal_tax":"3.00","special_tax":"9.00","status":1,"is_del":1,"add_time":0,"up_time":0},{"id":9,"pid":0,"name":"\u6a61\u5957\u7535\u7f06\u7a0e\u7387","alias_name":"","normal_tax":"3.00","special_tax":"11.00","status":1,"is_del":1,"add_time":0,"up_time":0},{"id":10,"pid":0,"name":"\u77ff\u7528\u6a61\u80f6\u7535\u7f06\u7a0e\u7387","alias_name":"","normal_tax":"4.00","special_tax":"12.00","status":1,"is_del":1,"add_time":0,"up_time":0}],"price_list":[{"id":2648,"plate_conts_id":1,"new_cate_one_id":1,"new_cate_two_id":355,"new_cate_three_id":356,"name":"\u94dc\u82af\u5bfc\u4f53","ratio":"1.00","sort":1000,"is_del":1,"cat_index":1,"blank_id":1738},{"id":2649,"plate_conts_id":1,"new_cate_one_id":1,"new_cate_two_id":355,"new_cate_three_id":362,"name":"\u8f90\u7167\u4ea4\u8054\u7edd\u7f18","ratio":"1.00","sort":1000,"is_del":1,"cat_index":1,"blank_id":1738},{"id":2650,"plate_conts_id":1,"new_cate_one_id":1,"new_cate_two_id":355,"new_cate_three_id":371,"name":"PVC\u62a4\u5957","ratio":"1.00","sort":1000,"is_del":1,"cat_index":1,"blank_id":1738},{"id":7812,"plate_conts_id":1,"new_cate_one_id":1,"new_cate_two_id":355,"new_cate_three_id":356,"name":"\u94dc\u82af\u5bfc\u4f53","ratio":"0.90","sort":1000,"is_del":1,"cat_index":1,"blank_id":1738},{"id":7813,"plate_conts_id":1,"new_cate_one_id":1,"new_cate_two_id":355,"new_cate_three_id":362,"name":"\u8f90\u7167\u4ea4\u8054\u7edd\u7f18","ratio":"1.00","sort":1000,"is_del":1,"cat_index":1,"blank_id":1738}],"all_blanks":[{"id":1738,"pid":1,"group_id":3,"catname":"\u5546\u54c1","cat_index":1,"source":"[\"677187340b61b.png\"]","sorts":0,"gimage":"677187340b3d7.png","gnames":"\u94dc\u82af\u4ea4\u8054\u805a\u4e59\u70ef\u7edd\u7f18\u805a\u6c2f\u4e59\u70ef\u62a4\u5957\u963b\u71c3\u7535\u7f06\u3010\u4e5d\u6298\u6807\u51c6\u3011","up_a":"0.0","down_a":"0.0","up_b":"0.0","down_b":"0.0","up_c":"0.0","down_c":"0.0","up_d":"0.0","down_d":"0.0","up_e":"0.0","down_e":"0.0","up_f":"0.0","down_f":"0.0","ticket_nor":3,"ticket_person":11,"status":1,"uptimes":1781096236,"times":1781095065,"new_tax_id":1},{"id":1739,"pid":1,"group_id":4,"catname":"\u5546\u54c1","cat_index":1,"source":"[\"677187340b61b.png\"]","sorts":null,"gimage":"677187340b3d7.png","gnames":"\u94dc\u82af\u4ea4\u8054\u805a\u4e59\u70ef\u7edd\u7f18\u805a\u6c2f\u4e59\u70ef\u62a4\u5957\u963b\u71c3\u7535\u7f06\u3010\u4e5d\u6298\u6807\u51c6\u3011","up_a":"0.0","down_a":"0.0","up_b":"0.0","down_b":"0.0","up_c":"0.0","down_c":"0.0","up_d":"0.0","down_d":"0.0","up_e":"0.0","down_e":"0.0","up_f":"0.0","down_f":"0.0","ticket_nor":3,"ticket_person":11,"status":1,"uptimes":1781228972,"times":1781228972,"new_tax_id":1},{"id":1557,"pid":1,"group_id":3,"catname":"\u4e5d\u6298\u6807\u51c6","cat_index":2,"source":"[\"677187340b61b.png\"]","sorts":0,"gimage":"677187340b3d7.png","gnames":"\u94dc\u82af\u4ea4\u8054\u805a\u4e59\u70ef\u7edd\u7f18\u805a\u6c2f\u4e59\u70ef\u62a4\u5957\u963b\u71c3\u7535\u7f06\u3010\u4e5d\u6298\u6807\u51c6\u3011","up_a":"0.0","down_a":"0.0","up_b":"0.0","down_b":"0.0","up_c":"0.0","down_c":"0.0","up_d":"0.0","down_d":"0.0","up_e":"0.0","down_e":"0.0","up_f":"0.0","down_f":"0.0","ticket_nor":3,"ticket_person":11,"status":1,"uptimes":1781095113,"times":1735489364,"new_tax_id":1},{"id":1740,"pid":1,"group_id":4,"catname":"\u4e5d\u6298\u6807\u51c6","cat_index":2,"source":"[\"677187340b61b.png\"]","sorts":null,"gimage":"677187340b3d7.png","gnames":"\u94dc\u82af\u4ea4\u8054\u805a\u4e59\u70ef\u7edd\u7f18\u805a\u6c2f\u4e59\u70ef\u62a4\u5957\u963b\u71c3\u7535\u7f06\u3010\u4e5d\u6298\u6807\u51c6\u3011","up_a":"0.0","down_a":"0.0","up_b":"0.0","down_b":"0.0","up_c":"0.0","down_c":"0.0","up_d":"0.0","down_d":"0.0","up_e":"0.0","down_e":"0.0","up_f":"0.0","down_f":"0.0","ticket_nor":3,"ticket_person":11,"status":1,"uptimes":1781228972,"times":1781228972,"new_tax_id":1},{"id":1558,"pid":1,"group_id":3,"catname":"\u516b\u6298\u6807\u51c6","cat_index":3,"source":"[\"677187340b61b.png\"]","sorts":0,"gimage":"677187340b3d7.png","gnames":"\u94dc\u82af\u4ea4\u8054\u805a\u4e59\u70ef\u7edd\u7f18\u805a\u6c2f\u4e59\u70ef\u62a4\u5957\u963b\u71c3\u7535\u7f06\u3010\u4e5d\u6298\u6807\u51c6\u3011","up_a":"0.0","down_a":"0.0","up_b":"0.0","down_b":"0.0","up_c":"0.0","down_c":"0.0","up_d":"0.0","down_d":"0.0","up_e":"0.0","down_e":"0.0","up_f":"0.0","down_f":"0.0","ticket_nor":3,"ticket_person":11,"status":1,"uptimes":1781096265,"times":1735490732,"new_tax_id":1},{"id":1741,"pid":1,"group_id":4,"catname":"\u516b\u6298\u6807\u51c6","cat_index":3,"source":"[\"677187340b61b.png\"]","sorts":null,"gimage":"677187340b3d7.png","gnames":"\u94dc\u82af\u4ea4\u8054\u805a\u4e59\u70ef\u7edd\u7f18\u805a\u6c2f\u4e59\u70ef\u62a4\u5957\u963b\u71c3\u7535\u7f06\u3010\u4e5d\u6298\u6807\u51c6\u3011","up_a":"0.0","down_a":"0.0","up_b":"0.0","down_b":"0.0","up_c":"0.0","down_c":"0.0","up_d":"0.0","down_d":"0.0","up_e":"0.0","down_e":"0.0","up_f":"0.0","down_f":"0.0","ticket_nor":3,"ticket_person":11,"status":1,"uptimes":1781228972,"times":1781228972,"new_tax_id":1}],"group_list":[{"id":3,"pid":1,"name":"test1","ratio":"1.000000","sort":0,"add_time":1781145782,"up_time":1781145782},{"id":4,"pid":1,"name":"test2","ratio":"1.000000","sort":0,"add_time":1781145796,"up_time":1781145796}]}}

[ 2026-06-12T17:01:09+08:00 ] ::1 /Home/Goods/plate_conts_clearlog.html
INFO: [ app_init ] --START--
INFO: Run Behavior\BuildLiteBehavior [ RunTime:0.000003s ]
INFO: [ app_init ] --END-- [ RunTime:0.000029s ]
INFO: [ app_begin ] --START--
INFO: Run Behavior\ReadHtmlCacheBehavior [ RunTime:0.000013s ]
INFO: [ app_begin ] --END-- [ RunTime:0.000021s ]
SQL: SHOW COLUMNS FROM `plate_conts_logs` [ RunTime:0.0051s ]
SQL: SHOW COLUMNS FROM `plate_conts_logsr` [ RunTime:0.0020s ]
SQL: DELETE FROM `plate_conts_logs` WHERE `blank_id` = 1738 [ RunTime:0.0082s ]
ERR: {"status":1,"msg":"\u5220\u9664\u6210\u529f","data":null}

[ 2026-06-12T17:01:09+08:00 ] ::1 /Home/Goods/plate_conts_blankr.html
INFO: [ app_init ] --START--
INFO: Run Behavior\BuildLiteBehavior [ RunTime:0.000002s ]
INFO: [ app_init ] --END-- [ RunTime:0.000016s ]
INFO: [ app_begin ] --START--
INFO: Run Behavior\ReadHtmlCacheBehavior [ RunTime:0.000008s ]
INFO: [ app_begin ] --END-- [ RunTime:0.000015s ]
SQL: SHOW COLUMNS FROM `plate_conts_blank` [ RunTime:0.0031s ]
SQL: SHOW COLUMNS FROM `plate_conts_logs` [ RunTime:0.0042s ]
SQL: SHOW COLUMNS FROM `plate_conts_logsr` [ RunTime:0.0019s ]
SQL: SELECT * FROM `plate_conts_blank` WHERE `id` = 1738 LIMIT 1   [ RunTime:0.0009s ]
SQL: SELECT * FROM `plate_conts_logs` WHERE `blank_id` = 1738 ORDER BY number asc,id asc  [ RunTime:0.0006s ]
SQL: SELECT `key_0` FROM `plate_conts_logs` WHERE `blank_id` = 1738 GROUP BY key_0 LIMIT 1   [ RunTime:0.0004s ]
SQL: SELECT `key_1` FROM `plate_conts_logs` WHERE `blank_id` = 1738 GROUP BY key_1 LIMIT 1   [ RunTime:0.0008s ]
SQL: SELECT `key_2` FROM `plate_conts_logs` WHERE `blank_id` = 1738 GROUP BY key_2 LIMIT 1   [ RunTime:0.0008s ]
SQL: SELECT `key_3` FROM `plate_conts_logs` WHERE `blank_id` = 1738 GROUP BY key_3 LIMIT 1   [ RunTime:0.0003s ]
SQL: SELECT `key_4` FROM `plate_conts_logs` WHERE `blank_id` = 1738 GROUP BY key_4 LIMIT 1   [ RunTime:0.0002s ]
SQL: SELECT `key_5` FROM `plate_conts_logs` WHERE `blank_id` = 1738 GROUP BY key_5 LIMIT 1   [ RunTime:0.0003s ]
SQL: SELECT `key_6` FROM `plate_conts_logs` WHERE `blank_id` = 1738 GROUP BY key_6 LIMIT 1   [ RunTime:0.0002s ]
SQL: SELECT `key_7` FROM `plate_conts_logs` WHERE `blank_id` = 1738 GROUP BY key_7 LIMIT 1   [ RunTime:0.0004s ]
NOTIC: [2] Trying to access array offset on value of type null /Users/gangliu/data/catdesk_workspace/yilan/App/Home/Controller/GoodsController.class.php 第 799 行.
NOTIC: [2] Trying to access array offset on value of type null /Users/gangliu/data/catdesk_workspace/yilan/App/Home/Controller/GoodsController.class.php 第 799 行.
NOTIC: [2] Trying to access array offset on value of type null /Users/gangliu/data/catdesk_workspace/yilan/App/Home/Controller/GoodsController.class.php 第 799 行.
NOTIC: [2] Trying to access array offset on value of type null /Users/gangliu/data/catdesk_workspace/yilan/App/Home/Controller/GoodsController.class.php 第 800 行.
NOTIC: [2] Trying to access array offset on value of type null /Users/gangliu/data/catdesk_workspace/yilan/App/Home/Controller/GoodsController.class.php 第 800 行.
NOTIC: [2] Trying to access array offset on value of type null /Users/gangliu/data/catdesk_workspace/yilan/App/Home/Controller/GoodsController.class.php 第 801 行.
NOTIC: [2] Trying to access array offset on value of type null /Users/gangliu/data/catdesk_workspace/yilan/App/Home/Controller/GoodsController.class.php 第 801 行.
NOTIC: [2] Trying to access array offset on value of type null /Users/gangliu/data/catdesk_workspace/yilan/App/Home/Controller/GoodsController.class.php 第 801 行.
SQL: SHOW COLUMNS FROM `new_tax` [ RunTime:0.0019s ]
SQL: SELECT * FROM `new_tax` WHERE `is_del` = 1  [ RunTime:0.0007s ]
SQL: SHOW COLUMNS FROM `plate_conts_price` [ RunTime:0.0019s ]
SQL: SELECT * FROM `plate_conts_price` WHERE `blank_id` = 1738 AND `is_del` = 1 ORDER BY sort asc, id asc  [ RunTime:0.0008s ]
SQL: SELECT * FROM `plate_conts_blank` WHERE `pid` = 1 AND `status` = 1 ORDER BY cat_index asc  [ RunTime:0.0006s ]
SQL: SHOW COLUMNS FROM `plate_conts_blank_group` [ RunTime:0.0016s ]
SQL: SELECT * FROM `plate_conts_blank_group` WHERE `pid` = 1 ORDER BY sort asc, id asc  [ RunTime:0.0005s ]
ERR: {"status":1,"msg":"\u83b7\u53d6\u6210\u529f","data":{"info":{"id":1738,"pid":1,"group_id":3,"catname":"\u5546\u54c1","cat_index":1,"source":["677187340b61b.png"],"sorts":0,"gimage":"677187340b3d7.png","gnames":"\u94dc\u82af\u4ea4\u8054\u805a\u4e59\u70ef\u7edd\u7f18\u805a\u6c2f\u4e59\u70ef\u62a4\u5957\u963b\u71c3\u7535\u7f06\u3010\u4e5d\u6298\u6807\u51c6\u3011","up_a":"0.0","down_a":"0.0","up_b":"0.0","down_b":"0.0","up_c":"0.0","down_c":"0.0","up_d":"0.0","down_d":"0.0","up_e":"0.0","down_e":"0.0","up_f":"0.0","down_f":"0.0","ticket_nor":3,"ticket_person":11,"status":1,"uptimes":1781096236,"times":1781095065,"new_tax_id":1},"key":{"keya":null,"keyb":null,"keyc":null,"keyd":null,"keye":null,"keyf":null,"keyg":null,"keyh":null},"list":[],"tax_list":[{"id":1,"pid":0,"name":"\u7535\u529b\u7535\u7f06\u7a0e\u7387\u53d1\u7968","alias_name":"","normal_tax":"3.00","special_tax":"11.00","status":1,"is_del":1,"add_time":0,"up_time":0},{"id":2,"pid":0,"name":"\u5bb6\u88c5\u7535\u7ebf\u7a0e\u7387","alias_name":"","normal_tax":"3.00","special_tax":"10.00","status":1,"is_del":1,"add_time":0,"up_time":0},{"id":3,"pid":0,"name":"\u521a\u6027\u9632\u706b\u7535\u7f06\u7a0e\u7387","alias_name":"","normal_tax":"3.00","special_tax":"9.00","status":1,"is_del":1,"add_time":0,"up_time":0},{"id":9,"pid":0,"name":"\u6a61\u5957\u7535\u7f06\u7a0e\u7387","alias_name":"","normal_tax":"3.00","special_tax":"11.00","status":1,"is_del":1,"add_time":0,"up_time":0},{"id":10,"pid":0,"name":"\u77ff\u7528\u6a61\u80f6\u7535\u7f06\u7a0e\u7387","alias_name":"","normal_tax":"4.00","special_tax":"12.00","status":1,"is_del":1,"add_time":0,"up_time":0}],"price_list":[{"id":2648,"plate_conts_id":1,"new_cate_one_id":1,"new_cate_two_id":355,"new_cate_three_id":356,"name":"\u94dc\u82af\u5bfc\u4f53","ratio":"1.00","sort":1000,"is_del":1,"cat_index":1,"blank_id":1738},{"id":2649,"plate_conts_id":1,"new_cate_one_id":1,"new_cate_two_id":355,"new_cate_three_id":362,"name":"\u8f90\u7167\u4ea4\u8054\u7edd\u7f18","ratio":"1.00","sort":1000,"is_del":1,"cat_index":1,"blank_id":1738},{"id":2650,"plate_conts_id":1,"new_cate_one_id":1,"new_cate_two_id":355,"new_cate_three_id":371,"name":"PVC\u62a4\u5957","ratio":"1.00","sort":1000,"is_del":1,"cat_index":1,"blank_id":1738},{"id":7812,"plate_conts_id":1,"new_cate_one_id":1,"new_cate_two_id":355,"new_cate_three_id":356,"name":"\u94dc\u82af\u5bfc\u4f53","ratio":"0.90","sort":1000,"is_del":1,"cat_index":1,"blank_id":1738},{"id":7813,"plate_conts_id":1,"new_cate_one_id":1,"new_cate_two_id":355,"new_cate_three_id":362,"name":"\u8f90\u7167\u4ea4\u8054\u7edd\u7f18","ratio":"1.00","sort":1000,"is_del":1,"cat_index":1,"blank_id":1738}],"all_blanks":[{"id":1738,"pid":1,"group_id":3,"catname":"\u5546\u54c1","cat_index":1,"source":"[\"677187340b61b.png\"]","sorts":0,"gimage":"677187340b3d7.png","gnames":"\u94dc\u82af\u4ea4\u8054\u805a\u4e59\u70ef\u7edd\u7f18\u805a\u6c2f\u4e59\u70ef\u62a4\u5957\u963b\u71c3\u7535\u7f06\u3010\u4e5d\u6298\u6807\u51c6\u3011","up_a":"0.0","down_a":"0.0","up_b":"0.0","down_b":"0.0","up_c":"0.0","down_c":"0.0","up_d":"0.0","down_d":"0.0","up_e":"0.0","down_e":"0.0","up_f":"0.0","down_f":"0.0","ticket_nor":3,"ticket_person":11,"status":1,"uptimes":1781096236,"times":1781095065,"new_tax_id":1},{"id":1739,"pid":1,"group_id":4,"catname":"\u5546\u54c1","cat_index":1,"source":"[\"677187340b61b.png\"]","sorts":null,"gimage":"677187340b3d7.png","gnames":"\u94dc\u82af\u4ea4\u8054\u805a\u4e59\u70ef\u7edd\u7f18\u805a\u6c2f\u4e59\u70ef\u62a4\u5957\u963b\u71c3\u7535\u7f06\u3010\u4e5d\u6298\u6807\u51c6\u3011","up_a":"0.0","down_a":"0.0","up_b":"0.0","down_b":"0.0","up_c":"0.0","down_c":"0.0","up_d":"0.0","down_d":"0.0","up_e":"0.0","down_e":"0.0","up_f":"0.0","down_f":"0.0","ticket_nor":3,"ticket_person":11,"status":1,"uptimes":1781228972,"times":1781228972,"new_tax_id":1},{"id":1557,"pid":1,"group_id":3,"catname":"\u4e5d\u6298\u6807\u51c6","cat_index":2,"source":"[\"677187340b61b.png\"]","sorts":0,"gimage":"677187340b3d7.png","gnames":"\u94dc\u82af\u4ea4\u8054\u805a\u4e59\u70ef\u7edd\u7f18\u805a\u6c2f\u4e59\u70ef\u62a4\u5957\u963b\u71c3\u7535\u7f06\u3010\u4e5d\u6298\u6807\u51c6\u3011","up_a":"0.0","down_a":"0.0","up_b":"0.0","down_b":"0.0","up_c":"0.0","down_c":"0.0","up_d":"0.0","down_d":"0.0","up_e":"0.0","down_e":"0.0","up_f":"0.0","down_f":"0.0","ticket_nor":3,"ticket_person":11,"status":1,"uptimes":1781095113,"times":1735489364,"new_tax_id":1},{"id":1740,"pid":1,"group_id":4,"catname":"\u4e5d\u6298\u6807\u51c6","cat_index":2,"source":"[\"677187340b61b.png\"]","sorts":null,"gimage":"677187340b3d7.png","gnames":"\u94dc\u82af\u4ea4\u8054\u805a\u4e59\u70ef\u7edd\u7f18\u805a\u6c2f\u4e59\u70ef\u62a4\u5957\u963b\u71c3\u7535\u7f06\u3010\u4e5d\u6298\u6807\u51c6\u3011","up_a":"0.0","down_a":"0.0","up_b":"0.0","down_b":"0.0","up_c":"0.0","down_c":"0.0","up_d":"0.0","down_d":"0.0","up_e":"0.0","down_e":"0.0","up_f":"0.0","down_f":"0.0","ticket_nor":3,"ticket_person":11,"status":1,"uptimes":1781228972,"times":1781228972,"new_tax_id":1},{"id":1558,"pid":1,"group_id":3,"catname":"\u516b\u6298\u6807\u51c6","cat_index":3,"source":"[\"677187340b61b.png\"]","sorts":0,"gimage":"677187340b3d7.png","gnames":"\u94dc\u82af\u4ea4\u8054\u805a\u4e59\u70ef\u7edd\u7f18\u805a\u6c2f\u4e59\u70ef\u62a4\u5957\u963b\u71c3\u7535\u7f06\u3010\u4e5d\u6298\u6807\u51c6\u3011","up_a":"0.0","down_a":"0.0","up_b":"0.0","down_b":"0.0","up_c":"0.0","down_c":"0.0","up_d":"0.0","down_d":"0.0","up_e":"0.0","down_e":"0.0","up_f":"0.0","down_f":"0.0","ticket_nor":3,"ticket_person":11,"status":1,"uptimes":1781096265,"times":1735490732,"new_tax_id":1},{"id":1741,"pid":1,"group_id":4,"catname":"\u516b\u6298\u6807\u51c6","cat_index":3,"source":"[\"677187340b61b.png\"]","sorts":null,"gimage":"677187340b3d7.png","gnames":"\u94dc\u82af\u4ea4\u8054\u805a\u4e59\u70ef\u7edd\u7f18\u805a\u6c2f\u4e59\u70ef\u62a4\u5957\u963b\u71c3\u7535\u7f06\u3010\u4e5d\u6298\u6807\u51c6\u3011","up_a":"0.0","down_a":"0.0","up_b":"0.0","down_b":"0.0","up_c":"0.0","down_c":"0.0","up_d":"0.0","down_d":"0.0","up_e":"0.0","down_e":"0.0","up_f":"0.0","down_f":"0.0","ticket_nor":3,"ticket_person":11,"status":1,"uptimes":1781228972,"times":1781228972,"new_tax_id":1}],"group_list":[{"id":3,"pid":1,"name":"test1","ratio":"1.000000","sort":0,"add_time":1781145782,"up_time":1781145782},{"id":4,"pid":1,"name":"test2","ratio":"1.000000","sort":0,"add_time":1781145796,"up_time":1781145796}]}}

[ 2026-06-12T17:01:19+08:00 ] ::1 /Home/Goods/plate_conts_import.html
INFO: [ app_init ] --START--
INFO: Run Behavior\BuildLiteBehavior [ RunTime:0.000005s ]
INFO: [ app_init ] --END-- [ RunTime:0.000042s ]
INFO: [ app_begin ] --START--
INFO: Run Behavior\ReadHtmlCacheBehavior [ RunTime:0.000015s ]
INFO: [ app_begin ] --END-- [ RunTime:0.000028s ]
SQL: SHOW COLUMNS FROM `plate_conts_logs` [ RunTime:0.0026s ]
NOTIC: [8192] Function libxml_disable_entity_loader() is deprecated /Users/gangliu/data/catdesk_workspace/yilan/ThinkPHP/Library/Vendor/PHPExcel/PHPExcel/Settings.php 第 369 行.
NOTIC: [2] Undefined variable $options /Users/gangliu/data/catdesk_workspace/yilan/ThinkPHP/Library/Vendor/PHPExcel/PHPExcel/Settings.php 第 384 行.
NOTIC: [8192] Function libxml_disable_entity_loader() is deprecated /Users/gangliu/data/catdesk_workspace/yilan/ThinkPHP/Library/Vendor/PHPExcel/PHPExcel/Settings.php 第 384 行.
NOTIC: [2] Undefined variable $options /Users/gangliu/data/catdesk_workspace/yilan/ThinkPHP/Library/Vendor/PHPExcel/PHPExcel/Settings.php 第 384 行.
NOTIC: [8192] Function libxml_disable_entity_loader() is deprecated /Users/gangliu/data/catdesk_workspace/yilan/ThinkPHP/Library/Vendor/PHPExcel/PHPExcel/Settings.php 第 384 行.
NOTIC: [2] Undefined variable $options /Users/gangliu/data/catdesk_workspace/yilan/ThinkPHP/Library/Vendor/PHPExcel/PHPExcel/Settings.php 第 384 行.
NOTIC: [8192] Function libxml_disable_entity_loader() is deprecated /Users/gangliu/data/catdesk_workspace/yilan/ThinkPHP/Library/Vendor/PHPExcel/PHPExcel/Settings.php 第 384 行.
NOTIC: [2] Undefined variable $options /Users/gangliu/data/catdesk_workspace/yilan/ThinkPHP/Library/Vendor/PHPExcel/PHPExcel/Settings.php 第 384 行.
NOTIC: [8192] Function libxml_disable_entity_loader() is deprecated /Users/gangliu/data/catdesk_workspace/yilan/ThinkPHP/Library/Vendor/PHPExcel/PHPExcel/Settings.php 第 384 行.
NOTIC: [2] Undefined variable $options /Users/gangliu/data/catdesk_workspace/yilan/ThinkPHP/Library/Vendor/PHPExcel/PHPExcel/Settings.php 第 384 行.
NOTIC: [8192] Function libxml_disable_entity_loader() is deprecated /Users/gangliu/data/catdesk_workspace/yilan/ThinkPHP/Library/Vendor/PHPExcel/PHPExcel/Settings.php 第 384 行.
NOTIC: [2] Undefined variable $options /Users/gangliu/data/catdesk_workspace/yilan/ThinkPHP/Library/Vendor/PHPExcel/PHPExcel/Settings.php 第 384 行.
NOTIC: [8192] Function libxml_disable_entity_loader() is deprecated /Users/gangliu/data/catdesk_workspace/yilan/ThinkPHP/Library/Vendor/PHPExcel/PHPExcel/Settings.php 第 384 行.
NOTIC: [2] Undefined variable $options /Users/gangliu/data/catdesk_workspace/yilan/ThinkPHP/Library/Vendor/PHPExcel/PHPExcel/Settings.php 第 384 行.
NOTIC: [8192] Function libxml_disable_entity_loader() is deprecated /Users/gangliu/data/catdesk_workspace/yilan/ThinkPHP/Library/Vendor/PHPExcel/PHPExcel/Settings.php 第 384 行.
NOTIC: [2] Undefined variable $options /Users/gangliu/data/catdesk_workspace/yilan/ThinkPHP/Library/Vendor/PHPExcel/PHPExcel/Settings.php 第 384 行.
NOTIC: [8192] Function libxml_disable_entity_loader() is deprecated /Users/gangliu/data/catdesk_workspace/yilan/ThinkPHP/Library/Vendor/PHPExcel/PHPExcel/Settings.php 第 384 行.
NOTIC: [2] Undefined variable $options /Users/gangliu/data/catdesk_workspace/yilan/ThinkPHP/Library/Vendor/PHPExcel/PHPExcel/Settings.php 第 384 行.
NOTIC: [8192] Function libxml_disable_entity_loader() is deprecated /Users/gangliu/data/catdesk_workspace/yilan/ThinkPHP/Library/Vendor/PHPExcel/PHPExcel/Settings.php 第 384 行.
NOTIC: [8192] Implicit conversion from float 218.39106418042545 to int loses precision /Users/gangliu/data/catdesk_workspace/yilan/ThinkPHP/Library/Vendor/PHPExcel/PHPExcel/Style/Color.php 第 323 行.
NOTIC: [8192] Implicit conversion from float 227.19321268349256 to int loses precision /Users/gangliu/data/catdesk_workspace/yilan/ThinkPHP/Library/Vendor/PHPExcel/PHPExcel/Style/Color.php 第 324 行.
NOTIC: [8192] Implicit conversion from float 244.5974608600116 to int loses precision /Users/gangliu/data/catdesk_workspace/yilan/ThinkPHP/Library/Vendor/PHPExcel/PHPExcel/Style/Color.php 第 325 行.
NOTIC: [8192] Implicit conversion from float 218.39106418042545 to int loses precision /Users/gangliu/data/catdesk_workspace/yilan/ThinkPHP/Library/Vendor/PHPExcel/PHPExcel/Style/Color.php 第 323 行.
NOTIC: [8192] Implicit conversion from float 227.19321268349256 to int loses precision /Users/gangliu/data/catdesk_workspace/yilan/ThinkPHP/Library/Vendor/PHPExcel/PHPExcel/Style/Color.php 第 324 行.
NOTIC: [8192] Implicit conversion from float 244.5974608600116 to int loses precision /Users/gangliu/data/catdesk_workspace/yilan/ThinkPHP/Library/Vendor/PHPExcel/PHPExcel/Style/Color.php 第 325 行.
NOTIC: [8192] Implicit conversion from float 145.1899472029786 to int loses precision /Users/gangliu/data/catdesk_workspace/yilan/ThinkPHP/Library/Vendor/PHPExcel/PHPExcel/Style/Color.php 第 323 行.
NOTIC: [8192] Implicit conversion from float 171.59236426892912 to int loses precision /Users/gangliu/data/catdesk_workspace/yilan/ThinkPHP/Library/Vendor/PHPExcel/PHPExcel/Style/Color.php 第 324 行.
NOTIC: [8192] Implicit conversion from float 223.79714346751305 to int loses precision /Users/gangliu/data/catdesk_workspace/yilan/ThinkPHP/Library/Vendor/PHPExcel/PHPExcel/Style/Color.php 第 325 行.
NOTIC: [8192] Implicit conversion from float 218.39106418042545 to int loses precision /Users/gangliu/data/catdesk_workspace/yilan/ThinkPHP/Library/Vendor/PHPExcel/PHPExcel/Style/Color.php 第 323 行.
NOTIC: [8192] Implicit conversion from float 227.19321268349256 to int loses precision /Users/gangliu/data/catdesk_workspace/yilan/ThinkPHP/Library/Vendor/PHPExcel/PHPExcel/Style/Color.php 第 324 行.
NOTIC: [8192] Implicit conversion from float 244.5974608600116 to int loses precision /Users/gangliu/data/catdesk_workspace/yilan/ThinkPHP/Library/Vendor/PHPExcel/PHPExcel/Style/Color.php 第 325 行.
NOTIC: [8192] Implicit conversion from float 218.39106418042545 to int loses precision /Users/gangliu/data/catdesk_workspace/yilan/ThinkPHP/Library/Vendor/PHPExcel/PHPExcel/Style/Color.php 第 323 行.
NOTIC: [8192] Implicit conversion from float 227.19321268349256 to int loses precision /Users/gangliu/data/catdesk_workspace/yilan/ThinkPHP/Library/Vendor/PHPExcel/PHPExcel/Style/Color.php 第 324 行.
NOTIC: [8192] Implicit conversion from float 244.5974608600116 to int loses precision /Users/gangliu/data/catdesk_workspace/yilan/ThinkPHP/Library/Vendor/PHPExcel/PHPExcel/Style/Color.php 第 325 行.
NOTIC: [8192] Implicit conversion from float 145.1899472029786 to int loses precision /Users/gangliu/data/catdesk_workspace/yilan/ThinkPHP/Library/Vendor/PHPExcel/PHPExcel/Style/Color.php 第 323 行.
NOTIC: [8192] Implicit conversion from float 171.59236426892912 to int loses precision /Users/gangliu/data/catdesk_workspace/yilan/ThinkPHP/Library/Vendor/PHPExcel/PHPExcel/Style/Color.php 第 324 行.
NOTIC: [8192] Implicit conversion from float 223.79714346751305 to int loses precision /Users/gangliu/data/catdesk_workspace/yilan/ThinkPHP/Library/Vendor/PHPExcel/PHPExcel/Style/Color.php 第 325 行.
NOTIC: [8192] Implicit conversion from float 145.1899472029786 to int loses precision /Users/gangliu/data/catdesk_workspace/yilan/ThinkPHP/Library/Vendor/PHPExcel/PHPExcel/Style/Color.php 第 323 行.
NOTIC: [8192] Implicit conversion from float 171.59236426892912 to int loses precision /Users/gangliu/data/catdesk_workspace/yilan/ThinkPHP/Library/Vendor/PHPExcel/PHPExcel/Style/Color.php 第 324 行.
NOTIC: [8192] Implicit conversion from float 223.79714346751305 to int loses precision /Users/gangliu/data/catdesk_workspace/yilan/ThinkPHP/Library/Vendor/PHPExcel/PHPExcel/Style/Color.php 第 325 行.
NOTIC: [8192] Implicit conversion from float 218.39106418042545 to int loses precision /Users/gangliu/data/catdesk_workspace/yilan/ThinkPHP/Library/Vendor/PHPExcel/PHPExcel/Style/Color.php 第 323 行.
NOTIC: [8192] Implicit conversion from float 227.19321268349256 to int loses precision /Users/gangliu/data/catdesk_workspace/yilan/ThinkPHP/Library/Vendor/PHPExcel/PHPExcel/Style/Color.php 第 324 行.
NOTIC: [8192] Implicit conversion from float 244.5974608600116 to int loses precision /Users/gangliu/data/catdesk_workspace/yilan/ThinkPHP/Library/Vendor/PHPExcel/PHPExcel/Style/Color.php 第 325 行.
NOTIC: [8192] Implicit conversion from float 218.39106418042545 to int loses precision /Users/gangliu/data/catdesk_workspace/yilan/ThinkPHP/Library/Vendor/PHPExcel/PHPExcel/Style/Color.php 第 323 行.
NOTIC: [8192] Implicit conversion from float 227.19321268349256 to int loses precision /Users/gangliu/data/catdesk_workspace/yilan/ThinkPHP/Library/Vendor/PHPExcel/PHPExcel/Style/Color.php 第 324 行.
NOTIC: [8192] Implicit conversion from float 244.5974608600116 to int loses precision /Users/gangliu/data/catdesk_workspace/yilan/ThinkPHP/Library/Vendor/PHPExcel/PHPExcel/Style/Color.php 第 325 行.
NOTIC: [8192] Implicit conversion from float 218.39106418042545 to int loses precision /Users/gangliu/data/catdesk_workspace/yilan/ThinkPHP/Library/Vendor/PHPExcel/PHPExcel/Style/Color.php 第 323 行.
NOTIC: [8192] Implicit conversion from float 227.19321268349256 to int loses precision /Users/gangliu/data/catdesk_workspace/yilan/ThinkPHP/Library/Vendor/PHPExcel/PHPExcel/Style/Color.php 第 324 行.
NOTIC: [8192] Implicit conversion from float 244.5974608600116 to int loses precision /Users/gangliu/data/catdesk_workspace/yilan/ThinkPHP/Library/Vendor/PHPExcel/PHPExcel/Style/Color.php 第 325 行.
NOTIC: [8192] Implicit conversion from float 218.39106418042545 to int loses precision /Users/gangliu/data/catdesk_workspace/yilan/ThinkPHP/Library/Vendor/PHPExcel/PHPExcel/Style/Color.php 第 323 行.
NOTIC: [8192] Implicit conversion from float 227.19321268349256 to int loses precision /Users/gangliu/data/catdesk_workspace/yilan/ThinkPHP/Library/Vendor/PHPExcel/PHPExcel/Style/Color.php 第 324 行.
NOTIC: [8192] Implicit conversion from float 244.5974608600116 to int loses precision /Users/gangliu/data/catdesk_workspace/yilan/ThinkPHP/Library/Vendor/PHPExcel/PHPExcel/Style/Color.php 第 325 行.
NOTIC: [8192] Implicit conversion from float 218.39106418042545 to int loses precision /Users/gangliu/data/catdesk_workspace/yilan/ThinkPHP/Library/Vendor/PHPExcel/PHPExcel/Style/Color.php 第 323 行.
NOTIC: [8192] Implicit conversion from float 227.19321268349256 to int loses precision /Users/gangliu/data/catdesk_workspace/yilan/ThinkPHP/Library/Vendor/PHPExcel/PHPExcel/Style/Color.php 第 324 行.
NOTIC: [8192] Implicit conversion from float 244.5974608600116 to int loses precision /Users/gangliu/data/catdesk_workspace/yilan/ThinkPHP/Library/Vendor/PHPExcel/PHPExcel/Style/Color.php 第 325 行.
NOTIC: [8192] Implicit conversion from float 218.39106418042545 to int loses precision /Users/gangliu/data/catdesk_workspace/yilan/ThinkPHP/Library/Vendor/PHPExcel/PHPExcel/Style/Color.php 第 323 行.
NOTIC: [8192] Implicit conversion from float 227.19321268349256 to int loses precision /Users/gangliu/data/catdesk_workspace/yilan/ThinkPHP/Library/Vendor/PHPExcel/PHPExcel/Style/Color.php 第 324 行.
NOTIC: [8192] Implicit conversion from float 244.5974608600116 to int loses precision /Users/gangliu/data/catdesk_workspace/yilan/ThinkPHP/Library/Vendor/PHPExcel/PHPExcel/Style/Color.php 第 325 行.
NOTIC: [8192] Implicit conversion from float 145.1899472029786 to int loses precision /Users/gangliu/data/catdesk_workspace/yilan/ThinkPHP/Library/Vendor/PHPExcel/PHPExcel/Style/Color.php 第 323 行.
NOTIC: [8192] Implicit conversion from float 171.59236426892912 to int loses precision /Users/gangliu/data/catdesk_workspace/yilan/ThinkPHP/Library/Vendor/PHPExcel/PHPExcel/Style/Color.php 第 324 行.
NOTIC: [8192] Implicit conversion from float 223.79714346751305 to int loses precision /Users/gangliu/data/catdesk_workspace/yilan/ThinkPHP/Library/Vendor/PHPExcel/PHPExcel/Style/Color.php 第 325 行.
NOTIC: [8192] Implicit conversion from float 145.1899472029786 to int loses precision /Users/gangliu/data/catdesk_workspace/yilan/ThinkPHP/Library/Vendor/PHPExcel/PHPExcel/Style/Color.php 第 323 行.
NOTIC: [8192] Implicit conversion from float 171.59236426892912 to int loses precision /Users/gangliu/data/catdesk_workspace/yilan/ThinkPHP/Library/Vendor/PHPExcel/PHPExcel/Style/Color.php 第 324 行.
NOTIC: [8192] Implicit conversion from float 223.79714346751305 to int loses precision /Users/gangliu/data/catdesk_workspace/yilan/ThinkPHP/Library/Vendor/PHPExcel/PHPExcel/Style/Color.php 第 325 行.
NOTIC: [8192] Implicit conversion from float 218.39106418042545 to int loses precision /Users/gangliu/data/catdesk_workspace/yilan/ThinkPHP/Library/Vendor/PHPExcel/PHPExcel/Style/Color.php 第 323 行.
NOTIC: [8192] Implicit conversion from float 227.19321268349256 to int loses precision /Users/gangliu/data/catdesk_workspace/yilan/ThinkPHP/Library/Vendor/PHPExcel/PHPExcel/Style/Color.php 第 324 行.
NOTIC: [8192] Implicit conversion from float 244.5974608600116 to int loses precision /Users/gangliu/data/catdesk_workspace/yilan/ThinkPHP/Library/Vendor/PHPExcel/PHPExcel/Style/Color.php 第 325 行.
NOTIC: [8192] Implicit conversion from float 218.39106418042545 to int loses precision /Users/gangliu/data/catdesk_workspace/yilan/ThinkPHP/Library/Vendor/PHPExcel/PHPExcel/Style/Color.php 第 323 行.
NOTIC: [8192] Implicit conversion from float 227.19321268349256 to int loses precision /Users/gangliu/data/catdesk_workspace/yilan/ThinkPHP/Library/Vendor/PHPExcel/PHPExcel/Style/Color.php 第 324 行.
NOTIC: [8192] Implicit conversion from float 244.5974608600116 to int loses precision /Users/gangliu/data/catdesk_workspace/yilan/ThinkPHP/Library/Vendor/PHPExcel/PHPExcel/Style/Color.php 第 325 行.
NOTIC: [8192] Implicit conversion from float 145.1899472029786 to int loses precision /Users/gangliu/data/catdesk_workspace/yilan/ThinkPHP/Library/Vendor/PHPExcel/PHPExcel/Style/Color.php 第 323 行.
NOTIC: [8192] Implicit conversion from float 171.59236426892912 to int loses precision /Users/gangliu/data/catdesk_workspace/yilan/ThinkPHP/Library/Vendor/PHPExcel/PHPExcel/Style/Color.php 第 324 行.
NOTIC: [8192] Implicit conversion from float 223.79714346751305 to int loses precision /Users/gangliu/data/catdesk_workspace/yilan/ThinkPHP/Library/Vendor/PHPExcel/PHPExcel/Style/Color.php 第 325 行.
NOTIC: [8192] Implicit conversion from float 218.39106418042545 to int loses precision /Users/gangliu/data/catdesk_workspace/yilan/ThinkPHP/Library/Vendor/PHPExcel/PHPExcel/Style/Color.php 第 323 行.
NOTIC: [8192] Implicit conversion from float 227.19321268349256 to int loses precision /Users/gangliu/data/catdesk_workspace/yilan/ThinkPHP/Library/Vendor/PHPExcel/PHPExcel/Style/Color.php 第 324 行.
NOTIC: [8192] Implicit conversion from float 244.5974608600116 to int loses precision /Users/gangliu/data/catdesk_workspace/yilan/ThinkPHP/Library/Vendor/PHPExcel/PHPExcel/Style/Color.php 第 325 行.
NOTIC: [8192] Implicit conversion from float 218.39106418042545 to int loses precision /Users/gangliu/data/catdesk_workspace/yilan/ThinkPHP/Library/Vendor/PHPExcel/PHPExcel/Style/Color.php 第 323 行.
NOTIC: [8192] Implicit conversion from float 227.19321268349256 to int loses precision /Users/gangliu/data/catdesk_workspace/yilan/ThinkPHP/Library/Vendor/PHPExcel/PHPExcel/Style/Color.php 第 324 行.
NOTIC: [8192] Implicit conversion from float 244.5974608600116 to int loses precision /Users/gangliu/data/catdesk_workspace/yilan/ThinkPHP/Library/Vendor/PHPExcel/PHPExcel/Style/Color.php 第 325 行.
NOTIC: [8192] Implicit conversion from float 218.39106418042545 to int loses precision /Users/gangliu/data/catdesk_workspace/yilan/ThinkPHP/Library/Vendor/PHPExcel/PHPExcel/Style/Color.php 第 323 行.
NOTIC: [8192] Implicit conversion from float 227.19321268349256 to int loses precision /Users/gangliu/data/catdesk_workspace/yilan/ThinkPHP/Library/Vendor/PHPExcel/PHPExcel/Style/Color.php 第 324 行.
NOTIC: [8192] Implicit conversion from float 244.5974608600116 to int loses precision /Users/gangliu/data/catdesk_workspace/yilan/ThinkPHP/Library/Vendor/PHPExcel/PHPExcel/Style/Color.php 第 325 行.
NOTIC: [8192] Implicit conversion from float 218.39106418042545 to int loses precision /Users/gangliu/data/catdesk_workspace/yilan/ThinkPHP/Library/Vendor/PHPExcel/PHPExcel/Style/Color.php 第 323 行.
NOTIC: [8192] Implicit conversion from float 227.19321268349256 to int loses precision /Users/gangliu/data/catdesk_workspace/yilan/ThinkPHP/Library/Vendor/PHPExcel/PHPExcel/Style/Color.php 第 324 行.
NOTIC: [8192] Implicit conversion from float 244.5974608600116 to int loses precision /Users/gangliu/data/catdesk_workspace/yilan/ThinkPHP/Library/Vendor/PHPExcel/PHPExcel/Style/Color.php 第 325 行.
NOTIC: [2] Undefined variable $options /Users/gangliu/data/catdesk_workspace/yilan/ThinkPHP/Library/Vendor/PHPExcel/PHPExcel/Settings.php 第 384 行.
NOTIC: [8192] Function libxml_disable_entity_loader() is deprecated /Users/gangliu/data/catdesk_workspace/yilan/ThinkPHP/Library/Vendor/PHPExcel/PHPExcel/Settings.php 第 384 行.
NOTIC: [2] Undefined variable $options /Users/gangliu/data/catdesk_workspace/yilan/ThinkPHP/Library/Vendor/PHPExcel/PHPExcel/Settings.php 第 384 行.
NOTIC: [8192] Function libxml_disable_entity_loader() is deprecated /Users/gangliu/data/catdesk_workspace/yilan/ThinkPHP/Library/Vendor/PHPExcel/PHPExcel/Settings.php 第 384 行.
NOTIC: [2] Trying to access array offset on value of type float /Users/gangliu/data/catdesk_workspace/yilan/ThinkPHP/Library/Vendor/PHPExcel/PHPExcel/Cell/DefaultValueBinder.php 第 86 行.
NOTIC: [2] Undefined variable $options /Users/gangliu/data/catdesk_workspace/yilan/ThinkPHP/Library/Vendor/PHPExcel/PHPExcel/Settings.php 第 384 行.
NOTIC: [8192] Function libxml_disable_entity_loader() is deprecated /Users/gangliu/data/catdesk_workspace/yilan/ThinkPHP/Library/Vendor/PHPExcel/PHPExcel/Settings.php 第 384 行.
NOTIC: [2] Undefined variable $options /Users/gangliu/data/catdesk_workspace/yilan/ThinkPHP/Library/Vendor/PHPExcel/PHPExcel/Settings.php 第 384 行.
NOTIC: [8192] Function libxml_disable_entity_loader() is deprecated /Users/gangliu/data/catdesk_workspace/yilan/ThinkPHP/Library/Vendor/PHPExcel/PHPExcel/Settings.php 第 384 行.
NOTIC: [8192] preg_replace(): Passing null to parameter #3 ($subject) of type array|string is deprecated /Users/gangliu/data/catdesk_workspace/yilan/App/Home/Controller/GoodsController.class.php 第 413 行.
NOTIC: [8192] preg_replace(): Passing null to parameter #3 ($subject) of type array|string is deprecated /Users/gangliu/data/catdesk_workspace/yilan/App/Home/Controller/GoodsController.class.php 第 413 行.
NOTIC: [8192] preg_replace(): Passing null to parameter #3 ($subject) of type array|string is deprecated /Users/gangliu/data/catdesk_workspace/yilan/App/Home/Controller/GoodsController.class.php 第 413 行.
NOTIC: [8192] preg_replace(): Passing null to parameter #3 ($subject) of type array|string is deprecated /Users/gangliu/data/catdesk_workspace/yilan/App/Home/Controller/GoodsController.class.php 第 413 行.
NOTIC: [8192] preg_replace(): Passing null to parameter #3 ($subject) of type array|string is deprecated /Users/gangliu/data/catdesk_workspace/yilan/App/Home/Controller/GoodsController.class.php 第 413 行.
NOTIC: [8192] preg_replace(): Passing null to parameter #3 ($subject) of type array|string is deprecated /Users/gangliu/data/catdesk_workspace/yilan/App/Home/Controller/GoodsController.class.php 第 413 行.
NOTIC: [8192] preg_replace(): Passing null to parameter #3 ($subject) of type array|string is deprecated /Users/gangliu/data/catdesk_workspace/yilan/App/Home/Controller/GoodsController.class.php 第 413 行.
NOTIC: [8192] preg_replace(): Passing null to parameter #3 ($subject) of type array|string is deprecated /Users/gangliu/data/catdesk_workspace/yilan/App/Home/Controller/GoodsController.class.php 第 413 行.
NOTIC: [8192] preg_replace(): Passing null to parameter #3 ($subject) of type array|string is deprecated /Users/gangliu/data/catdesk_workspace/yilan/App/Home/Controller/GoodsController.class.php 第 413 行.
NOTIC: [8192] preg_replace(): Passing null to parameter #3 ($subject) of type array|string is deprecated /Users/gangliu/data/catdesk_workspace/yilan/App/Home/Controller/GoodsController.class.php 第 413 行.
NOTIC: [8192] preg_replace(): Passing null to parameter #3 ($subject) of type array|string is deprecated /Users/gangliu/data/catdesk_workspace/yilan/App/Home/Controller/GoodsController.class.php 第 413 行.
NOTIC: [8192] preg_replace(): Passing null to parameter #3 ($subject) of type array|string is deprecated /Users/gangliu/data/catdesk_workspace/yilan/App/Home/Controller/GoodsController.class.php 第 413 行.
NOTIC: [8192] preg_replace(): Passing null to parameter #3 ($subject) of type array|string is deprecated /Users/gangliu/data/catdesk_workspace/yilan/App/Home/Controller/GoodsController.class.php 第 413 行.
NOTIC: [8192] preg_replace(): Passing null to parameter #3 ($subject) of type array|string is deprecated /Users/gangliu/data/catdesk_workspace/yilan/App/Home/Controller/GoodsController.class.php 第 413 行.
NOTIC: [8192] preg_replace(): Passing null to parameter #3 ($subject) of type array|string is deprecated /Users/gangliu/data/catdesk_workspace/yilan/App/Home/Controller/GoodsController.class.php 第 413 行.
NOTIC: [8192] preg_replace(): Passing null to parameter #3 ($subject) of type array|string is deprecated /Users/gangliu/data/catdesk_workspace/yilan/App/Home/Controller/GoodsController.class.php 第 413 行.
NOTIC: [8192] preg_replace(): Passing null to parameter #3 ($subject) of type array|string is deprecated /Users/gangliu/data/catdesk_workspace/yilan/App/Home/Controller/GoodsController.class.php 第 413 行.
NOTIC: [8192] preg_replace(): Passing null to parameter #3 ($subject) of type array|string is deprecated /Users/gangliu/data/catdesk_workspace/yilan/App/Home/Controller/GoodsController.class.php 第 413 行.
NOTIC: [8192] preg_replace(): Passing null to parameter #3 ($subject) of type array|string is deprecated /Users/gangliu/data/catdesk_workspace/yilan/App/Home/Controller/GoodsController.class.php 第 413 行.
NOTIC: [8192] preg_replace(): Passing null to parameter #3 ($subject) of type array|string is deprecated /Users/gangliu/data/catdesk_workspace/yilan/App/Home/Controller/GoodsController.class.php 第 413 行.
NOTIC: [8192] preg_replace(): Passing null to parameter #3 ($subject) of type array|string is deprecated /Users/gangliu/data/catdesk_workspace/yilan/App/Home/Controller/GoodsController.class.php 第 413 行.
NOTIC: [8192] preg_replace(): Passing null to parameter #3 ($subject) of type array|string is deprecated /Users/gangliu/data/catdesk_workspace/yilan/App/Home/Controller/GoodsController.class.php 第 413 行.
NOTIC: [8192] preg_replace(): Passing null to parameter #3 ($subject) of type array|string is deprecated /Users/gangliu/data/catdesk_workspace/yilan/App/Home/Controller/GoodsController.class.php 第 413 行.
NOTIC: [8192] preg_replace(): Passing null to parameter #3 ($subject) of type array|string is deprecated /Users/gangliu/data/catdesk_workspace/yilan/App/Home/Controller/GoodsController.class.php 第 413 行.
NOTIC: [8192] preg_replace(): Passing null to parameter #3 ($subject) of type array|string is deprecated /Users/gangliu/data/catdesk_workspace/yilan/App/Home/Controller/GoodsController.class.php 第 413 行.
NOTIC: [8192] preg_replace(): Passing null to parameter #3 ($subject) of type array|string is deprecated /Users/gangliu/data/catdesk_workspace/yilan/App/Home/Controller/GoodsController.class.php 第 413 行.
NOTIC: [8192] preg_replace(): Passing null to parameter #3 ($subject) of type array|string is deprecated /Users/gangliu/data/catdesk_workspace/yilan/App/Home/Controller/GoodsController.class.php 第 413 行.
NOTIC: [8192] preg_replace(): Passing null to parameter #3 ($subject) of type array|string is deprecated /Users/gangliu/data/catdesk_workspace/yilan/App/Home/Controller/GoodsController.class.php 第 413 行.
NOTIC: [8192] preg_replace(): Passing null to parameter #3 ($subject) of type array|string is deprecated /Users/gangliu/data/catdesk_workspace/yilan/App/Home/Controller/GoodsController.class.php 第 413 行.
NOTIC: [8192] preg_replace(): Passing null to parameter #3 ($subject) of type array|string is deprecated /Users/gangliu/data/catdesk_workspace/yilan/App/Home/Controller/GoodsController.class.php 第 413 行.
NOTIC: [8192] preg_replace(): Passing null to parameter #3 ($subject) of type array|string is deprecated /Users/gangliu/data/catdesk_workspace/yilan/App/Home/Controller/GoodsController.class.php 第 413 行.
NOTIC: [8192] preg_replace(): Passing null to parameter #3 ($subject) of type array|string is deprecated /Users/gangliu/data/catdesk_workspace/yilan/App/Home/Controller/GoodsController.class.php 第 413 行.
NOTIC: [8192] preg_replace(): Passing null to parameter #3 ($subject) of type array|string is deprecated /Users/gangliu/data/catdesk_workspace/yilan/App/Home/Controller/GoodsController.class.php 第 413 行.
NOTIC: [8192] preg_replace(): Passing null to parameter #3 ($subject) of type array|string is deprecated /Users/gangliu/data/catdesk_workspace/yilan/App/Home/Controller/GoodsController.class.php 第 413 行.
NOTIC: [8192] preg_replace(): Passing null to parameter #3 ($subject) of type array|string is deprecated /Users/gangliu/data/catdesk_workspace/yilan/App/Home/Controller/GoodsController.class.php 第 413 行.
NOTIC: [8192] preg_replace(): Passing null to parameter #3 ($subject) of type array|string is deprecated /Users/gangliu/data/catdesk_workspace/yilan/App/Home/Controller/GoodsController.class.php 第 413 行.
NOTIC: [8192] preg_replace(): Passing null to parameter #3 ($subject) of type array|string is deprecated /Users/gangliu/data/catdesk_workspace/yilan/App/Home/Controller/GoodsController.class.php 第 413 行.
NOTIC: [8192] preg_replace(): Passing null to parameter #3 ($subject) of type array|string is deprecated /Users/gangliu/data/catdesk_workspace/yilan/App/Home/Controller/GoodsController.class.php 第 413 行.
NOTIC: [8192] preg_replace(): Passing null to parameter #3 ($subject) of type array|string is deprecated /Users/gangliu/data/catdesk_workspace/yilan/App/Home/Controller/GoodsController.class.php 第 413 行.
NOTIC: [8192] preg_replace(): Passing null to parameter #3 ($subject) of type array|string is deprecated /Users/gangliu/data/catdesk_workspace/yilan/App/Home/Controller/GoodsController.class.php 第 413 行.
NOTIC: [8192] preg_replace(): Passing null to parameter #3 ($subject) of type array|string is deprecated /Users/gangliu/data/catdesk_workspace/yilan/App/Home/Controller/GoodsController.class.php 第 413 行.
NOTIC: [8192] preg_replace(): Passing null to parameter #3 ($subject) of type array|string is deprecated /Users/gangliu/data/catdesk_workspace/yilan/App/Home/Controller/GoodsController.class.php 第 413 行.
NOTIC: [8192] preg_replace(): Passing null to parameter #3 ($subject) of type array|string is deprecated /Users/gangliu/data/catdesk_workspace/yilan/App/Home/Controller/GoodsController.class.php 第 413 行.
NOTIC: [8192] preg_replace(): Passing null to parameter #3 ($subject) of type array|string is deprecated /Users/gangliu/data/catdesk_workspace/yilan/App/Home/Controller/GoodsController.class.php 第 413 行.
NOTIC: [8192] preg_replace(): Passing null to parameter #3 ($subject) of type array|string is deprecated /Users/gangliu/data/catdesk_workspace/yilan/App/Home/Controller/GoodsController.class.php 第 413 行.
NOTIC: [8192] preg_replace(): Passing null to parameter #3 ($subject) of type array|string is deprecated /Users/gangliu/data/catdesk_workspace/yilan/App/Home/Controller/GoodsController.class.php 第 413 行.
NOTIC: [8192] preg_replace(): Passing null to parameter #3 ($subject) of type array|string is deprecated /Users/gangliu/data/catdesk_workspace/yilan/App/Home/Controller/GoodsController.class.php 第 413 行.
NOTIC: [8192] preg_replace(): Passing null to parameter #3 ($subject) of type array|string is deprecated /Users/gangliu/data/catdesk_workspace/yilan/App/Home/Controller/GoodsController.class.php 第 413 行.
NOTIC: [8192] preg_replace(): Passing null to parameter #3 ($subject) of type array|string is deprecated /Users/gangliu/data/catdesk_workspace/yilan/App/Home/Controller/GoodsController.class.php 第 413 行.
NOTIC: [8192] preg_replace(): Passing null to parameter #3 ($subject) of type array|string is deprecated /Users/gangliu/data/catdesk_workspace/yilan/App/Home/Controller/GoodsController.class.php 第 413 行.
NOTIC: [8192] preg_replace(): Passing null to parameter #3 ($subject) of type array|string is deprecated /Users/gangliu/data/catdesk_workspace/yilan/App/Home/Controller/GoodsController.class.php 第 413 行.
NOTIC: [8192] preg_replace(): Passing null to parameter #3 ($subject) of type array|string is deprecated /Users/gangliu/data/catdesk_workspace/yilan/App/Home/Controller/GoodsController.class.php 第 413 行.
NOTIC: [8192] preg_replace(): Passing null to parameter #3 ($subject) of type array|string is deprecated /Users/gangliu/data/catdesk_workspace/yilan/App/Home/Controller/GoodsController.class.php 第 413 行.
NOTIC: [8192] preg_replace(): Passing null to parameter #3 ($subject) of type array|string is deprecated /Users/gangliu/data/catdesk_workspace/yilan/App/Home/Controller/GoodsController.class.php 第 413 行.
NOTIC: [8192] preg_replace(): Passing null to parameter #3 ($subject) of type array|string is deprecated /Users/gangliu/data/catdesk_workspace/yilan/App/Home/Controller/GoodsController.class.php 第 413 行.
NOTIC: [8192] preg_replace(): Passing null to parameter #3 ($subject) of type array|string is deprecated /Users/gangliu/data/catdesk_workspace/yilan/App/Home/Controller/GoodsController.class.php 第 413 行.
NOTIC: [8192] preg_replace(): Passing null to parameter #3 ($subject) of type array|string is deprecated /Users/gangliu/data/catdesk_workspace/yilan/App/Home/Controller/GoodsController.class.php 第 413 行.
NOTIC: [8192] preg_replace(): Passing null to parameter #3 ($subject) of type array|string is deprecated /Users/gangliu/data/catdesk_workspace/yilan/App/Home/Controller/GoodsController.class.php 第 413 行.
NOTIC: [8192] preg_replace(): Passing null to parameter #3 ($subject) of type array|string is deprecated /Users/gangliu/data/catdesk_workspace/yilan/App/Home/Controller/GoodsController.class.php 第 413 行.
NOTIC: [8192] preg_replace(): Passing null to parameter #3 ($subject) of type array|string is deprecated /Users/gangliu/data/catdesk_workspace/yilan/App/Home/Controller/GoodsController.class.php 第 413 行.
NOTIC: [8192] preg_replace(): Passing null to parameter #3 ($subject) of type array|string is deprecated /Users/gangliu/data/catdesk_workspace/yilan/App/Home/Controller/GoodsController.class.php 第 413 行.
NOTIC: [8192] preg_replace(): Passing null to parameter #3 ($subject) of type array|string is deprecated /Users/gangliu/data/catdesk_workspace/yilan/App/Home/Controller/GoodsController.class.php 第 413 行.
NOTIC: [8192] preg_replace(): Passing null to parameter #3 ($subject) of type array|string is deprecated /Users/gangliu/data/catdesk_workspace/yilan/App/Home/Controller/GoodsController.class.php 第 413 行.
NOTIC: [8192] preg_replace(): Passing null to parameter #3 ($subject) of type array|string is deprecated /Users/gangliu/data/catdesk_workspace/yilan/App/Home/Controller/GoodsController.class.php 第 413 行.
NOTIC: [8192] preg_replace(): Passing null to parameter #3 ($subject) of type array|string is deprecated /Users/gangliu/data/catdesk_workspace/yilan/App/Home/Controller/GoodsController.class.php 第 413 行.
NOTIC: [8192] preg_replace(): Passing null to parameter #3 ($subject) of type array|string is deprecated /Users/gangliu/data/catdesk_workspace/yilan/App/Home/Controller/GoodsController.class.php 第 413 行.
NOTIC: [8192] preg_replace(): Passing null to parameter #3 ($subject) of type array|string is deprecated /Users/gangliu/data/catdesk_workspace/yilan/App/Home/Controller/GoodsController.class.php 第 413 行.
NOTIC: [8192] preg_replace(): Passing null to parameter #3 ($subject) of type array|string is deprecated /Users/gangliu/data/catdesk_workspace/yilan/App/Home/Controller/GoodsController.class.php 第 413 行.
NOTIC: [8192] preg_replace(): Passing null to parameter #3 ($subject) of type array|string is deprecated /Users/gangliu/data/catdesk_workspace/yilan/App/Home/Controller/GoodsController.class.php 第 413 行.
NOTIC: [8192] preg_replace(): Passing null to parameter #3 ($subject) of type array|string is deprecated /Users/gangliu/data/catdesk_workspace/yilan/App/Home/Controller/GoodsController.class.php 第 413 行.
NOTIC: [8192] preg_replace(): Passing null to parameter #3 ($subject) of type array|string is deprecated /Users/gangliu/data/catdesk_workspace/yilan/App/Home/Controller/GoodsController.class.php 第 413 行.
NOTIC: [8192] preg_replace(): Passing null to parameter #3 ($subject) of type array|string is deprecated /Users/gangliu/data/catdesk_workspace/yilan/App/Home/Controller/GoodsController.class.php 第 413 行.
NOTIC: [8192] preg_replace(): Passing null to parameter #3 ($subject) of type array|string is deprecated /Users/gangliu/data/catdesk_workspace/yilan/App/Home/Controller/GoodsController.class.php 第 413 行.
NOTIC: [8192] preg_replace(): Passing null to parameter #3 ($subject) of type array|string is deprecated /Users/gangliu/data/catdesk_workspace/yilan/App/Home/Controller/GoodsController.class.php 第 413 行.
NOTIC: [8192] preg_replace(): Passing null to parameter #3 ($subject) of type array|string is deprecated /Users/gangliu/data/catdesk_workspace/yilan/App/Home/Controller/GoodsController.class.php 第 413 行.
NOTIC: [8192] preg_replace(): Passing null to parameter #3 ($subject) of type array|string is deprecated /Users/gangliu/data/catdesk_workspace/yilan/App/Home/Controller/GoodsController.class.php 第 413 行.
NOTIC: [8192] preg_replace(): Passing null to parameter #3 ($subject) of type array|string is deprecated /Users/gangliu/data/catdesk_workspace/yilan/App/Home/Controller/GoodsController.class.php 第 413 行.
NOTIC: [8192] preg_replace(): Passing null to parameter #3 ($subject) of type array|string is deprecated /Users/gangliu/data/catdesk_workspace/yilan/App/Home/Controller/GoodsController.class.php 第 413 行.
NOTIC: [8192] preg_replace(): Passing null to parameter #3 ($subject) of type array|string is deprecated /Users/gangliu/data/catdesk_workspace/yilan/App/Home/Controller/GoodsController.class.php 第 413 行.
NOTIC: [8192] preg_replace(): Passing null to parameter #3 ($subject) of type array|string is deprecated /Users/gangliu/data/catdesk_workspace/yilan/App/Home/Controller/GoodsController.class.php 第 413 行.
NOTIC: [8192] preg_replace(): Passing null to parameter #3 ($subject) of type array|string is deprecated /Users/gangliu/data/catdesk_workspace/yilan/App/Home/Controller/GoodsController.class.php 第 413 行.
NOTIC: [8192] preg_replace(): Passing null to parameter #3 ($subject) of type array|string is deprecated /Users/gangliu/data/catdesk_workspace/yilan/App/Home/Controller/GoodsController.class.php 第 413 行.
NOTIC: [8192] preg_replace(): Passing null to parameter #3 ($subject) of type array|string is deprecated /Users/gangliu/data/catdesk_workspace/yilan/App/Home/Controller/GoodsController.class.php 第 413 行.
NOTIC: [8192] preg_replace(): Passing null to parameter #3 ($subject) of type array|string is deprecated /Users/gangliu/data/catdesk_workspace/yilan/App/Home/Controller/GoodsController.class.php 第 413 行.
NOTIC: [8192] preg_replace(): Passing null to parameter #3 ($subject) of type array|string is deprecated /Users/gangliu/data/catdesk_workspace/yilan/App/Home/Controller/GoodsController.class.php 第 413 行.
NOTIC: [8192] preg_replace(): Passing null to parameter #3 ($subject) of type array|string is deprecated /Users/gangliu/data/catdesk_workspace/yilan/App/Home/Controller/GoodsController.class.php 第 413 行.
NOTIC: [8192] preg_replace(): Passing null to parameter #3 ($subject) of type array|string is deprecated /Users/gangliu/data/catdesk_workspace/yilan/App/Home/Controller/GoodsController.class.php 第 413 行.
NOTIC: [8192] preg_replace(): Passing null to parameter #3 ($subject) of type array|string is deprecated /Users/gangliu/data/catdesk_workspace/yilan/App/Home/Controller/GoodsController.class.php 第 413 行.
NOTIC: [8192] preg_replace(): Passing null to parameter #3 ($subject) of type array|string is deprecated /Users/gangliu/data/catdesk_workspace/yilan/App/Home/Controller/GoodsController.class.php 第 413 行.
NOTIC: [8192] preg_replace(): Passing null to parameter #3 ($subject) of type array|string is deprecated /Users/gangliu/data/catdesk_workspace/yilan/App/Home/Controller/GoodsController.class.php 第 413 行.
NOTIC: [8192] preg_replace(): Passing null to parameter #3 ($subject) of type array|string is deprecated /Users/gangliu/data/catdesk_workspace/yilan/App/Home/Controller/GoodsController.class.php 第 413 行.
NOTIC: [8192] preg_replace(): Passing null to parameter #3 ($subject) of type array|string is deprecated /Users/gangliu/data/catdesk_workspace/yilan/App/Home/Controller/GoodsController.class.php 第 413 行.
NOTIC: [8192] preg_replace(): Passing null to parameter #3 ($subject) of type array|string is deprecated /Users/gangliu/data/catdesk_workspace/yilan/App/Home/Controller/GoodsController.class.php 第 413 行.
NOTIC: [8192] preg_replace(): Passing null to parameter #3 ($subject) of type array|string is deprecated /Users/gangliu/data/catdesk_workspace/yilan/App/Home/Controller/GoodsController.class.php 第 413 行.
NOTIC: [8192] preg_replace(): Passing null to parameter #3 ($subject) of type array|string is deprecated /Users/gangliu/data/catdesk_workspace/yilan/App/Home/Controller/GoodsController.class.php 第 413 行.
NOTIC: [8192] preg_replace(): Passing null to parameter #3 ($subject) of type array|string is deprecated /Users/gangliu/data/catdesk_workspace/yilan/App/Home/Controller/GoodsController.class.php 第 413 行.
NOTIC: [8192] preg_replace(): Passing null to parameter #3 ($subject) of type array|string is deprecated /Users/gangliu/data/catdesk_workspace/yilan/App/Home/Controller/GoodsController.class.php 第 413 行.
NOTIC: [8192] preg_replace(): Passing null to parameter #3 ($subject) of type array|string is deprecated /Users/gangliu/data/catdesk_workspace/yilan/App/Home/Controller/GoodsController.class.php 第 413 行.
NOTIC: [8192] preg_replace(): Passing null to parameter #3 ($subject) of type array|string is deprecated /Users/gangliu/data/catdesk_workspace/yilan/App/Home/Controller/GoodsController.class.php 第 413 行.
NOTIC: [8192] preg_replace(): Passing null to parameter #3 ($subject) of type array|string is deprecated /Users/gangliu/data/catdesk_workspace/yilan/App/Home/Controller/GoodsController.class.php 第 413 行.
NOTIC: [8192] preg_replace(): Passing null to parameter #3 ($subject) of type array|string is deprecated /Users/gangliu/data/catdesk_workspace/yilan/App/Home/Controller/GoodsController.class.php 第 413 行.
NOTIC: [8192] preg_replace(): Passing null to parameter #3 ($subject) of type array|string is deprecated /Users/gangliu/data/catdesk_workspace/yilan/App/Home/Controller/GoodsController.class.php 第 413 行.
NOTIC: [8192] preg_replace(): Passing null to parameter #3 ($subject) of type array|string is deprecated /Users/gangliu/data/catdesk_workspace/yilan/App/Home/Controller/GoodsController.class.php 第 413 行.
NOTIC: [8192] preg_replace(): Passing null to parameter #3 ($subject) of type array|string is deprecated /Users/gangliu/data/catdesk_workspace/yilan/App/Home/Controller/GoodsController.class.php 第 413 行.
NOTIC: [8192] preg_replace(): Passing null to parameter #3 ($subject) of type array|string is deprecated /Users/gangliu/data/catdesk_workspace/yilan/App/Home/Controller/GoodsController.class.php 第 413 行.
NOTIC: [8192] preg_replace(): Passing null to parameter #3 ($subject) of type array|string is deprecated /Users/gangliu/data/catdesk_workspace/yilan/App/Home/Controller/GoodsController.class.php 第 413 行.
NOTIC: [8192] preg_replace(): Passing null to parameter #3 ($subject) of type array|string is deprecated /Users/gangliu/data/catdesk_workspace/yilan/App/Home/Controller/GoodsController.class.php 第 413 行.
NOTIC: [8192] preg_replace(): Passing null to parameter #3 ($subject) of type array|string is deprecated /Users/gangliu/data/catdesk_workspace/yilan/App/Home/Controller/GoodsController.class.php 第 413 行.
NOTIC: [8192] preg_replace(): Passing null to parameter #3 ($subject) of type array|string is deprecated /Users/gangliu/data/catdesk_workspace/yilan/App/Home/Controller/GoodsController.class.php 第 413 行.
NOTIC: [8192] preg_replace(): Passing null to parameter #3 ($subject) of type array|string is deprecated /Users/gangliu/data/catdesk_workspace/yilan/App/Home/Controller/GoodsController.class.php 第 413 行.
NOTIC: [8192] preg_replace(): Passing null to parameter #3 ($subject) of type array|string is deprecated /Users/gangliu/data/catdesk_workspace/yilan/App/Home/Controller/GoodsController.class.php 第 413 行.
NOTIC: [8192] preg_replace(): Passing null to parameter #3 ($subject) of type array|string is deprecated /Users/gangliu/data/catdesk_workspace/yilan/App/Home/Controller/GoodsController.class.php 第 413 行.
NOTIC: [8192] preg_replace(): Passing null to parameter #3 ($subject) of type array|string is deprecated /Users/gangliu/data/catdesk_workspace/yilan/App/Home/Controller/GoodsController.class.php 第 413 行.
NOTIC: [8192] preg_replace(): Passing null to parameter #3 ($subject) of type array|string is deprecated /Users/gangliu/data/catdesk_workspace/yilan/App/Home/Controller/GoodsController.class.php 第 413 行.
NOTIC: [8192] preg_replace(): Passing null to parameter #3 ($subject) of type array|string is deprecated /Users/gangliu/data/catdesk_workspace/yilan/App/Home/Controller/GoodsController.class.php 第 413 行.
NOTIC: [8192] preg_replace(): Passing null to parameter #3 ($subject) of type array|string is deprecated /Users/gangliu/data/catdesk_workspace/yilan/App/Home/Controller/GoodsController.class.php 第 413 行.
NOTIC: [8192] preg_replace(): Passing null to parameter #3 ($subject) of type array|string is deprecated /Users/gangliu/data/catdesk_workspace/yilan/App/Home/Controller/GoodsController.class.php 第 413 行.
NOTIC: [8192] preg_replace(): Passing null to parameter #3 ($subject) of type array|string is deprecated /Users/gangliu/data/catdesk_workspace/yilan/App/Home/Controller/GoodsController.class.php 第 413 行.
NOTIC: [8192] preg_replace(): Passing null to parameter #3 ($subject) of type array|string is deprecated /Users/gangliu/data/catdesk_workspace/yilan/App/Home/Controller/GoodsController.class.php 第 413 行.
NOTIC: [8192] preg_replace(): Passing null to parameter #3 ($subject) of type array|string is deprecated /Users/gangliu/data/catdesk_workspace/yilan/App/Home/Controller/GoodsController.class.php 第 413 行.
NOTIC: [8192] preg_replace(): Passing null to parameter #3 ($subject) of type array|string is deprecated /Users/gangliu/data/catdesk_workspace/yilan/App/Home/Controller/GoodsController.class.php 第 413 行.
NOTIC: [8192] preg_replace(): Passing null to parameter #3 ($subject) of type array|string is deprecated /Users/gangliu/data/catdesk_workspace/yilan/App/Home/Controller/GoodsController.class.php 第 413 行.
NOTIC: [8192] preg_replace(): Passing null to parameter #3 ($subject) of type array|string is deprecated /Users/gangliu/data/catdesk_workspace/yilan/App/Home/Controller/GoodsController.class.php 第 413 行.
NOTIC: [8192] preg_replace(): Passing null to parameter #3 ($subject) of type array|string is deprecated /Users/gangliu/data/catdesk_workspace/yilan/App/Home/Controller/GoodsController.class.php 第 413 行.
NOTIC: [8192] preg_replace(): Passing null to parameter #3 ($subject) of type array|string is deprecated /Users/gangliu/data/catdesk_workspace/yilan/App/Home/Controller/GoodsController.class.php 第 413 行.
NOTIC: [8192] preg_replace(): Passing null to parameter #3 ($subject) of type array|string is deprecated /Users/gangliu/data/catdesk_workspace/yilan/App/Home/Controller/GoodsController.class.php 第 413 行.
NOTIC: [8192] preg_replace(): Passing null to parameter #3 ($subject) of type array|string is deprecated /Users/gangliu/data/catdesk_workspace/yilan/App/Home/Controller/GoodsController.class.php 第 413 行.
NOTIC: [8192] preg_replace(): Passing null to parameter #3 ($subject) of type array|string is deprecated /Users/gangliu/data/catdesk_workspace/yilan/App/Home/Controller/GoodsController.class.php 第 413 行.
NOTIC: [8192] preg_replace(): Passing null to parameter #3 ($subject) of type array|string is deprecated /Users/gangliu/data/catdesk_workspace/yilan/App/Home/Controller/GoodsController.class.php 第 413 行.
NOTIC: [8192] preg_replace(): Passing null to parameter #3 ($subject) of type array|string is deprecated /Users/gangliu/data/catdesk_workspace/yilan/App/Home/Controller/GoodsController.class.php 第 413 行.
NOTIC: [8192] preg_replace(): Passing null to parameter #3 ($subject) of type array|string is deprecated /Users/gangliu/data/catdesk_workspace/yilan/App/Home/Controller/GoodsController.class.php 第 413 行.
NOTIC: [8192] preg_replace(): Passing null to parameter #3 ($subject) of type array|string is deprecated /Users/gangliu/data/catdesk_workspace/yilan/App/Home/Controller/GoodsController.class.php 第 413 行.
NOTIC: [8192] preg_replace(): Passing null to parameter #3 ($subject) of type array|string is deprecated /Users/gangliu/data/catdesk_workspace/yilan/App/Home/Controller/GoodsController.class.php 第 413 行.
NOTIC: [8192] preg_replace(): Passing null to parameter #3 ($subject) of type array|string is deprecated /Users/gangliu/data/catdesk_workspace/yilan/App/Home/Controller/GoodsController.class.php 第 413 行.
NOTIC: [8192] preg_replace(): Passing null to parameter #3 ($subject) of type array|string is deprecated /Users/gangliu/data/catdesk_workspace/yilan/App/Home/Controller/GoodsController.class.php 第 413 行.
NOTIC: [8192] preg_replace(): Passing null to parameter #3 ($subject) of type array|string is deprecated /Users/gangliu/data/catdesk_workspace/yilan/App/Home/Controller/GoodsController.class.php 第 413 行.
NOTIC: [8192] preg_replace(): Passing null to parameter #3 ($subject) of type array|string is deprecated /Users/gangliu/data/catdesk_workspace/yilan/App/Home/Controller/GoodsController.class.php 第 413 行.
NOTIC: [8192] preg_replace(): Passing null to parameter #3 ($subject) of type array|string is deprecated /Users/gangliu/data/catdesk_workspace/yilan/App/Home/Controller/GoodsController.class.php 第 413 行.
NOTIC: [8192] preg_replace(): Passing null to parameter #3 ($subject) of type array|string is deprecated /Users/gangliu/data/catdesk_workspace/yilan/App/Home/Controller/GoodsController.class.php 第 413 行.
NOTIC: [8192] preg_replace(): Passing null to parameter #3 ($subject) of type array|string is deprecated /Users/gangliu/data/catdesk_workspace/yilan/App/Home/Controller/GoodsController.class.php 第 413 行.
NOTIC: [8192] preg_replace(): Passing null to parameter #3 ($subject) of type array|string is deprecated /Users/gangliu/data/catdesk_workspace/yilan/App/Home/Controller/GoodsController.class.php 第 413 行.
NOTIC: [8192] preg_replace(): Passing null to parameter #3 ($subject) of type array|string is deprecated /Users/gangliu/data/catdesk_workspace/yilan/App/Home/Controller/GoodsController.class.php 第 413 行.
NOTIC: [8192] preg_replace(): Passing null to parameter #3 ($subject) of type array|string is deprecated /Users/gangliu/data/catdesk_workspace/yilan/App/Home/Controller/GoodsController.class.php 第 413 行.
NOTIC: [8192] preg_replace(): Passing null to parameter #3 ($subject) of type array|string is deprecated /Users/gangliu/data/catdesk_workspace/yilan/App/Home/Controller/GoodsController.class.php 第 413 行.
NOTIC: [8192] preg_replace(): Passing null to parameter #3 ($subject) of type array|string is deprecated /Users/gangliu/data/catdesk_workspace/yilan/App/Home/Controller/GoodsController.class.php 第 413 行.
NOTIC: [8192] preg_replace(): Passing null to parameter #3 ($subject) of type array|string is deprecated /Users/gangliu/data/catdesk_workspace/yilan/App/Home/Controller/GoodsController.class.php 第 413 行.
NOTIC: [8192] preg_replace(): Passing null to parameter #3 ($subject) of type array|string is deprecated /Users/gangliu/data/catdesk_workspace/yilan/App/Home/Controller/GoodsController.class.php 第 413 行.
NOTIC: [8192] preg_replace(): Passing null to parameter #3 ($subject) of type array|string is deprecated /Users/gangliu/data/catdesk_workspace/yilan/App/Home/Controller/GoodsController.class.php 第 413 行.
NOTIC: [8192] preg_replace(): Passing null to parameter #3 ($subject) of type array|string is deprecated /Users/gangliu/data/catdesk_workspace/yilan/App/Home/Controller/GoodsController.class.php 第 413 行.
NOTIC: [8192] preg_replace(): Passing null to parameter #3 ($subject) of type array|string is deprecated /Users/gangliu/data/catdesk_workspace/yilan/App/Home/Controller/GoodsController.class.php 第 413 行.
NOTIC: [8192] preg_replace(): Passing null to parameter #3 ($subject) of type array|string is deprecated /Users/gangliu/data/catdesk_workspace/yilan/App/Home/Controller/GoodsController.class.php 第 413 行.
NOTIC: [8192] preg_replace(): Passing null to parameter #3 ($subject) of type array|string is deprecated /Users/gangliu/data/catdesk_workspace/yilan/App/Home/Controller/GoodsController.class.php 第 413 行.
NOTIC: [8192] preg_replace(): Passing null to parameter #3 ($subject) of type array|string is deprecated /Users/gangliu/data/catdesk_workspace/yilan/App/Home/Controller/GoodsController.class.php 第 413 行.
NOTIC: [8192] preg_replace(): Passing null to parameter #3 ($subject) of type array|string is deprecated /Users/gangliu/data/catdesk_workspace/yilan/App/Home/Controller/GoodsController.class.php 第 413 行.
NOTIC: [8192] preg_replace(): Passing null to parameter #3 ($subject) of type array|string is deprecated /Users/gangliu/data/catdesk_workspace/yilan/App/Home/Controller/GoodsController.class.php 第 413 行.
NOTIC: [8192] preg_replace(): Passing null to parameter #3 ($subject) of type array|string is deprecated /Users/gangliu/data/catdesk_workspace/yilan/App/Home/Controller/GoodsController.class.php 第 413 行.
NOTIC: [8192] preg_replace(): Passing null to parameter #3 ($subject) of type array|string is deprecated /Users/gangliu/data/catdesk_workspace/yilan/App/Home/Controller/GoodsController.class.php 第 413 行.
NOTIC: [8192] preg_replace(): Passing null to parameter #3 ($subject) of type array|string is deprecated /Users/gangliu/data/catdesk_workspace/yilan/App/Home/Controller/GoodsController.class.php 第 413 行.
NOTIC: [8192] preg_replace(): Passing null to parameter #3 ($subject) of type array|string is deprecated /Users/gangliu/data/catdesk_workspace/yilan/App/Home/Controller/GoodsController.class.php 第 413 行.
NOTIC: [8192] preg_replace(): Passing null to parameter #3 ($subject) of type array|string is deprecated /Users/gangliu/data/catdesk_workspace/yilan/App/Home/Controller/GoodsController.class.php 第 413 行.
NOTIC: [8192] preg_replace(): Passing null to parameter #3 ($subject) of type array|string is deprecated /Users/gangliu/data/catdesk_workspace/yilan/App/Home/Controller/GoodsController.class.php 第 413 行.
NOTIC: [8192] preg_replace(): Passing null to parameter #3 ($subject) of type array|string is deprecated /Users/gangliu/data/catdesk_workspace/yilan/App/Home/Controller/GoodsController.class.php 第 413 行.
NOTIC: [8192] preg_replace(): Passing null to parameter #3 ($subject) of type array|string is deprecated /Users/gangliu/data/catdesk_workspace/yilan/App/Home/Controller/GoodsController.class.php 第 413 行.
NOTIC: [8192] preg_replace(): Passing null to parameter #3 ($subject) of type array|string is deprecated /Users/gangliu/data/catdesk_workspace/yilan/App/Home/Controller/GoodsController.class.php 第 413 行.
NOTIC: [8192] preg_replace(): Passing null to parameter #3 ($subject) of type array|string is deprecated /Users/gangliu/data/catdesk_workspace/yilan/App/Home/Controller/GoodsController.class.php 第 413 行.
NOTIC: [8192] preg_replace(): Passing null to parameter #3 ($subject) of type array|string is deprecated /Users/gangliu/data/catdesk_workspace/yilan/App/Home/Controller/GoodsController.class.php 第 413 行.
NOTIC: [8192] preg_replace(): Passing null to parameter #3 ($subject) of type array|string is deprecated /Users/gangliu/data/catdesk_workspace/yilan/App/Home/Controller/GoodsController.class.php 第 413 行.
NOTIC: [8192] preg_replace(): Passing null to parameter #3 ($subject) of type array|string is deprecated /Users/gangliu/data/catdesk_workspace/yilan/App/Home/Controller/GoodsController.class.php 第 413 行.
NOTIC: [8192] preg_replace(): Passing null to parameter #3 ($subject) of type array|string is deprecated /Users/gangliu/data/catdesk_workspace/yilan/App/Home/Controller/GoodsController.class.php 第 413 行.
NOTIC: [8192] preg_replace(): Passing null to parameter #3 ($subject) of type array|string is deprecated /Users/gangliu/data/catdesk_workspace/yilan/App/Home/Controller/GoodsController.class.php 第 413 行.
NOTIC: [8192] preg_replace(): Passing null to parameter #3 ($subject) of type array|string is deprecated /Users/gangliu/data/catdesk_workspace/yilan/App/Home/Controller/GoodsController.class.php 第 413 行.
NOTIC: [8192] preg_replace(): Passing null to parameter #3 ($subject) of type array|string is deprecated /Users/gangliu/data/catdesk_workspace/yilan/App/Home/Controller/GoodsController.class.php 第 413 行.
NOTIC: [8192] preg_replace(): Passing null to parameter #3 ($subject) of type array|string is deprecated /Users/gangliu/data/catdesk_workspace/yilan/App/Home/Controller/GoodsController.class.php 第 413 行.
NOTIC: [8192] preg_replace(): Passing null to parameter #3 ($subject) of type array|string is deprecated /Users/gangliu/data/catdesk_workspace/yilan/App/Home/Controller/GoodsController.class.php 第 413 行.
NOTIC: [8192] preg_replace(): Passing null to parameter #3 ($subject) of type array|string is deprecated /Users/gangliu/data/catdesk_workspace/yilan/App/Home/Controller/GoodsController.class.php 第 413 行.
NOTIC: [8192] preg_replace(): Passing null to parameter #3 ($subject) of type array|string is deprecated /Users/gangliu/data/catdesk_workspace/yilan/App/Home/Controller/GoodsController.class.php 第 413 行.
NOTIC: [8192] preg_replace(): Passing null to parameter #3 ($subject) of type array|string is deprecated /Users/gangliu/data/catdesk_workspace/yilan/App/Home/Controller/GoodsController.class.php 第 413 行.
NOTIC: [8192] preg_replace(): Passing null to parameter #3 ($subject) of type array|string is deprecated /Users/gangliu/data/catdesk_workspace/yilan/App/Home/Controller/GoodsController.class.php 第 413 行.
NOTIC: [8192] preg_replace(): Passing null to parameter #3 ($subject) of type array|string is deprecated /Users/gangliu/data/catdesk_workspace/yilan/App/Home/Controller/GoodsController.class.php 第 413 行.
NOTIC: [8192] preg_replace(): Passing null to parameter #3 ($subject) of type array|string is deprecated /Users/gangliu/data/catdesk_workspace/yilan/App/Home/Controller/GoodsController.class.php 第 413 行.
NOTIC: [8192] preg_replace(): Passing null to parameter #3 ($subject) of type array|string is deprecated /Users/gangliu/data/catdesk_workspace/yilan/App/Home/Controller/GoodsController.class.php 第 413 行.
NOTIC: [8192] preg_replace(): Passing null to parameter #3 ($subject) of type array|string is deprecated /Users/gangliu/data/catdesk_workspace/yilan/App/Home/Controller/GoodsController.class.php 第 413 行.
NOTIC: [8192] preg_replace(): Passing null to parameter #3 ($subject) of type array|string is deprecated /Users/gangliu/data/catdesk_workspace/yilan/App/Home/Controller/GoodsController.class.php 第 413 行.
NOTIC: [8192] preg_replace(): Passing null to parameter #3 ($subject) of type array|string is deprecated /Users/gangliu/data/catdesk_workspace/yilan/App/Home/Controller/GoodsController.class.php 第 413 行.
NOTIC: [8192] preg_replace(): Passing null to parameter #3 ($subject) of type array|string is deprecated /Users/gangliu/data/catdesk_workspace/yilan/App/Home/Controller/GoodsController.class.php 第 413 行.
NOTIC: [8192] preg_replace(): Passing null to parameter #3 ($subject) of type array|string is deprecated /Users/gangliu/data/catdesk_workspace/yilan/App/Home/Controller/GoodsController.class.php 第 413 行.
NOTIC: [8192] preg_replace(): Passing null to parameter #3 ($subject) of type array|string is deprecated /Users/gangliu/data/catdesk_workspace/yilan/App/Home/Controller/GoodsController.class.php 第 413 行.
NOTIC: [8192] preg_replace(): Passing null to parameter #3 ($subject) of type array|string is deprecated /Users/gangliu/data/catdesk_workspace/yilan/App/Home/Controller/GoodsController.class.php 第 413 行.
NOTIC: [8192] preg_replace(): Passing null to parameter #3 ($subject) of type array|string is deprecated /Users/gangliu/data/catdesk_workspace/yilan/App/Home/Controller/GoodsController.class.php 第 413 行.
NOTIC: [8192] preg_replace(): Passing null to parameter #3 ($subject) of type array|string is deprecated /Users/gangliu/data/catdesk_workspace/yilan/App/Home/Controller/GoodsController.class.php 第 413 行.
NOTIC: [8192] preg_replace(): Passing null to parameter #3 ($subject) of type array|string is deprecated /Users/gangliu/data/catdesk_workspace/yilan/App/Home/Controller/GoodsController.class.php 第 413 行.
NOTIC: [8192] preg_replace(): Passing null to parameter #3 ($subject) of type array|string is deprecated /Users/gangliu/data/catdesk_workspace/yilan/App/Home/Controller/GoodsController.class.php 第 413 行.
NOTIC: [8192] preg_replace(): Passing null to parameter #3 ($subject) of type array|string is deprecated /Users/gangliu/data/catdesk_workspace/yilan/App/Home/Controller/GoodsController.class.php 第 413 行.
NOTIC: [8192] preg_replace(): Passing null to parameter #3 ($subject) of type array|string is deprecated /Users/gangliu/data/catdesk_workspace/yilan/App/Home/Controller/GoodsController.class.php 第 413 行.
NOTIC: [8192] preg_replace(): Passing null to parameter #3 ($subject) of type array|string is deprecated /Users/gangliu/data/catdesk_workspace/yilan/App/Home/Controller/GoodsController.class.php 第 413 行.
NOTIC: [8192] preg_replace(): Passing null to parameter #3 ($subject) of type array|string is deprecated /Users/gangliu/data/catdesk_workspace/yilan/App/Home/Controller/GoodsController.class.php 第 413 行.
NOTIC: [8192] preg_replace(): Passing null to parameter #3 ($subject) of type array|string is deprecated /Users/gangliu/data/catdesk_workspace/yilan/App/Home/Controller/GoodsController.class.php 第 413 行.
NOTIC: [8192] preg_replace(): Passing null to parameter #3 ($subject) of type array|string is deprecated /Users/gangliu/data/catdesk_workspace/yilan/App/Home/Controller/GoodsController.class.php 第 413 行.
NOTIC: [8192] preg_replace(): Passing null to parameter #3 ($subject) of type array|string is deprecated /Users/gangliu/data/catdesk_workspace/yilan/App/Home/Controller/GoodsController.class.php 第 413 行.
NOTIC: [8192] preg_replace(): Passing null to parameter #3 ($subject) of type array|string is deprecated /Users/gangliu/data/catdesk_workspace/yilan/App/Home/Controller/GoodsController.class.php 第 413 行.
NOTIC: [8192] preg_replace(): Passing null to parameter #3 ($subject) of type array|string is deprecated /Users/gangliu/data/catdesk_workspace/yilan/App/Home/Controller/GoodsController.class.php 第 413 行.
NOTIC: [8192] preg_replace(): Passing null to parameter #3 ($subject) of type array|string is deprecated /Users/gangliu/data/catdesk_workspace/yilan/App/Home/Controller/GoodsController.class.php 第 413 行.
NOTIC: [8192] preg_replace(): Passing null to parameter #3 ($subject) of type array|string is deprecated /Users/gangliu/data/catdesk_workspace/yilan/App/Home/Controller/GoodsController.class.php 第 413 行.
NOTIC: [8192] preg_replace(): Passing null to parameter #3 ($subject) of type array|string is deprecated /Users/gangliu/data/catdesk_workspace/yilan/App/Home/Controller/GoodsController.class.php 第 413 行.
NOTIC: [8192] preg_replace(): Passing null to parameter #3 ($subject) of type array|string is deprecated /Users/gangliu/data/catdesk_workspace/yilan/App/Home/Controller/GoodsController.class.php 第 413 行.
NOTIC: [8192] preg_replace(): Passing null to parameter #3 ($subject) of type array|string is deprecated /Users/gangliu/data/catdesk_workspace/yilan/App/Home/Controller/GoodsController.class.php 第 413 行.
NOTIC: [8192] preg_replace(): Passing null to parameter #3 ($subject) of type array|string is deprecated /Users/gangliu/data/catdesk_workspace/yilan/App/Home/Controller/GoodsController.class.php 第 413 行.
NOTIC: [8192] preg_replace(): Passing null to parameter #3 ($subject) of type array|string is deprecated /Users/gangliu/data/catdesk_workspace/yilan/App/Home/Controller/GoodsController.class.php 第 413 行.
NOTIC: [8192] preg_replace(): Passing null to parameter #3 ($subject) of type array|string is deprecated /Users/gangliu/data/catdesk_workspace/yilan/App/Home/Controller/GoodsController.class.php 第 413 行.
NOTIC: [8192] preg_replace(): Passing null to parameter #3 ($subject) of type array|string is deprecated /Users/gangliu/data/catdesk_workspace/yilan/App/Home/Controller/GoodsController.class.php 第 413 行.
NOTIC: [8192] preg_replace(): Passing null to parameter #3 ($subject) of type array|string is deprecated /Users/gangliu/data/catdesk_workspace/yilan/App/Home/Controller/GoodsController.class.php 第 413 行.
NOTIC: [8192] preg_replace(): Passing null to parameter #3 ($subject) of type array|string is deprecated /Users/gangliu/data/catdesk_workspace/yilan/App/Home/Controller/GoodsController.class.php 第 413 行.
NOTIC: [8192] preg_replace(): Passing null to parameter #3 ($subject) of type array|string is deprecated /Users/gangliu/data/catdesk_workspace/yilan/App/Home/Controller/GoodsController.class.php 第 413 行.
NOTIC: [8192] preg_replace(): Passing null to parameter #3 ($subject) of type array|string is deprecated /Users/gangliu/data/catdesk_workspace/yilan/App/Home/Controller/GoodsController.class.php 第 413 行.
NOTIC: [8192] preg_replace(): Passing null to parameter #3 ($subject) of type array|string is deprecated /Users/gangliu/data/catdesk_workspace/yilan/App/Home/Controller/GoodsController.class.php 第 413 行.
NOTIC: [8192] preg_replace(): Passing null to parameter #3 ($subject) of type array|string is deprecated /Users/gangliu/data/catdesk_workspace/yilan/App/Home/Controller/GoodsController.class.php 第 413 行.
NOTIC: [8192] preg_replace(): Passing null to parameter #3 ($subject) of type array|string is deprecated /Users/gangliu/data/catdesk_workspace/yilan/App/Home/Controller/GoodsController.class.php 第 413 行.
NOTIC: [8192] preg_replace(): Passing null to parameter #3 ($subject) of type array|string is deprecated /Users/gangliu/data/catdesk_workspace/yilan/App/Home/Controller/GoodsController.class.php 第 413 行.
NOTIC: [8192] preg_replace(): Passing null to parameter #3 ($subject) of type array|string is deprecated /Users/gangliu/data/catdesk_workspace/yilan/App/Home/Controller/GoodsController.class.php 第 413 行.
NOTIC: [8192] preg_replace(): Passing null to parameter #3 ($subject) of type array|string is deprecated /Users/gangliu/data/catdesk_workspace/yilan/App/Home/Controller/GoodsController.class.php 第 413 行.
NOTIC: [8192] preg_replace(): Passing null to parameter #3 ($subject) of type array|string is deprecated /Users/gangliu/data/catdesk_workspace/yilan/App/Home/Controller/GoodsController.class.php 第 413 行.
NOTIC: [8192] preg_replace(): Passing null to parameter #3 ($subject) of type array|string is deprecated /Users/gangliu/data/catdesk_workspace/yilan/App/Home/Controller/GoodsController.class.php 第 413 行.
NOTIC: [8192] preg_replace(): Passing null to parameter #3 ($subject) of type array|string is deprecated /Users/gangliu/data/catdesk_workspace/yilan/App/Home/Controller/GoodsController.class.php 第 413 行.
NOTIC: [8192] preg_replace(): Passing null to parameter #3 ($subject) of type array|string is deprecated /Users/gangliu/data/catdesk_workspace/yilan/App/Home/Controller/GoodsController.class.php 第 413 行.
NOTIC: [8192] preg_replace(): Passing null to parameter #3 ($subject) of type array|string is deprecated /Users/gangliu/data/catdesk_workspace/yilan/App/Home/Controller/GoodsController.class.php 第 413 行.
NOTIC: [8192] preg_replace(): Passing null to parameter #3 ($subject) of type array|string is deprecated /Users/gangliu/data/catdesk_workspace/yilan/App/Home/Controller/GoodsController.class.php 第 413 行.
NOTIC: [8192] preg_replace(): Passing null to parameter #3 ($subject) of type array|string is deprecated /Users/gangliu/data/catdesk_workspace/yilan/App/Home/Controller/GoodsController.class.php 第 413 行.
NOTIC: [8192] preg_replace(): Passing null to parameter #3 ($subject) of type array|string is deprecated /Users/gangliu/data/catdesk_workspace/yilan/App/Home/Controller/GoodsController.class.php 第 413 行.
NOTIC: [8192] preg_replace(): Passing null to parameter #3 ($subject) of type array|string is deprecated /Users/gangliu/data/catdesk_workspace/yilan/App/Home/Controller/GoodsController.class.php 第 413 行.
NOTIC: [8192] preg_replace(): Passing null to parameter #3 ($subject) of type array|string is deprecated /Users/gangliu/data/catdesk_workspace/yilan/App/Home/Controller/GoodsController.class.php 第 413 行.
NOTIC: [8192] preg_replace(): Passing null to parameter #3 ($subject) of type array|string is deprecated /Users/gangliu/data/catdesk_workspace/yilan/App/Home/Controller/GoodsController.class.php 第 413 行.
NOTIC: [8192] preg_replace(): Passing null to parameter #3 ($subject) of type array|string is deprecated /Users/gangliu/data/catdesk_workspace/yilan/App/Home/Controller/GoodsController.class.php 第 413 行.
NOTIC: [8192] preg_replace(): Passing null to parameter #3 ($subject) of type array|string is deprecated /Users/gangliu/data/catdesk_workspace/yilan/App/Home/Controller/GoodsController.class.php 第 413 行.
NOTIC: [8192] preg_replace(): Passing null to parameter #3 ($subject) of type array|string is deprecated /Users/gangliu/data/catdesk_workspace/yilan/App/Home/Controller/GoodsController.class.php 第 413 行.
NOTIC: [8192] preg_replace(): Passing null to parameter #3 ($subject) of type array|string is deprecated /Users/gangliu/data/catdesk_workspace/yilan/App/Home/Controller/GoodsController.class.php 第 413 行.
NOTIC: [8192] preg_replace(): Passing null to parameter #3 ($subject) of type array|string is deprecated /Users/gangliu/data/catdesk_workspace/yilan/App/Home/Controller/GoodsController.class.php 第 413 行.
NOTIC: [8192] preg_replace(): Passing null to parameter #3 ($subject) of type array|string is deprecated /Users/gangliu/data/catdesk_workspace/yilan/App/Home/Controller/GoodsController.class.php 第 413 行.
NOTIC: [8192] preg_replace(): Passing null to parameter #3 ($subject) of type array|string is deprecated /Users/gangliu/data/catdesk_workspace/yilan/App/Home/Controller/GoodsController.class.php 第 413 行.
NOTIC: [8192] preg_replace(): Passing null to parameter #3 ($subject) of type array|string is deprecated /Users/gangliu/data/catdesk_workspace/yilan/App/Home/Controller/GoodsController.class.php 第 413 行.
NOTIC: [8192] preg_replace(): Passing null to parameter #3 ($subject) of type array|string is deprecated /Users/gangliu/data/catdesk_workspace/yilan/App/Home/Controller/GoodsController.class.php 第 413 行.
NOTIC: [8192] preg_replace(): Passing null to parameter #3 ($subject) of type array|string is deprecated /Users/gangliu/data/catdesk_workspace/yilan/App/Home/Controller/GoodsController.class.php 第 413 行.
NOTIC: [8192] preg_replace(): Passing null to parameter #3 ($subject) of type array|string is deprecated /Users/gangliu/data/catdesk_workspace/yilan/App/Home/Controller/GoodsController.class.php 第 413 行.
NOTIC: [8192] preg_replace(): Passing null to parameter #3 ($subject) of type array|string is deprecated /Users/gangliu/data/catdesk_workspace/yilan/App/Home/Controller/GoodsController.class.php 第 413 行.
NOTIC: [8192] preg_replace(): Passing null to parameter #3 ($subject) of type array|string is deprecated /Users/gangliu/data/catdesk_workspace/yilan/App/Home/Controller/GoodsController.class.php 第 413 行.
NOTIC: [8192] preg_replace(): Passing null to parameter #3 ($subject) of type array|string is deprecated /Users/gangliu/data/catdesk_workspace/yilan/App/Home/Controller/GoodsController.class.php 第 413 行.
NOTIC: [8192] preg_replace(): Passing null to parameter #3 ($subject) of type array|string is deprecated /Users/gangliu/data/catdesk_workspace/yilan/App/Home/Controller/GoodsController.class.php 第 413 行.
NOTIC: [8192] preg_replace(): Passing null to parameter #3 ($subject) of type array|string is deprecated /Users/gangliu/data/catdesk_workspace/yilan/App/Home/Controller/GoodsController.class.php 第 413 行.
NOTIC: [8192] preg_replace(): Passing null to parameter #3 ($subject) of type array|string is deprecated /Users/gangliu/data/catdesk_workspace/yilan/App/Home/Controller/GoodsController.class.php 第 413 行.
NOTIC: [8192] preg_replace(): Passing null to parameter #3 ($subject) of type array|string is deprecated /Users/gangliu/data/catdesk_workspace/yilan/App/Home/Controller/GoodsController.class.php 第 413 行.
NOTIC: [8192] preg_replace(): Passing null to parameter #3 ($subject) of type array|string is deprecated /Users/gangliu/data/catdesk_workspace/yilan/App/Home/Controller/GoodsController.class.php 第 413 行.
NOTIC: [8192] preg_replace(): Passing null to parameter #3 ($subject) of type array|string is deprecated /Users/gangliu/data/catdesk_workspace/yilan/App/Home/Controller/GoodsController.class.php 第 413 行.
NOTIC: [8192] preg_replace(): Passing null to parameter #3 ($subject) of type array|string is deprecated /Users/gangliu/data/catdesk_workspace/yilan/App/Home/Controller/GoodsController.class.php 第 413 行.
NOTIC: [8192] preg_replace(): Passing null to parameter #3 ($subject) of type array|string is deprecated /Users/gangliu/data/catdesk_workspace/yilan/App/Home/Controller/GoodsController.class.php 第 413 行.
NOTIC: [8192] preg_replace(): Passing null to parameter #3 ($subject) of type array|string is deprecated /Users/gangliu/data/catdesk_workspace/yilan/App/Home/Controller/GoodsController.class.php 第 413 行.
NOTIC: [8192] preg_replace(): Passing null to parameter #3 ($subject) of type array|string is deprecated /Users/gangliu/data/catdesk_workspace/yilan/App/Home/Controller/GoodsController.class.php 第 413 行.
NOTIC: [8192] preg_replace(): Passing null to parameter #3 ($subject) of type array|string is deprecated /Users/gangliu/data/catdesk_workspace/yilan/App/Home/Controller/GoodsController.class.php 第 413 行.
NOTIC: [8192] preg_replace(): Passing null to parameter #3 ($subject) of type array|string is deprecated /Users/gangliu/data/catdesk_workspace/yilan/App/Home/Controller/GoodsController.class.php 第 413 行.
NOTIC: [8192] preg_replace(): Passing null to parameter #3 ($subject) of type array|string is deprecated /Users/gangliu/data/catdesk_workspace/yilan/App/Home/Controller/GoodsController.class.php 第 413 行.
NOTIC: [8192] preg_replace(): Passing null to parameter #3 ($subject) of type array|string is deprecated /Users/gangliu/data/catdesk_workspace/yilan/App/Home/Controller/GoodsController.class.php 第 413 行.
NOTIC: [8192] preg_replace(): Passing null to parameter #3 ($subject) of type array|string is deprecated /Users/gangliu/data/catdesk_workspace/yilan/App/Home/Controller/GoodsController.class.php 第 413 行.
NOTIC: [8192] preg_replace(): Passing null to parameter #3 ($subject) of type array|string is deprecated /Users/gangliu/data/catdesk_workspace/yilan/App/Home/Controller/GoodsController.class.php 第 413 行.
NOTIC: [8192] preg_replace(): Passing null to parameter #3 ($subject) of type array|string is deprecated /Users/gangliu/data/catdesk_workspace/yilan/App/Home/Controller/GoodsController.class.php 第 413 行.
NOTIC: [8192] preg_replace(): Passing null to parameter #3 ($subject) of type array|string is deprecated /Users/gangliu/data/catdesk_workspace/yilan/App/Home/Controller/GoodsController.class.php 第 413 行.
NOTIC: [8192] preg_replace(): Passing null to parameter #3 ($subject) of type array|string is deprecated /Users/gangliu/data/catdesk_workspace/yilan/App/Home/Controller/GoodsController.class.php 第 413 行.
NOTIC: [8192] preg_replace(): Passing null to parameter #3 ($subject) of type array|string is deprecated /Users/gangliu/data/catdesk_workspace/yilan/App/Home/Controller/GoodsController.class.php 第 413 行.
NOTIC: [8192] preg_replace(): Passing null to parameter #3 ($subject) of type array|string is deprecated /Users/gangliu/data/catdesk_workspace/yilan/App/Home/Controller/GoodsController.class.php 第 413 行.
NOTIC: [8192] preg_replace(): Passing null to parameter #3 ($subject) of type array|string is deprecated /Users/gangliu/data/catdesk_workspace/yilan/App/Home/Controller/GoodsController.class.php 第 413 行.
NOTIC: [8192] preg_replace(): Passing null to parameter #3 ($subject) of type array|string is deprecated /Users/gangliu/data/catdesk_workspace/yilan/App/Home/Controller/GoodsController.class.php 第 413 行.
NOTIC: [8192] preg_replace(): Passing null to parameter #3 ($subject) of type array|string is deprecated /Users/gangliu/data/catdesk_workspace/yilan/App/Home/Controller/GoodsController.class.php 第 413 行.
NOTIC: [8192] preg_replace(): Passing null to parameter #3 ($subject) of type array|string is deprecated /Users/gangliu/data/catdesk_workspace/yilan/App/Home/Controller/GoodsController.class.php 第 413 行.
NOTIC: [8192] preg_replace(): Passing null to parameter #3 ($subject) of type array|string is deprecated /Users/gangliu/data/catdesk_workspace/yilan/App/Home/Controller/GoodsController.class.php 第 413 行.
NOTIC: [8192] preg_replace(): Passing null to parameter #3 ($subject) of type array|string is deprecated /Users/gangliu/data/catdesk_workspace/yilan/App/Home/Controller/GoodsController.class.php 第 413 行.
NOTIC: [8192] preg_replace(): Passing null to parameter #3 ($subject) of type array|string is deprecated /Users/gangliu/data/catdesk_workspace/yilan/App/Home/Controller/GoodsController.class.php 第 413 行.
NOTIC: [8192] preg_replace(): Passing null to parameter #3 ($subject) of type array|string is deprecated /Users/gangliu/data/catdesk_workspace/yilan/App/Home/Controller/GoodsController.class.php 第 413 行.
NOTIC: [8192] preg_replace(): Passing null to parameter #3 ($subject) of type array|string is deprecated /Users/gangliu/data/catdesk_workspace/yilan/App/Home/Controller/GoodsController.class.php 第 413 行.
NOTIC: [8192] preg_replace(): Passing null to parameter #3 ($subject) of type array|string is deprecated /Users/gangliu/data/catdesk_workspace/yilan/App/Home/Controller/GoodsController.class.php 第 413 行.
NOTIC: [8192] preg_replace(): Passing null to parameter #3 ($subject) of type array|string is deprecated /Users/gangliu/data/catdesk_workspace/yilan/App/Home/Controller/GoodsController.class.php 第 413 行.
NOTIC: [8192] preg_replace(): Passing null to parameter #3 ($subject) of type array|string is deprecated /Users/gangliu/data/catdesk_workspace/yilan/App/Home/Controller/GoodsController.class.php 第 413 行.
NOTIC: [8192] preg_replace(): Passing null to parameter #3 ($subject) of type array|string is deprecated /Users/gangliu/data/catdesk_workspace/yilan/App/Home/Controller/GoodsController.class.php 第 413 行.
NOTIC: [8192] preg_replace(): Passing null to parameter #3 ($subject) of type array|string is deprecated /Users/gangliu/data/catdesk_workspace/yilan/App/Home/Controller/GoodsController.class.php 第 413 行.
NOTIC: [8192] preg_replace(): Passing null to parameter #3 ($subject) of type array|string is deprecated /Users/gangliu/data/catdesk_workspace/yilan/App/Home/Controller/GoodsController.class.php 第 413 行.
NOTIC: [8192] preg_replace(): Passing null to parameter #3 ($subject) of type array|string is deprecated /Users/gangliu/data/catdesk_workspace/yilan/App/Home/Controller/GoodsController.class.php 第 413 行.
NOTIC: [8192] preg_replace(): Passing null to parameter #3 ($subject) of type array|string is deprecated /Users/gangliu/data/catdesk_workspace/yilan/App/Home/Controller/GoodsController.class.php 第 413 行.
NOTIC: [8192] preg_replace(): Passing null to parameter #3 ($subject) of type array|string is deprecated /Users/gangliu/data/catdesk_workspace/yilan/App/Home/Controller/GoodsController.class.php 第 413 行.
NOTIC: [8192] preg_replace(): Passing null to parameter #3 ($subject) of type array|string is deprecated /Users/gangliu/data/catdesk_workspace/yilan/App/Home/Controller/GoodsController.class.php 第 413 行.
NOTIC: [8192] preg_replace(): Passing null to parameter #3 ($subject) of type array|string is deprecated /Users/gangliu/data/catdesk_workspace/yilan/App/Home/Controller/GoodsController.class.php 第 413 行.
NOTIC: [8192] preg_replace(): Passing null to parameter #3 ($subject) of type array|string is deprecated /Users/gangliu/data/catdesk_workspace/yilan/App/Home/Controller/GoodsController.class.php 第 413 行.
NOTIC: [8192] preg_replace(): Passing null to parameter #3 ($subject) of type array|string is deprecated /Users/gangliu/data/catdesk_workspace/yilan/App/Home/Controller/GoodsController.class.php 第 413 行.
NOTIC: [8192] preg_replace(): Passing null to parameter #3 ($subject) of type array|string is deprecated /Users/gangliu/data/catdesk_workspace/yilan/App/Home/Controller/GoodsController.class.php 第 413 行.
NOTIC: [8192] preg_replace(): Passing null to parameter #3 ($subject) of type array|string is deprecated /Users/gangliu/data/catdesk_workspace/yilan/App/Home/Controller/GoodsController.class.php 第 413 行.
NOTIC: [8192] preg_replace(): Passing null to parameter #3 ($subject) of type array|string is deprecated /Users/gangliu/data/catdesk_workspace/yilan/App/Home/Controller/GoodsController.class.php 第 413 行.
NOTIC: [8192] preg_replace(): Passing null to parameter #3 ($subject) of type array|string is deprecated /Users/gangliu/data/catdesk_workspace/yilan/App/Home/Controller/GoodsController.class.php 第 413 行.
NOTIC: [8192] preg_replace(): Passing null to parameter #3 ($subject) of type array|string is deprecated /Users/gangliu/data/catdesk_workspace/yilan/App/Home/Controller/GoodsController.class.php 第 413 行.
NOTIC: [8192] preg_replace(): Passing null to parameter #3 ($subject) of type array|string is deprecated /Users/gangliu/data/catdesk_workspace/yilan/App/Home/Controller/GoodsController.class.php 第 413 行.
NOTIC: [8192] preg_replace(): Passing null to parameter #3 ($subject) of type array|string is deprecated /Users/gangliu/data/catdesk_workspace/yilan/App/Home/Controller/GoodsController.class.php 第 413 行.
NOTIC: [8192] preg_replace(): Passing null to parameter #3 ($subject) of type array|string is deprecated /Users/gangliu/data/catdesk_workspace/yilan/App/Home/Controller/GoodsController.class.php 第 413 行.
NOTIC: [8192] preg_replace(): Passing null to parameter #3 ($subject) of type array|string is deprecated /Users/gangliu/data/catdesk_workspace/yilan/App/Home/Controller/GoodsController.class.php 第 413 行.
NOTIC: [8192] preg_replace(): Passing null to parameter #3 ($subject) of type array|string is deprecated /Users/gangliu/data/catdesk_workspace/yilan/App/Home/Controller/GoodsController.class.php 第 413 行.
NOTIC: [8192] preg_replace(): Passing null to parameter #3 ($subject) of type array|string is deprecated /Users/gangliu/data/catdesk_workspace/yilan/App/Home/Controller/GoodsController.class.php 第 413 行.
NOTIC: [8192] preg_replace(): Passing null to parameter #3 ($subject) of type array|string is deprecated /Users/gangliu/data/catdesk_workspace/yilan/App/Home/Controller/GoodsController.class.php 第 413 行.
NOTIC: [8192] preg_replace(): Passing null to parameter #3 ($subject) of type array|string is deprecated /Users/gangliu/data/catdesk_workspace/yilan/App/Home/Controller/GoodsController.class.php 第 413 行.
NOTIC: [8192] preg_replace(): Passing null to parameter #3 ($subject) of type array|string is deprecated /Users/gangliu/data/catdesk_workspace/yilan/App/Home/Controller/GoodsController.class.php 第 413 行.
NOTIC: [8192] preg_replace(): Passing null to parameter #3 ($subject) of type array|string is deprecated /Users/gangliu/data/catdesk_workspace/yilan/App/Home/Controller/GoodsController.class.php 第 413 行.
NOTIC: [8192] preg_replace(): Passing null to parameter #3 ($subject) of type array|string is deprecated /Users/gangliu/data/catdesk_workspace/yilan/App/Home/Controller/GoodsController.class.php 第 413 行.
NOTIC: [8192] preg_replace(): Passing null to parameter #3 ($subject) of type array|string is deprecated /Users/gangliu/data/catdesk_workspace/yilan/App/Home/Controller/GoodsController.class.php 第 413 行.
NOTIC: [8192] preg_replace(): Passing null to parameter #3 ($subject) of type array|string is deprecated /Users/gangliu/data/catdesk_workspace/yilan/App/Home/Controller/GoodsController.class.php 第 413 行.
NOTIC: [8192] preg_replace(): Passing null to parameter #3 ($subject) of type array|string is deprecated /Users/gangliu/data/catdesk_workspace/yilan/App/Home/Controller/GoodsController.class.php 第 413 行.
NOTIC: [8192] preg_replace(): Passing null to parameter #3 ($subject) of type array|string is deprecated /Users/gangliu/data/catdesk_workspace/yilan/App/Home/Controller/GoodsController.class.php 第 413 行.
NOTIC: [8192] preg_replace(): Passing null to parameter #3 ($subject) of type array|string is deprecated /Users/gangliu/data/catdesk_workspace/yilan/App/Home/Controller/GoodsController.class.php 第 413 行.
NOTIC: [8192] preg_replace(): Passing null to parameter #3 ($subject) of type array|string is deprecated /Users/gangliu/data/catdesk_workspace/yilan/App/Home/Controller/GoodsController.class.php 第 413 行.
NOTIC: [8192] preg_replace(): Passing null to parameter #3 ($subject) of type array|string is deprecated /Users/gangliu/data/catdesk_workspace/yilan/App/Home/Controller/GoodsController.class.php 第 413 行.
NOTIC: [8192] preg_replace(): Passing null to parameter #3 ($subject) of type array|string is deprecated /Users/gangliu/data/catdesk_workspace/yilan/App/Home/Controller/GoodsController.class.php 第 413 行.
NOTIC: [8192] preg_replace(): Passing null to parameter #3 ($subject) of type array|string is deprecated /Users/gangliu/data/catdesk_workspace/yilan/App/Home/Controller/GoodsController.class.php 第 413 行.
NOTIC: [8192] preg_replace(): Passing null to parameter #3 ($subject) of type array|string is deprecated /Users/gangliu/data/catdesk_workspace/yilan/App/Home/Controller/GoodsController.class.php 第 413 行.
NOTIC: [8192] preg_replace(): Passing null to parameter #3 ($subject) of type array|string is deprecated /Users/gangliu/data/catdesk_workspace/yilan/App/Home/Controller/GoodsController.class.php 第 413 行.
NOTIC: [8192] preg_replace(): Passing null to parameter #3 ($subject) of type array|string is deprecated /Users/gangliu/data/catdesk_workspace/yilan/App/Home/Controller/GoodsController.class.php 第 413 行.
NOTIC: [8192] preg_replace(): Passing null to parameter #3 ($subject) of type array|string is deprecated /Users/gangliu/data/catdesk_workspace/yilan/App/Home/Controller/GoodsController.class.php 第 413 行.
NOTIC: [8192] preg_replace(): Passing null to parameter #3 ($subject) of type array|string is deprecated /Users/gangliu/data/catdesk_workspace/yilan/App/Home/Controller/GoodsController.class.php 第 413 行.
NOTIC: [8192] preg_replace(): Passing null to parameter #3 ($subject) of type array|string is deprecated /Users/gangliu/data/catdesk_workspace/yilan/App/Home/Controller/GoodsController.class.php 第 413 行.
NOTIC: [8192] preg_replace(): Passing null to parameter #3 ($subject) of type array|string is deprecated /Users/gangliu/data/catdesk_workspace/yilan/App/Home/Controller/GoodsController.class.php 第 413 行.
NOTIC: [8192] preg_replace(): Passing null to parameter #3 ($subject) of type array|string is deprecated /Users/gangliu/data/catdesk_workspace/yilan/App/Home/Controller/GoodsController.class.php 第 413 行.
NOTIC: [8192] preg_replace(): Passing null to parameter #3 ($subject) of type array|string is deprecated /Users/gangliu/data/catdesk_workspace/yilan/App/Home/Controller/GoodsController.class.php 第 413 行.
NOTIC: [8192] preg_replace(): Passing null to parameter #3 ($subject) of type array|string is deprecated /Users/gangliu/data/catdesk_workspace/yilan/App/Home/Controller/GoodsController.class.php 第 413 行.
NOTIC: [8192] preg_replace(): Passing null to parameter #3 ($subject) of type array|string is deprecated /Users/gangliu/data/catdesk_workspace/yilan/App/Home/Controller/GoodsController.class.php 第 413 行.
NOTIC: [8192] preg_replace(): Passing null to parameter #3 ($subject) of type array|string is deprecated /Users/gangliu/data/catdesk_workspace/yilan/App/Home/Controller/GoodsController.class.php 第 413 行.
NOTIC: [8192] preg_replace(): Passing null to parameter #3 ($subject) of type array|string is deprecated /Users/gangliu/data/catdesk_workspace/yilan/App/Home/Controller/GoodsController.class.php 第 413 行.
NOTIC: [8192] preg_replace(): Passing null to parameter #3 ($subject) of type array|string is deprecated /Users/gangliu/data/catdesk_workspace/yilan/App/Home/Controller/GoodsController.class.php 第 413 行.
NOTIC: [8192] preg_replace(): Passing null to parameter #3 ($subject) of type array|string is deprecated /Users/gangliu/data/catdesk_workspace/yilan/App/Home/Controller/GoodsController.class.php 第 413 行.
NOTIC: [8192] preg_replace(): Passing null to parameter #3 ($subject) of type array|string is deprecated /Users/gangliu/data/catdesk_workspace/yilan/App/Home/Controller/GoodsController.class.php 第 413 行.
NOTIC: [8192] preg_replace(): Passing null to parameter #3 ($subject) of type array|string is deprecated /Users/gangliu/data/catdesk_workspace/yilan/App/Home/Controller/GoodsController.class.php 第 413 行.
NOTIC: [8192] preg_replace(): Passing null to parameter #3 ($subject) of type array|string is deprecated /Users/gangliu/data/catdesk_workspace/yilan/App/Home/Controller/GoodsController.class.php 第 413 行.
NOTIC: [8192] preg_replace(): Passing null to parameter #3 ($subject) of type array|string is deprecated /Users/gangliu/data/catdesk_workspace/yilan/App/Home/Controller/GoodsController.class.php 第 413 行.
NOTIC: [8192] preg_replace(): Passing null to parameter #3 ($subject) of type array|string is deprecated /Users/gangliu/data/catdesk_workspace/yilan/App/Home/Controller/GoodsController.class.php 第 413 行.
NOTIC: [8192] preg_replace(): Passing null to parameter #3 ($subject) of type array|string is deprecated /Users/gangliu/data/catdesk_workspace/yilan/App/Home/Controller/GoodsController.class.php 第 413 行.
NOTIC: [8192] preg_replace(): Passing null to parameter #3 ($subject) of type array|string is deprecated /Users/gangliu/data/catdesk_workspace/yilan/App/Home/Controller/GoodsController.class.php 第 413 行.
NOTIC: [8192] preg_replace(): Passing null to parameter #3 ($subject) of type array|string is deprecated /Users/gangliu/data/catdesk_workspace/yilan/App/Home/Controller/GoodsController.class.php 第 413 行.
NOTIC: [8192] preg_replace(): Passing null to parameter #3 ($subject) of type array|string is deprecated /Users/gangliu/data/catdesk_workspace/yilan/App/Home/Controller/GoodsController.class.php 第 413 行.
NOTIC: [8192] preg_replace(): Passing null to parameter #3 ($subject) of type array|string is deprecated /Users/gangliu/data/catdesk_workspace/yilan/App/Home/Controller/GoodsController.class.php 第 413 行.
NOTIC: [8192] preg_replace(): Passing null to parameter #3 ($subject) of type array|string is deprecated /Users/gangliu/data/catdesk_workspace/yilan/App/Home/Controller/GoodsController.class.php 第 413 行.
NOTIC: [8192] preg_replace(): Passing null to parameter #3 ($subject) of type array|string is deprecated /Users/gangliu/data/catdesk_workspace/yilan/App/Home/Controller/GoodsController.class.php 第 413 行.
NOTIC: [8192] preg_replace(): Passing null to parameter #3 ($subject) of type array|string is deprecated /Users/gangliu/data/catdesk_workspace/yilan/App/Home/Controller/GoodsController.class.php 第 413 行.
NOTIC: [8192] preg_replace(): Passing null to parameter #3 ($subject) of type array|string is deprecated /Users/gangliu/data/catdesk_workspace/yilan/App/Home/Controller/GoodsController.class.php 第 413 行.
NOTIC: [8192] preg_replace(): Passing null to parameter #3 ($subject) of type array|string is deprecated /Users/gangliu/data/catdesk_workspace/yilan/App/Home/Controller/GoodsController.class.php 第 413 行.
NOTIC: [8192] preg_replace(): Passing null to parameter #3 ($subject) of type array|string is deprecated /Users/gangliu/data/catdesk_workspace/yilan/App/Home/Controller/GoodsController.class.php 第 413 行.
NOTIC: [8192] preg_replace(): Passing null to parameter #3 ($subject) of type array|string is deprecated /Users/gangliu/data/catdesk_workspace/yilan/App/Home/Controller/GoodsController.class.php 第 413 行.
NOTIC: [8192] preg_replace(): Passing null to parameter #3 ($subject) of type array|string is deprecated /Users/gangliu/data/catdesk_workspace/yilan/App/Home/Controller/GoodsController.class.php 第 413 行.
NOTIC: [8192] preg_replace(): Passing null to parameter #3 ($subject) of type array|string is deprecated /Users/gangliu/data/catdesk_workspace/yilan/App/Home/Controller/GoodsController.class.php 第 413 行.
NOTIC: [8192] preg_replace(): Passing null to parameter #3 ($subject) of type array|string is deprecated /Users/gangliu/data/catdesk_workspace/yilan/App/Home/Controller/GoodsController.class.php 第 413 行.
SQL: SHOW COLUMNS FROM `plate_conts_blank` [ RunTime:0.0069s ]
SQL: SELECT `id` FROM `plate_conts_blank` WHERE `pid` = 1 AND `cat_index` = 1 LIMIT 1   [ RunTime:0.0008s ]
SQL: SELECT COUNT(*) AS tp_count FROM `plate_conts_logs` WHERE `blank_id` = 1738 LIMIT 1   [ RunTime:0.0005s ]
SQL: SHOW COLUMNS FROM `plate_conts` [ RunTime:0.0017s ]
SQL: SHOW COLUMNS FROM `plate_cats` [ RunTime:0.0016s ]
SQL: SELECT * FROM `plate_conts` WHERE `id` = 1 LIMIT 1   [ RunTime:0.0012s ]
SQL: SELECT * FROM `plate_cats` WHERE `id` = 217 LIMIT 1   [ RunTime:0.0009s ]
SQL: SELECT * FROM `plate_conts_blank` WHERE `pid` = 1 AND `cat_index` = 1 LIMIT 1   [ RunTime:0.0010s ]
SQL: SHOW COLUMNS FROM `plate_conts_price` [ RunTime:0.0016s ]
SQL: SELECT * FROM `plate_conts_price` WHERE `plate_conts_id` = 1 AND `cat_index` = 1  [ RunTime:0.0018s ]
SQL: SHOW COLUMNS FROM `new_cate_form` [ RunTime:0.0019s ]
SQL: SELECT * FROM `new_cate_form` WHERE `new_cate_id` = 356 AND `number` = 1 LIMIT 1   [ RunTime:0.0020s ]
SQL: SELECT * FROM `new_cate_form` WHERE `new_cate_id` = 362 AND `number` = 1 LIMIT 1   [ RunTime:0.0014s ]
SQL: SELECT * FROM `new_cate_form` WHERE `new_cate_id` = 371 AND `number` = 1 LIMIT 1   [ RunTime:0.0010s ]
SQL: SELECT * FROM `new_cate_form` WHERE `new_cate_id` = 356 AND `number` = 1 LIMIT 1   [ RunTime:0.0003s ]
SQL: SELECT * FROM `new_cate_form` WHERE `new_cate_id` = 362 AND `number` = 1 LIMIT 1   [ RunTime:0.0007s ]
SQL: INSERT INTO `plate_conts_logs` (`key_0`,`key_1`,`key_2`,`key_3`,`key_4`,`key_5`,`key_6`,`key_7`,`pid`,`blank_id`,`cat_index`,`ptype`,`sorts`,`value_0`,`trans`,`value_1`,`value_2`,`value_3`,`value_4`,`value_5`,`value_6`,`value_7`,`dratio`,`price`,`status`,`uptimes`,`times`,`number`,`market`) VALUES ('供货方式','质量标准','执行标准','起订数量','计量单位','产品型号','电压等级','产品规格','1','1738','1','2','1','工厂生产','7天内发货','国网标准','GB/TGWD-2023','500米','米','ZC-YJV','0.6/1KV','1×10','1.06','3.24','1','0','1781254879','1','3.43') [ RunTime:0.0026s ]
SQL: SELECT * FROM `plate_conts` WHERE `id` = 1 LIMIT 1   [ RunTime:0.0003s ]
SQL: SELECT * FROM `plate_cats` WHERE `id` = 217 LIMIT 1   [ RunTime:0.0002s ]
SQL: SELECT * FROM `plate_conts_blank` WHERE `pid` = 1 AND `cat_index` = 1 LIMIT 1   [ RunTime:0.0003s ]
SQL: SELECT * FROM `plate_conts_price` WHERE `plate_conts_id` = 1 AND `cat_index` = 1  [ RunTime:0.0019s ]
SQL: SELECT * FROM `new_cate_form` WHERE `new_cate_id` = 356 AND `number` = 2 LIMIT 1   [ RunTime:0.0014s ]
SQL: SELECT * FROM `new_cate_form` WHERE `new_cate_id` = 362 AND `number` = 2 LIMIT 1   [ RunTime:0.0016s ]
SQL: SELECT * FROM `new_cate_form` WHERE `new_cate_id` = 371 AND `number` = 2 LIMIT 1   [ RunTime:0.0010s ]
SQL: SELECT * FROM `new_cate_form` WHERE `new_cate_id` = 356 AND `number` = 2 LIMIT 1   [ RunTime:0.0032s ]
SQL: SELECT * FROM `new_cate_form` WHERE `new_cate_id` = 362 AND `number` = 2 LIMIT 1   [ RunTime:0.0009s ]
SQL: INSERT INTO `plate_conts_logs` (`key_0`,`key_1`,`key_2`,`key_3`,`key_4`,`key_5`,`key_6`,`key_7`,`pid`,`blank_id`,`cat_index`,`ptype`,`sorts`,`value_0`,`trans`,`value_1`,`value_2`,`value_3`,`value_4`,`value_5`,`value_6`,`value_7`,`dratio`,`price`,`status`,`uptimes`,`times`,`number`,`market`) VALUES ('供货方式','质量标准','执行标准','起订数量','计量单位','产品型号','电压等级','产品规格','1','1738','1','2','2','','','','','','','','','','0','4.98','1','0','1781254879','2','0.00') [ RunTime:0.0012s ]
SQL: SELECT * FROM `plate_conts` WHERE `id` = 1 LIMIT 1   [ RunTime:0.0004s ]
SQL: SELECT * FROM `plate_cats` WHERE `id` = 217 LIMIT 1   [ RunTime:0.0001s ]
SQL: SELECT * FROM `plate_conts_blank` WHERE `pid` = 1 AND `cat_index` = 1 LIMIT 1   [ RunTime:0.0003s ]
SQL: SELECT * FROM `plate_conts_price` WHERE `plate_conts_id` = 1 AND `cat_index` = 1  [ RunTime:0.0026s ]
SQL: SELECT * FROM `new_cate_form` WHERE `new_cate_id` = 356 AND `number` = 3 LIMIT 1   [ RunTime:0.0010s ]
SQL: SELECT * FROM `new_cate_form` WHERE `new_cate_id` = 362 AND `number` = 3 LIMIT 1   [ RunTime:0.0004s ]
SQL: SELECT * FROM `new_cate_form` WHERE `new_cate_id` = 371 AND `number` = 3 LIMIT 1   [ RunTime:0.0003s ]
SQL: SELECT * FROM `new_cate_form` WHERE `new_cate_id` = 356 AND `number` = 3 LIMIT 1   [ RunTime:0.0004s ]
SQL: SELECT * FROM `new_cate_form` WHERE `new_cate_id` = 362 AND `number` = 3 LIMIT 1   [ RunTime:0.0010s ]
SQL: INSERT INTO `plate_conts_logs` (`key_0`,`key_1`,`key_2`,`key_3`,`key_4`,`key_5`,`key_6`,`key_7`,`pid`,`blank_id`,`cat_index`,`ptype`,`sorts`,`value_0`,`trans`,`value_1`,`value_2`,`value_3`,`value_4`,`value_5`,`value_6`,`value_7`,`dratio`,`price`,`status`,`uptimes`,`times`,`number`,`market`) VALUES ('供货方式','质量标准','执行标准','起订数量','计量单位','产品型号','电压等级','产品规格','1','1738','1','2','3','','','','','','','','','','0','7.68','1','0','1781254879','3','0.00') [ RunTime:0.0019s ]
SQL: SELECT * FROM `plate_conts` WHERE `id` = 1 LIMIT 1   [ RunTime:0.0003s ]
SQL: SELECT * FROM `plate_cats` WHERE `id` = 217 LIMIT 1   [ RunTime:0.0002s ]
SQL: SELECT * FROM `plate_conts_blank` WHERE `pid` = 1 AND `cat_index` = 1 LIMIT 1   [ RunTime:0.0003s ]
SQL: SELECT * FROM `plate_conts_price` WHERE `plate_conts_id` = 1 AND `cat_index` = 1  [ RunTime:0.0024s ]
SQL: SELECT * FROM `new_cate_form` WHERE `new_cate_id` = 356 AND `number` = 4 LIMIT 1   [ RunTime:0.0006s ]
SQL: SELECT * FROM `new_cate_form` WHERE `new_cate_id` = 362 AND `number` = 4 LIMIT 1   [ RunTime:0.0008s ]
SQL: SELECT * FROM `new_cate_form` WHERE `new_cate_id` = 371 AND `number` = 4 LIMIT 1   [ RunTime:0.0010s ]
SQL: SELECT * FROM `new_cate_form` WHERE `new_cate_id` = 356 AND `number` = 4 LIMIT 1   [ RunTime:0.0008s ]
SQL: SELECT * FROM `new_cate_form` WHERE `new_cate_id` = 362 AND `number` = 4 LIMIT 1   [ RunTime:0.0003s ]
SQL: INSERT INTO `plate_conts_logs` (`key_0`,`key_1`,`key_2`,`key_3`,`key_4`,`key_5`,`key_6`,`key_7`,`pid`,`blank_id`,`cat_index`,`ptype`,`sorts`,`value_0`,`trans`,`value_1`,`value_2`,`value_3`,`value_4`,`value_5`,`value_6`,`value_7`,`dratio`,`price`,`status`,`uptimes`,`times`,`number`,`market`) VALUES ('供货方式','质量标准','执行标准','起订数量','计量单位','产品型号','电压等级','产品规格','1','1738','1','2','4','','','','','','','','','','0','10.25','1','0','1781254879','4','0.00') [ RunTime:0.0011s ]
SQL: SELECT * FROM `plate_conts` WHERE `id` = 1 LIMIT 1   [ RunTime:0.0002s ]
SQL: SELECT * FROM `plate_cats` WHERE `id` = 217 LIMIT 1   [ RunTime:0.0001s ]
SQL: SELECT * FROM `plate_conts_blank` WHERE `pid` = 1 AND `cat_index` = 1 LIMIT 1   [ RunTime:0.0002s ]
SQL: SELECT * FROM `plate_conts_price` WHERE `plate_conts_id` = 1 AND `cat_index` = 1  [ RunTime:0.0011s ]
SQL: SELECT * FROM `new_cate_form` WHERE `new_cate_id` = 356 AND `number` = 5 LIMIT 1   [ RunTime:0.0013s ]
SQL: SELECT * FROM `new_cate_form` WHERE `new_cate_id` = 362 AND `number` = 5 LIMIT 1   [ RunTime:0.0006s ]
SQL: SELECT * FROM `new_cate_form` WHERE `new_cate_id` = 371 AND `number` = 5 LIMIT 1   [ RunTime:0.0003s ]
SQL: SELECT * FROM `new_cate_form` WHERE `new_cate_id` = 356 AND `number` = 5 LIMIT 1   [ RunTime:0.0008s ]
SQL: SELECT * FROM `new_cate_form` WHERE `new_cate_id` = 362 AND `number` = 5 LIMIT 1   [ RunTime:0.0009s ]
SQL: INSERT INTO `plate_conts_logs` (`key_0`,`key_1`,`key_2`,`key_3`,`key_4`,`key_5`,`key_6`,`key_7`,`pid`,`blank_id`,`cat_index`,`ptype`,`sorts`,`value_0`,`trans`,`value_1`,`value_2`,`value_3`,`value_4`,`value_5`,`value_6`,`value_7`,`dratio`,`price`,`status`,`uptimes`,`times`,`number`,`market`) VALUES ('供货方式','质量标准','执行标准','起订数量','计量单位','产品型号','电压等级','产品规格','1','1738','1','2','5','','','','','','','','','','0','14.00','1','0','1781254879','5','0.00') [ RunTime:0.0017s ]
SQL: SELECT * FROM `plate_conts` WHERE `id` = 1 LIMIT 1   [ RunTime:0.0003s ]
SQL: SELECT * FROM `plate_cats` WHERE `id` = 217 LIMIT 1   [ RunTime:0.0002s ]
SQL: SELECT * FROM `plate_conts_blank` WHERE `pid` = 1 AND `cat_index` = 1 LIMIT 1   [ RunTime:0.0003s ]
SQL: SELECT * FROM `plate_conts_price` WHERE `plate_conts_id` = 1 AND `cat_index` = 1  [ RunTime:0.0018s ]
SQL: SELECT * FROM `new_cate_form` WHERE `new_cate_id` = 356 AND `number` = 6 LIMIT 1   [ RunTime:0.0008s ]
SQL: SELECT * FROM `new_cate_form` WHERE `new_cate_id` = 362 AND `number` = 6 LIMIT 1   [ RunTime:0.0012s ]
SQL: SELECT * FROM `new_cate_form` WHERE `new_cate_id` = 371 AND `number` = 6 LIMIT 1   [ RunTime:0.0007s ]
SQL: SELECT * FROM `new_cate_form` WHERE `new_cate_id` = 356 AND `number` = 6 LIMIT 1   [ RunTime:0.0012s ]
SQL: SELECT * FROM `new_cate_form` WHERE `new_cate_id` = 362 AND `number` = 6 LIMIT 1   [ RunTime:0.0011s ]
SQL: INSERT INTO `plate_conts_logs` (`key_0`,`key_1`,`key_2`,`key_3`,`key_4`,`key_5`,`key_6`,`key_7`,`pid`,`blank_id`,`cat_index`,`ptype`,`sorts`,`value_0`,`trans`,`value_1`,`value_2`,`value_3`,`value_4`,`value_5`,`value_6`,`value_7`,`dratio`,`price`,`status`,`uptimes`,`times`,`number`,`market`) VALUES ('供货方式','质量标准','执行标准','起订数量','计量单位','产品型号','电压等级','产品规格','1','1738','1','2','6','','','','','','','','','','0','20.05','1','0','1781254879','6','0.00') [ RunTime:0.0014s ]
SQL: SELECT * FROM `plate_conts` WHERE `id` = 1 LIMIT 1   [ RunTime:0.0004s ]
SQL: SELECT * FROM `plate_cats` WHERE `id` = 217 LIMIT 1   [ RunTime:0.0003s ]
SQL: SELECT * FROM `plate_conts_blank` WHERE `pid` = 1 AND `cat_index` = 1 LIMIT 1   [ RunTime:0.0004s ]
SQL: SELECT * FROM `plate_conts_price` WHERE `plate_conts_id` = 1 AND `cat_index` = 1  [ RunTime:0.0020s ]
SQL: SELECT * FROM `new_cate_form` WHERE `new_cate_id` = 356 AND `number` = 7 LIMIT 1   [ RunTime:0.0008s ]
SQL: SELECT * FROM `new_cate_form` WHERE `new_cate_id` = 362 AND `number` = 7 LIMIT 1   [ RunTime:0.0005s ]
SQL: SELECT * FROM `new_cate_form` WHERE `new_cate_id` = 371 AND `number` = 7 LIMIT 1   [ RunTime:0.0011s ]
SQL: SELECT * FROM `new_cate_form` WHERE `new_cate_id` = 356 AND `number` = 7 LIMIT 1   [ RunTime:0.0010s ]
SQL: SELECT * FROM `new_cate_form` WHERE `new_cate_id` = 362 AND `number` = 7 LIMIT 1   [ RunTime:0.0010s ]
SQL: INSERT INTO `plate_conts_logs` (`key_0`,`key_1`,`key_2`,`key_3`,`key_4`,`key_5`,`key_6`,`key_7`,`pid`,`blank_id`,`cat_index`,`ptype`,`sorts`,`value_0`,`trans`,`value_1`,`value_2`,`value_3`,`value_4`,`value_5`,`value_6`,`value_7`,`dratio`,`price`,`status`,`uptimes`,`times`,`number`,`market`) VALUES ('供货方式','质量标准','执行标准','起订数量','计量单位','产品型号','电压等级','产品规格','1','1738','1','2','7','','','','','','','','','','0','27.14','1','0','1781254879','7','0.00') [ RunTime:0.0023s ]
SQL: SELECT * FROM `plate_conts` WHERE `id` = 1 LIMIT 1   [ RunTime:0.0005s ]
SQL: SELECT * FROM `plate_cats` WHERE `id` = 217 LIMIT 1   [ RunTime:0.0002s ]
SQL: SELECT * FROM `plate_conts_blank` WHERE `pid` = 1 AND `cat_index` = 1 LIMIT 1   [ RunTime:0.0014s ]
SQL: SELECT * FROM `plate_conts_price` WHERE `plate_conts_id` = 1 AND `cat_index` = 1  [ RunTime:0.0015s ]
SQL: SELECT * FROM `new_cate_form` WHERE `new_cate_id` = 356 AND `number` = 8 LIMIT 1   [ RunTime:0.0008s ]
SQL: SELECT * FROM `new_cate_form` WHERE `new_cate_id` = 362 AND `number` = 8 LIMIT 1   [ RunTime:0.0009s ]
SQL: SELECT * FROM `new_cate_form` WHERE `new_cate_id` = 371 AND `number` = 8 LIMIT 1   [ RunTime:0.0015s ]
SQL: SELECT * FROM `new_cate_form` WHERE `new_cate_id` = 356 AND `number` = 8 LIMIT 1   [ RunTime:0.0011s ]
SQL: SELECT * FROM `new_cate_form` WHERE `new_cate_id` = 362 AND `number` = 8 LIMIT 1   [ RunTime:0.0012s ]
SQL: INSERT INTO `plate_conts_logs` (`key_0`,`key_1`,`key_2`,`key_3`,`key_4`,`key_5`,`key_6`,`key_7`,`pid`,`blank_id`,`cat_index`,`ptype`,`sorts`,`value_0`,`trans`,`value_1`,`value_2`,`value_3`,`value_4`,`value_5`,`value_6`,`value_7`,`dratio`,`price`,`status`,`uptimes`,`times`,`number`,`market`) VALUES ('供货方式','质量标准','执行标准','起订数量','计量单位','产品型号','电压等级','产品规格','1','1738','1','2','8','','','','','','','','','','0','34.01','1','0','1781254879','8','0.00') [ RunTime:0.0013s ]
SQL: SELECT * FROM `plate_conts` WHERE `id` = 1 LIMIT 1   [ RunTime:0.0003s ]
SQL: SELECT * FROM `plate_cats` WHERE `id` = 217 LIMIT 1   [ RunTime:0.0002s ]
SQL: SELECT * FROM `plate_conts_blank` WHERE `pid` = 1 AND `cat_index` = 1 LIMIT 1   [ RunTime:0.0003s ]
SQL: SELECT * FROM `plate_conts_price` WHERE `plate_conts_id` = 1 AND `cat_index` = 1  [ RunTime:0.0019s ]
SQL: SELECT * FROM `new_cate_form` WHERE `new_cate_id` = 356 AND `number` = 9 LIMIT 1   [ RunTime:0.0010s ]
SQL: SELECT * FROM `new_cate_form` WHERE `new_cate_id` = 362 AND `number` = 9 LIMIT 1   [ RunTime:0.0009s ]
SQL: SELECT * FROM `new_cate_form` WHERE `new_cate_id` = 371 AND `number` = 9 LIMIT 1   [ RunTime:0.0008s ]
SQL: SELECT * FROM `new_cate_form` WHERE `new_cate_id` = 356 AND `number` = 9 LIMIT 1   [ RunTime:0.0003s ]
SQL: SELECT * FROM `new_cate_form` WHERE `new_cate_id` = 362 AND `number` = 9 LIMIT 1   [ RunTime:0.0012s ]
SQL: INSERT INTO `plate_conts_logs` (`key_0`,`key_1`,`key_2`,`key_3`,`key_4`,`key_5`,`key_6`,`key_7`,`pid`,`blank_id`,`cat_index`,`ptype`,`sorts`,`value_0`,`trans`,`value_1`,`value_2`,`value_3`,`value_4`,`value_5`,`value_6`,`value_7`,`dratio`,`price`,`status`,`uptimes`,`times`,`number`,`market`) VALUES ('供货方式','质量标准','执行标准','起订数量','计量单位','产品型号','电压等级','产品规格','1','1738','1','2','9','','','','','','','','','','0','41.88','1','0','1781254879','9','0.00') [ RunTime:0.0011s ]
SQL: SELECT * FROM `plate_conts` WHERE `id` = 1 LIMIT 1   [ RunTime:0.0002s ]
SQL: SELECT * FROM `plate_cats` WHERE `id` = 217 LIMIT 1   [ RunTime:0.0001s ]
SQL: SELECT * FROM `plate_conts_blank` WHERE `pid` = 1 AND `cat_index` = 1 LIMIT 1   [ RunTime:0.0002s ]
SQL: SELECT * FROM `plate_conts_price` WHERE `plate_conts_id` = 1 AND `cat_index` = 1  [ RunTime:0.0018s ]
SQL: SELECT * FROM `new_cate_form` WHERE `new_cate_id` = 356 AND `number` = 10 LIMIT 1   [ RunTime:0.0012s ]
SQL: SELECT * FROM `new_cate_form` WHERE `new_cate_id` = 362 AND `number` = 10 LIMIT 1   [ RunTime:0.0010s ]
SQL: SELECT * FROM `new_cate_form` WHERE `new_cate_id` = 371 AND `number` = 10 LIMIT 1   [ RunTime:0.0006s ]
SQL: SELECT * FROM `new_cate_form` WHERE `new_cate_id` = 356 AND `number` = 10 LIMIT 1   [ RunTime:0.0010s ]
SQL: SELECT * FROM `new_cate_form` WHERE `new_cate_id` = 362 AND `number` = 10 LIMIT 1   [ RunTime:0.0013s ]
SQL: INSERT INTO `plate_conts_logs` (`key_0`,`key_1`,`key_2`,`key_3`,`key_4`,`key_5`,`key_6`,`key_7`,`pid`,`blank_id`,`cat_index`,`ptype`,`sorts`,`value_0`,`trans`,`value_1`,`value_2`,`value_3`,`value_4`,`value_5`,`value_6`,`value_7`,`dratio`,`price`,`status`,`uptimes`,`times`,`number`,`market`) VALUES ('供货方式','质量标准','执行标准','起订数量','计量单位','产品型号','电压等级','产品规格','1','1738','1','2','10','','','','','','','','','','0','52.03','1','0','1781254879','10','0.00') [ RunTime:0.0013s ]
SQL: SELECT * FROM `plate_conts` WHERE `id` = 1 LIMIT 1   [ RunTime:0.0004s ]
SQL: SELECT * FROM `plate_cats` WHERE `id` = 217 LIMIT 1   [ RunTime:0.0002s ]
SQL: SELECT * FROM `plate_conts_blank` WHERE `pid` = 1 AND `cat_index` = 1 LIMIT 1   [ RunTime:0.0003s ]
SQL: SELECT * FROM `plate_conts_price` WHERE `plate_conts_id` = 1 AND `cat_index` = 1  [ RunTime:0.0024s ]
SQL: SELECT * FROM `new_cate_form` WHERE `new_cate_id` = 356 AND `number` = 11 LIMIT 1   [ RunTime:0.0014s ]
SQL: SELECT * FROM `new_cate_form` WHERE `new_cate_id` = 362 AND `number` = 11 LIMIT 1   [ RunTime:0.0014s ]
SQL: SELECT * FROM `new_cate_form` WHERE `new_cate_id` = 371 AND `number` = 11 LIMIT 1   [ RunTime:0.0004s ]
SQL: SELECT * FROM `new_cate_form` WHERE `new_cate_id` = 356 AND `number` = 11 LIMIT 1   [ RunTime:0.0004s ]
SQL: SELECT * FROM `new_cate_form` WHERE `new_cate_id` = 362 AND `number` = 11 LIMIT 1   [ RunTime:0.0004s ]
SQL: INSERT INTO `plate_conts_logs` (`key_0`,`key_1`,`key_2`,`key_3`,`key_4`,`key_5`,`key_6`,`key_7`,`pid`,`blank_id`,`cat_index`,`ptype`,`sorts`,`value_0`,`trans`,`value_1`,`value_2`,`value_3`,`value_4`,`value_5`,`value_6`,`value_7`,`dratio`,`price`,`status`,`uptimes`,`times`,`number`,`market`) VALUES ('供货方式','质量标准','执行标准','起订数量','计量单位','产品型号','电压等级','产品规格','1','1738','1','2','11','','','','','','','','','','0','68.26','1','0','1781254879','11','0.00') [ RunTime:0.0011s ]
SQL: SELECT * FROM `plate_conts` WHERE `id` = 1 LIMIT 1   [ RunTime:0.0002s ]
SQL: SELECT * FROM `plate_cats` WHERE `id` = 217 LIMIT 1   [ RunTime:0.0001s ]
SQL: SELECT * FROM `plate_conts_blank` WHERE `pid` = 1 AND `cat_index` = 1 LIMIT 1   [ RunTime:0.0002s ]
SQL: SELECT * FROM `plate_conts_price` WHERE `plate_conts_id` = 1 AND `cat_index` = 1  [ RunTime:0.0009s ]
SQL: SELECT * FROM `new_cate_form` WHERE `new_cate_id` = 356 AND `number` = 12 LIMIT 1   [ RunTime:0.0011s ]
SQL: SELECT * FROM `new_cate_form` WHERE `new_cate_id` = 362 AND `number` = 12 LIMIT 1   [ RunTime:0.0015s ]
SQL: SELECT * FROM `new_cate_form` WHERE `new_cate_id` = 371 AND `number` = 12 LIMIT 1   [ RunTime:0.0015s ]
SQL: SELECT * FROM `new_cate_form` WHERE `new_cate_id` = 356 AND `number` = 12 LIMIT 1   [ RunTime:0.0009s ]
SQL: SELECT * FROM `new_cate_form` WHERE `new_cate_id` = 362 AND `number` = 12 LIMIT 1   [ RunTime:0.0002s ]
SQL: INSERT INTO `plate_conts_logs` (`key_0`,`key_1`,`key_2`,`key_3`,`key_4`,`key_5`,`key_6`,`key_7`,`pid`,`blank_id`,`cat_index`,`ptype`,`sorts`,`value_0`,`trans`,`value_1`,`value_2`,`value_3`,`value_4`,`value_5`,`value_6`,`value_7`,`dratio`,`price`,`status`,`uptimes`,`times`,`number`,`market`) VALUES ('供货方式','质量标准','执行标准','起订数量','计量单位','产品型号','电压等级','产品规格','1','1738','1','2','12','','','','','','','','','','0','85.33','1','0','1781254879','12','0.00') [ RunTime:0.0013s ]
SQL: SELECT * FROM `plate_conts` WHERE `id` = 1 LIMIT 1   [ RunTime:0.0002s ]
SQL: SELECT * FROM `plate_cats` WHERE `id` = 217 LIMIT 1   [ RunTime:0.0001s ]
SQL: SELECT * FROM `plate_conts_blank` WHERE `pid` = 1 AND `cat_index` = 1 LIMIT 1   [ RunTime:0.0001s ]
SQL: SELECT * FROM `plate_conts_price` WHERE `plate_conts_id` = 1 AND `cat_index` = 1  [ RunTime:0.0005s ]
SQL: SELECT * FROM `new_cate_form` WHERE `new_cate_id` = 356 AND `number` = 13 LIMIT 1   [ RunTime:0.0010s ]
SQL: SELECT * FROM `new_cate_form` WHERE `new_cate_id` = 362 AND `number` = 13 LIMIT 1   [ RunTime:0.0014s ]
SQL: SELECT * FROM `new_cate_form` WHERE `new_cate_id` = 371 AND `number` = 13 LIMIT 1   [ RunTime:0.0008s ]
SQL: SELECT * FROM `new_cate_form` WHERE `new_cate_id` = 356 AND `number` = 13 LIMIT 1   [ RunTime:0.0003s ]
SQL: SELECT * FROM `new_cate_form` WHERE `new_cate_id` = 362 AND `number` = 13 LIMIT 1   [ RunTime:0.0005s ]
SQL: INSERT INTO `plate_conts_logs` (`key_0`,`key_1`,`key_2`,`key_3`,`key_4`,`key_5`,`key_6`,`key_7`,`pid`,`blank_id`,`cat_index`,`ptype`,`sorts`,`value_0`,`trans`,`value_1`,`value_2`,`value_3`,`value_4`,`value_5`,`value_6`,`value_7`,`dratio`,`price`,`status`,`uptimes`,`times`,`number`,`market`) VALUES ('供货方式','质量标准','执行标准','起订数量','计量单位','产品型号','电压等级','产品规格','1','1738','1','2','13','','','','','','','','','','0','112.14','1','0','1781254879','13','0.00') [ RunTime:0.0037s ]
SQL: SELECT * FROM `plate_conts` WHERE `id` = 1 LIMIT 1   [ RunTime:0.0001s ]
SQL: SELECT * FROM `plate_cats` WHERE `id` = 217 LIMIT 1   [ RunTime:0.0001s ]
SQL: SELECT * FROM `plate_conts_blank` WHERE `pid` = 1 AND `cat_index` = 1 LIMIT 1   [ RunTime:0.0002s ]
SQL: SELECT * FROM `plate_conts_price` WHERE `plate_conts_id` = 1 AND `cat_index` = 1  [ RunTime:0.0012s ]
SQL: SELECT * FROM `new_cate_form` WHERE `new_cate_id` = 356 AND `number` = 14 LIMIT 1   [ RunTime:0.0005s ]
SQL: SELECT * FROM `new_cate_form` WHERE `new_cate_id` = 362 AND `number` = 14 LIMIT 1   [ RunTime:0.0002s ]
SQL: SELECT * FROM `new_cate_form` WHERE `new_cate_id` = 371 AND `number` = 14 LIMIT 1   [ RunTime:0.0002s ]
SQL: SELECT * FROM `new_cate_form` WHERE `new_cate_id` = 356 AND `number` = 14 LIMIT 1   [ RunTime:0.0002s ]
SQL: SELECT * FROM `new_cate_form` WHERE `new_cate_id` = 362 AND `number` = 14 LIMIT 1   [ RunTime:0.0002s ]
SQL: INSERT INTO `plate_conts_logs` (`key_0`,`key_1`,`key_2`,`key_3`,`key_4`,`key_5`,`key_6`,`key_7`,`pid`,`blank_id`,`cat_index`,`ptype`,`sorts`,`value_0`,`trans`,`value_1`,`value_2`,`value_3`,`value_4`,`value_5`,`value_6`,`value_7`,`dratio`,`price`,`status`,`uptimes`,`times`,`number`,`market`) VALUES ('供货方式','质量标准','执行标准','起订数量','计量单位','产品型号','电压等级','产品规格','1','1738','1','2','14','','','','','','','','','','0','143.48','1','0','1781254879','14','0.00') [ RunTime:0.0009s ]
SQL: SELECT * FROM `plate_conts` WHERE `id` = 1 LIMIT 1   [ RunTime:0.0002s ]
SQL: SELECT * FROM `plate_cats` WHERE `id` = 217 LIMIT 1   [ RunTime:0.0002s ]
SQL: SELECT * FROM `plate_conts_blank` WHERE `pid` = 1 AND `cat_index` = 1 LIMIT 1   [ RunTime:0.0002s ]
SQL: SELECT * FROM `plate_conts_price` WHERE `plate_conts_id` = 1 AND `cat_index` = 1  [ RunTime:0.0006s ]
SQL: SELECT * FROM `new_cate_form` WHERE `new_cate_id` = 356 AND `number` = 15 LIMIT 1   [ RunTime:0.0008s ]
SQL: SELECT * FROM `new_cate_form` WHERE `new_cate_id` = 362 AND `number` = 15 LIMIT 1   [ RunTime:0.0005s ]
SQL: SELECT * FROM `new_cate_form` WHERE `new_cate_id` = 371 AND `number` = 15 LIMIT 1   [ RunTime:0.0002s ]
SQL: SELECT * FROM `new_cate_form` WHERE `new_cate_id` = 356 AND `number` = 15 LIMIT 1   [ RunTime:0.0005s ]
SQL: SELECT * FROM `new_cate_form` WHERE `new_cate_id` = 362 AND `number` = 15 LIMIT 1   [ RunTime:0.0005s ]
SQL: INSERT INTO `plate_conts_logs` (`key_0`,`key_1`,`key_2`,`key_3`,`key_4`,`key_5`,`key_6`,`key_7`,`pid`,`blank_id`,`cat_index`,`ptype`,`sorts`,`value_0`,`trans`,`value_1`,`value_2`,`value_3`,`value_4`,`value_5`,`value_6`,`value_7`,`dratio`,`price`,`status`,`uptimes`,`times`,`number`,`market`) VALUES ('供货方式','质量标准','执行标准','起订数量','计量单位','产品型号','电压等级','产品规格','1','1738','1','2','15','','','','','','','','','','0','180.40','1','0','1781254879','15','0.00') [ RunTime:0.0007s ]
ERR: {"status":1,"msg":null,"data":1}

[ 2026-06-12T17:01:19+08:00 ] ::1 /Home/Goods/plate_conts_blankr.html
INFO: [ app_init ] --START--
INFO: Run Behavior\BuildLiteBehavior [ RunTime:0.000003s ]
INFO: [ app_init ] --END-- [ RunTime:0.000024s ]
INFO: [ app_begin ] --START--
INFO: Run Behavior\ReadHtmlCacheBehavior [ RunTime:0.000011s ]
INFO: [ app_begin ] --END-- [ RunTime:0.000018s ]
SQL: SHOW COLUMNS FROM `plate_conts_blank` [ RunTime:0.0024s ]
SQL: SHOW COLUMNS FROM `plate_conts_logs` [ RunTime:0.0030s ]
SQL: SHOW COLUMNS FROM `plate_conts_logsr` [ RunTime:0.0051s ]
SQL: SELECT * FROM `plate_conts_blank` WHERE `id` = 1738 LIMIT 1   [ RunTime:0.0066s ]
SQL: SELECT * FROM `plate_conts_logs` WHERE `blank_id` = 1738 ORDER BY number asc,id asc  [ RunTime:0.0009s ]
SQL: SELECT `key_0` FROM `plate_conts_logs` WHERE `blank_id` = 1738 GROUP BY key_0 LIMIT 1   [ RunTime:0.0007s ]
SQL: SELECT `key_1` FROM `plate_conts_logs` WHERE `blank_id` = 1738 GROUP BY key_1 LIMIT 1   [ RunTime:0.0033s ]
SQL: SELECT `key_2` FROM `plate_conts_logs` WHERE `blank_id` = 1738 GROUP BY key_2 LIMIT 1   [ RunTime:0.0004s ]
SQL: SELECT `key_3` FROM `plate_conts_logs` WHERE `blank_id` = 1738 GROUP BY key_3 LIMIT 1   [ RunTime:0.0003s ]
SQL: SELECT `key_4` FROM `plate_conts_logs` WHERE `blank_id` = 1738 GROUP BY key_4 LIMIT 1   [ RunTime:0.0003s ]
SQL: SELECT `key_5` FROM `plate_conts_logs` WHERE `blank_id` = 1738 GROUP BY key_5 LIMIT 1   [ RunTime:0.0005s ]
SQL: SELECT `key_6` FROM `plate_conts_logs` WHERE `blank_id` = 1738 GROUP BY key_6 LIMIT 1   [ RunTime:0.0003s ]
SQL: SELECT `key_7` FROM `plate_conts_logs` WHERE `blank_id` = 1738 GROUP BY key_7 LIMIT 1   [ RunTime:0.0003s ]
SQL: SHOW COLUMNS FROM `new_tax` [ RunTime:0.0015s ]
SQL: SELECT * FROM `new_tax` WHERE `is_del` = 1  [ RunTime:0.0003s ]
SQL: SHOW COLUMNS FROM `plate_conts_price` [ RunTime:0.0011s ]
SQL: SELECT * FROM `plate_conts_price` WHERE `blank_id` = 1738 AND `is_del` = 1 ORDER BY sort asc, id asc  [ RunTime:0.0004s ]
SQL: SELECT * FROM `plate_conts_blank` WHERE `pid` = 1 AND `status` = 1 ORDER BY cat_index asc  [ RunTime:0.0004s ]
SQL: SHOW COLUMNS FROM `plate_conts_blank_group` [ RunTime:0.0010s ]
SQL: SELECT * FROM `plate_conts_blank_group` WHERE `pid` = 1 ORDER BY sort asc, id asc  [ RunTime:0.0015s ]
ERR: {"status":1,"msg":"\u83b7\u53d6\u6210\u529f","data":{"info":{"id":1738,"pid":1,"group_id":3,"catname":"\u5546\u54c1","cat_index":1,"source":["677187340b61b.png"],"sorts":0,"gimage":"677187340b3d7.png","gnames":"\u94dc\u82af\u4ea4\u8054\u805a\u4e59\u70ef\u7edd\u7f18\u805a\u6c2f\u4e59\u70ef\u62a4\u5957\u963b\u71c3\u7535\u7f06\u3010\u4e5d\u6298\u6807\u51c6\u3011","up_a":"0.0","down_a":"0.0","up_b":"0.0","down_b":"0.0","up_c":"0.0","down_c":"0.0","up_d":"0.0","down_d":"0.0","up_e":"0.0","down_e":"0.0","up_f":"0.0","down_f":"0.0","ticket_nor":3,"ticket_person":11,"status":1,"uptimes":1781096236,"times":1781095065,"new_tax_id":1},"key":{"keya":"\u4f9b\u8d27\u65b9\u5f0f","keyb":"\u8d28\u91cf\u6807\u51c6","keyc":"\u6267\u884c\u6807\u51c6","keyd":"\u8d77\u8ba2\u6570\u91cf","keye":"\u8ba1\u91cf\u5355\u4f4d","keyf":"\u4ea7\u54c1\u578b\u53f7","keyg":"\u7535\u538b\u7b49\u7ea7","keyh":"\u4ea7\u54c1\u89c4\u683c"},"list":[{"id":1397833,"pid":1,"cat_index":1,"blank_id":1738,"ptype":2,"source":null,"gnames":null,"sorts":1,"key_0":"\u4f9b\u8d27\u65b9\u5f0f","value_0":"\u5de5\u5382\u751f\u4ea7","key_1":"\u8d28\u91cf\u6807\u51c6","value_1":"\u56fd\u7f51\u6807\u51c6","key_2":"\u6267\u884c\u6807\u51c6","value_2":"GB\/TGWD-2023","price":"3.24","dratio":"1.060","market":"3.43","trans":"7\u5929\u5185\u53d1\u8d27","ticket_nor":null,"ticket_person":null,"status":1,"uptimes":0,"times":1781254879,"number":1,"key_3":"\u8d77\u8ba2\u6570\u91cf","value_3":"500\u7c73","key_4":"\u8ba1\u91cf\u5355\u4f4d","value_4":"\u7c73","key_5":"\u4ea7\u54c1\u578b\u53f7","value_5":"ZC-YJV","key_6":"\u7535\u538b\u7b49\u7ea7","value_6":"0.6\/1KV","key_7":"\u4ea7\u54c1\u89c4\u683c","value_7":"1\u00d710"},{"id":1397834,"pid":1,"cat_index":1,"blank_id":1738,"ptype":2,"source":null,"gnames":null,"sorts":2,"key_0":"\u4f9b\u8d27\u65b9\u5f0f","value_0":"","key_1":"\u8d28\u91cf\u6807\u51c6","value_1":"","key_2":"\u6267\u884c\u6807\u51c6","value_2":"","price":"4.98","dratio":"0.000","market":"0.00","trans":"","ticket_nor":null,"ticket_person":null,"status":1,"uptimes":0,"times":1781254879,"number":2,"key_3":"\u8d77\u8ba2\u6570\u91cf","value_3":"","key_4":"\u8ba1\u91cf\u5355\u4f4d","value_4":"","key_5":"\u4ea7\u54c1\u578b\u53f7","value_5":"","key_6":"\u7535\u538b\u7b49\u7ea7","value_6":"","key_7":"\u4ea7\u54c1\u89c4\u683c","value_7":""},{"id":1397835,"pid":1,"cat_index":1,"blank_id":1738,"ptype":2,"source":null,"gnames":null,"sorts":3,"key_0":"\u4f9b\u8d27\u65b9\u5f0f","value_0":"","key_1":"\u8d28\u91cf\u6807\u51c6","value_1":"","key_2":"\u6267\u884c\u6807\u51c6","value_2":"","price":"7.68","dratio":"0.000","market":"0.00","trans":"","ticket_nor":null,"ticket_person":null,"status":1,"uptimes":0,"times":1781254879,"number":3,"key_3":"\u8d77\u8ba2\u6570\u91cf","value_3":"","key_4":"\u8ba1\u91cf\u5355\u4f4d","value_4":"","key_5":"\u4ea7\u54c1\u578b\u53f7","value_5":"","key_6":"\u7535\u538b\u7b49\u7ea7","value_6":"","key_7":"\u4ea7\u54c1\u89c4\u683c","value_7":""},{"id":1397836,"pid":1,"cat_index":1,"blank_id":1738,"ptype":2,"source":null,"gnames":null,"sorts":4,"key_0":"\u4f9b\u8d27\u65b9\u5f0f","value_0":"","key_1":"\u8d28\u91cf\u6807\u51c6","value_1":"","key_2":"\u6267\u884c\u6807\u51c6","value_2":"","price":"10.25","dratio":"0.000","market":"0.00","trans":"","ticket_nor":null,"ticket_person":null,"status":1,"uptimes":0,"times":1781254879,"number":4,"key_3":"\u8d77\u8ba2\u6570\u91cf","value_3":"","key_4":"\u8ba1\u91cf\u5355\u4f4d","value_4":"","key_5":"\u4ea7\u54c1\u578b\u53f7","value_5":"","key_6":"\u7535\u538b\u7b49\u7ea7","value_6":"","key_7":"\u4ea7\u54c1\u89c4\u683c","value_7":""},{"id":1397837,"pid":1,"cat_index":1,"blank_id":1738,"ptype":2,"source":null,"gnames":null,"sorts":5,"key_0":"\u4f9b\u8d27\u65b9\u5f0f","value_0":"","key_1":"\u8d28\u91cf\u6807\u51c6","value_1":"","key_2":"\u6267\u884c\u6807\u51c6","value_2":"","price":"14.00","dratio":"0.000","market":"0.00","trans":"","ticket_nor":null,"ticket_person":null,"status":1,"uptimes":0,"times":1781254879,"number":5,"key_3":"\u8d77\u8ba2\u6570\u91cf","value_3":"","key_4":"\u8ba1\u91cf\u5355\u4f4d","value_4":"","key_5":"\u4ea7\u54c1\u578b\u53f7","value_5":"","key_6":"\u7535\u538b\u7b49\u7ea7","value_6":"","key_7":"\u4ea7\u54c1\u89c4\u683c","value_7":""},{"id":1397838,"pid":1,"cat_index":1,"blank_id":1738,"ptype":2,"source":null,"gnames":null,"sorts":6,"key_0":"\u4f9b\u8d27\u65b9\u5f0f","value_0":"","key_1":"\u8d28\u91cf\u6807\u51c6","value_1":"","key_2":"\u6267\u884c\u6807\u51c6","value_2":"","price":"20.05","dratio":"0.000","market":"0.00","trans":"","ticket_nor":null,"ticket_person":null,"status":1,"uptimes":0,"times":1781254879,"number":6,"key_3":"\u8d77\u8ba2\u6570\u91cf","value_3":"","key_4":"\u8ba1\u91cf\u5355\u4f4d","value_4":"","key_5":"\u4ea7\u54c1\u578b\u53f7","value_5":"","key_6":"\u7535\u538b\u7b49\u7ea7","value_6":"","key_7":"\u4ea7\u54c1\u89c4\u683c","value_7":""},{"id":1397839,"pid":1,"cat_index":1,"blank_id":1738,"ptype":2,"source":null,"gnames":null,"sorts":7,"key_0":"\u4f9b\u8d27\u65b9\u5f0f","value_0":"","key_1":"\u8d28\u91cf\u6807\u51c6","value_1":"","key_2":"\u6267\u884c\u6807\u51c6","value_2":"","price":"27.14","dratio":"0.000","market":"0.00","trans":"","ticket_nor":null,"ticket_person":null,"status":1,"uptimes":0,"times":1781254879,"number":7,"key_3":"\u8d77\u8ba2\u6570\u91cf","value_3":"","key_4":"\u8ba1\u91cf\u5355\u4f4d","value_4":"","key_5":"\u4ea7\u54c1\u578b\u53f7","value_5":"","key_6":"\u7535\u538b\u7b49\u7ea7","value_6":"","key_7":"\u4ea7\u54c1\u89c4\u683c","value_7":""},{"id":1397840,"pid":1,"cat_index":1,"blank_id":1738,"ptype":2,"source":null,"gnames":null,"sorts":8,"key_0":"\u4f9b\u8d27\u65b9\u5f0f","value_0":"","key_1":"\u8d28\u91cf\u6807\u51c6","value_1":"","key_2":"\u6267\u884c\u6807\u51c6","value_2":"","price":"34.01","dratio":"0.000","market":"0.00","trans":"","ticket_nor":null,"ticket_person":null,"status":1,"uptimes":0,"times":1781254879,"number":8,"key_3":"\u8d77\u8ba2\u6570\u91cf","value_3":"","key_4":"\u8ba1\u91cf\u5355\u4f4d","value_4":"","key_5":"\u4ea7\u54c1\u578b\u53f7","value_5":"","key_6":"\u7535\u538b\u7b49\u7ea7","value_6":"","key_7":"\u4ea7\u54c1\u89c4\u683c","value_7":""},{"id":1397841,"pid":1,"cat_index":1,"blank_id":1738,"ptype":2,"source":null,"gnames":null,"sorts":9,"key_0":"\u4f9b\u8d27\u65b9\u5f0f","value_0":"","key_1":"\u8d28\u91cf\u6807\u51c6","value_1":"","key_2":"\u6267\u884c\u6807\u51c6","value_2":"","price":"41.88","dratio":"0.000","market":"0.00","trans":"","ticket_nor":null,"ticket_person":null,"status":1,"uptimes":0,"times":1781254879,"number":9,"key_3":"\u8d77\u8ba2\u6570\u91cf","value_3":"","key_4":"\u8ba1\u91cf\u5355\u4f4d","value_4":"","key_5":"\u4ea7\u54c1\u578b\u53f7","value_5":"","key_6":"\u7535\u538b\u7b49\u7ea7","value_6":"","key_7":"\u4ea7\u54c1\u89c4\u683c","value_7":""},{"id":1397842,"pid":1,"cat_index":1,"blank_id":1738,"ptype":2,"source":null,"gnames":null,"sorts":10,"key_0":"\u4f9b\u8d27\u65b9\u5f0f","value_0":"","key_1":"\u8d28\u91cf\u6807\u51c6","value_1":"","key_2":"\u6267\u884c\u6807\u51c6","value_2":"","price":"52.03","dratio":"0.000","market":"0.00","trans":"","ticket_nor":null,"ticket_person":null,"status":1,"uptimes":0,"times":1781254879,"number":10,"key_3":"\u8d77\u8ba2\u6570\u91cf","value_3":"","key_4":"\u8ba1\u91cf\u5355\u4f4d","value_4":"","key_5":"\u4ea7\u54c1\u578b\u53f7","value_5":"","key_6":"\u7535\u538b\u7b49\u7ea7","value_6":"","key_7":"\u4ea7\u54c1\u89c4\u683c","value_7":""},{"id":1397843,"pid":1,"cat_index":1,"blank_id":1738,"ptype":2,"source":null,"gnames":null,"sorts":11,"key_0":"\u4f9b\u8d27\u65b9\u5f0f","value_0":"","key_1":"\u8d28\u91cf\u6807\u51c6","value_1":"","key_2":"\u6267\u884c\u6807\u51c6","value_2":"","price":"68.26","dratio":"0.000","market":"0.00","trans":"","ticket_nor":null,"ticket_person":null,"status":1,"uptimes":0,"times":1781254879,"number":11,"key_3":"\u8d77\u8ba2\u6570\u91cf","value_3":"","key_4":"\u8ba1\u91cf\u5355\u4f4d","value_4":"","key_5":"\u4ea7\u54c1\u578b\u53f7","value_5":"","key_6":"\u7535\u538b\u7b49\u7ea7","value_6":"","key_7":"\u4ea7\u54c1\u89c4\u683c","value_7":""},{"id":1397844,"pid":1,"cat_index":1,"blank_id":1738,"ptype":2,"source":null,"gnames":null,"sorts":12,"key_0":"\u4f9b\u8d27\u65b9\u5f0f","value_0":"","key_1":"\u8d28\u91cf\u6807\u51c6","value_1":"","key_2":"\u6267\u884c\u6807\u51c6","value_2":"","price":"85.33","dratio":"0.000","market":"0.00","trans":"","ticket_nor":null,"ticket_person":null,"status":1,"uptimes":0,"times":1781254879,"number":12,"key_3":"\u8d77\u8ba2\u6570\u91cf","value_3":"","key_4":"\u8ba1\u91cf\u5355\u4f4d","value_4":"","key_5":"\u4ea7\u54c1\u578b\u53f7","value_5":"","key_6":"\u7535\u538b\u7b49\u7ea7","value_6":"","key_7":"\u4ea7\u54c1\u89c4\u683c","value_7":""},{"id":1397845,"pid":1,"cat_index":1,"blank_id":1738,"ptype":2,"source":null,"gnames":null,"sorts":13,"key_0":"\u4f9b\u8d27\u65b9\u5f0f","value_0":"","key_1":"\u8d28\u91cf\u6807\u51c6","value_1":"","key_2":"\u6267\u884c\u6807\u51c6","value_2":"","price":"112.14","dratio":"0.000","market":"0.00","trans":"","ticket_nor":null,"ticket_person":null,"status":1,"uptimes":0,"times":1781254879,"number":13,"key_3":"\u8d77\u8ba2\u6570\u91cf","value_3":"","key_4":"\u8ba1\u91cf\u5355\u4f4d","value_4":"","key_5":"\u4ea7\u54c1\u578b\u53f7","value_5":"","key_6":"\u7535\u538b\u7b49\u7ea7","value_6":"","key_7":"\u4ea7\u54c1\u89c4\u683c","value_7":""},{"id":1397846,"pid":1,"cat_index":1,"blank_id":1738,"ptype":2,"source":null,"gnames":null,"sorts":14,"key_0":"\u4f9b\u8d27\u65b9\u5f0f","value_0":"","key_1":"\u8d28\u91cf\u6807\u51c6","value_1":"","key_2":"\u6267\u884c\u6807\u51c6","value_2":"","price":"143.48","dratio":"0.000","market":"0.00","trans":"","ticket_nor":null,"ticket_person":null,"status":1,"uptimes":0,"times":1781254879,"number":14,"key_3":"\u8d77\u8ba2\u6570\u91cf","value_3":"","key_4":"\u8ba1\u91cf\u5355\u4f4d","value_4":"","key_5":"\u4ea7\u54c1\u578b\u53f7","value_5":"","key_6":"\u7535\u538b\u7b49\u7ea7","value_6":"","key_7":"\u4ea7\u54c1\u89c4\u683c","value_7":""},{"id":1397847,"pid":1,"cat_index":1,"blank_id":1738,"ptype":2,"source":null,"gnames":null,"sorts":15,"key_0":"\u4f9b\u8d27\u65b9\u5f0f","value_0":"","key_1":"\u8d28\u91cf\u6807\u51c6","value_1":"","key_2":"\u6267\u884c\u6807\u51c6","value_2":"","price":"180.40","dratio":"0.000","market":"0.00","trans":"","ticket_nor":null,"ticket_person":null,"status":1,"uptimes":0,"times":1781254879,"number":15,"key_3":"\u8d77\u8ba2\u6570\u91cf","value_3":"","key_4":"\u8ba1\u91cf\u5355\u4f4d","value_4":"","key_5":"\u4ea7\u54c1\u578b\u53f7","value_5":"","key_6":"\u7535\u538b\u7b49\u7ea7","value_6":"","key_7":"\u4ea7\u54c1\u89c4\u683c","value_7":""}],"tax_list":[{"id":1,"pid":0,"name":"\u7535\u529b\u7535\u7f06\u7a0e\u7387\u53d1\u7968","alias_name":"","normal_tax":"3.00","special_tax":"11.00","status":1,"is_del":1,"add_time":0,"up_time":0},{"id":2,"pid":0,"name":"\u5bb6\u88c5\u7535\u7ebf\u7a0e\u7387","alias_name":"","normal_tax":"3.00","special_tax":"10.00","status":1,"is_del":1,"add_time":0,"up_time":0},{"id":3,"pid":0,"name":"\u521a\u6027\u9632\u706b\u7535\u7f06\u7a0e\u7387","alias_name":"","normal_tax":"3.00","special_tax":"9.00","status":1,"is_del":1,"add_time":0,"up_time":0},{"id":9,"pid":0,"name":"\u6a61\u5957\u7535\u7f06\u7a0e\u7387","alias_name":"","normal_tax":"3.00","special_tax":"11.00","status":1,"is_del":1,"add_time":0,"up_time":0},{"id":10,"pid":0,"name":"\u77ff\u7528\u6a61\u80f6\u7535\u7f06\u7a0e\u7387","alias_name":"","normal_tax":"4.00","special_tax":"12.00","status":1,"is_del":1,"add_time":0,"up_time":0}],"price_list":[{"id":2648,"plate_conts_id":1,"new_cate_one_id":1,"new_cate_two_id":355,"new_cate_three_id":356,"name":"\u94dc\u82af\u5bfc\u4f53","ratio":"1.00","sort":1000,"is_del":1,"cat_index":1,"blank_id":1738},{"id":2649,"plate_conts_id":1,"new_cate_one_id":1,"new_cate_two_id":355,"new_cate_three_id":362,"name":"\u8f90\u7167\u4ea4\u8054\u7edd\u7f18","ratio":"1.00","sort":1000,"is_del":1,"cat_index":1,"blank_id":1738},{"id":2650,"plate_conts_id":1,"new_cate_one_id":1,"new_cate_two_id":355,"new_cate_three_id":371,"name":"PVC\u62a4\u5957","ratio":"1.00","sort":1000,"is_del":1,"cat_index":1,"blank_id":1738},{"id":7812,"plate_conts_id":1,"new_cate_one_id":1,"new_cate_two_id":355,"new_cate_three_id":356,"name":"\u94dc\u82af\u5bfc\u4f53","ratio":"0.90","sort":1000,"is_del":1,"cat_index":1,"blank_id":1738},{"id":7813,"plate_conts_id":1,"new_cate_one_id":1,"new_cate_two_id":355,"new_cate_three_id":362,"name":"\u8f90\u7167\u4ea4\u8054\u7edd\u7f18","ratio":"1.00","sort":1000,"is_del":1,"cat_index":1,"blank_id":1738}],"all_blanks":[{"id":1738,"pid":1,"group_id":3,"catname":"\u5546\u54c1","cat_index":1,"source":"[\"677187340b61b.png\"]","sorts":0,"gimage":"677187340b3d7.png","gnames":"\u94dc\u82af\u4ea4\u8054\u805a\u4e59\u70ef\u7edd\u7f18\u805a\u6c2f\u4e59\u70ef\u62a4\u5957\u963b\u71c3\u7535\u7f06\u3010\u4e5d\u6298\u6807\u51c6\u3011","up_a":"0.0","down_a":"0.0","up_b":"0.0","down_b":"0.0","up_c":"0.0","down_c":"0.0","up_d":"0.0","down_d":"0.0","up_e":"0.0","down_e":"0.0","up_f":"0.0","down_f":"0.0","ticket_nor":3,"ticket_person":11,"status":1,"uptimes":1781096236,"times":1781095065,"new_tax_id":1},{"id":1739,"pid":1,"group_id":4,"catname":"\u5546\u54c1","cat_index":1,"source":"[\"677187340b61b.png\"]","sorts":null,"gimage":"677187340b3d7.png","gnames":"\u94dc\u82af\u4ea4\u8054\u805a\u4e59\u70ef\u7edd\u7f18\u805a\u6c2f\u4e59\u70ef\u62a4\u5957\u963b\u71c3\u7535\u7f06\u3010\u4e5d\u6298\u6807\u51c6\u3011","up_a":"0.0","down_a":"0.0","up_b":"0.0","down_b":"0.0","up_c":"0.0","down_c":"0.0","up_d":"0.0","down_d":"0.0","up_e":"0.0","down_e":"0.0","up_f":"0.0","down_f":"0.0","ticket_nor":3,"ticket_person":11,"status":1,"uptimes":1781228972,"times":1781228972,"new_tax_id":1},{"id":1557,"pid":1,"group_id":3,"catname":"\u4e5d\u6298\u6807\u51c6","cat_index":2,"source":"[\"677187340b61b.png\"]","sorts":0,"gimage":"677187340b3d7.png","gnames":"\u94dc\u82af\u4ea4\u8054\u805a\u4e59\u70ef\u7edd\u7f18\u805a\u6c2f\u4e59\u70ef\u62a4\u5957\u963b\u71c3\u7535\u7f06\u3010\u4e5d\u6298\u6807\u51c6\u3011","up_a":"0.0","down_a":"0.0","up_b":"0.0","down_b":"0.0","up_c":"0.0","down_c":"0.0","up_d":"0.0","down_d":"0.0","up_e":"0.0","down_e":"0.0","up_f":"0.0","down_f":"0.0","ticket_nor":3,"ticket_person":11,"status":1,"uptimes":1781095113,"times":1735489364,"new_tax_id":1},{"id":1740,"pid":1,"group_id":4,"catname":"\u4e5d\u6298\u6807\u51c6","cat_index":2,"source":"[\"677187340b61b.png\"]","sorts":null,"gimage":"677187340b3d7.png","gnames":"\u94dc\u82af\u4ea4\u8054\u805a\u4e59\u70ef\u7edd\u7f18\u805a\u6c2f\u4e59\u70ef\u62a4\u5957\u963b\u71c3\u7535\u7f06\u3010\u4e5d\u6298\u6807\u51c6\u3011","up_a":"0.0","down_a":"0.0","up_b":"0.0","down_b":"0.0","up_c":"0.0","down_c":"0.0","up_d":"0.0","down_d":"0.0","up_e":"0.0","down_e":"0.0","up_f":"0.0","down_f":"0.0","ticket_nor":3,"ticket_person":11,"status":1,"uptimes":1781228972,"times":1781228972,"new_tax_id":1},{"id":1558,"pid":1,"group_id":3,"catname":"\u516b\u6298\u6807\u51c6","cat_index":3,"source":"[\"677187340b61b.png\"]","sorts":0,"gimage":"677187340b3d7.png","gnames":"\u94dc\u82af\u4ea4\u8054\u805a\u4e59\u70ef\u7edd\u7f18\u805a\u6c2f\u4e59\u70ef\u62a4\u5957\u963b\u71c3\u7535\u7f06\u3010\u4e5d\u6298\u6807\u51c6\u3011","up_a":"0.0","down_a":"0.0","up_b":"0.0","down_b":"0.0","up_c":"0.0","down_c":"0.0","up_d":"0.0","down_d":"0.0","up_e":"0.0","down_e":"0.0","up_f":"0.0","down_f":"0.0","ticket_nor":3,"ticket_person":11,"status":1,"uptimes":1781096265,"times":1735490732,"new_tax_id":1},{"id":1741,"pid":1,"group_id":4,"catname":"\u516b\u6298\u6807\u51c6","cat_index":3,"source":"[\"677187340b61b.png\"]","sorts":null,"gimage":"677187340b3d7.png","gnames":"\u94dc\u82af\u4ea4\u8054\u805a\u4e59\u70ef\u7edd\u7f18\u805a\u6c2f\u4e59\u70ef\u62a4\u5957\u963b\u71c3\u7535\u7f06\u3010\u4e5d\u6298\u6807\u51c6\u3011","up_a":"0.0","down_a":"0.0","up_b":"0.0","down_b":"0.0","up_c":"0.0","down_c":"0.0","up_d":"0.0","down_d":"0.0","up_e":"0.0","down_e":"0.0","up_f":"0.0","down_f":"0.0","ticket_nor":3,"ticket_person":11,"status":1,"uptimes":1781228972,"times":1781228972,"new_tax_id":1}],"group_list":[{"id":3,"pid":1,"name":"test1","ratio":"1.000000","sort":0,"add_time":1781145782,"up_time":1781145782},{"id":4,"pid":1,"name":"test2","ratio":"1.000000","sort":0,"add_time":1781145796,"up_time":1781145796}]}}

[ 2026-06-12T17:01:53+08:00 ] ::1 /Home/Goods/plate_conts_blankr.html
INFO: [ app_init ] --START--
INFO: Run Behavior\BuildLiteBehavior [ RunTime:0.000003s ]
INFO: [ app_init ] --END-- [ RunTime:0.000030s ]
INFO: [ app_begin ] --START--
INFO: Run Behavior\ReadHtmlCacheBehavior [ RunTime:0.000015s ]
INFO: [ app_begin ] --END-- [ RunTime:0.000020s ]
SQL: SHOW COLUMNS FROM `plate_conts_blank` [ RunTime:0.0057s ]
SQL: SHOW COLUMNS FROM `plate_conts_logs` [ RunTime:0.0022s ]
SQL: SHOW COLUMNS FROM `plate_conts_logsr` [ RunTime:0.0018s ]
SQL: SELECT * FROM `plate_conts_blank` WHERE `id` = 1557 LIMIT 1   [ RunTime:0.0010s ]
SQL: SELECT * FROM `plate_conts_logs` WHERE `blank_id` = 1557 ORDER BY number asc,id asc  [ RunTime:0.0011s ]
SQL: SELECT `key_0` FROM `plate_conts_logs` WHERE `blank_id` = 1557 GROUP BY key_0 LIMIT 1   [ RunTime:0.0007s ]
SQL: SELECT `key_1` FROM `plate_conts_logs` WHERE `blank_id` = 1557 GROUP BY key_1 LIMIT 1   [ RunTime:0.0003s ]
SQL: SELECT `key_2` FROM `plate_conts_logs` WHERE `blank_id` = 1557 GROUP BY key_2 LIMIT 1   [ RunTime:0.0002s ]
SQL: SELECT `key_3` FROM `plate_conts_logs` WHERE `blank_id` = 1557 GROUP BY key_3 LIMIT 1   [ RunTime:0.0002s ]
SQL: SELECT `key_4` FROM `plate_conts_logs` WHERE `blank_id` = 1557 GROUP BY key_4 LIMIT 1   [ RunTime:0.0012s ]
SQL: SELECT `key_5` FROM `plate_conts_logs` WHERE `blank_id` = 1557 GROUP BY key_5 LIMIT 1   [ RunTime:0.0008s ]
SQL: SELECT `key_6` FROM `plate_conts_logs` WHERE `blank_id` = 1557 GROUP BY key_6 LIMIT 1   [ RunTime:0.0006s ]
SQL: SELECT `key_7` FROM `plate_conts_logs` WHERE `blank_id` = 1557 GROUP BY key_7 LIMIT 1   [ RunTime:0.0003s ]
NOTIC: [2] Trying to access array offset on value of type null /Users/gangliu/data/catdesk_workspace/yilan/App/Home/Controller/GoodsController.class.php 第 799 行.
NOTIC: [2] Trying to access array offset on value of type null /Users/gangliu/data/catdesk_workspace/yilan/App/Home/Controller/GoodsController.class.php 第 799 行.
NOTIC: [2] Trying to access array offset on value of type null /Users/gangliu/data/catdesk_workspace/yilan/App/Home/Controller/GoodsController.class.php 第 799 行.
NOTIC: [2] Trying to access array offset on value of type null /Users/gangliu/data/catdesk_workspace/yilan/App/Home/Controller/GoodsController.class.php 第 800 行.
NOTIC: [2] Trying to access array offset on value of type null /Users/gangliu/data/catdesk_workspace/yilan/App/Home/Controller/GoodsController.class.php 第 800 行.
NOTIC: [2] Trying to access array offset on value of type null /Users/gangliu/data/catdesk_workspace/yilan/App/Home/Controller/GoodsController.class.php 第 801 行.
NOTIC: [2] Trying to access array offset on value of type null /Users/gangliu/data/catdesk_workspace/yilan/App/Home/Controller/GoodsController.class.php 第 801 行.
NOTIC: [2] Trying to access array offset on value of type null /Users/gangliu/data/catdesk_workspace/yilan/App/Home/Controller/GoodsController.class.php 第 801 行.
SQL: SHOW COLUMNS FROM `new_tax` [ RunTime:0.0013s ]
SQL: SELECT * FROM `new_tax` WHERE `is_del` = 1  [ RunTime:0.0002s ]
SQL: SHOW COLUMNS FROM `plate_conts_price` [ RunTime:0.0016s ]
SQL: SELECT * FROM `plate_conts_price` WHERE `blank_id` = 1557 AND `is_del` = 1 ORDER BY sort asc, id asc  [ RunTime:0.0006s ]
SQL: SELECT * FROM `plate_conts_blank` WHERE `pid` = 1 AND `status` = 1 ORDER BY cat_index asc  [ RunTime:0.0006s ]
SQL: SHOW COLUMNS FROM `plate_conts_blank_group` [ RunTime:0.0014s ]
SQL: SELECT * FROM `plate_conts_blank_group` WHERE `pid` = 1 ORDER BY sort asc, id asc  [ RunTime:0.0003s ]
ERR: {"status":1,"msg":"\u83b7\u53d6\u6210\u529f","data":{"info":{"id":1557,"pid":1,"group_id":3,"catname":"\u4e5d\u6298\u6807\u51c6","cat_index":2,"source":["677187340b61b.png"],"sorts":0,"gimage":"677187340b3d7.png","gnames":"\u94dc\u82af\u4ea4\u8054\u805a\u4e59\u70ef\u7edd\u7f18\u805a\u6c2f\u4e59\u70ef\u62a4\u5957\u963b\u71c3\u7535\u7f06\u3010\u4e5d\u6298\u6807\u51c6\u3011","up_a":"0.0","down_a":"0.0","up_b":"0.0","down_b":"0.0","up_c":"0.0","down_c":"0.0","up_d":"0.0","down_d":"0.0","up_e":"0.0","down_e":"0.0","up_f":"0.0","down_f":"0.0","ticket_nor":3,"ticket_person":11,"status":1,"uptimes":1781095113,"times":1735489364,"new_tax_id":1},"key":{"keya":null,"keyb":null,"keyc":null,"keyd":null,"keye":null,"keyf":null,"keyg":null,"keyh":null},"list":[],"tax_list":[{"id":1,"pid":0,"name":"\u7535\u529b\u7535\u7f06\u7a0e\u7387\u53d1\u7968","alias_name":"","normal_tax":"3.00","special_tax":"11.00","status":1,"is_del":1,"add_time":0,"up_time":0},{"id":2,"pid":0,"name":"\u5bb6\u88c5\u7535\u7ebf\u7a0e\u7387","alias_name":"","normal_tax":"3.00","special_tax":"10.00","status":1,"is_del":1,"add_time":0,"up_time":0},{"id":3,"pid":0,"name":"\u521a\u6027\u9632\u706b\u7535\u7f06\u7a0e\u7387","alias_name":"","normal_tax":"3.00","special_tax":"9.00","status":1,"is_del":1,"add_time":0,"up_time":0},{"id":9,"pid":0,"name":"\u6a61\u5957\u7535\u7f06\u7a0e\u7387","alias_name":"","normal_tax":"3.00","special_tax":"11.00","status":1,"is_del":1,"add_time":0,"up_time":0},{"id":10,"pid":0,"name":"\u77ff\u7528\u6a61\u80f6\u7535\u7f06\u7a0e\u7387","alias_name":"","normal_tax":"4.00","special_tax":"12.00","status":1,"is_del":1,"add_time":0,"up_time":0}],"price_list":[{"id":2651,"plate_conts_id":1,"new_cate_one_id":1,"new_cate_two_id":355,"new_cate_three_id":356,"name":"\u94dc\u82af\u5bfc\u4f53","ratio":"0.90","sort":1000,"is_del":1,"cat_index":2,"blank_id":1557},{"id":2652,"plate_conts_id":1,"new_cate_one_id":1,"new_cate_two_id":355,"new_cate_three_id":362,"name":"\u8f90\u7167\u4ea4\u8054\u7edd\u7f18","ratio":"1.00","sort":1000,"is_del":1,"cat_index":2,"blank_id":1557},{"id":2653,"plate_conts_id":1,"new_cate_one_id":1,"new_cate_two_id":355,"new_cate_three_id":371,"name":"PVC\u62a4\u5957","ratio":"1.00","sort":1000,"is_del":1,"cat_index":2,"blank_id":1557}],"all_blanks":[{"id":1738,"pid":1,"group_id":3,"catname":"\u5546\u54c1","cat_index":1,"source":"[\"677187340b61b.png\"]","sorts":0,"gimage":"677187340b3d7.png","gnames":"\u94dc\u82af\u4ea4\u8054\u805a\u4e59\u70ef\u7edd\u7f18\u805a\u6c2f\u4e59\u70ef\u62a4\u5957\u963b\u71c3\u7535\u7f06\u3010\u4e5d\u6298\u6807\u51c6\u3011","up_a":"0.0","down_a":"0.0","up_b":"0.0","down_b":"0.0","up_c":"0.0","down_c":"0.0","up_d":"0.0","down_d":"0.0","up_e":"0.0","down_e":"0.0","up_f":"0.0","down_f":"0.0","ticket_nor":3,"ticket_person":11,"status":1,"uptimes":1781096236,"times":1781095065,"new_tax_id":1},{"id":1739,"pid":1,"group_id":4,"catname":"\u5546\u54c1","cat_index":1,"source":"[\"677187340b61b.png\"]","sorts":null,"gimage":"677187340b3d7.png","gnames":"\u94dc\u82af\u4ea4\u8054\u805a\u4e59\u70ef\u7edd\u7f18\u805a\u6c2f\u4e59\u70ef\u62a4\u5957\u963b\u71c3\u7535\u7f06\u3010\u4e5d\u6298\u6807\u51c6\u3011","up_a":"0.0","down_a":"0.0","up_b":"0.0","down_b":"0.0","up_c":"0.0","down_c":"0.0","up_d":"0.0","down_d":"0.0","up_e":"0.0","down_e":"0.0","up_f":"0.0","down_f":"0.0","ticket_nor":3,"ticket_person":11,"status":1,"uptimes":1781228972,"times":1781228972,"new_tax_id":1},{"id":1557,"pid":1,"group_id":3,"catname":"\u4e5d\u6298\u6807\u51c6","cat_index":2,"source":"[\"677187340b61b.png\"]","sorts":0,"gimage":"677187340b3d7.png","gnames":"\u94dc\u82af\u4ea4\u8054\u805a\u4e59\u70ef\u7edd\u7f18\u805a\u6c2f\u4e59\u70ef\u62a4\u5957\u963b\u71c3\u7535\u7f06\u3010\u4e5d\u6298\u6807\u51c6\u3011","up_a":"0.0","down_a":"0.0","up_b":"0.0","down_b":"0.0","up_c":"0.0","down_c":"0.0","up_d":"0.0","down_d":"0.0","up_e":"0.0","down_e":"0.0","up_f":"0.0","down_f":"0.0","ticket_nor":3,"ticket_person":11,"status":1,"uptimes":1781095113,"times":1735489364,"new_tax_id":1},{"id":1740,"pid":1,"group_id":4,"catname":"\u4e5d\u6298\u6807\u51c6","cat_index":2,"source":"[\"677187340b61b.png\"]","sorts":null,"gimage":"677187340b3d7.png","gnames":"\u94dc\u82af\u4ea4\u8054\u805a\u4e59\u70ef\u7edd\u7f18\u805a\u6c2f\u4e59\u70ef\u62a4\u5957\u963b\u71c3\u7535\u7f06\u3010\u4e5d\u6298\u6807\u51c6\u3011","up_a":"0.0","down_a":"0.0","up_b":"0.0","down_b":"0.0","up_c":"0.0","down_c":"0.0","up_d":"0.0","down_d":"0.0","up_e":"0.0","down_e":"0.0","up_f":"0.0","down_f":"0.0","ticket_nor":3,"ticket_person":11,"status":1,"uptimes":1781228972,"times":1781228972,"new_tax_id":1},{"id":1558,"pid":1,"group_id":3,"catname":"\u516b\u6298\u6807\u51c6","cat_index":3,"source":"[\"677187340b61b.png\"]","sorts":0,"gimage":"677187340b3d7.png","gnames":"\u94dc\u82af\u4ea4\u8054\u805a\u4e59\u70ef\u7edd\u7f18\u805a\u6c2f\u4e59\u70ef\u62a4\u5957\u963b\u71c3\u7535\u7f06\u3010\u4e5d\u6298\u6807\u51c6\u3011","up_a":"0.0","down_a":"0.0","up_b":"0.0","down_b":"0.0","up_c":"0.0","down_c":"0.0","up_d":"0.0","down_d":"0.0","up_e":"0.0","down_e":"0.0","up_f":"0.0","down_f":"0.0","ticket_nor":3,"ticket_person":11,"status":1,"uptimes":1781096265,"times":1735490732,"new_tax_id":1},{"id":1741,"pid":1,"group_id":4,"catname":"\u516b\u6298\u6807\u51c6","cat_index":3,"source":"[\"677187340b61b.png\"]","sorts":null,"gimage":"677187340b3d7.png","gnames":"\u94dc\u82af\u4ea4\u8054\u805a\u4e59\u70ef\u7edd\u7f18\u805a\u6c2f\u4e59\u70ef\u62a4\u5957\u963b\u71c3\u7535\u7f06\u3010\u4e5d\u6298\u6807\u51c6\u3011","up_a":"0.0","down_a":"0.0","up_b":"0.0","down_b":"0.0","up_c":"0.0","down_c":"0.0","up_d":"0.0","down_d":"0.0","up_e":"0.0","down_e":"0.0","up_f":"0.0","down_f":"0.0","ticket_nor":3,"ticket_person":11,"status":1,"uptimes":1781228972,"times":1781228972,"new_tax_id":1}],"group_list":[{"id":3,"pid":1,"name":"test1","ratio":"1.000000","sort":0,"add_time":1781145782,"up_time":1781145782},{"id":4,"pid":1,"name":"test2","ratio":"1.000000","sort":0,"add_time":1781145796,"up_time":1781145796}]}}

[ 2026-06-12T17:01:57+08:00 ] ::1 /Home/Goods/plate_conts_blankr.html
INFO: [ app_init ] --START--
INFO: Run Behavior\BuildLiteBehavior [ RunTime:0.000002s ]
INFO: [ app_init ] --END-- [ RunTime:0.000023s ]
INFO: [ app_begin ] --START--
INFO: Run Behavior\ReadHtmlCacheBehavior [ RunTime:0.000008s ]
INFO: [ app_begin ] --END-- [ RunTime:0.000013s ]
SQL: SHOW COLUMNS FROM `plate_conts_blank` [ RunTime:0.0043s ]
SQL: SHOW COLUMNS FROM `plate_conts_logs` [ RunTime:0.0039s ]
SQL: SHOW COLUMNS FROM `plate_conts_logsr` [ RunTime:0.0018s ]
SQL: SELECT * FROM `plate_conts_blank` WHERE `id` = 1738 LIMIT 1   [ RunTime:0.0009s ]
SQL: SELECT * FROM `plate_conts_logs` WHERE `blank_id` = 1738 ORDER BY number asc,id asc  [ RunTime:0.0011s ]
SQL: SELECT `key_0` FROM `plate_conts_logs` WHERE `blank_id` = 1738 GROUP BY key_0 LIMIT 1   [ RunTime:0.0005s ]
SQL: SELECT `key_1` FROM `plate_conts_logs` WHERE `blank_id` = 1738 GROUP BY key_1 LIMIT 1   [ RunTime:0.0003s ]
SQL: SELECT `key_2` FROM `plate_conts_logs` WHERE `blank_id` = 1738 GROUP BY key_2 LIMIT 1   [ RunTime:0.0003s ]
SQL: SELECT `key_3` FROM `plate_conts_logs` WHERE `blank_id` = 1738 GROUP BY key_3 LIMIT 1   [ RunTime:0.0002s ]
SQL: SELECT `key_4` FROM `plate_conts_logs` WHERE `blank_id` = 1738 GROUP BY key_4 LIMIT 1   [ RunTime:0.0002s ]
SQL: SELECT `key_5` FROM `plate_conts_logs` WHERE `blank_id` = 1738 GROUP BY key_5 LIMIT 1   [ RunTime:0.0003s ]
SQL: SELECT `key_6` FROM `plate_conts_logs` WHERE `blank_id` = 1738 GROUP BY key_6 LIMIT 1   [ RunTime:0.0003s ]
SQL: SELECT `key_7` FROM `plate_conts_logs` WHERE `blank_id` = 1738 GROUP BY key_7 LIMIT 1   [ RunTime:0.0003s ]
SQL: SHOW COLUMNS FROM `new_tax` [ RunTime:0.0012s ]
SQL: SELECT * FROM `new_tax` WHERE `is_del` = 1  [ RunTime:0.0004s ]
SQL: SHOW COLUMNS FROM `plate_conts_price` [ RunTime:0.0017s ]
SQL: SELECT * FROM `plate_conts_price` WHERE `blank_id` = 1738 AND `is_del` = 1 ORDER BY sort asc, id asc  [ RunTime:0.0011s ]
SQL: SELECT * FROM `plate_conts_blank` WHERE `pid` = 1 AND `status` = 1 ORDER BY cat_index asc  [ RunTime:0.0005s ]
SQL: SHOW COLUMNS FROM `plate_conts_blank_group` [ RunTime:0.0026s ]
SQL: SELECT * FROM `plate_conts_blank_group` WHERE `pid` = 1 ORDER BY sort asc, id asc  [ RunTime:0.0011s ]
ERR: {"status":1,"msg":"\u83b7\u53d6\u6210\u529f","data":{"info":{"id":1738,"pid":1,"group_id":3,"catname":"\u5546\u54c1","cat_index":1,"source":["677187340b61b.png"],"sorts":0,"gimage":"677187340b3d7.png","gnames":"\u94dc\u82af\u4ea4\u8054\u805a\u4e59\u70ef\u7edd\u7f18\u805a\u6c2f\u4e59\u70ef\u62a4\u5957\u963b\u71c3\u7535\u7f06\u3010\u4e5d\u6298\u6807\u51c6\u3011","up_a":"0.0","down_a":"0.0","up_b":"0.0","down_b":"0.0","up_c":"0.0","down_c":"0.0","up_d":"0.0","down_d":"0.0","up_e":"0.0","down_e":"0.0","up_f":"0.0","down_f":"0.0","ticket_nor":3,"ticket_person":11,"status":1,"uptimes":1781096236,"times":1781095065,"new_tax_id":1},"key":{"keya":"\u4f9b\u8d27\u65b9\u5f0f","keyb":"\u8d28\u91cf\u6807\u51c6","keyc":"\u6267\u884c\u6807\u51c6","keyd":"\u8d77\u8ba2\u6570\u91cf","keye":"\u8ba1\u91cf\u5355\u4f4d","keyf":"\u4ea7\u54c1\u578b\u53f7","keyg":"\u7535\u538b\u7b49\u7ea7","keyh":"\u4ea7\u54c1\u89c4\u683c"},"list":[{"id":1397833,"pid":1,"cat_index":1,"blank_id":1738,"ptype":2,"source":null,"gnames":null,"sorts":1,"key_0":"\u4f9b\u8d27\u65b9\u5f0f","value_0":"\u5de5\u5382\u751f\u4ea7","key_1":"\u8d28\u91cf\u6807\u51c6","value_1":"\u56fd\u7f51\u6807\u51c6","key_2":"\u6267\u884c\u6807\u51c6","value_2":"GB\/TGWD-2023","price":"3.24","dratio":"1.060","market":"3.43","trans":"7\u5929\u5185\u53d1\u8d27","ticket_nor":null,"ticket_person":null,"status":1,"uptimes":0,"times":1781254879,"number":1,"key_3":"\u8d77\u8ba2\u6570\u91cf","value_3":"500\u7c73","key_4":"\u8ba1\u91cf\u5355\u4f4d","value_4":"\u7c73","key_5":"\u4ea7\u54c1\u578b\u53f7","value_5":"ZC-YJV","key_6":"\u7535\u538b\u7b49\u7ea7","value_6":"0.6\/1KV","key_7":"\u4ea7\u54c1\u89c4\u683c","value_7":"1\u00d710"},{"id":1397834,"pid":1,"cat_index":1,"blank_id":1738,"ptype":2,"source":null,"gnames":null,"sorts":2,"key_0":"\u4f9b\u8d27\u65b9\u5f0f","value_0":"","key_1":"\u8d28\u91cf\u6807\u51c6","value_1":"","key_2":"\u6267\u884c\u6807\u51c6","value_2":"","price":"4.98","dratio":"0.000","market":"0.00","trans":"","ticket_nor":null,"ticket_person":null,"status":1,"uptimes":0,"times":1781254879,"number":2,"key_3":"\u8d77\u8ba2\u6570\u91cf","value_3":"","key_4":"\u8ba1\u91cf\u5355\u4f4d","value_4":"","key_5":"\u4ea7\u54c1\u578b\u53f7","value_5":"","key_6":"\u7535\u538b\u7b49\u7ea7","value_6":"","key_7":"\u4ea7\u54c1\u89c4\u683c","value_7":""},{"id":1397835,"pid":1,"cat_index":1,"blank_id":1738,"ptype":2,"source":null,"gnames":null,"sorts":3,"key_0":"\u4f9b\u8d27\u65b9\u5f0f","value_0":"","key_1":"\u8d28\u91cf\u6807\u51c6","value_1":"","key_2":"\u6267\u884c\u6807\u51c6","value_2":"","price":"7.68","dratio":"0.000","market":"0.00","trans":"","ticket_nor":null,"ticket_person":null,"status":1,"uptimes":0,"times":1781254879,"number":3,"key_3":"\u8d77\u8ba2\u6570\u91cf","value_3":"","key_4":"\u8ba1\u91cf\u5355\u4f4d","value_4":"","key_5":"\u4ea7\u54c1\u578b\u53f7","value_5":"","key_6":"\u7535\u538b\u7b49\u7ea7","value_6":"","key_7":"\u4ea7\u54c1\u89c4\u683c","value_7":""},{"id":1397836,"pid":1,"cat_index":1,"blank_id":1738,"ptype":2,"source":null,"gnames":null,"sorts":4,"key_0":"\u4f9b\u8d27\u65b9\u5f0f","value_0":"","key_1":"\u8d28\u91cf\u6807\u51c6","value_1":"","key_2":"\u6267\u884c\u6807\u51c6","value_2":"","price":"10.25","dratio":"0.000","market":"0.00","trans":"","ticket_nor":null,"ticket_person":null,"status":1,"uptimes":0,"times":1781254879,"number":4,"key_3":"\u8d77\u8ba2\u6570\u91cf","value_3":"","key_4":"\u8ba1\u91cf\u5355\u4f4d","value_4":"","key_5":"\u4ea7\u54c1\u578b\u53f7","value_5":"","key_6":"\u7535\u538b\u7b49\u7ea7","value_6":"","key_7":"\u4ea7\u54c1\u89c4\u683c","value_7":""},{"id":1397837,"pid":1,"cat_index":1,"blank_id":1738,"ptype":2,"source":null,"gnames":null,"sorts":5,"key_0":"\u4f9b\u8d27\u65b9\u5f0f","value_0":"","key_1":"\u8d28\u91cf\u6807\u51c6","value_1":"","key_2":"\u6267\u884c\u6807\u51c6","value_2":"","price":"14.00","dratio":"0.000","market":"0.00","trans":"","ticket_nor":null,"ticket_person":null,"status":1,"uptimes":0,"times":1781254879,"number":5,"key_3":"\u8d77\u8ba2\u6570\u91cf","value_3":"","key_4":"\u8ba1\u91cf\u5355\u4f4d","value_4":"","key_5":"\u4ea7\u54c1\u578b\u53f7","value_5":"","key_6":"\u7535\u538b\u7b49\u7ea7","value_6":"","key_7":"\u4ea7\u54c1\u89c4\u683c","value_7":""},{"id":1397838,"pid":1,"cat_index":1,"blank_id":1738,"ptype":2,"source":null,"gnames":null,"sorts":6,"key_0":"\u4f9b\u8d27\u65b9\u5f0f","value_0":"","key_1":"\u8d28\u91cf\u6807\u51c6","value_1":"","key_2":"\u6267\u884c\u6807\u51c6","value_2":"","price":"20.05","dratio":"0.000","market":"0.00","trans":"","ticket_nor":null,"ticket_person":null,"status":1,"uptimes":0,"times":1781254879,"number":6,"key_3":"\u8d77\u8ba2\u6570\u91cf","value_3":"","key_4":"\u8ba1\u91cf\u5355\u4f4d","value_4":"","key_5":"\u4ea7\u54c1\u578b\u53f7","value_5":"","key_6":"\u7535\u538b\u7b49\u7ea7","value_6":"","key_7":"\u4ea7\u54c1\u89c4\u683c","value_7":""},{"id":1397839,"pid":1,"cat_index":1,"blank_id":1738,"ptype":2,"source":null,"gnames":null,"sorts":7,"key_0":"\u4f9b\u8d27\u65b9\u5f0f","value_0":"","key_1":"\u8d28\u91cf\u6807\u51c6","value_1":"","key_2":"\u6267\u884c\u6807\u51c6","value_2":"","price":"27.14","dratio":"0.000","market":"0.00","trans":"","ticket_nor":null,"ticket_person":null,"status":1,"uptimes":0,"times":1781254879,"number":7,"key_3":"\u8d77\u8ba2\u6570\u91cf","value_3":"","key_4":"\u8ba1\u91cf\u5355\u4f4d","value_4":"","key_5":"\u4ea7\u54c1\u578b\u53f7","value_5":"","key_6":"\u7535\u538b\u7b49\u7ea7","value_6":"","key_7":"\u4ea7\u54c1\u89c4\u683c","value_7":""},{"id":1397840,"pid":1,"cat_index":1,"blank_id":1738,"ptype":2,"source":null,"gnames":null,"sorts":8,"key_0":"\u4f9b\u8d27\u65b9\u5f0f","value_0":"","key_1":"\u8d28\u91cf\u6807\u51c6","value_1":"","key_2":"\u6267\u884c\u6807\u51c6","value_2":"","price":"34.01","dratio":"0.000","market":"0.00","trans":"","ticket_nor":null,"ticket_person":null,"status":1,"uptimes":0,"times":1781254879,"number":8,"key_3":"\u8d77\u8ba2\u6570\u91cf","value_3":"","key_4":"\u8ba1\u91cf\u5355\u4f4d","value_4":"","key_5":"\u4ea7\u54c1\u578b\u53f7","value_5":"","key_6":"\u7535\u538b\u7b49\u7ea7","value_6":"","key_7":"\u4ea7\u54c1\u89c4\u683c","value_7":""},{"id":1397841,"pid":1,"cat_index":1,"blank_id":1738,"ptype":2,"source":null,"gnames":null,"sorts":9,"key_0":"\u4f9b\u8d27\u65b9\u5f0f","value_0":"","key_1":"\u8d28\u91cf\u6807\u51c6","value_1":"","key_2":"\u6267\u884c\u6807\u51c6","value_2":"","price":"41.88","dratio":"0.000","market":"0.00","trans":"","ticket_nor":null,"ticket_person":null,"status":1,"uptimes":0,"times":1781254879,"number":9,"key_3":"\u8d77\u8ba2\u6570\u91cf","value_3":"","key_4":"\u8ba1\u91cf\u5355\u4f4d","value_4":"","key_5":"\u4ea7\u54c1\u578b\u53f7","value_5":"","key_6":"\u7535\u538b\u7b49\u7ea7","value_6":"","key_7":"\u4ea7\u54c1\u89c4\u683c","value_7":""},{"id":1397842,"pid":1,"cat_index":1,"blank_id":1738,"ptype":2,"source":null,"gnames":null,"sorts":10,"key_0":"\u4f9b\u8d27\u65b9\u5f0f","value_0":"","key_1":"\u8d28\u91cf\u6807\u51c6","value_1":"","key_2":"\u6267\u884c\u6807\u51c6","value_2":"","price":"52.03","dratio":"0.000","market":"0.00","trans":"","ticket_nor":null,"ticket_person":null,"status":1,"uptimes":0,"times":1781254879,"number":10,"key_3":"\u8d77\u8ba2\u6570\u91cf","value_3":"","key_4":"\u8ba1\u91cf\u5355\u4f4d","value_4":"","key_5":"\u4ea7\u54c1\u578b\u53f7","value_5":"","key_6":"\u7535\u538b\u7b49\u7ea7","value_6":"","key_7":"\u4ea7\u54c1\u89c4\u683c","value_7":""},{"id":1397843,"pid":1,"cat_index":1,"blank_id":1738,"ptype":2,"source":null,"gnames":null,"sorts":11,"key_0":"\u4f9b\u8d27\u65b9\u5f0f","value_0":"","key_1":"\u8d28\u91cf\u6807\u51c6","value_1":"","key_2":"\u6267\u884c\u6807\u51c6","value_2":"","price":"68.26","dratio":"0.000","market":"0.00","trans":"","ticket_nor":null,"ticket_person":null,"status":1,"uptimes":0,"times":1781254879,"number":11,"key_3":"\u8d77\u8ba2\u6570\u91cf","value_3":"","key_4":"\u8ba1\u91cf\u5355\u4f4d","value_4":"","key_5":"\u4ea7\u54c1\u578b\u53f7","value_5":"","key_6":"\u7535\u538b\u7b49\u7ea7","value_6":"","key_7":"\u4ea7\u54c1\u89c4\u683c","value_7":""},{"id":1397844,"pid":1,"cat_index":1,"blank_id":1738,"ptype":2,"source":null,"gnames":null,"sorts":12,"key_0":"\u4f9b\u8d27\u65b9\u5f0f","value_0":"","key_1":"\u8d28\u91cf\u6807\u51c6","value_1":"","key_2":"\u6267\u884c\u6807\u51c6","value_2":"","price":"85.33","dratio":"0.000","market":"0.00","trans":"","ticket_nor":null,"ticket_person":null,"status":1,"uptimes":0,"times":1781254879,"number":12,"key_3":"\u8d77\u8ba2\u6570\u91cf","value_3":"","key_4":"\u8ba1\u91cf\u5355\u4f4d","value_4":"","key_5":"\u4ea7\u54c1\u578b\u53f7","value_5":"","key_6":"\u7535\u538b\u7b49\u7ea7","value_6":"","key_7":"\u4ea7\u54c1\u89c4\u683c","value_7":""},{"id":1397845,"pid":1,"cat_index":1,"blank_id":1738,"ptype":2,"source":null,"gnames":null,"sorts":13,"key_0":"\u4f9b\u8d27\u65b9\u5f0f","value_0":"","key_1":"\u8d28\u91cf\u6807\u51c6","value_1":"","key_2":"\u6267\u884c\u6807\u51c6","value_2":"","price":"112.14","dratio":"0.000","market":"0.00","trans":"","ticket_nor":null,"ticket_person":null,"status":1,"uptimes":0,"times":1781254879,"number":13,"key_3":"\u8d77\u8ba2\u6570\u91cf","value_3":"","key_4":"\u8ba1\u91cf\u5355\u4f4d","value_4":"","key_5":"\u4ea7\u54c1\u578b\u53f7","value_5":"","key_6":"\u7535\u538b\u7b49\u7ea7","value_6":"","key_7":"\u4ea7\u54c1\u89c4\u683c","value_7":""},{"id":1397846,"pid":1,"cat_index":1,"blank_id":1738,"ptype":2,"source":null,"gnames":null,"sorts":14,"key_0":"\u4f9b\u8d27\u65b9\u5f0f","value_0":"","key_1":"\u8d28\u91cf\u6807\u51c6","value_1":"","key_2":"\u6267\u884c\u6807\u51c6","value_2":"","price":"143.48","dratio":"0.000","market":"0.00","trans":"","ticket_nor":null,"ticket_person":null,"status":1,"uptimes":0,"times":1781254879,"number":14,"key_3":"\u8d77\u8ba2\u6570\u91cf","value_3":"","key_4":"\u8ba1\u91cf\u5355\u4f4d","value_4":"","key_5":"\u4ea7\u54c1\u578b\u53f7","value_5":"","key_6":"\u7535\u538b\u7b49\u7ea7","value_6":"","key_7":"\u4ea7\u54c1\u89c4\u683c","value_7":""},{"id":1397847,"pid":1,"cat_index":1,"blank_id":1738,"ptype":2,"source":null,"gnames":null,"sorts":15,"key_0":"\u4f9b\u8d27\u65b9\u5f0f","value_0":"","key_1":"\u8d28\u91cf\u6807\u51c6","value_1":"","key_2":"\u6267\u884c\u6807\u51c6","value_2":"","price":"180.40","dratio":"0.000","market":"0.00","trans":"","ticket_nor":null,"ticket_person":null,"status":1,"uptimes":0,"times":1781254879,"number":15,"key_3":"\u8d77\u8ba2\u6570\u91cf","value_3":"","key_4":"\u8ba1\u91cf\u5355\u4f4d","value_4":"","key_5":"\u4ea7\u54c1\u578b\u53f7","value_5":"","key_6":"\u7535\u538b\u7b49\u7ea7","value_6":"","key_7":"\u4ea7\u54c1\u89c4\u683c","value_7":""}],"tax_list":[{"id":1,"pid":0,"name":"\u7535\u529b\u7535\u7f06\u7a0e\u7387\u53d1\u7968","alias_name":"","normal_tax":"3.00","special_tax":"11.00","status":1,"is_del":1,"add_time":0,"up_time":0},{"id":2,"pid":0,"name":"\u5bb6\u88c5\u7535\u7ebf\u7a0e\u7387","alias_name":"","normal_tax":"3.00","special_tax":"10.00","status":1,"is_del":1,"add_time":0,"up_time":0},{"id":3,"pid":0,"name":"\u521a\u6027\u9632\u706b\u7535\u7f06\u7a0e\u7387","alias_name":"","normal_tax":"3.00","special_tax":"9.00","status":1,"is_del":1,"add_time":0,"up_time":0},{"id":9,"pid":0,"name":"\u6a61\u5957\u7535\u7f06\u7a0e\u7387","alias_name":"","normal_tax":"3.00","special_tax":"11.00","status":1,"is_del":1,"add_time":0,"up_time":0},{"id":10,"pid":0,"name":"\u77ff\u7528\u6a61\u80f6\u7535\u7f06\u7a0e\u7387","alias_name":"","normal_tax":"4.00","special_tax":"12.00","status":1,"is_del":1,"add_time":0,"up_time":0}],"price_list":[{"id":2648,"plate_conts_id":1,"new_cate_one_id":1,"new_cate_two_id":355,"new_cate_three_id":356,"name":"\u94dc\u82af\u5bfc\u4f53","ratio":"1.00","sort":1000,"is_del":1,"cat_index":1,"blank_id":1738},{"id":2649,"plate_conts_id":1,"new_cate_one_id":1,"new_cate_two_id":355,"new_cate_three_id":362,"name":"\u8f90\u7167\u4ea4\u8054\u7edd\u7f18","ratio":"1.00","sort":1000,"is_del":1,"cat_index":1,"blank_id":1738},{"id":2650,"plate_conts_id":1,"new_cate_one_id":1,"new_cate_two_id":355,"new_cate_three_id":371,"name":"PVC\u62a4\u5957","ratio":"1.00","sort":1000,"is_del":1,"cat_index":1,"blank_id":1738},{"id":7812,"plate_conts_id":1,"new_cate_one_id":1,"new_cate_two_id":355,"new_cate_three_id":356,"name":"\u94dc\u82af\u5bfc\u4f53","ratio":"0.90","sort":1000,"is_del":1,"cat_index":1,"blank_id":1738},{"id":7813,"plate_conts_id":1,"new_cate_one_id":1,"new_cate_two_id":355,"new_cate_three_id":362,"name":"\u8f90\u7167\u4ea4\u8054\u7edd\u7f18","ratio":"1.00","sort":1000,"is_del":1,"cat_index":1,"blank_id":1738}],"all_blanks":[{"id":1738,"pid":1,"group_id":3,"catname":"\u5546\u54c1","cat_index":1,"source":"[\"677187340b61b.png\"]","sorts":0,"gimage":"677187340b3d7.png","gnames":"\u94dc\u82af\u4ea4\u8054\u805a\u4e59\u70ef\u7edd\u7f18\u805a\u6c2f\u4e59\u70ef\u62a4\u5957\u963b\u71c3\u7535\u7f06\u3010\u4e5d\u6298\u6807\u51c6\u3011","up_a":"0.0","down_a":"0.0","up_b":"0.0","down_b":"0.0","up_c":"0.0","down_c":"0.0","up_d":"0.0","down_d":"0.0","up_e":"0.0","down_e":"0.0","up_f":"0.0","down_f":"0.0","ticket_nor":3,"ticket_person":11,"status":1,"uptimes":1781096236,"times":1781095065,"new_tax_id":1},{"id":1739,"pid":1,"group_id":4,"catname":"\u5546\u54c1","cat_index":1,"source":"[\"677187340b61b.png\"]","sorts":null,"gimage":"677187340b3d7.png","gnames":"\u94dc\u82af\u4ea4\u8054\u805a\u4e59\u70ef\u7edd\u7f18\u805a\u6c2f\u4e59\u70ef\u62a4\u5957\u963b\u71c3\u7535\u7f06\u3010\u4e5d\u6298\u6807\u51c6\u3011","up_a":"0.0","down_a":"0.0","up_b":"0.0","down_b":"0.0","up_c":"0.0","down_c":"0.0","up_d":"0.0","down_d":"0.0","up_e":"0.0","down_e":"0.0","up_f":"0.0","down_f":"0.0","ticket_nor":3,"ticket_person":11,"status":1,"uptimes":1781228972,"times":1781228972,"new_tax_id":1},{"id":1557,"pid":1,"group_id":3,"catname":"\u4e5d\u6298\u6807\u51c6","cat_index":2,"source":"[\"677187340b61b.png\"]","sorts":0,"gimage":"677187340b3d7.png","gnames":"\u94dc\u82af\u4ea4\u8054\u805a\u4e59\u70ef\u7edd\u7f18\u805a\u6c2f\u4e59\u70ef\u62a4\u5957\u963b\u71c3\u7535\u7f06\u3010\u4e5d\u6298\u6807\u51c6\u3011","up_a":"0.0","down_a":"0.0","up_b":"0.0","down_b":"0.0","up_c":"0.0","down_c":"0.0","up_d":"0.0","down_d":"0.0","up_e":"0.0","down_e":"0.0","up_f":"0.0","down_f":"0.0","ticket_nor":3,"ticket_person":11,"status":1,"uptimes":1781095113,"times":1735489364,"new_tax_id":1},{"id":1740,"pid":1,"group_id":4,"catname":"\u4e5d\u6298\u6807\u51c6","cat_index":2,"source":"[\"677187340b61b.png\"]","sorts":null,"gimage":"677187340b3d7.png","gnames":"\u94dc\u82af\u4ea4\u8054\u805a\u4e59\u70ef\u7edd\u7f18\u805a\u6c2f\u4e59\u70ef\u62a4\u5957\u963b\u71c3\u7535\u7f06\u3010\u4e5d\u6298\u6807\u51c6\u3011","up_a":"0.0","down_a":"0.0","up_b":"0.0","down_b":"0.0","up_c":"0.0","down_c":"0.0","up_d":"0.0","down_d":"0.0","up_e":"0.0","down_e":"0.0","up_f":"0.0","down_f":"0.0","ticket_nor":3,"ticket_person":11,"status":1,"uptimes":1781228972,"times":1781228972,"new_tax_id":1},{"id":1558,"pid":1,"group_id":3,"catname":"\u516b\u6298\u6807\u51c6","cat_index":3,"source":"[\"677187340b61b.png\"]","sorts":0,"gimage":"677187340b3d7.png","gnames":"\u94dc\u82af\u4ea4\u8054\u805a\u4e59\u70ef\u7edd\u7f18\u805a\u6c2f\u4e59\u70ef\u62a4\u5957\u963b\u71c3\u7535\u7f06\u3010\u4e5d\u6298\u6807\u51c6\u3011","up_a":"0.0","down_a":"0.0","up_b":"0.0","down_b":"0.0","up_c":"0.0","down_c":"0.0","up_d":"0.0","down_d":"0.0","up_e":"0.0","down_e":"0.0","up_f":"0.0","down_f":"0.0","ticket_nor":3,"ticket_person":11,"status":1,"uptimes":1781096265,"times":1735490732,"new_tax_id":1},{"id":1741,"pid":1,"group_id":4,"catname":"\u516b\u6298\u6807\u51c6","cat_index":3,"source":"[\"677187340b61b.png\"]","sorts":null,"gimage":"677187340b3d7.png","gnames":"\u94dc\u82af\u4ea4\u8054\u805a\u4e59\u70ef\u7edd\u7f18\u805a\u6c2f\u4e59\u70ef\u62a4\u5957\u963b\u71c3\u7535\u7f06\u3010\u4e5d\u6298\u6807\u51c6\u3011","up_a":"0.0","down_a":"0.0","up_b":"0.0","down_b":"0.0","up_c":"0.0","down_c":"0.0","up_d":"0.0","down_d":"0.0","up_e":"0.0","down_e":"0.0","up_f":"0.0","down_f":"0.0","ticket_nor":3,"ticket_person":11,"status":1,"uptimes":1781228972,"times":1781228972,"new_tax_id":1}],"group_list":[{"id":3,"pid":1,"name":"test1","ratio":"1.000000","sort":0,"add_time":1781145782,"up_time":1781145782},{"id":4,"pid":1,"name":"test2","ratio":"1.000000","sort":0,"add_time":1781145796,"up_time":1781145796}]}}

[ 2026-06-12T17:04:02+08:00 ] ::1 /Home/Goods/plate_conts_clearlog.html
INFO: [ app_init ] --START--
INFO: Run Behavior\BuildLiteBehavior [ RunTime:0.000005s ]
INFO: [ app_init ] --END-- [ RunTime:0.000070s ]
INFO: [ app_begin ] --START--
INFO: Run Behavior\ReadHtmlCacheBehavior [ RunTime:0.000018s ]
INFO: [ app_begin ] --END-- [ RunTime:0.000027s ]
SQL: SHOW COLUMNS FROM `plate_conts_logs` [ RunTime:0.0052s ]
SQL: SHOW COLUMNS FROM `plate_conts_logsr` [ RunTime:0.0027s ]
SQL: DELETE FROM `plate_conts_logs` WHERE `blank_id` = 1738 [ RunTime:0.0050s ]
ERR: {"status":1,"msg":"\u5220\u9664\u6210\u529f","data":null}

[ 2026-06-12T17:04:02+08:00 ] ::1 /Home/Goods/plate_conts_blankr.html
INFO: [ app_init ] --START--
INFO: Run Behavior\BuildLiteBehavior [ RunTime:0.000003s ]
INFO: [ app_init ] --END-- [ RunTime:0.000020s ]
INFO: [ app_begin ] --START--
INFO: Run Behavior\ReadHtmlCacheBehavior [ RunTime:0.000012s ]
INFO: [ app_begin ] --END-- [ RunTime:0.000022s ]
SQL: SHOW COLUMNS FROM `plate_conts_blank` [ RunTime:0.0029s ]
SQL: SHOW COLUMNS FROM `plate_conts_logs` [ RunTime:0.0027s ]
SQL: SHOW COLUMNS FROM `plate_conts_logsr` [ RunTime:0.0020s ]
SQL: SELECT * FROM `plate_conts_blank` WHERE `id` = 1738 LIMIT 1   [ RunTime:0.0018s ]
SQL: SELECT * FROM `plate_conts_logs` WHERE `blank_id` = 1738 ORDER BY number asc,id asc  [ RunTime:0.0011s ]
SQL: SELECT `key_0` FROM `plate_conts_logs` WHERE `blank_id` = 1738 GROUP BY key_0 LIMIT 1   [ RunTime:0.0002s ]
SQL: SELECT `key_1` FROM `plate_conts_logs` WHERE `blank_id` = 1738 GROUP BY key_1 LIMIT 1   [ RunTime:0.0002s ]
SQL: SELECT `key_2` FROM `plate_conts_logs` WHERE `blank_id` = 1738 GROUP BY key_2 LIMIT 1   [ RunTime:0.0005s ]
SQL: SELECT `key_3` FROM `plate_conts_logs` WHERE `blank_id` = 1738 GROUP BY key_3 LIMIT 1   [ RunTime:0.0004s ]
SQL: SELECT `key_4` FROM `plate_conts_logs` WHERE `blank_id` = 1738 GROUP BY key_4 LIMIT 1   [ RunTime:0.0004s ]
SQL: SELECT `key_5` FROM `plate_conts_logs` WHERE `blank_id` = 1738 GROUP BY key_5 LIMIT 1   [ RunTime:0.0004s ]
SQL: SELECT `key_6` FROM `plate_conts_logs` WHERE `blank_id` = 1738 GROUP BY key_6 LIMIT 1   [ RunTime:0.0003s ]
SQL: SELECT `key_7` FROM `plate_conts_logs` WHERE `blank_id` = 1738 GROUP BY key_7 LIMIT 1   [ RunTime:0.0002s ]
NOTIC: [2] Trying to access array offset on value of type null /Users/gangliu/data/catdesk_workspace/yilan/App/Home/Controller/GoodsController.class.php 第 805 行.
NOTIC: [2] Trying to access array offset on value of type null /Users/gangliu/data/catdesk_workspace/yilan/App/Home/Controller/GoodsController.class.php 第 805 行.
NOTIC: [2] Trying to access array offset on value of type null /Users/gangliu/data/catdesk_workspace/yilan/App/Home/Controller/GoodsController.class.php 第 805 行.
NOTIC: [2] Trying to access array offset on value of type null /Users/gangliu/data/catdesk_workspace/yilan/App/Home/Controller/GoodsController.class.php 第 806 行.
NOTIC: [2] Trying to access array offset on value of type null /Users/gangliu/data/catdesk_workspace/yilan/App/Home/Controller/GoodsController.class.php 第 806 行.
NOTIC: [2] Trying to access array offset on value of type null /Users/gangliu/data/catdesk_workspace/yilan/App/Home/Controller/GoodsController.class.php 第 807 行.
NOTIC: [2] Trying to access array offset on value of type null /Users/gangliu/data/catdesk_workspace/yilan/App/Home/Controller/GoodsController.class.php 第 807 行.
NOTIC: [2] Trying to access array offset on value of type null /Users/gangliu/data/catdesk_workspace/yilan/App/Home/Controller/GoodsController.class.php 第 807 行.
SQL: SHOW COLUMNS FROM `new_tax` [ RunTime:0.0021s ]
SQL: SELECT * FROM `new_tax` WHERE `is_del` = 1  [ RunTime:0.0011s ]
SQL: SHOW COLUMNS FROM `plate_conts_price` [ RunTime:0.0016s ]
SQL: SELECT * FROM `plate_conts_price` WHERE `blank_id` = 1738 AND `is_del` = 1 ORDER BY sort asc, id asc  [ RunTime:0.0009s ]
SQL: SELECT * FROM `plate_conts_blank` WHERE `pid` = 1 AND `status` = 1 ORDER BY cat_index asc  [ RunTime:0.0004s ]
SQL: SHOW COLUMNS FROM `plate_conts_blank_group` [ RunTime:0.0015s ]
SQL: SELECT * FROM `plate_conts_blank_group` WHERE `pid` = 1 ORDER BY sort asc, id asc  [ RunTime:0.0008s ]
ERR: {"status":1,"msg":"\u83b7\u53d6\u6210\u529f","data":{"info":{"id":1738,"pid":1,"group_id":3,"catname":"\u5546\u54c1","cat_index":1,"source":["677187340b61b.png"],"sorts":0,"gimage":"677187340b3d7.png","gnames":"\u94dc\u82af\u4ea4\u8054\u805a\u4e59\u70ef\u7edd\u7f18\u805a\u6c2f\u4e59\u70ef\u62a4\u5957\u963b\u71c3\u7535\u7f06\u3010\u4e5d\u6298\u6807\u51c6\u3011","up_a":"0.0","down_a":"0.0","up_b":"0.0","down_b":"0.0","up_c":"0.0","down_c":"0.0","up_d":"0.0","down_d":"0.0","up_e":"0.0","down_e":"0.0","up_f":"0.0","down_f":"0.0","ticket_nor":3,"ticket_person":11,"status":1,"uptimes":1781096236,"times":1781095065,"new_tax_id":1},"key":{"keya":null,"keyb":null,"keyc":null,"keyd":null,"keye":null,"keyf":null,"keyg":null,"keyh":null},"list":[],"tax_list":[{"id":1,"pid":0,"name":"\u7535\u529b\u7535\u7f06\u7a0e\u7387\u53d1\u7968","alias_name":"","normal_tax":"3.00","special_tax":"11.00","status":1,"is_del":1,"add_time":0,"up_time":0},{"id":2,"pid":0,"name":"\u5bb6\u88c5\u7535\u7ebf\u7a0e\u7387","alias_name":"","normal_tax":"3.00","special_tax":"10.00","status":1,"is_del":1,"add_time":0,"up_time":0},{"id":3,"pid":0,"name":"\u521a\u6027\u9632\u706b\u7535\u7f06\u7a0e\u7387","alias_name":"","normal_tax":"3.00","special_tax":"9.00","status":1,"is_del":1,"add_time":0,"up_time":0},{"id":9,"pid":0,"name":"\u6a61\u5957\u7535\u7f06\u7a0e\u7387","alias_name":"","normal_tax":"3.00","special_tax":"11.00","status":1,"is_del":1,"add_time":0,"up_time":0},{"id":10,"pid":0,"name":"\u77ff\u7528\u6a61\u80f6\u7535\u7f06\u7a0e\u7387","alias_name":"","normal_tax":"4.00","special_tax":"12.00","status":1,"is_del":1,"add_time":0,"up_time":0}],"price_list":[{"id":2648,"plate_conts_id":1,"new_cate_one_id":1,"new_cate_two_id":355,"new_cate_three_id":356,"name":"\u94dc\u82af\u5bfc\u4f53","ratio":"1.00","sort":1000,"is_del":1,"cat_index":1,"blank_id":1738},{"id":2649,"plate_conts_id":1,"new_cate_one_id":1,"new_cate_two_id":355,"new_cate_three_id":362,"name":"\u8f90\u7167\u4ea4\u8054\u7edd\u7f18","ratio":"1.00","sort":1000,"is_del":1,"cat_index":1,"blank_id":1738},{"id":2650,"plate_conts_id":1,"new_cate_one_id":1,"new_cate_two_id":355,"new_cate_three_id":371,"name":"PVC\u62a4\u5957","ratio":"1.00","sort":1000,"is_del":1,"cat_index":1,"blank_id":1738},{"id":7812,"plate_conts_id":1,"new_cate_one_id":1,"new_cate_two_id":355,"new_cate_three_id":356,"name":"\u94dc\u82af\u5bfc\u4f53","ratio":"0.90","sort":1000,"is_del":1,"cat_index":1,"blank_id":1738},{"id":7813,"plate_conts_id":1,"new_cate_one_id":1,"new_cate_two_id":355,"new_cate_three_id":362,"name":"\u8f90\u7167\u4ea4\u8054\u7edd\u7f18","ratio":"1.00","sort":1000,"is_del":1,"cat_index":1,"blank_id":1738}],"all_blanks":[{"id":1738,"pid":1,"group_id":3,"catname":"\u5546\u54c1","cat_index":1,"source":"[\"677187340b61b.png\"]","sorts":0,"gimage":"677187340b3d7.png","gnames":"\u94dc\u82af\u4ea4\u8054\u805a\u4e59\u70ef\u7edd\u7f18\u805a\u6c2f\u4e59\u70ef\u62a4\u5957\u963b\u71c3\u7535\u7f06\u3010\u4e5d\u6298\u6807\u51c6\u3011","up_a":"0.0","down_a":"0.0","up_b":"0.0","down_b":"0.0","up_c":"0.0","down_c":"0.0","up_d":"0.0","down_d":"0.0","up_e":"0.0","down_e":"0.0","up_f":"0.0","down_f":"0.0","ticket_nor":3,"ticket_person":11,"status":1,"uptimes":1781096236,"times":1781095065,"new_tax_id":1},{"id":1739,"pid":1,"group_id":4,"catname":"\u5546\u54c1","cat_index":1,"source":"[\"677187340b61b.png\"]","sorts":null,"gimage":"677187340b3d7.png","gnames":"\u94dc\u82af\u4ea4\u8054\u805a\u4e59\u70ef\u7edd\u7f18\u805a\u6c2f\u4e59\u70ef\u62a4\u5957\u963b\u71c3\u7535\u7f06\u3010\u4e5d\u6298\u6807\u51c6\u3011","up_a":"0.0","down_a":"0.0","up_b":"0.0","down_b":"0.0","up_c":"0.0","down_c":"0.0","up_d":"0.0","down_d":"0.0","up_e":"0.0","down_e":"0.0","up_f":"0.0","down_f":"0.0","ticket_nor":3,"ticket_person":11,"status":1,"uptimes":1781228972,"times":1781228972,"new_tax_id":1},{"id":1557,"pid":1,"group_id":3,"catname":"\u4e5d\u6298\u6807\u51c6","cat_index":2,"source":"[\"677187340b61b.png\"]","sorts":0,"gimage":"677187340b3d7.png","gnames":"\u94dc\u82af\u4ea4\u8054\u805a\u4e59\u70ef\u7edd\u7f18\u805a\u6c2f\u4e59\u70ef\u62a4\u5957\u963b\u71c3\u7535\u7f06\u3010\u4e5d\u6298\u6807\u51c6\u3011","up_a":"0.0","down_a":"0.0","up_b":"0.0","down_b":"0.0","up_c":"0.0","down_c":"0.0","up_d":"0.0","down_d":"0.0","up_e":"0.0","down_e":"0.0","up_f":"0.0","down_f":"0.0","ticket_nor":3,"ticket_person":11,"status":1,"uptimes":1781095113,"times":1735489364,"new_tax_id":1},{"id":1740,"pid":1,"group_id":4,"catname":"\u4e5d\u6298\u6807\u51c6","cat_index":2,"source":"[\"677187340b61b.png\"]","sorts":null,"gimage":"677187340b3d7.png","gnames":"\u94dc\u82af\u4ea4\u8054\u805a\u4e59\u70ef\u7edd\u7f18\u805a\u6c2f\u4e59\u70ef\u62a4\u5957\u963b\u71c3\u7535\u7f06\u3010\u4e5d\u6298\u6807\u51c6\u3011","up_a":"0.0","down_a":"0.0","up_b":"0.0","down_b":"0.0","up_c":"0.0","down_c":"0.0","up_d":"0.0","down_d":"0.0","up_e":"0.0","down_e":"0.0","up_f":"0.0","down_f":"0.0","ticket_nor":3,"ticket_person":11,"status":1,"uptimes":1781228972,"times":1781228972,"new_tax_id":1},{"id":1558,"pid":1,"group_id":3,"catname":"\u516b\u6298\u6807\u51c6","cat_index":3,"source":"[\"677187340b61b.png\"]","sorts":0,"gimage":"677187340b3d7.png","gnames":"\u94dc\u82af\u4ea4\u8054\u805a\u4e59\u70ef\u7edd\u7f18\u805a\u6c2f\u4e59\u70ef\u62a4\u5957\u963b\u71c3\u7535\u7f06\u3010\u4e5d\u6298\u6807\u51c6\u3011","up_a":"0.0","down_a":"0.0","up_b":"0.0","down_b":"0.0","up_c":"0.0","down_c":"0.0","up_d":"0.0","down_d":"0.0","up_e":"0.0","down_e":"0.0","up_f":"0.0","down_f":"0.0","ticket_nor":3,"ticket_person":11,"status":1,"uptimes":1781096265,"times":1735490732,"new_tax_id":1},{"id":1741,"pid":1,"group_id":4,"catname":"\u516b\u6298\u6807\u51c6","cat_index":3,"source":"[\"677187340b61b.png\"]","sorts":null,"gimage":"677187340b3d7.png","gnames":"\u94dc\u82af\u4ea4\u8054\u805a\u4e59\u70ef\u7edd\u7f18\u805a\u6c2f\u4e59\u70ef\u62a4\u5957\u963b\u71c3\u7535\u7f06\u3010\u4e5d\u6298\u6807\u51c6\u3011","up_a":"0.0","down_a":"0.0","up_b":"0.0","down_b":"0.0","up_c":"0.0","down_c":"0.0","up_d":"0.0","down_d":"0.0","up_e":"0.0","down_e":"0.0","up_f":"0.0","down_f":"0.0","ticket_nor":3,"ticket_person":11,"status":1,"uptimes":1781228972,"times":1781228972,"new_tax_id":1}],"group_list":[{"id":3,"pid":1,"name":"test1","ratio":"1.000000","sort":0,"add_time":1781145782,"up_time":1781145782},{"id":4,"pid":1,"name":"test2","ratio":"1.000000","sort":0,"add_time":1781145796,"up_time":1781145796}]}}

[ 2026-06-12T17:04:09+08:00 ] ::1 /Home/Goods/plate_conts_import.html
INFO: [ app_init ] --START--
INFO: Run Behavior\BuildLiteBehavior [ RunTime:0.000004s ]
INFO: [ app_init ] --END-- [ RunTime:0.000035s ]
INFO: [ app_begin ] --START--
INFO: Run Behavior\ReadHtmlCacheBehavior [ RunTime:0.000024s ]
INFO: [ app_begin ] --END-- [ RunTime:0.000038s ]
SQL: SHOW COLUMNS FROM `plate_conts_logs` [ RunTime:0.0061s ]
NOTIC: [8192] Function libxml_disable_entity_loader() is deprecated /Users/gangliu/data/catdesk_workspace/yilan/ThinkPHP/Library/Vendor/PHPExcel/PHPExcel/Settings.php 第 369 行.
NOTIC: [2] Undefined variable $options /Users/gangliu/data/catdesk_workspace/yilan/ThinkPHP/Library/Vendor/PHPExcel/PHPExcel/Settings.php 第 384 行.
NOTIC: [8192] Function libxml_disable_entity_loader() is deprecated /Users/gangliu/data/catdesk_workspace/yilan/ThinkPHP/Library/Vendor/PHPExcel/PHPExcel/Settings.php 第 384 行.
NOTIC: [2] Undefined variable $options /Users/gangliu/data/catdesk_workspace/yilan/ThinkPHP/Library/Vendor/PHPExcel/PHPExcel/Settings.php 第 384 行.
NOTIC: [8192] Function libxml_disable_entity_loader() is deprecated /Users/gangliu/data/catdesk_workspace/yilan/ThinkPHP/Library/Vendor/PHPExcel/PHPExcel/Settings.php 第 384 行.
NOTIC: [2] Undefined variable $options /Users/gangliu/data/catdesk_workspace/yilan/ThinkPHP/Library/Vendor/PHPExcel/PHPExcel/Settings.php 第 384 行.
NOTIC: [8192] Function libxml_disable_entity_loader() is deprecated /Users/gangliu/data/catdesk_workspace/yilan/ThinkPHP/Library/Vendor/PHPExcel/PHPExcel/Settings.php 第 384 行.
NOTIC: [2] Undefined variable $options /Users/gangliu/data/catdesk_workspace/yilan/ThinkPHP/Library/Vendor/PHPExcel/PHPExcel/Settings.php 第 384 行.
NOTIC: [8192] Function libxml_disable_entity_loader() is deprecated /Users/gangliu/data/catdesk_workspace/yilan/ThinkPHP/Library/Vendor/PHPExcel/PHPExcel/Settings.php 第 384 行.
NOTIC: [2] Undefined variable $options /Users/gangliu/data/catdesk_workspace/yilan/ThinkPHP/Library/Vendor/PHPExcel/PHPExcel/Settings.php 第 384 行.
NOTIC: [8192] Function libxml_disable_entity_loader() is deprecated /Users/gangliu/data/catdesk_workspace/yilan/ThinkPHP/Library/Vendor/PHPExcel/PHPExcel/Settings.php 第 384 行.
NOTIC: [2] Undefined variable $options /Users/gangliu/data/catdesk_workspace/yilan/ThinkPHP/Library/Vendor/PHPExcel/PHPExcel/Settings.php 第 384 行.
NOTIC: [8192] Function libxml_disable_entity_loader() is deprecated /Users/gangliu/data/catdesk_workspace/yilan/ThinkPHP/Library/Vendor/PHPExcel/PHPExcel/Settings.php 第 384 行.
NOTIC: [2] Undefined variable $options /Users/gangliu/data/catdesk_workspace/yilan/ThinkPHP/Library/Vendor/PHPExcel/PHPExcel/Settings.php 第 384 行.
NOTIC: [8192] Function libxml_disable_entity_loader() is deprecated /Users/gangliu/data/catdesk_workspace/yilan/ThinkPHP/Library/Vendor/PHPExcel/PHPExcel/Settings.php 第 384 行.
NOTIC: [2] Undefined variable $options /Users/gangliu/data/catdesk_workspace/yilan/ThinkPHP/Library/Vendor/PHPExcel/PHPExcel/Settings.php 第 384 行.
NOTIC: [8192] Function libxml_disable_entity_loader() is deprecated /Users/gangliu/data/catdesk_workspace/yilan/ThinkPHP/Library/Vendor/PHPExcel/PHPExcel/Settings.php 第 384 行.
NOTIC: [2] Undefined variable $options /Users/gangliu/data/catdesk_workspace/yilan/ThinkPHP/Library/Vendor/PHPExcel/PHPExcel/Settings.php 第 384 行.
NOTIC: [8192] Function libxml_disable_entity_loader() is deprecated /Users/gangliu/data/catdesk_workspace/yilan/ThinkPHP/Library/Vendor/PHPExcel/PHPExcel/Settings.php 第 384 行.
NOTIC: [8192] Implicit conversion from float 218.39106418042545 to int loses precision /Users/gangliu/data/catdesk_workspace/yilan/ThinkPHP/Library/Vendor/PHPExcel/PHPExcel/Style/Color.php 第 323 行.
NOTIC: [8192] Implicit conversion from float 227.19321268349256 to int loses precision /Users/gangliu/data/catdesk_workspace/yilan/ThinkPHP/Library/Vendor/PHPExcel/PHPExcel/Style/Color.php 第 324 行.
NOTIC: [8192] Implicit conversion from float 244.5974608600116 to int loses precision /Users/gangliu/data/catdesk_workspace/yilan/ThinkPHP/Library/Vendor/PHPExcel/PHPExcel/Style/Color.php 第 325 行.
NOTIC: [8192] Implicit conversion from float 218.39106418042545 to int loses precision /Users/gangliu/data/catdesk_workspace/yilan/ThinkPHP/Library/Vendor/PHPExcel/PHPExcel/Style/Color.php 第 323 行.
NOTIC: [8192] Implicit conversion from float 227.19321268349256 to int loses precision /Users/gangliu/data/catdesk_workspace/yilan/ThinkPHP/Library/Vendor/PHPExcel/PHPExcel/Style/Color.php 第 324 行.
NOTIC: [8192] Implicit conversion from float 244.5974608600116 to int loses precision /Users/gangliu/data/catdesk_workspace/yilan/ThinkPHP/Library/Vendor/PHPExcel/PHPExcel/Style/Color.php 第 325 行.
NOTIC: [8192] Implicit conversion from float 145.1899472029786 to int loses precision /Users/gangliu/data/catdesk_workspace/yilan/ThinkPHP/Library/Vendor/PHPExcel/PHPExcel/Style/Color.php 第 323 行.
NOTIC: [8192] Implicit conversion from float 171.59236426892912 to int loses precision /Users/gangliu/data/catdesk_workspace/yilan/ThinkPHP/Library/Vendor/PHPExcel/PHPExcel/Style/Color.php 第 324 行.
NOTIC: [8192] Implicit conversion from float 223.79714346751305 to int loses precision /Users/gangliu/data/catdesk_workspace/yilan/ThinkPHP/Library/Vendor/PHPExcel/PHPExcel/Style/Color.php 第 325 行.
NOTIC: [8192] Implicit conversion from float 218.39106418042545 to int loses precision /Users/gangliu/data/catdesk_workspace/yilan/ThinkPHP/Library/Vendor/PHPExcel/PHPExcel/Style/Color.php 第 323 行.
NOTIC: [8192] Implicit conversion from float 227.19321268349256 to int loses precision /Users/gangliu/data/catdesk_workspace/yilan/ThinkPHP/Library/Vendor/PHPExcel/PHPExcel/Style/Color.php 第 324 行.
NOTIC: [8192] Implicit conversion from float 244.5974608600116 to int loses precision /Users/gangliu/data/catdesk_workspace/yilan/ThinkPHP/Library/Vendor/PHPExcel/PHPExcel/Style/Color.php 第 325 行.
NOTIC: [8192] Implicit conversion from float 218.39106418042545 to int loses precision /Users/gangliu/data/catdesk_workspace/yilan/ThinkPHP/Library/Vendor/PHPExcel/PHPExcel/Style/Color.php 第 323 行.
NOTIC: [8192] Implicit conversion from float 227.19321268349256 to int loses precision /Users/gangliu/data/catdesk_workspace/yilan/ThinkPHP/Library/Vendor/PHPExcel/PHPExcel/Style/Color.php 第 324 行.
NOTIC: [8192] Implicit conversion from float 244.5974608600116 to int loses precision /Users/gangliu/data/catdesk_workspace/yilan/ThinkPHP/Library/Vendor/PHPExcel/PHPExcel/Style/Color.php 第 325 行.
NOTIC: [8192] Implicit conversion from float 145.1899472029786 to int loses precision /Users/gangliu/data/catdesk_workspace/yilan/ThinkPHP/Library/Vendor/PHPExcel/PHPExcel/Style/Color.php 第 323 行.
NOTIC: [8192] Implicit conversion from float 171.59236426892912 to int loses precision /Users/gangliu/data/catdesk_workspace/yilan/ThinkPHP/Library/Vendor/PHPExcel/PHPExcel/Style/Color.php 第 324 行.
NOTIC: [8192] Implicit conversion from float 223.79714346751305 to int loses precision /Users/gangliu/data/catdesk_workspace/yilan/ThinkPHP/Library/Vendor/PHPExcel/PHPExcel/Style/Color.php 第 325 行.
NOTIC: [8192] Implicit conversion from float 145.1899472029786 to int loses precision /Users/gangliu/data/catdesk_workspace/yilan/ThinkPHP/Library/Vendor/PHPExcel/PHPExcel/Style/Color.php 第 323 行.
NOTIC: [8192] Implicit conversion from float 171.59236426892912 to int loses precision /Users/gangliu/data/catdesk_workspace/yilan/ThinkPHP/Library/Vendor/PHPExcel/PHPExcel/Style/Color.php 第 324 行.
NOTIC: [8192] Implicit conversion from float 223.79714346751305 to int loses precision /Users/gangliu/data/catdesk_workspace/yilan/ThinkPHP/Library/Vendor/PHPExcel/PHPExcel/Style/Color.php 第 325 行.
NOTIC: [8192] Implicit conversion from float 218.39106418042545 to int loses precision /Users/gangliu/data/catdesk_workspace/yilan/ThinkPHP/Library/Vendor/PHPExcel/PHPExcel/Style/Color.php 第 323 行.
NOTIC: [8192] Implicit conversion from float 227.19321268349256 to int loses precision /Users/gangliu/data/catdesk_workspace/yilan/ThinkPHP/Library/Vendor/PHPExcel/PHPExcel/Style/Color.php 第 324 行.
NOTIC: [8192] Implicit conversion from float 244.5974608600116 to int loses precision /Users/gangliu/data/catdesk_workspace/yilan/ThinkPHP/Library/Vendor/PHPExcel/PHPExcel/Style/Color.php 第 325 行.
NOTIC: [8192] Implicit conversion from float 218.39106418042545 to int loses precision /Users/gangliu/data/catdesk_workspace/yilan/ThinkPHP/Library/Vendor/PHPExcel/PHPExcel/Style/Color.php 第 323 行.
NOTIC: [8192] Implicit conversion from float 227.19321268349256 to int loses precision /Users/gangliu/data/catdesk_workspace/yilan/ThinkPHP/Library/Vendor/PHPExcel/PHPExcel/Style/Color.php 第 324 行.
NOTIC: [8192] Implicit conversion from float 244.5974608600116 to int loses precision /Users/gangliu/data/catdesk_workspace/yilan/ThinkPHP/Library/Vendor/PHPExcel/PHPExcel/Style/Color.php 第 325 行.
NOTIC: [8192] Implicit conversion from float 218.39106418042545 to int loses precision /Users/gangliu/data/catdesk_workspace/yilan/ThinkPHP/Library/Vendor/PHPExcel/PHPExcel/Style/Color.php 第 323 行.
NOTIC: [8192] Implicit conversion from float 227.19321268349256 to int loses precision /Users/gangliu/data/catdesk_workspace/yilan/ThinkPHP/Library/Vendor/PHPExcel/PHPExcel/Style/Color.php 第 324 行.
NOTIC: [8192] Implicit conversion from float 244.5974608600116 to int loses precision /Users/gangliu/data/catdesk_workspace/yilan/ThinkPHP/Library/Vendor/PHPExcel/PHPExcel/Style/Color.php 第 325 行.
NOTIC: [8192] Implicit conversion from float 218.39106418042545 to int loses precision /Users/gangliu/data/catdesk_workspace/yilan/ThinkPHP/Library/Vendor/PHPExcel/PHPExcel/Style/Color.php 第 323 行.
NOTIC: [8192] Implicit conversion from float 227.19321268349256 to int loses precision /Users/gangliu/data/catdesk_workspace/yilan/ThinkPHP/Library/Vendor/PHPExcel/PHPExcel/Style/Color.php 第 324 行.
NOTIC: [8192] Implicit conversion from float 244.5974608600116 to int loses precision /Users/gangliu/data/catdesk_workspace/yilan/ThinkPHP/Library/Vendor/PHPExcel/PHPExcel/Style/Color.php 第 325 行.
NOTIC: [8192] Implicit conversion from float 218.39106418042545 to int loses precision /Users/gangliu/data/catdesk_workspace/yilan/ThinkPHP/Library/Vendor/PHPExcel/PHPExcel/Style/Color.php 第 323 行.
NOTIC: [8192] Implicit conversion from float 227.19321268349256 to int loses precision /Users/gangliu/data/catdesk_workspace/yilan/ThinkPHP/Library/Vendor/PHPExcel/PHPExcel/Style/Color.php 第 324 行.
NOTIC: [8192] Implicit conversion from float 244.5974608600116 to int loses precision /Users/gangliu/data/catdesk_workspace/yilan/ThinkPHP/Library/Vendor/PHPExcel/PHPExcel/Style/Color.php 第 325 行.
NOTIC: [8192] Implicit conversion from float 218.39106418042545 to int loses precision /Users/gangliu/data/catdesk_workspace/yilan/ThinkPHP/Library/Vendor/PHPExcel/PHPExcel/Style/Color.php 第 323 行.
NOTIC: [8192] Implicit conversion from float 227.19321268349256 to int loses precision /Users/gangliu/data/catdesk_workspace/yilan/ThinkPHP/Library/Vendor/PHPExcel/PHPExcel/Style/Color.php 第 324 行.
NOTIC: [8192] Implicit conversion from float 244.5974608600116 to int loses precision /Users/gangliu/data/catdesk_workspace/yilan/ThinkPHP/Library/Vendor/PHPExcel/PHPExcel/Style/Color.php 第 325 行.
NOTIC: [8192] Implicit conversion from float 145.1899472029786 to int loses precision /Users/gangliu/data/catdesk_workspace/yilan/ThinkPHP/Library/Vendor/PHPExcel/PHPExcel/Style/Color.php 第 323 行.
NOTIC: [8192] Implicit conversion from float 171.59236426892912 to int loses precision /Users/gangliu/data/catdesk_workspace/yilan/ThinkPHP/Library/Vendor/PHPExcel/PHPExcel/Style/Color.php 第 324 行.
NOTIC: [8192] Implicit conversion from float 223.79714346751305 to int loses precision /Users/gangliu/data/catdesk_workspace/yilan/ThinkPHP/Library/Vendor/PHPExcel/PHPExcel/Style/Color.php 第 325 行.
NOTIC: [8192] Implicit conversion from float 145.1899472029786 to int loses precision /Users/gangliu/data/catdesk_workspace/yilan/ThinkPHP/Library/Vendor/PHPExcel/PHPExcel/Style/Color.php 第 323 行.
NOTIC: [8192] Implicit conversion from float 171.59236426892912 to int loses precision /Users/gangliu/data/catdesk_workspace/yilan/ThinkPHP/Library/Vendor/PHPExcel/PHPExcel/Style/Color.php 第 324 行.
NOTIC: [8192] Implicit conversion from float 223.79714346751305 to int loses precision /Users/gangliu/data/catdesk_workspace/yilan/ThinkPHP/Library/Vendor/PHPExcel/PHPExcel/Style/Color.php 第 325 行.
NOTIC: [8192] Implicit conversion from float 218.39106418042545 to int loses precision /Users/gangliu/data/catdesk_workspace/yilan/ThinkPHP/Library/Vendor/PHPExcel/PHPExcel/Style/Color.php 第 323 行.
NOTIC: [8192] Implicit conversion from float 227.19321268349256 to int loses precision /Users/gangliu/data/catdesk_workspace/yilan/ThinkPHP/Library/Vendor/PHPExcel/PHPExcel/Style/Color.php 第 324 行.
NOTIC: [8192] Implicit conversion from float 244.5974608600116 to int loses precision /Users/gangliu/data/catdesk_workspace/yilan/ThinkPHP/Library/Vendor/PHPExcel/PHPExcel/Style/Color.php 第 325 行.
NOTIC: [8192] Implicit conversion from float 218.39106418042545 to int loses precision /Users/gangliu/data/catdesk_workspace/yilan/ThinkPHP/Library/Vendor/PHPExcel/PHPExcel/Style/Color.php 第 323 行.
NOTIC: [8192] Implicit conversion from float 227.19321268349256 to int loses precision /Users/gangliu/data/catdesk_workspace/yilan/ThinkPHP/Library/Vendor/PHPExcel/PHPExcel/Style/Color.php 第 324 行.
NOTIC: [8192] Implicit conversion from float 244.5974608600116 to int loses precision /Users/gangliu/data/catdesk_workspace/yilan/ThinkPHP/Library/Vendor/PHPExcel/PHPExcel/Style/Color.php 第 325 行.
NOTIC: [8192] Implicit conversion from float 145.1899472029786 to int loses precision /Users/gangliu/data/catdesk_workspace/yilan/ThinkPHP/Library/Vendor/PHPExcel/PHPExcel/Style/Color.php 第 323 行.
NOTIC: [8192] Implicit conversion from float 171.59236426892912 to int loses precision /Users/gangliu/data/catdesk_workspace/yilan/ThinkPHP/Library/Vendor/PHPExcel/PHPExcel/Style/Color.php 第 324 行.
NOTIC: [8192] Implicit conversion from float 223.79714346751305 to int loses precision /Users/gangliu/data/catdesk_workspace/yilan/ThinkPHP/Library/Vendor/PHPExcel/PHPExcel/Style/Color.php 第 325 行.
NOTIC: [8192] Implicit conversion from float 218.39106418042545 to int loses precision /Users/gangliu/data/catdesk_workspace/yilan/ThinkPHP/Library/Vendor/PHPExcel/PHPExcel/Style/Color.php 第 323 行.
NOTIC: [8192] Implicit conversion from float 227.19321268349256 to int loses precision /Users/gangliu/data/catdesk_workspace/yilan/ThinkPHP/Library/Vendor/PHPExcel/PHPExcel/Style/Color.php 第 324 行.
NOTIC: [8192] Implicit conversion from float 244.5974608600116 to int loses precision /Users/gangliu/data/catdesk_workspace/yilan/ThinkPHP/Library/Vendor/PHPExcel/PHPExcel/Style/Color.php 第 325 行.
NOTIC: [8192] Implicit conversion from float 218.39106418042545 to int loses precision /Users/gangliu/data/catdesk_workspace/yilan/ThinkPHP/Library/Vendor/PHPExcel/PHPExcel/Style/Color.php 第 323 行.
NOTIC: [8192] Implicit conversion from float 227.19321268349256 to int loses precision /Users/gangliu/data/catdesk_workspace/yilan/ThinkPHP/Library/Vendor/PHPExcel/PHPExcel/Style/Color.php 第 324 行.
NOTIC: [8192] Implicit conversion from float 244.5974608600116 to int loses precision /Users/gangliu/data/catdesk_workspace/yilan/ThinkPHP/Library/Vendor/PHPExcel/PHPExcel/Style/Color.php 第 325 行.
NOTIC: [8192] Implicit conversion from float 218.39106418042545 to int loses precision /Users/gangliu/data/catdesk_workspace/yilan/ThinkPHP/Library/Vendor/PHPExcel/PHPExcel/Style/Color.php 第 323 行.
NOTIC: [8192] Implicit conversion from float 227.19321268349256 to int loses precision /Users/gangliu/data/catdesk_workspace/yilan/ThinkPHP/Library/Vendor/PHPExcel/PHPExcel/Style/Color.php 第 324 行.
NOTIC: [8192] Implicit conversion from float 244.5974608600116 to int loses precision /Users/gangliu/data/catdesk_workspace/yilan/ThinkPHP/Library/Vendor/PHPExcel/PHPExcel/Style/Color.php 第 325 行.
NOTIC: [8192] Implicit conversion from float 218.39106418042545 to int loses precision /Users/gangliu/data/catdesk_workspace/yilan/ThinkPHP/Library/Vendor/PHPExcel/PHPExcel/Style/Color.php 第 323 行.
NOTIC: [8192] Implicit conversion from float 227.19321268349256 to int loses precision /Users/gangliu/data/catdesk_workspace/yilan/ThinkPHP/Library/Vendor/PHPExcel/PHPExcel/Style/Color.php 第 324 行.
NOTIC: [8192] Implicit conversion from float 244.5974608600116 to int loses precision /Users/gangliu/data/catdesk_workspace/yilan/ThinkPHP/Library/Vendor/PHPExcel/PHPExcel/Style/Color.php 第 325 行.
NOTIC: [2] Undefined variable $options /Users/gangliu/data/catdesk_workspace/yilan/ThinkPHP/Library/Vendor/PHPExcel/PHPExcel/Settings.php 第 384 行.
NOTIC: [8192] Function libxml_disable_entity_loader() is deprecated /Users/gangliu/data/catdesk_workspace/yilan/ThinkPHP/Library/Vendor/PHPExcel/PHPExcel/Settings.php 第 384 行.
NOTIC: [2] Undefined variable $options /Users/gangliu/data/catdesk_workspace/yilan/ThinkPHP/Library/Vendor/PHPExcel/PHPExcel/Settings.php 第 384 行.
NOTIC: [8192] Function libxml_disable_entity_loader() is deprecated /Users/gangliu/data/catdesk_workspace/yilan/ThinkPHP/Library/Vendor/PHPExcel/PHPExcel/Settings.php 第 384 行.
NOTIC: [2] Trying to access array offset on value of type float /Users/gangliu/data/catdesk_workspace/yilan/ThinkPHP/Library/Vendor/PHPExcel/PHPExcel/Cell/DefaultValueBinder.php 第 86 行.
NOTIC: [2] Undefined variable $options /Users/gangliu/data/catdesk_workspace/yilan/ThinkPHP/Library/Vendor/PHPExcel/PHPExcel/Settings.php 第 384 行.
NOTIC: [8192] Function libxml_disable_entity_loader() is deprecated /Users/gangliu/data/catdesk_workspace/yilan/ThinkPHP/Library/Vendor/PHPExcel/PHPExcel/Settings.php 第 384 行.
NOTIC: [2] Undefined variable $options /Users/gangliu/data/catdesk_workspace/yilan/ThinkPHP/Library/Vendor/PHPExcel/PHPExcel/Settings.php 第 384 行.
NOTIC: [8192] Function libxml_disable_entity_loader() is deprecated /Users/gangliu/data/catdesk_workspace/yilan/ThinkPHP/Library/Vendor/PHPExcel/PHPExcel/Settings.php 第 384 行.
NOTIC: [8192] preg_replace(): Passing null to parameter #3 ($subject) of type array|string is deprecated /Users/gangliu/data/catdesk_workspace/yilan/App/Home/Controller/GoodsController.class.php 第 413 行.
NOTIC: [8192] preg_replace(): Passing null to parameter #3 ($subject) of type array|string is deprecated /Users/gangliu/data/catdesk_workspace/yilan/App/Home/Controller/GoodsController.class.php 第 413 行.
NOTIC: [8192] preg_replace(): Passing null to parameter #3 ($subject) of type array|string is deprecated /Users/gangliu/data/catdesk_workspace/yilan/App/Home/Controller/GoodsController.class.php 第 413 行.
NOTIC: [8192] preg_replace(): Passing null to parameter #3 ($subject) of type array|string is deprecated /Users/gangliu/data/catdesk_workspace/yilan/App/Home/Controller/GoodsController.class.php 第 413 行.
NOTIC: [8192] preg_replace(): Passing null to parameter #3 ($subject) of type array|string is deprecated /Users/gangliu/data/catdesk_workspace/yilan/App/Home/Controller/GoodsController.class.php 第 413 行.
NOTIC: [8192] preg_replace(): Passing null to parameter #3 ($subject) of type array|string is deprecated /Users/gangliu/data/catdesk_workspace/yilan/App/Home/Controller/GoodsController.class.php 第 413 行.
NOTIC: [8192] preg_replace(): Passing null to parameter #3 ($subject) of type array|string is deprecated /Users/gangliu/data/catdesk_workspace/yilan/App/Home/Controller/GoodsController.class.php 第 413 行.
NOTIC: [8192] preg_replace(): Passing null to parameter #3 ($subject) of type array|string is deprecated /Users/gangliu/data/catdesk_workspace/yilan/App/Home/Controller/GoodsController.class.php 第 413 行.
NOTIC: [8192] preg_replace(): Passing null to parameter #3 ($subject) of type array|string is deprecated /Users/gangliu/data/catdesk_workspace/yilan/App/Home/Controller/GoodsController.class.php 第 413 行.
NOTIC: [8192] preg_replace(): Passing null to parameter #3 ($subject) of type array|string is deprecated /Users/gangliu/data/catdesk_workspace/yilan/App/Home/Controller/GoodsController.class.php 第 413 行.
NOTIC: [8192] preg_replace(): Passing null to parameter #3 ($subject) of type array|string is deprecated /Users/gangliu/data/catdesk_workspace/yilan/App/Home/Controller/GoodsController.class.php 第 413 行.
NOTIC: [8192] preg_replace(): Passing null to parameter #3 ($subject) of type array|string is deprecated /Users/gangliu/data/catdesk_workspace/yilan/App/Home/Controller/GoodsController.class.php 第 413 行.
NOTIC: [8192] preg_replace(): Passing null to parameter #3 ($subject) of type array|string is deprecated /Users/gangliu/data/catdesk_workspace/yilan/App/Home/Controller/GoodsController.class.php 第 413 行.
NOTIC: [8192] preg_replace(): Passing null to parameter #3 ($subject) of type array|string is deprecated /Users/gangliu/data/catdesk_workspace/yilan/App/Home/Controller/GoodsController.class.php 第 413 行.
NOTIC: [8192] preg_replace(): Passing null to parameter #3 ($subject) of type array|string is deprecated /Users/gangliu/data/catdesk_workspace/yilan/App/Home/Controller/GoodsController.class.php 第 413 行.
NOTIC: [8192] preg_replace(): Passing null to parameter #3 ($subject) of type array|string is deprecated /Users/gangliu/data/catdesk_workspace/yilan/App/Home/Controller/GoodsController.class.php 第 413 行.
NOTIC: [8192] preg_replace(): Passing null to parameter #3 ($subject) of type array|string is deprecated /Users/gangliu/data/catdesk_workspace/yilan/App/Home/Controller/GoodsController.class.php 第 413 行.
NOTIC: [8192] preg_replace(): Passing null to parameter #3 ($subject) of type array|string is deprecated /Users/gangliu/data/catdesk_workspace/yilan/App/Home/Controller/GoodsController.class.php 第 413 行.
NOTIC: [8192] preg_replace(): Passing null to parameter #3 ($subject) of type array|string is deprecated /Users/gangliu/data/catdesk_workspace/yilan/App/Home/Controller/GoodsController.class.php 第 413 行.
NOTIC: [8192] preg_replace(): Passing null to parameter #3 ($subject) of type array|string is deprecated /Users/gangliu/data/catdesk_workspace/yilan/App/Home/Controller/GoodsController.class.php 第 413 行.
NOTIC: [8192] preg_replace(): Passing null to parameter #3 ($subject) of type array|string is deprecated /Users/gangliu/data/catdesk_workspace/yilan/App/Home/Controller/GoodsController.class.php 第 413 行.
NOTIC: [8192] preg_replace(): Passing null to parameter #3 ($subject) of type array|string is deprecated /Users/gangliu/data/catdesk_workspace/yilan/App/Home/Controller/GoodsController.class.php 第 413 行.
NOTIC: [8192] preg_replace(): Passing null to parameter #3 ($subject) of type array|string is deprecated /Users/gangliu/data/catdesk_workspace/yilan/App/Home/Controller/GoodsController.class.php 第 413 行.
NOTIC: [8192] preg_replace(): Passing null to parameter #3 ($subject) of type array|string is deprecated /Users/gangliu/data/catdesk_workspace/yilan/App/Home/Controller/GoodsController.class.php 第 413 行.
NOTIC: [8192] preg_replace(): Passing null to parameter #3 ($subject) of type array|string is deprecated /Users/gangliu/data/catdesk_workspace/yilan/App/Home/Controller/GoodsController.class.php 第 413 行.
NOTIC: [8192] preg_replace(): Passing null to parameter #3 ($subject) of type array|string is deprecated /Users/gangliu/data/catdesk_workspace/yilan/App/Home/Controller/GoodsController.class.php 第 413 行.
NOTIC: [8192] preg_replace(): Passing null to parameter #3 ($subject) of type array|string is deprecated /Users/gangliu/data/catdesk_workspace/yilan/App/Home/Controller/GoodsController.class.php 第 413 行.
NOTIC: [8192] preg_replace(): Passing null to parameter #3 ($subject) of type array|string is deprecated /Users/gangliu/data/catdesk_workspace/yilan/App/Home/Controller/GoodsController.class.php 第 413 行.
NOTIC: [8192] preg_replace(): Passing null to parameter #3 ($subject) of type array|string is deprecated /Users/gangliu/data/catdesk_workspace/yilan/App/Home/Controller/GoodsController.class.php 第 413 行.
NOTIC: [8192] preg_replace(): Passing null to parameter #3 ($subject) of type array|string is deprecated /Users/gangliu/data/catdesk_workspace/yilan/App/Home/Controller/GoodsController.class.php 第 413 行.
NOTIC: [8192] preg_replace(): Passing null to parameter #3 ($subject) of type array|string is deprecated /Users/gangliu/data/catdesk_workspace/yilan/App/Home/Controller/GoodsController.class.php 第 413 行.
NOTIC: [8192] preg_replace(): Passing null to parameter #3 ($subject) of type array|string is deprecated /Users/gangliu/data/catdesk_workspace/yilan/App/Home/Controller/GoodsController.class.php 第 413 行.
NOTIC: [8192] preg_replace(): Passing null to parameter #3 ($subject) of type array|string is deprecated /Users/gangliu/data/catdesk_workspace/yilan/App/Home/Controller/GoodsController.class.php 第 413 行.
NOTIC: [8192] preg_replace(): Passing null to parameter #3 ($subject) of type array|string is deprecated /Users/gangliu/data/catdesk_workspace/yilan/App/Home/Controller/GoodsController.class.php 第 413 行.
NOTIC: [8192] preg_replace(): Passing null to parameter #3 ($subject) of type array|string is deprecated /Users/gangliu/data/catdesk_workspace/yilan/App/Home/Controller/GoodsController.class.php 第 413 行.
NOTIC: [8192] preg_replace(): Passing null to parameter #3 ($subject) of type array|string is deprecated /Users/gangliu/data/catdesk_workspace/yilan/App/Home/Controller/GoodsController.class.php 第 413 行.
NOTIC: [8192] preg_replace(): Passing null to parameter #3 ($subject) of type array|string is deprecated /Users/gangliu/data/catdesk_workspace/yilan/App/Home/Controller/GoodsController.class.php 第 413 行.
NOTIC: [8192] preg_replace(): Passing null to parameter #3 ($subject) of type array|string is deprecated /Users/gangliu/data/catdesk_workspace/yilan/App/Home/Controller/GoodsController.class.php 第 413 行.
NOTIC: [8192] preg_replace(): Passing null to parameter #3 ($subject) of type array|string is deprecated /Users/gangliu/data/catdesk_workspace/yilan/App/Home/Controller/GoodsController.class.php 第 413 行.
NOTIC: [8192] preg_replace(): Passing null to parameter #3 ($subject) of type array|string is deprecated /Users/gangliu/data/catdesk_workspace/yilan/App/Home/Controller/GoodsController.class.php 第 413 行.
NOTIC: [8192] preg_replace(): Passing null to parameter #3 ($subject) of type array|string is deprecated /Users/gangliu/data/catdesk_workspace/yilan/App/Home/Controller/GoodsController.class.php 第 413 行.
NOTIC: [8192] preg_replace(): Passing null to parameter #3 ($subject) of type array|string is deprecated /Users/gangliu/data/catdesk_workspace/yilan/App/Home/Controller/GoodsController.class.php 第 413 行.
NOTIC: [8192] preg_replace(): Passing null to parameter #3 ($subject) of type array|string is deprecated /Users/gangliu/data/catdesk_workspace/yilan/App/Home/Controller/GoodsController.class.php 第 413 行.
NOTIC: [8192] preg_replace(): Passing null to parameter #3 ($subject) of type array|string is deprecated /Users/gangliu/data/catdesk_workspace/yilan/App/Home/Controller/GoodsController.class.php 第 413 行.
NOTIC: [8192] preg_replace(): Passing null to parameter #3 ($subject) of type array|string is deprecated /Users/gangliu/data/catdesk_workspace/yilan/App/Home/Controller/GoodsController.class.php 第 413 行.
NOTIC: [8192] preg_replace(): Passing null to parameter #3 ($subject) of type array|string is deprecated /Users/gangliu/data/catdesk_workspace/yilan/App/Home/Controller/GoodsController.class.php 第 413 行.
NOTIC: [8192] preg_replace(): Passing null to parameter #3 ($subject) of type array|string is deprecated /Users/gangliu/data/catdesk_workspace/yilan/App/Home/Controller/GoodsController.class.php 第 413 行.
NOTIC: [8192] preg_replace(): Passing null to parameter #3 ($subject) of type array|string is deprecated /Users/gangliu/data/catdesk_workspace/yilan/App/Home/Controller/GoodsController.class.php 第 413 行.
NOTIC: [8192] preg_replace(): Passing null to parameter #3 ($subject) of type array|string is deprecated /Users/gangliu/data/catdesk_workspace/yilan/App/Home/Controller/GoodsController.class.php 第 413 行.
NOTIC: [8192] preg_replace(): Passing null to parameter #3 ($subject) of type array|string is deprecated /Users/gangliu/data/catdesk_workspace/yilan/App/Home/Controller/GoodsController.class.php 第 413 行.
NOTIC: [8192] preg_replace(): Passing null to parameter #3 ($subject) of type array|string is deprecated /Users/gangliu/data/catdesk_workspace/yilan/App/Home/Controller/GoodsController.class.php 第 413 行.
NOTIC: [8192] preg_replace(): Passing null to parameter #3 ($subject) of type array|string is deprecated /Users/gangliu/data/catdesk_workspace/yilan/App/Home/Controller/GoodsController.class.php 第 413 行.
NOTIC: [8192] preg_replace(): Passing null to parameter #3 ($subject) of type array|string is deprecated /Users/gangliu/data/catdesk_workspace/yilan/App/Home/Controller/GoodsController.class.php 第 413 行.
NOTIC: [8192] preg_replace(): Passing null to parameter #3 ($subject) of type array|string is deprecated /Users/gangliu/data/catdesk_workspace/yilan/App/Home/Controller/GoodsController.class.php 第 413 行.
NOTIC: [8192] preg_replace(): Passing null to parameter #3 ($subject) of type array|string is deprecated /Users/gangliu/data/catdesk_workspace/yilan/App/Home/Controller/GoodsController.class.php 第 413 行.
NOTIC: [8192] preg_replace(): Passing null to parameter #3 ($subject) of type array|string is deprecated /Users/gangliu/data/catdesk_workspace/yilan/App/Home/Controller/GoodsController.class.php 第 413 行.
NOTIC: [8192] preg_replace(): Passing null to parameter #3 ($subject) of type array|string is deprecated /Users/gangliu/data/catdesk_workspace/yilan/App/Home/Controller/GoodsController.class.php 第 413 行.
NOTIC: [8192] preg_replace(): Passing null to parameter #3 ($subject) of type array|string is deprecated /Users/gangliu/data/catdesk_workspace/yilan/App/Home/Controller/GoodsController.class.php 第 413 行.
NOTIC: [8192] preg_replace(): Passing null to parameter #3 ($subject) of type array|string is deprecated /Users/gangliu/data/catdesk_workspace/yilan/App/Home/Controller/GoodsController.class.php 第 413 行.
NOTIC: [8192] preg_replace(): Passing null to parameter #3 ($subject) of type array|string is deprecated /Users/gangliu/data/catdesk_workspace/yilan/App/Home/Controller/GoodsController.class.php 第 413 行.
NOTIC: [8192] preg_replace(): Passing null to parameter #3 ($subject) of type array|string is deprecated /Users/gangliu/data/catdesk_workspace/yilan/App/Home/Controller/GoodsController.class.php 第 413 行.
NOTIC: [8192] preg_replace(): Passing null to parameter #3 ($subject) of type array|string is deprecated /Users/gangliu/data/catdesk_workspace/yilan/App/Home/Controller/GoodsController.class.php 第 413 行.
NOTIC: [8192] preg_replace(): Passing null to parameter #3 ($subject) of type array|string is deprecated /Users/gangliu/data/catdesk_workspace/yilan/App/Home/Controller/GoodsController.class.php 第 413 行.
NOTIC: [8192] preg_replace(): Passing null to parameter #3 ($subject) of type array|string is deprecated /Users/gangliu/data/catdesk_workspace/yilan/App/Home/Controller/GoodsController.class.php 第 413 行.
NOTIC: [8192] preg_replace(): Passing null to parameter #3 ($subject) of type array|string is deprecated /Users/gangliu/data/catdesk_workspace/yilan/App/Home/Controller/GoodsController.class.php 第 413 行.
NOTIC: [8192] preg_replace(): Passing null to parameter #3 ($subject) of type array|string is deprecated /Users/gangliu/data/catdesk_workspace/yilan/App/Home/Controller/GoodsController.class.php 第 413 行.
NOTIC: [8192] preg_replace(): Passing null to parameter #3 ($subject) of type array|string is deprecated /Users/gangliu/data/catdesk_workspace/yilan/App/Home/Controller/GoodsController.class.php 第 413 行.
NOTIC: [8192] preg_replace(): Passing null to parameter #3 ($subject) of type array|string is deprecated /Users/gangliu/data/catdesk_workspace/yilan/App/Home/Controller/GoodsController.class.php 第 413 行.
NOTIC: [8192] preg_replace(): Passing null to parameter #3 ($subject) of type array|string is deprecated /Users/gangliu/data/catdesk_workspace/yilan/App/Home/Controller/GoodsController.class.php 第 413 行.
NOTIC: [8192] preg_replace(): Passing null to parameter #3 ($subject) of type array|string is deprecated /Users/gangliu/data/catdesk_workspace/yilan/App/Home/Controller/GoodsController.class.php 第 413 行.
NOTIC: [8192] preg_replace(): Passing null to parameter #3 ($subject) of type array|string is deprecated /Users/gangliu/data/catdesk_workspace/yilan/App/Home/Controller/GoodsController.class.php 第 413 行.
NOTIC: [8192] preg_replace(): Passing null to parameter #3 ($subject) of type array|string is deprecated /Users/gangliu/data/catdesk_workspace/yilan/App/Home/Controller/GoodsController.class.php 第 413 行.
NOTIC: [8192] preg_replace(): Passing null to parameter #3 ($subject) of type array|string is deprecated /Users/gangliu/data/catdesk_workspace/yilan/App/Home/Controller/GoodsController.class.php 第 413 行.
NOTIC: [8192] preg_replace(): Passing null to parameter #3 ($subject) of type array|string is deprecated /Users/gangliu/data/catdesk_workspace/yilan/App/Home/Controller/GoodsController.class.php 第 413 行.
NOTIC: [8192] preg_replace(): Passing null to parameter #3 ($subject) of type array|string is deprecated /Users/gangliu/data/catdesk_workspace/yilan/App/Home/Controller/GoodsController.class.php 第 413 行.
NOTIC: [8192] preg_replace(): Passing null to parameter #3 ($subject) of type array|string is deprecated /Users/gangliu/data/catdesk_workspace/yilan/App/Home/Controller/GoodsController.class.php 第 413 行.
NOTIC: [8192] preg_replace(): Passing null to parameter #3 ($subject) of type array|string is deprecated /Users/gangliu/data/catdesk_workspace/yilan/App/Home/Controller/GoodsController.class.php 第 413 行.
NOTIC: [8192] preg_replace(): Passing null to parameter #3 ($subject) of type array|string is deprecated /Users/gangliu/data/catdesk_workspace/yilan/App/Home/Controller/GoodsController.class.php 第 413 行.
NOTIC: [8192] preg_replace(): Passing null to parameter #3 ($subject) of type array|string is deprecated /Users/gangliu/data/catdesk_workspace/yilan/App/Home/Controller/GoodsController.class.php 第 413 行.
NOTIC: [8192] preg_replace(): Passing null to parameter #3 ($subject) of type array|string is deprecated /Users/gangliu/data/catdesk_workspace/yilan/App/Home/Controller/GoodsController.class.php 第 413 行.
NOTIC: [8192] preg_replace(): Passing null to parameter #3 ($subject) of type array|string is deprecated /Users/gangliu/data/catdesk_workspace/yilan/App/Home/Controller/GoodsController.class.php 第 413 行.
NOTIC: [8192] preg_replace(): Passing null to parameter #3 ($subject) of type array|string is deprecated /Users/gangliu/data/catdesk_workspace/yilan/App/Home/Controller/GoodsController.class.php 第 413 行.
NOTIC: [8192] preg_replace(): Passing null to parameter #3 ($subject) of type array|string is deprecated /Users/gangliu/data/catdesk_workspace/yilan/App/Home/Controller/GoodsController.class.php 第 413 行.
NOTIC: [8192] preg_replace(): Passing null to parameter #3 ($subject) of type array|string is deprecated /Users/gangliu/data/catdesk_workspace/yilan/App/Home/Controller/GoodsController.class.php 第 413 行.
NOTIC: [8192] preg_replace(): Passing null to parameter #3 ($subject) of type array|string is deprecated /Users/gangliu/data/catdesk_workspace/yilan/App/Home/Controller/GoodsController.class.php 第 413 行.
NOTIC: [8192] preg_replace(): Passing null to parameter #3 ($subject) of type array|string is deprecated /Users/gangliu/data/catdesk_workspace/yilan/App/Home/Controller/GoodsController.class.php 第 413 行.
NOTIC: [8192] preg_replace(): Passing null to parameter #3 ($subject) of type array|string is deprecated /Users/gangliu/data/catdesk_workspace/yilan/App/Home/Controller/GoodsController.class.php 第 413 行.
NOTIC: [8192] preg_replace(): Passing null to parameter #3 ($subject) of type array|string is deprecated /Users/gangliu/data/catdesk_workspace/yilan/App/Home/Controller/GoodsController.class.php 第 413 行.
NOTIC: [8192] preg_replace(): Passing null to parameter #3 ($subject) of type array|string is deprecated /Users/gangliu/data/catdesk_workspace/yilan/App/Home/Controller/GoodsController.class.php 第 413 行.
NOTIC: [8192] preg_replace(): Passing null to parameter #3 ($subject) of type array|string is deprecated /Users/gangliu/data/catdesk_workspace/yilan/App/Home/Controller/GoodsController.class.php 第 413 行.
NOTIC: [8192] preg_replace(): Passing null to parameter #3 ($subject) of type array|string is deprecated /Users/gangliu/data/catdesk_workspace/yilan/App/Home/Controller/GoodsController.class.php 第 413 行.
NOTIC: [8192] preg_replace(): Passing null to parameter #3 ($subject) of type array|string is deprecated /Users/gangliu/data/catdesk_workspace/yilan/App/Home/Controller/GoodsController.class.php 第 413 行.
NOTIC: [8192] preg_replace(): Passing null to parameter #3 ($subject) of type array|string is deprecated /Users/gangliu/data/catdesk_workspace/yilan/App/Home/Controller/GoodsController.class.php 第 413 行.
NOTIC: [8192] preg_replace(): Passing null to parameter #3 ($subject) of type array|string is deprecated /Users/gangliu/data/catdesk_workspace/yilan/App/Home/Controller/GoodsController.class.php 第 413 行.
NOTIC: [8192] preg_replace(): Passing null to parameter #3 ($subject) of type array|string is deprecated /Users/gangliu/data/catdesk_workspace/yilan/App/Home/Controller/GoodsController.class.php 第 413 行.
NOTIC: [8192] preg_replace(): Passing null to parameter #3 ($subject) of type array|string is deprecated /Users/gangliu/data/catdesk_workspace/yilan/App/Home/Controller/GoodsController.class.php 第 413 行.
NOTIC: [8192] preg_replace(): Passing null to parameter #3 ($subject) of type array|string is deprecated /Users/gangliu/data/catdesk_workspace/yilan/App/Home/Controller/GoodsController.class.php 第 413 行.
NOTIC: [8192] preg_replace(): Passing null to parameter #3 ($subject) of type array|string is deprecated /Users/gangliu/data/catdesk_workspace/yilan/App/Home/Controller/GoodsController.class.php 第 413 行.
NOTIC: [8192] preg_replace(): Passing null to parameter #3 ($subject) of type array|string is deprecated /Users/gangliu/data/catdesk_workspace/yilan/App/Home/Controller/GoodsController.class.php 第 413 行.
NOTIC: [8192] preg_replace(): Passing null to parameter #3 ($subject) of type array|string is deprecated /Users/gangliu/data/catdesk_workspace/yilan/App/Home/Controller/GoodsController.class.php 第 413 行.
NOTIC: [8192] preg_replace(): Passing null to parameter #3 ($subject) of type array|string is deprecated /Users/gangliu/data/catdesk_workspace/yilan/App/Home/Controller/GoodsController.class.php 第 413 行.
NOTIC: [8192] preg_replace(): Passing null to parameter #3 ($subject) of type array|string is deprecated /Users/gangliu/data/catdesk_workspace/yilan/App/Home/Controller/GoodsController.class.php 第 413 行.
NOTIC: [8192] preg_replace(): Passing null to parameter #3 ($subject) of type array|string is deprecated /Users/gangliu/data/catdesk_workspace/yilan/App/Home/Controller/GoodsController.class.php 第 413 行.
NOTIC: [8192] preg_replace(): Passing null to parameter #3 ($subject) of type array|string is deprecated /Users/gangliu/data/catdesk_workspace/yilan/App/Home/Controller/GoodsController.class.php 第 413 行.
NOTIC: [8192] preg_replace(): Passing null to parameter #3 ($subject) of type array|string is deprecated /Users/gangliu/data/catdesk_workspace/yilan/App/Home/Controller/GoodsController.class.php 第 413 行.
NOTIC: [8192] preg_replace(): Passing null to parameter #3 ($subject) of type array|string is deprecated /Users/gangliu/data/catdesk_workspace/yilan/App/Home/Controller/GoodsController.class.php 第 413 行.
NOTIC: [8192] preg_replace(): Passing null to parameter #3 ($subject) of type array|string is deprecated /Users/gangliu/data/catdesk_workspace/yilan/App/Home/Controller/GoodsController.class.php 第 413 行.
NOTIC: [8192] preg_replace(): Passing null to parameter #3 ($subject) of type array|string is deprecated /Users/gangliu/data/catdesk_workspace/yilan/App/Home/Controller/GoodsController.class.php 第 413 行.
NOTIC: [8192] preg_replace(): Passing null to parameter #3 ($subject) of type array|string is deprecated /Users/gangliu/data/catdesk_workspace/yilan/App/Home/Controller/GoodsController.class.php 第 413 行.
NOTIC: [8192] preg_replace(): Passing null to parameter #3 ($subject) of type array|string is deprecated /Users/gangliu/data/catdesk_workspace/yilan/App/Home/Controller/GoodsController.class.php 第 413 行.
NOTIC: [8192] preg_replace(): Passing null to parameter #3 ($subject) of type array|string is deprecated /Users/gangliu/data/catdesk_workspace/yilan/App/Home/Controller/GoodsController.class.php 第 413 行.
NOTIC: [8192] preg_replace(): Passing null to parameter #3 ($subject) of type array|string is deprecated /Users/gangliu/data/catdesk_workspace/yilan/App/Home/Controller/GoodsController.class.php 第 413 行.
NOTIC: [8192] preg_replace(): Passing null to parameter #3 ($subject) of type array|string is deprecated /Users/gangliu/data/catdesk_workspace/yilan/App/Home/Controller/GoodsController.class.php 第 413 行.
NOTIC: [8192] preg_replace(): Passing null to parameter #3 ($subject) of type array|string is deprecated /Users/gangliu/data/catdesk_workspace/yilan/App/Home/Controller/GoodsController.class.php 第 413 行.
NOTIC: [8192] preg_replace(): Passing null to parameter #3 ($subject) of type array|string is deprecated /Users/gangliu/data/catdesk_workspace/yilan/App/Home/Controller/GoodsController.class.php 第 413 行.
NOTIC: [8192] preg_replace(): Passing null to parameter #3 ($subject) of type array|string is deprecated /Users/gangliu/data/catdesk_workspace/yilan/App/Home/Controller/GoodsController.class.php 第 413 行.
NOTIC: [8192] preg_replace(): Passing null to parameter #3 ($subject) of type array|string is deprecated /Users/gangliu/data/catdesk_workspace/yilan/App/Home/Controller/GoodsController.class.php 第 413 行.
NOTIC: [8192] preg_replace(): Passing null to parameter #3 ($subject) of type array|string is deprecated /Users/gangliu/data/catdesk_workspace/yilan/App/Home/Controller/GoodsController.class.php 第 413 行.
NOTIC: [8192] preg_replace(): Passing null to parameter #3 ($subject) of type array|string is deprecated /Users/gangliu/data/catdesk_workspace/yilan/App/Home/Controller/GoodsController.class.php 第 413 行.
NOTIC: [8192] preg_replace(): Passing null to parameter #3 ($subject) of type array|string is deprecated /Users/gangliu/data/catdesk_workspace/yilan/App/Home/Controller/GoodsController.class.php 第 413 行.
NOTIC: [8192] preg_replace(): Passing null to parameter #3 ($subject) of type array|string is deprecated /Users/gangliu/data/catdesk_workspace/yilan/App/Home/Controller/GoodsController.class.php 第 413 行.
NOTIC: [8192] preg_replace(): Passing null to parameter #3 ($subject) of type array|string is deprecated /Users/gangliu/data/catdesk_workspace/yilan/App/Home/Controller/GoodsController.class.php 第 413 行.
NOTIC: [8192] preg_replace(): Passing null to parameter #3 ($subject) of type array|string is deprecated /Users/gangliu/data/catdesk_workspace/yilan/App/Home/Controller/GoodsController.class.php 第 413 行.
NOTIC: [8192] preg_replace(): Passing null to parameter #3 ($subject) of type array|string is deprecated /Users/gangliu/data/catdesk_workspace/yilan/App/Home/Controller/GoodsController.class.php 第 413 行.
NOTIC: [8192] preg_replace(): Passing null to parameter #3 ($subject) of type array|string is deprecated /Users/gangliu/data/catdesk_workspace/yilan/App/Home/Controller/GoodsController.class.php 第 413 行.
NOTIC: [8192] preg_replace(): Passing null to parameter #3 ($subject) of type array|string is deprecated /Users/gangliu/data/catdesk_workspace/yilan/App/Home/Controller/GoodsController.class.php 第 413 行.
NOTIC: [8192] preg_replace(): Passing null to parameter #3 ($subject) of type array|string is deprecated /Users/gangliu/data/catdesk_workspace/yilan/App/Home/Controller/GoodsController.class.php 第 413 行.
NOTIC: [8192] preg_replace(): Passing null to parameter #3 ($subject) of type array|string is deprecated /Users/gangliu/data/catdesk_workspace/yilan/App/Home/Controller/GoodsController.class.php 第 413 行.
NOTIC: [8192] preg_replace(): Passing null to parameter #3 ($subject) of type array|string is deprecated /Users/gangliu/data/catdesk_workspace/yilan/App/Home/Controller/GoodsController.class.php 第 413 行.
NOTIC: [8192] preg_replace(): Passing null to parameter #3 ($subject) of type array|string is deprecated /Users/gangliu/data/catdesk_workspace/yilan/App/Home/Controller/GoodsController.class.php 第 413 行.
NOTIC: [8192] preg_replace(): Passing null to parameter #3 ($subject) of type array|string is deprecated /Users/gangliu/data/catdesk_workspace/yilan/App/Home/Controller/GoodsController.class.php 第 413 行.
NOTIC: [8192] preg_replace(): Passing null to parameter #3 ($subject) of type array|string is deprecated /Users/gangliu/data/catdesk_workspace/yilan/App/Home/Controller/GoodsController.class.php 第 413 行.
NOTIC: [8192] preg_replace(): Passing null to parameter #3 ($subject) of type array|string is deprecated /Users/gangliu/data/catdesk_workspace/yilan/App/Home/Controller/GoodsController.class.php 第 413 行.
NOTIC: [8192] preg_replace(): Passing null to parameter #3 ($subject) of type array|string is deprecated /Users/gangliu/data/catdesk_workspace/yilan/App/Home/Controller/GoodsController.class.php 第 413 行.
NOTIC: [8192] preg_replace(): Passing null to parameter #3 ($subject) of type array|string is deprecated /Users/gangliu/data/catdesk_workspace/yilan/App/Home/Controller/GoodsController.class.php 第 413 行.
NOTIC: [8192] preg_replace(): Passing null to parameter #3 ($subject) of type array|string is deprecated /Users/gangliu/data/catdesk_workspace/yilan/App/Home/Controller/GoodsController.class.php 第 413 行.
NOTIC: [8192] preg_replace(): Passing null to parameter #3 ($subject) of type array|string is deprecated /Users/gangliu/data/catdesk_workspace/yilan/App/Home/Controller/GoodsController.class.php 第 413 行.
NOTIC: [8192] preg_replace(): Passing null to parameter #3 ($subject) of type array|string is deprecated /Users/gangliu/data/catdesk_workspace/yilan/App/Home/Controller/GoodsController.class.php 第 413 行.
NOTIC: [8192] preg_replace(): Passing null to parameter #3 ($subject) of type array|string is deprecated /Users/gangliu/data/catdesk_workspace/yilan/App/Home/Controller/GoodsController.class.php 第 413 行.
NOTIC: [8192] preg_replace(): Passing null to parameter #3 ($subject) of type array|string is deprecated /Users/gangliu/data/catdesk_workspace/yilan/App/Home/Controller/GoodsController.class.php 第 413 行.
NOTIC: [8192] preg_replace(): Passing null to parameter #3 ($subject) of type array|string is deprecated /Users/gangliu/data/catdesk_workspace/yilan/App/Home/Controller/GoodsController.class.php 第 413 行.
NOTIC: [8192] preg_replace(): Passing null to parameter #3 ($subject) of type array|string is deprecated /Users/gangliu/data/catdesk_workspace/yilan/App/Home/Controller/GoodsController.class.php 第 413 行.
NOTIC: [8192] preg_replace(): Passing null to parameter #3 ($subject) of type array|string is deprecated /Users/gangliu/data/catdesk_workspace/yilan/App/Home/Controller/GoodsController.class.php 第 413 行.
NOTIC: [8192] preg_replace(): Passing null to parameter #3 ($subject) of type array|string is deprecated /Users/gangliu/data/catdesk_workspace/yilan/App/Home/Controller/GoodsController.class.php 第 413 行.
NOTIC: [8192] preg_replace(): Passing null to parameter #3 ($subject) of type array|string is deprecated /Users/gangliu/data/catdesk_workspace/yilan/App/Home/Controller/GoodsController.class.php 第 413 行.
NOTIC: [8192] preg_replace(): Passing null to parameter #3 ($subject) of type array|string is deprecated /Users/gangliu/data/catdesk_workspace/yilan/App/Home/Controller/GoodsController.class.php 第 413 行.
NOTIC: [8192] preg_replace(): Passing null to parameter #3 ($subject) of type array|string is deprecated /Users/gangliu/data/catdesk_workspace/yilan/App/Home/Controller/GoodsController.class.php 第 413 行.
NOTIC: [8192] preg_replace(): Passing null to parameter #3 ($subject) of type array|string is deprecated /Users/gangliu/data/catdesk_workspace/yilan/App/Home/Controller/GoodsController.class.php 第 413 行.
NOTIC: [8192] preg_replace(): Passing null to parameter #3 ($subject) of type array|string is deprecated /Users/gangliu/data/catdesk_workspace/yilan/App/Home/Controller/GoodsController.class.php 第 413 行.
NOTIC: [8192] preg_replace(): Passing null to parameter #3 ($subject) of type array|string is deprecated /Users/gangliu/data/catdesk_workspace/yilan/App/Home/Controller/GoodsController.class.php 第 413 行.
NOTIC: [8192] preg_replace(): Passing null to parameter #3 ($subject) of type array|string is deprecated /Users/gangliu/data/catdesk_workspace/yilan/App/Home/Controller/GoodsController.class.php 第 413 行.
NOTIC: [8192] preg_replace(): Passing null to parameter #3 ($subject) of type array|string is deprecated /Users/gangliu/data/catdesk_workspace/yilan/App/Home/Controller/GoodsController.class.php 第 413 行.
NOTIC: [8192] preg_replace(): Passing null to parameter #3 ($subject) of type array|string is deprecated /Users/gangliu/data/catdesk_workspace/yilan/App/Home/Controller/GoodsController.class.php 第 413 行.
NOTIC: [8192] preg_replace(): Passing null to parameter #3 ($subject) of type array|string is deprecated /Users/gangliu/data/catdesk_workspace/yilan/App/Home/Controller/GoodsController.class.php 第 413 行.
NOTIC: [8192] preg_replace(): Passing null to parameter #3 ($subject) of type array|string is deprecated /Users/gangliu/data/catdesk_workspace/yilan/App/Home/Controller/GoodsController.class.php 第 413 行.
NOTIC: [8192] preg_replace(): Passing null to parameter #3 ($subject) of type array|string is deprecated /Users/gangliu/data/catdesk_workspace/yilan/App/Home/Controller/GoodsController.class.php 第 413 行.
NOTIC: [8192] preg_replace(): Passing null to parameter #3 ($subject) of type array|string is deprecated /Users/gangliu/data/catdesk_workspace/yilan/App/Home/Controller/GoodsController.class.php 第 413 行.
NOTIC: [8192] preg_replace(): Passing null to parameter #3 ($subject) of type array|string is deprecated /Users/gangliu/data/catdesk_workspace/yilan/App/Home/Controller/GoodsController.class.php 第 413 行.
NOTIC: [8192] preg_replace(): Passing null to parameter #3 ($subject) of type array|string is deprecated /Users/gangliu/data/catdesk_workspace/yilan/App/Home/Controller/GoodsController.class.php 第 413 行.
NOTIC: [8192] preg_replace(): Passing null to parameter #3 ($subject) of type array|string is deprecated /Users/gangliu/data/catdesk_workspace/yilan/App/Home/Controller/GoodsController.class.php 第 413 行.
NOTIC: [8192] preg_replace(): Passing null to parameter #3 ($subject) of type array|string is deprecated /Users/gangliu/data/catdesk_workspace/yilan/App/Home/Controller/GoodsController.class.php 第 413 行.
NOTIC: [8192] preg_replace(): Passing null to parameter #3 ($subject) of type array|string is deprecated /Users/gangliu/data/catdesk_workspace/yilan/App/Home/Controller/GoodsController.class.php 第 413 行.
NOTIC: [8192] preg_replace(): Passing null to parameter #3 ($subject) of type array|string is deprecated /Users/gangliu/data/catdesk_workspace/yilan/App/Home/Controller/GoodsController.class.php 第 413 行.
NOTIC: [8192] preg_replace(): Passing null to parameter #3 ($subject) of type array|string is deprecated /Users/gangliu/data/catdesk_workspace/yilan/App/Home/Controller/GoodsController.class.php 第 413 行.
NOTIC: [8192] preg_replace(): Passing null to parameter #3 ($subject) of type array|string is deprecated /Users/gangliu/data/catdesk_workspace/yilan/App/Home/Controller/GoodsController.class.php 第 413 行.
NOTIC: [8192] preg_replace(): Passing null to parameter #3 ($subject) of type array|string is deprecated /Users/gangliu/data/catdesk_workspace/yilan/App/Home/Controller/GoodsController.class.php 第 413 行.
NOTIC: [8192] preg_replace(): Passing null to parameter #3 ($subject) of type array|string is deprecated /Users/gangliu/data/catdesk_workspace/yilan/App/Home/Controller/GoodsController.class.php 第 413 行.
NOTIC: [8192] preg_replace(): Passing null to parameter #3 ($subject) of type array|string is deprecated /Users/gangliu/data/catdesk_workspace/yilan/App/Home/Controller/GoodsController.class.php 第 413 行.
NOTIC: [8192] preg_replace(): Passing null to parameter #3 ($subject) of type array|string is deprecated /Users/gangliu/data/catdesk_workspace/yilan/App/Home/Controller/GoodsController.class.php 第 413 行.
NOTIC: [8192] preg_replace(): Passing null to parameter #3 ($subject) of type array|string is deprecated /Users/gangliu/data/catdesk_workspace/yilan/App/Home/Controller/GoodsController.class.php 第 413 行.
NOTIC: [8192] preg_replace(): Passing null to parameter #3 ($subject) of type array|string is deprecated /Users/gangliu/data/catdesk_workspace/yilan/App/Home/Controller/GoodsController.class.php 第 413 行.
NOTIC: [8192] preg_replace(): Passing null to parameter #3 ($subject) of type array|string is deprecated /Users/gangliu/data/catdesk_workspace/yilan/App/Home/Controller/GoodsController.class.php 第 413 行.
NOTIC: [8192] preg_replace(): Passing null to parameter #3 ($subject) of type array|string is deprecated /Users/gangliu/data/catdesk_workspace/yilan/App/Home/Controller/GoodsController.class.php 第 413 行.
NOTIC: [8192] preg_replace(): Passing null to parameter #3 ($subject) of type array|string is deprecated /Users/gangliu/data/catdesk_workspace/yilan/App/Home/Controller/GoodsController.class.php 第 413 行.
NOTIC: [8192] preg_replace(): Passing null to parameter #3 ($subject) of type array|string is deprecated /Users/gangliu/data/catdesk_workspace/yilan/App/Home/Controller/GoodsController.class.php 第 413 行.
NOTIC: [8192] preg_replace(): Passing null to parameter #3 ($subject) of type array|string is deprecated /Users/gangliu/data/catdesk_workspace/yilan/App/Home/Controller/GoodsController.class.php 第 413 行.
NOTIC: [8192] preg_replace(): Passing null to parameter #3 ($subject) of type array|string is deprecated /Users/gangliu/data/catdesk_workspace/yilan/App/Home/Controller/GoodsController.class.php 第 413 行.
NOTIC: [8192] preg_replace(): Passing null to parameter #3 ($subject) of type array|string is deprecated /Users/gangliu/data/catdesk_workspace/yilan/App/Home/Controller/GoodsController.class.php 第 413 行.
NOTIC: [8192] preg_replace(): Passing null to parameter #3 ($subject) of type array|string is deprecated /Users/gangliu/data/catdesk_workspace/yilan/App/Home/Controller/GoodsController.class.php 第 413 行.
NOTIC: [8192] preg_replace(): Passing null to parameter #3 ($subject) of type array|string is deprecated /Users/gangliu/data/catdesk_workspace/yilan/App/Home/Controller/GoodsController.class.php 第 413 行.
NOTIC: [8192] preg_replace(): Passing null to parameter #3 ($subject) of type array|string is deprecated /Users/gangliu/data/catdesk_workspace/yilan/App/Home/Controller/GoodsController.class.php 第 413 行.
NOTIC: [8192] preg_replace(): Passing null to parameter #3 ($subject) of type array|string is deprecated /Users/gangliu/data/catdesk_workspace/yilan/App/Home/Controller/GoodsController.class.php 第 413 行.
NOTIC: [8192] preg_replace(): Passing null to parameter #3 ($subject) of type array|string is deprecated /Users/gangliu/data/catdesk_workspace/yilan/App/Home/Controller/GoodsController.class.php 第 413 行.
NOTIC: [8192] preg_replace(): Passing null to parameter #3 ($subject) of type array|string is deprecated /Users/gangliu/data/catdesk_workspace/yilan/App/Home/Controller/GoodsController.class.php 第 413 行.
NOTIC: [8192] preg_replace(): Passing null to parameter #3 ($subject) of type array|string is deprecated /Users/gangliu/data/catdesk_workspace/yilan/App/Home/Controller/GoodsController.class.php 第 413 行.
NOTIC: [8192] preg_replace(): Passing null to parameter #3 ($subject) of type array|string is deprecated /Users/gangliu/data/catdesk_workspace/yilan/App/Home/Controller/GoodsController.class.php 第 413 行.
NOTIC: [8192] preg_replace(): Passing null to parameter #3 ($subject) of type array|string is deprecated /Users/gangliu/data/catdesk_workspace/yilan/App/Home/Controller/GoodsController.class.php 第 413 行.
NOTIC: [8192] preg_replace(): Passing null to parameter #3 ($subject) of type array|string is deprecated /Users/gangliu/data/catdesk_workspace/yilan/App/Home/Controller/GoodsController.class.php 第 413 行.
NOTIC: [8192] preg_replace(): Passing null to parameter #3 ($subject) of type array|string is deprecated /Users/gangliu/data/catdesk_workspace/yilan/App/Home/Controller/GoodsController.class.php 第 413 行.
NOTIC: [8192] preg_replace(): Passing null to parameter #3 ($subject) of type array|string is deprecated /Users/gangliu/data/catdesk_workspace/yilan/App/Home/Controller/GoodsController.class.php 第 413 行.
NOTIC: [8192] preg_replace(): Passing null to parameter #3 ($subject) of type array|string is deprecated /Users/gangliu/data/catdesk_workspace/yilan/App/Home/Controller/GoodsController.class.php 第 413 行.
NOTIC: [8192] preg_replace(): Passing null to parameter #3 ($subject) of type array|string is deprecated /Users/gangliu/data/catdesk_workspace/yilan/App/Home/Controller/GoodsController.class.php 第 413 行.
NOTIC: [8192] preg_replace(): Passing null to parameter #3 ($subject) of type array|string is deprecated /Users/gangliu/data/catdesk_workspace/yilan/App/Home/Controller/GoodsController.class.php 第 413 行.
NOTIC: [8192] preg_replace(): Passing null to parameter #3 ($subject) of type array|string is deprecated /Users/gangliu/data/catdesk_workspace/yilan/App/Home/Controller/GoodsController.class.php 第 413 行.
NOTIC: [8192] preg_replace(): Passing null to parameter #3 ($subject) of type array|string is deprecated /Users/gangliu/data/catdesk_workspace/yilan/App/Home/Controller/GoodsController.class.php 第 413 行.
NOTIC: [8192] preg_replace(): Passing null to parameter #3 ($subject) of type array|string is deprecated /Users/gangliu/data/catdesk_workspace/yilan/App/Home/Controller/GoodsController.class.php 第 413 行.
NOTIC: [8192] preg_replace(): Passing null to parameter #3 ($subject) of type array|string is deprecated /Users/gangliu/data/catdesk_workspace/yilan/App/Home/Controller/GoodsController.class.php 第 413 行.
NOTIC: [8192] preg_replace(): Passing null to parameter #3 ($subject) of type array|string is deprecated /Users/gangliu/data/catdesk_workspace/yilan/App/Home/Controller/GoodsController.class.php 第 413 行.
NOTIC: [8192] preg_replace(): Passing null to parameter #3 ($subject) of type array|string is deprecated /Users/gangliu/data/catdesk_workspace/yilan/App/Home/Controller/GoodsController.class.php 第 413 行.
NOTIC: [8192] preg_replace(): Passing null to parameter #3 ($subject) of type array|string is deprecated /Users/gangliu/data/catdesk_workspace/yilan/App/Home/Controller/GoodsController.class.php 第 413 行.
NOTIC: [8192] preg_replace(): Passing null to parameter #3 ($subject) of type array|string is deprecated /Users/gangliu/data/catdesk_workspace/yilan/App/Home/Controller/GoodsController.class.php 第 413 行.
NOTIC: [8192] preg_replace(): Passing null to parameter #3 ($subject) of type array|string is deprecated /Users/gangliu/data/catdesk_workspace/yilan/App/Home/Controller/GoodsController.class.php 第 413 行.
NOTIC: [8192] preg_replace(): Passing null to parameter #3 ($subject) of type array|string is deprecated /Users/gangliu/data/catdesk_workspace/yilan/App/Home/Controller/GoodsController.class.php 第 413 行.
NOTIC: [8192] preg_replace(): Passing null to parameter #3 ($subject) of type array|string is deprecated /Users/gangliu/data/catdesk_workspace/yilan/App/Home/Controller/GoodsController.class.php 第 413 行.
NOTIC: [8192] preg_replace(): Passing null to parameter #3 ($subject) of type array|string is deprecated /Users/gangliu/data/catdesk_workspace/yilan/App/Home/Controller/GoodsController.class.php 第 413 行.
NOTIC: [8192] preg_replace(): Passing null to parameter #3 ($subject) of type array|string is deprecated /Users/gangliu/data/catdesk_workspace/yilan/App/Home/Controller/GoodsController.class.php 第 413 行.
NOTIC: [8192] preg_replace(): Passing null to parameter #3 ($subject) of type array|string is deprecated /Users/gangliu/data/catdesk_workspace/yilan/App/Home/Controller/GoodsController.class.php 第 413 行.
NOTIC: [8192] preg_replace(): Passing null to parameter #3 ($subject) of type array|string is deprecated /Users/gangliu/data/catdesk_workspace/yilan/App/Home/Controller/GoodsController.class.php 第 413 行.
NOTIC: [8192] preg_replace(): Passing null to parameter #3 ($subject) of type array|string is deprecated /Users/gangliu/data/catdesk_workspace/yilan/App/Home/Controller/GoodsController.class.php 第 413 行.
NOTIC: [8192] preg_replace(): Passing null to parameter #3 ($subject) of type array|string is deprecated /Users/gangliu/data/catdesk_workspace/yilan/App/Home/Controller/GoodsController.class.php 第 413 行.
NOTIC: [8192] preg_replace(): Passing null to parameter #3 ($subject) of type array|string is deprecated /Users/gangliu/data/catdesk_workspace/yilan/App/Home/Controller/GoodsController.class.php 第 413 行.
NOTIC: [8192] preg_replace(): Passing null to parameter #3 ($subject) of type array|string is deprecated /Users/gangliu/data/catdesk_workspace/yilan/App/Home/Controller/GoodsController.class.php 第 413 行.
NOTIC: [8192] preg_replace(): Passing null to parameter #3 ($subject) of type array|string is deprecated /Users/gangliu/data/catdesk_workspace/yilan/App/Home/Controller/GoodsController.class.php 第 413 行.
NOTIC: [8192] preg_replace(): Passing null to parameter #3 ($subject) of type array|string is deprecated /Users/gangliu/data/catdesk_workspace/yilan/App/Home/Controller/GoodsController.class.php 第 413 行.
NOTIC: [8192] preg_replace(): Passing null to parameter #3 ($subject) of type array|string is deprecated /Users/gangliu/data/catdesk_workspace/yilan/App/Home/Controller/GoodsController.class.php 第 413 行.
NOTIC: [8192] preg_replace(): Passing null to parameter #3 ($subject) of type array|string is deprecated /Users/gangliu/data/catdesk_workspace/yilan/App/Home/Controller/GoodsController.class.php 第 413 行.
NOTIC: [8192] preg_replace(): Passing null to parameter #3 ($subject) of type array|string is deprecated /Users/gangliu/data/catdesk_workspace/yilan/App/Home/Controller/GoodsController.class.php 第 413 行.
NOTIC: [8192] preg_replace(): Passing null to parameter #3 ($subject) of type array|string is deprecated /Users/gangliu/data/catdesk_workspace/yilan/App/Home/Controller/GoodsController.class.php 第 413 行.
NOTIC: [8192] preg_replace(): Passing null to parameter #3 ($subject) of type array|string is deprecated /Users/gangliu/data/catdesk_workspace/yilan/App/Home/Controller/GoodsController.class.php 第 413 行.
NOTIC: [8192] preg_replace(): Passing null to parameter #3 ($subject) of type array|string is deprecated /Users/gangliu/data/catdesk_workspace/yilan/App/Home/Controller/GoodsController.class.php 第 413 行.
NOTIC: [8192] preg_replace(): Passing null to parameter #3 ($subject) of type array|string is deprecated /Users/gangliu/data/catdesk_workspace/yilan/App/Home/Controller/GoodsController.class.php 第 413 行.
NOTIC: [8192] preg_replace(): Passing null to parameter #3 ($subject) of type array|string is deprecated /Users/gangliu/data/catdesk_workspace/yilan/App/Home/Controller/GoodsController.class.php 第 413 行.
NOTIC: [8192] preg_replace(): Passing null to parameter #3 ($subject) of type array|string is deprecated /Users/gangliu/data/catdesk_workspace/yilan/App/Home/Controller/GoodsController.class.php 第 413 行.
NOTIC: [8192] preg_replace(): Passing null to parameter #3 ($subject) of type array|string is deprecated /Users/gangliu/data/catdesk_workspace/yilan/App/Home/Controller/GoodsController.class.php 第 413 行.
NOTIC: [8192] preg_replace(): Passing null to parameter #3 ($subject) of type array|string is deprecated /Users/gangliu/data/catdesk_workspace/yilan/App/Home/Controller/GoodsController.class.php 第 413 行.
NOTIC: [8192] preg_replace(): Passing null to parameter #3 ($subject) of type array|string is deprecated /Users/gangliu/data/catdesk_workspace/yilan/App/Home/Controller/GoodsController.class.php 第 413 行.
NOTIC: [8192] preg_replace(): Passing null to parameter #3 ($subject) of type array|string is deprecated /Users/gangliu/data/catdesk_workspace/yilan/App/Home/Controller/GoodsController.class.php 第 413 行.
NOTIC: [8192] preg_replace(): Passing null to parameter #3 ($subject) of type array|string is deprecated /Users/gangliu/data/catdesk_workspace/yilan/App/Home/Controller/GoodsController.class.php 第 413 行.
NOTIC: [8192] preg_replace(): Passing null to parameter #3 ($subject) of type array|string is deprecated /Users/gangliu/data/catdesk_workspace/yilan/App/Home/Controller/GoodsController.class.php 第 413 行.
NOTIC: [8192] preg_replace(): Passing null to parameter #3 ($subject) of type array|string is deprecated /Users/gangliu/data/catdesk_workspace/yilan/App/Home/Controller/GoodsController.class.php 第 413 行.
NOTIC: [8192] preg_replace(): Passing null to parameter #3 ($subject) of type array|string is deprecated /Users/gangliu/data/catdesk_workspace/yilan/App/Home/Controller/GoodsController.class.php 第 413 行.
NOTIC: [8192] preg_replace(): Passing null to parameter #3 ($subject) of type array|string is deprecated /Users/gangliu/data/catdesk_workspace/yilan/App/Home/Controller/GoodsController.class.php 第 413 行.
NOTIC: [8192] preg_replace(): Passing null to parameter #3 ($subject) of type array|string is deprecated /Users/gangliu/data/catdesk_workspace/yilan/App/Home/Controller/GoodsController.class.php 第 413 行.
NOTIC: [8192] preg_replace(): Passing null to parameter #3 ($subject) of type array|string is deprecated /Users/gangliu/data/catdesk_workspace/yilan/App/Home/Controller/GoodsController.class.php 第 413 行.
NOTIC: [8192] preg_replace(): Passing null to parameter #3 ($subject) of type array|string is deprecated /Users/gangliu/data/catdesk_workspace/yilan/App/Home/Controller/GoodsController.class.php 第 413 行.
NOTIC: [8192] preg_replace(): Passing null to parameter #3 ($subject) of type array|string is deprecated /Users/gangliu/data/catdesk_workspace/yilan/App/Home/Controller/GoodsController.class.php 第 413 行.
NOTIC: [8192] preg_replace(): Passing null to parameter #3 ($subject) of type array|string is deprecated /Users/gangliu/data/catdesk_workspace/yilan/App/Home/Controller/GoodsController.class.php 第 413 行.
NOTIC: [8192] preg_replace(): Passing null to parameter #3 ($subject) of type array|string is deprecated /Users/gangliu/data/catdesk_workspace/yilan/App/Home/Controller/GoodsController.class.php 第 413 行.
NOTIC: [8192] preg_replace(): Passing null to parameter #3 ($subject) of type array|string is deprecated /Users/gangliu/data/catdesk_workspace/yilan/App/Home/Controller/GoodsController.class.php 第 413 行.
NOTIC: [8192] preg_replace(): Passing null to parameter #3 ($subject) of type array|string is deprecated /Users/gangliu/data/catdesk_workspace/yilan/App/Home/Controller/GoodsController.class.php 第 413 行.
NOTIC: [8192] preg_replace(): Passing null to parameter #3 ($subject) of type array|string is deprecated /Users/gangliu/data/catdesk_workspace/yilan/App/Home/Controller/GoodsController.class.php 第 413 行.
NOTIC: [8192] preg_replace(): Passing null to parameter #3 ($subject) of type array|string is deprecated /Users/gangliu/data/catdesk_workspace/yilan/App/Home/Controller/GoodsController.class.php 第 413 行.
NOTIC: [8192] preg_replace(): Passing null to parameter #3 ($subject) of type array|string is deprecated /Users/gangliu/data/catdesk_workspace/yilan/App/Home/Controller/GoodsController.class.php 第 413 行.
NOTIC: [8192] preg_replace(): Passing null to parameter #3 ($subject) of type array|string is deprecated /Users/gangliu/data/catdesk_workspace/yilan/App/Home/Controller/GoodsController.class.php 第 413 行.
NOTIC: [8192] preg_replace(): Passing null to parameter #3 ($subject) of type array|string is deprecated /Users/gangliu/data/catdesk_workspace/yilan/App/Home/Controller/GoodsController.class.php 第 413 行.
NOTIC: [8192] preg_replace(): Passing null to parameter #3 ($subject) of type array|string is deprecated /Users/gangliu/data/catdesk_workspace/yilan/App/Home/Controller/GoodsController.class.php 第 413 行.
NOTIC: [8192] preg_replace(): Passing null to parameter #3 ($subject) of type array|string is deprecated /Users/gangliu/data/catdesk_workspace/yilan/App/Home/Controller/GoodsController.class.php 第 413 行.
NOTIC: [8192] preg_replace(): Passing null to parameter #3 ($subject) of type array|string is deprecated /Users/gangliu/data/catdesk_workspace/yilan/App/Home/Controller/GoodsController.class.php 第 413 行.
NOTIC: [8192] preg_replace(): Passing null to parameter #3 ($subject) of type array|string is deprecated /Users/gangliu/data/catdesk_workspace/yilan/App/Home/Controller/GoodsController.class.php 第 413 行.
NOTIC: [8192] preg_replace(): Passing null to parameter #3 ($subject) of type array|string is deprecated /Users/gangliu/data/catdesk_workspace/yilan/App/Home/Controller/GoodsController.class.php 第 413 行.
NOTIC: [8192] preg_replace(): Passing null to parameter #3 ($subject) of type array|string is deprecated /Users/gangliu/data/catdesk_workspace/yilan/App/Home/Controller/GoodsController.class.php 第 413 行.
NOTIC: [8192] preg_replace(): Passing null to parameter #3 ($subject) of type array|string is deprecated /Users/gangliu/data/catdesk_workspace/yilan/App/Home/Controller/GoodsController.class.php 第 413 行.
NOTIC: [8192] preg_replace(): Passing null to parameter #3 ($subject) of type array|string is deprecated /Users/gangliu/data/catdesk_workspace/yilan/App/Home/Controller/GoodsController.class.php 第 413 行.
NOTIC: [8192] preg_replace(): Passing null to parameter #3 ($subject) of type array|string is deprecated /Users/gangliu/data/catdesk_workspace/yilan/App/Home/Controller/GoodsController.class.php 第 413 行.
NOTIC: [8192] preg_replace(): Passing null to parameter #3 ($subject) of type array|string is deprecated /Users/gangliu/data/catdesk_workspace/yilan/App/Home/Controller/GoodsController.class.php 第 413 行.
NOTIC: [8192] preg_replace(): Passing null to parameter #3 ($subject) of type array|string is deprecated /Users/gangliu/data/catdesk_workspace/yilan/App/Home/Controller/GoodsController.class.php 第 413 行.
NOTIC: [8192] preg_replace(): Passing null to parameter #3 ($subject) of type array|string is deprecated /Users/gangliu/data/catdesk_workspace/yilan/App/Home/Controller/GoodsController.class.php 第 413 行.
NOTIC: [8192] preg_replace(): Passing null to parameter #3 ($subject) of type array|string is deprecated /Users/gangliu/data/catdesk_workspace/yilan/App/Home/Controller/GoodsController.class.php 第 413 行.
NOTIC: [8192] preg_replace(): Passing null to parameter #3 ($subject) of type array|string is deprecated /Users/gangliu/data/catdesk_workspace/yilan/App/Home/Controller/GoodsController.class.php 第 413 行.
NOTIC: [8192] preg_replace(): Passing null to parameter #3 ($subject) of type array|string is deprecated /Users/gangliu/data/catdesk_workspace/yilan/App/Home/Controller/GoodsController.class.php 第 413 行.
NOTIC: [8192] preg_replace(): Passing null to parameter #3 ($subject) of type array|string is deprecated /Users/gangliu/data/catdesk_workspace/yilan/App/Home/Controller/GoodsController.class.php 第 413 行.
NOTIC: [8192] preg_replace(): Passing null to parameter #3 ($subject) of type array|string is deprecated /Users/gangliu/data/catdesk_workspace/yilan/App/Home/Controller/GoodsController.class.php 第 413 行.
NOTIC: [8192] preg_replace(): Passing null to parameter #3 ($subject) of type array|string is deprecated /Users/gangliu/data/catdesk_workspace/yilan/App/Home/Controller/GoodsController.class.php 第 413 行.
NOTIC: [8192] preg_replace(): Passing null to parameter #3 ($subject) of type array|string is deprecated /Users/gangliu/data/catdesk_workspace/yilan/App/Home/Controller/GoodsController.class.php 第 413 行.
NOTIC: [8192] preg_replace(): Passing null to parameter #3 ($subject) of type array|string is deprecated /Users/gangliu/data/catdesk_workspace/yilan/App/Home/Controller/GoodsController.class.php 第 413 行.
NOTIC: [8192] preg_replace(): Passing null to parameter #3 ($subject) of type array|string is deprecated /Users/gangliu/data/catdesk_workspace/yilan/App/Home/Controller/GoodsController.class.php 第 413 行.
NOTIC: [8192] preg_replace(): Passing null to parameter #3 ($subject) of type array|string is deprecated /Users/gangliu/data/catdesk_workspace/yilan/App/Home/Controller/GoodsController.class.php 第 413 行.
NOTIC: [8192] preg_replace(): Passing null to parameter #3 ($subject) of type array|string is deprecated /Users/gangliu/data/catdesk_workspace/yilan/App/Home/Controller/GoodsController.class.php 第 413 行.
NOTIC: [8192] preg_replace(): Passing null to parameter #3 ($subject) of type array|string is deprecated /Users/gangliu/data/catdesk_workspace/yilan/App/Home/Controller/GoodsController.class.php 第 413 行.
NOTIC: [8192] preg_replace(): Passing null to parameter #3 ($subject) of type array|string is deprecated /Users/gangliu/data/catdesk_workspace/yilan/App/Home/Controller/GoodsController.class.php 第 413 行.
NOTIC: [8192] preg_replace(): Passing null to parameter #3 ($subject) of type array|string is deprecated /Users/gangliu/data/catdesk_workspace/yilan/App/Home/Controller/GoodsController.class.php 第 413 行.
NOTIC: [8192] preg_replace(): Passing null to parameter #3 ($subject) of type array|string is deprecated /Users/gangliu/data/catdesk_workspace/yilan/App/Home/Controller/GoodsController.class.php 第 413 行.
NOTIC: [8192] preg_replace(): Passing null to parameter #3 ($subject) of type array|string is deprecated /Users/gangliu/data/catdesk_workspace/yilan/App/Home/Controller/GoodsController.class.php 第 413 行.
NOTIC: [8192] preg_replace(): Passing null to parameter #3 ($subject) of type array|string is deprecated /Users/gangliu/data/catdesk_workspace/yilan/App/Home/Controller/GoodsController.class.php 第 413 行.
NOTIC: [8192] preg_replace(): Passing null to parameter #3 ($subject) of type array|string is deprecated /Users/gangliu/data/catdesk_workspace/yilan/App/Home/Controller/GoodsController.class.php 第 413 行.
NOTIC: [8192] preg_replace(): Passing null to parameter #3 ($subject) of type array|string is deprecated /Users/gangliu/data/catdesk_workspace/yilan/App/Home/Controller/GoodsController.class.php 第 413 行.
NOTIC: [8192] preg_replace(): Passing null to parameter #3 ($subject) of type array|string is deprecated /Users/gangliu/data/catdesk_workspace/yilan/App/Home/Controller/GoodsController.class.php 第 413 行.
NOTIC: [8192] preg_replace(): Passing null to parameter #3 ($subject) of type array|string is deprecated /Users/gangliu/data/catdesk_workspace/yilan/App/Home/Controller/GoodsController.class.php 第 413 行.
NOTIC: [8192] preg_replace(): Passing null to parameter #3 ($subject) of type array|string is deprecated /Users/gangliu/data/catdesk_workspace/yilan/App/Home/Controller/GoodsController.class.php 第 413 行.
NOTIC: [8192] preg_replace(): Passing null to parameter #3 ($subject) of type array|string is deprecated /Users/gangliu/data/catdesk_workspace/yilan/App/Home/Controller/GoodsController.class.php 第 413 行.
NOTIC: [8192] preg_replace(): Passing null to parameter #3 ($subject) of type array|string is deprecated /Users/gangliu/data/catdesk_workspace/yilan/App/Home/Controller/GoodsController.class.php 第 413 行.
NOTIC: [8192] preg_replace(): Passing null to parameter #3 ($subject) of type array|string is deprecated /Users/gangliu/data/catdesk_workspace/yilan/App/Home/Controller/GoodsController.class.php 第 413 行.
NOTIC: [8192] preg_replace(): Passing null to parameter #3 ($subject) of type array|string is deprecated /Users/gangliu/data/catdesk_workspace/yilan/App/Home/Controller/GoodsController.class.php 第 413 行.
NOTIC: [8192] preg_replace(): Passing null to parameter #3 ($subject) of type array|string is deprecated /Users/gangliu/data/catdesk_workspace/yilan/App/Home/Controller/GoodsController.class.php 第 413 行.
NOTIC: [8192] preg_replace(): Passing null to parameter #3 ($subject) of type array|string is deprecated /Users/gangliu/data/catdesk_workspace/yilan/App/Home/Controller/GoodsController.class.php 第 413 行.
NOTIC: [8192] preg_replace(): Passing null to parameter #3 ($subject) of type array|string is deprecated /Users/gangliu/data/catdesk_workspace/yilan/App/Home/Controller/GoodsController.class.php 第 413 行.
NOTIC: [8192] preg_replace(): Passing null to parameter #3 ($subject) of type array|string is deprecated /Users/gangliu/data/catdesk_workspace/yilan/App/Home/Controller/GoodsController.class.php 第 413 行.
NOTIC: [8192] preg_replace(): Passing null to parameter #3 ($subject) of type array|string is deprecated /Users/gangliu/data/catdesk_workspace/yilan/App/Home/Controller/GoodsController.class.php 第 413 行.
NOTIC: [8192] preg_replace(): Passing null to parameter #3 ($subject) of type array|string is deprecated /Users/gangliu/data/catdesk_workspace/yilan/App/Home/Controller/GoodsController.class.php 第 413 行.
NOTIC: [8192] preg_replace(): Passing null to parameter #3 ($subject) of type array|string is deprecated /Users/gangliu/data/catdesk_workspace/yilan/App/Home/Controller/GoodsController.class.php 第 413 行.
NOTIC: [8192] preg_replace(): Passing null to parameter #3 ($subject) of type array|string is deprecated /Users/gangliu/data/catdesk_workspace/yilan/App/Home/Controller/GoodsController.class.php 第 413 行.
NOTIC: [8192] preg_replace(): Passing null to parameter #3 ($subject) of type array|string is deprecated /Users/gangliu/data/catdesk_workspace/yilan/App/Home/Controller/GoodsController.class.php 第 413 行.
NOTIC: [8192] preg_replace(): Passing null to parameter #3 ($subject) of type array|string is deprecated /Users/gangliu/data/catdesk_workspace/yilan/App/Home/Controller/GoodsController.class.php 第 413 行.
NOTIC: [8192] preg_replace(): Passing null to parameter #3 ($subject) of type array|string is deprecated /Users/gangliu/data/catdesk_workspace/yilan/App/Home/Controller/GoodsController.class.php 第 413 行.
NOTIC: [8192] preg_replace(): Passing null to parameter #3 ($subject) of type array|string is deprecated /Users/gangliu/data/catdesk_workspace/yilan/App/Home/Controller/GoodsController.class.php 第 413 行.
NOTIC: [8192] preg_replace(): Passing null to parameter #3 ($subject) of type array|string is deprecated /Users/gangliu/data/catdesk_workspace/yilan/App/Home/Controller/GoodsController.class.php 第 413 行.
NOTIC: [8192] preg_replace(): Passing null to parameter #3 ($subject) of type array|string is deprecated /Users/gangliu/data/catdesk_workspace/yilan/App/Home/Controller/GoodsController.class.php 第 413 行.
NOTIC: [8192] preg_replace(): Passing null to parameter #3 ($subject) of type array|string is deprecated /Users/gangliu/data/catdesk_workspace/yilan/App/Home/Controller/GoodsController.class.php 第 413 行.
NOTIC: [8192] preg_replace(): Passing null to parameter #3 ($subject) of type array|string is deprecated /Users/gangliu/data/catdesk_workspace/yilan/App/Home/Controller/GoodsController.class.php 第 413 行.
NOTIC: [8192] preg_replace(): Passing null to parameter #3 ($subject) of type array|string is deprecated /Users/gangliu/data/catdesk_workspace/yilan/App/Home/Controller/GoodsController.class.php 第 413 行.
NOTIC: [8192] preg_replace(): Passing null to parameter #3 ($subject) of type array|string is deprecated /Users/gangliu/data/catdesk_workspace/yilan/App/Home/Controller/GoodsController.class.php 第 413 行.
NOTIC: [8192] preg_replace(): Passing null to parameter #3 ($subject) of type array|string is deprecated /Users/gangliu/data/catdesk_workspace/yilan/App/Home/Controller/GoodsController.class.php 第 413 行.
NOTIC: [8192] preg_replace(): Passing null to parameter #3 ($subject) of type array|string is deprecated /Users/gangliu/data/catdesk_workspace/yilan/App/Home/Controller/GoodsController.class.php 第 413 行.
NOTIC: [8192] preg_replace(): Passing null to parameter #3 ($subject) of type array|string is deprecated /Users/gangliu/data/catdesk_workspace/yilan/App/Home/Controller/GoodsController.class.php 第 413 行.
NOTIC: [8192] preg_replace(): Passing null to parameter #3 ($subject) of type array|string is deprecated /Users/gangliu/data/catdesk_workspace/yilan/App/Home/Controller/GoodsController.class.php 第 413 行.
NOTIC: [8192] preg_replace(): Passing null to parameter #3 ($subject) of type array|string is deprecated /Users/gangliu/data/catdesk_workspace/yilan/App/Home/Controller/GoodsController.class.php 第 413 行.
NOTIC: [8192] preg_replace(): Passing null to parameter #3 ($subject) of type array|string is deprecated /Users/gangliu/data/catdesk_workspace/yilan/App/Home/Controller/GoodsController.class.php 第 413 行.
NOTIC: [8192] preg_replace(): Passing null to parameter #3 ($subject) of type array|string is deprecated /Users/gangliu/data/catdesk_workspace/yilan/App/Home/Controller/GoodsController.class.php 第 413 行.
NOTIC: [8192] preg_replace(): Passing null to parameter #3 ($subject) of type array|string is deprecated /Users/gangliu/data/catdesk_workspace/yilan/App/Home/Controller/GoodsController.class.php 第 413 行.
NOTIC: [8192] preg_replace(): Passing null to parameter #3 ($subject) of type array|string is deprecated /Users/gangliu/data/catdesk_workspace/yilan/App/Home/Controller/GoodsController.class.php 第 413 行.
NOTIC: [8192] preg_replace(): Passing null to parameter #3 ($subject) of type array|string is deprecated /Users/gangliu/data/catdesk_workspace/yilan/App/Home/Controller/GoodsController.class.php 第 413 行.
NOTIC: [8192] preg_replace(): Passing null to parameter #3 ($subject) of type array|string is deprecated /Users/gangliu/data/catdesk_workspace/yilan/App/Home/Controller/GoodsController.class.php 第 413 行.
NOTIC: [8192] preg_replace(): Passing null to parameter #3 ($subject) of type array|string is deprecated /Users/gangliu/data/catdesk_workspace/yilan/App/Home/Controller/GoodsController.class.php 第 413 行.
NOTIC: [8192] preg_replace(): Passing null to parameter #3 ($subject) of type array|string is deprecated /Users/gangliu/data/catdesk_workspace/yilan/App/Home/Controller/GoodsController.class.php 第 413 行.
NOTIC: [8192] preg_replace(): Passing null to parameter #3 ($subject) of type array|string is deprecated /Users/gangliu/data/catdesk_workspace/yilan/App/Home/Controller/GoodsController.class.php 第 413 行.
NOTIC: [8192] preg_replace(): Passing null to parameter #3 ($subject) of type array|string is deprecated /Users/gangliu/data/catdesk_workspace/yilan/App/Home/Controller/GoodsController.class.php 第 413 行.
NOTIC: [8192] preg_replace(): Passing null to parameter #3 ($subject) of type array|string is deprecated /Users/gangliu/data/catdesk_workspace/yilan/App/Home/Controller/GoodsController.class.php 第 413 行.
NOTIC: [8192] preg_replace(): Passing null to parameter #3 ($subject) of type array|string is deprecated /Users/gangliu/data/catdesk_workspace/yilan/App/Home/Controller/GoodsController.class.php 第 413 行.
NOTIC: [8192] preg_replace(): Passing null to parameter #3 ($subject) of type array|string is deprecated /Users/gangliu/data/catdesk_workspace/yilan/App/Home/Controller/GoodsController.class.php 第 413 行.
NOTIC: [8192] preg_replace(): Passing null to parameter #3 ($subject) of type array|string is deprecated /Users/gangliu/data/catdesk_workspace/yilan/App/Home/Controller/GoodsController.class.php 第 413 行.
NOTIC: [8192] preg_replace(): Passing null to parameter #3 ($subject) of type array|string is deprecated /Users/gangliu/data/catdesk_workspace/yilan/App/Home/Controller/GoodsController.class.php 第 413 行.
NOTIC: [8192] preg_replace(): Passing null to parameter #3 ($subject) of type array|string is deprecated /Users/gangliu/data/catdesk_workspace/yilan/App/Home/Controller/GoodsController.class.php 第 413 行.
NOTIC: [8192] preg_replace(): Passing null to parameter #3 ($subject) of type array|string is deprecated /Users/gangliu/data/catdesk_workspace/yilan/App/Home/Controller/GoodsController.class.php 第 413 行.
NOTIC: [8192] preg_replace(): Passing null to parameter #3 ($subject) of type array|string is deprecated /Users/gangliu/data/catdesk_workspace/yilan/App/Home/Controller/GoodsController.class.php 第 413 行.
NOTIC: [8192] preg_replace(): Passing null to parameter #3 ($subject) of type array|string is deprecated /Users/gangliu/data/catdesk_workspace/yilan/App/Home/Controller/GoodsController.class.php 第 413 行.
NOTIC: [8192] preg_replace(): Passing null to parameter #3 ($subject) of type array|string is deprecated /Users/gangliu/data/catdesk_workspace/yilan/App/Home/Controller/GoodsController.class.php 第 413 行.
NOTIC: [8192] preg_replace(): Passing null to parameter #3 ($subject) of type array|string is deprecated /Users/gangliu/data/catdesk_workspace/yilan/App/Home/Controller/GoodsController.class.php 第 413 行.
NOTIC: [8192] preg_replace(): Passing null to parameter #3 ($subject) of type array|string is deprecated /Users/gangliu/data/catdesk_workspace/yilan/App/Home/Controller/GoodsController.class.php 第 413 行.
NOTIC: [8192] preg_replace(): Passing null to parameter #3 ($subject) of type array|string is deprecated /Users/gangliu/data/catdesk_workspace/yilan/App/Home/Controller/GoodsController.class.php 第 413 行.
NOTIC: [8192] preg_replace(): Passing null to parameter #3 ($subject) of type array|string is deprecated /Users/gangliu/data/catdesk_workspace/yilan/App/Home/Controller/GoodsController.class.php 第 413 行.
NOTIC: [8192] preg_replace(): Passing null to parameter #3 ($subject) of type array|string is deprecated /Users/gangliu/data/catdesk_workspace/yilan/App/Home/Controller/GoodsController.class.php 第 413 行.
NOTIC: [8192] preg_replace(): Passing null to parameter #3 ($subject) of type array|string is deprecated /Users/gangliu/data/catdesk_workspace/yilan/App/Home/Controller/GoodsController.class.php 第 413 行.
NOTIC: [8192] preg_replace(): Passing null to parameter #3 ($subject) of type array|string is deprecated /Users/gangliu/data/catdesk_workspace/yilan/App/Home/Controller/GoodsController.class.php 第 413 行.
NOTIC: [8192] preg_replace(): Passing null to parameter #3 ($subject) of type array|string is deprecated /Users/gangliu/data/catdesk_workspace/yilan/App/Home/Controller/GoodsController.class.php 第 413 行.
NOTIC: [8192] preg_replace(): Passing null to parameter #3 ($subject) of type array|string is deprecated /Users/gangliu/data/catdesk_workspace/yilan/App/Home/Controller/GoodsController.class.php 第 413 行.
NOTIC: [8192] preg_replace(): Passing null to parameter #3 ($subject) of type array|string is deprecated /Users/gangliu/data/catdesk_workspace/yilan/App/Home/Controller/GoodsController.class.php 第 413 行.
NOTIC: [8192] preg_replace(): Passing null to parameter #3 ($subject) of type array|string is deprecated /Users/gangliu/data/catdesk_workspace/yilan/App/Home/Controller/GoodsController.class.php 第 413 行.
NOTIC: [8192] preg_replace(): Passing null to parameter #3 ($subject) of type array|string is deprecated /Users/gangliu/data/catdesk_workspace/yilan/App/Home/Controller/GoodsController.class.php 第 413 行.
NOTIC: [8192] preg_replace(): Passing null to parameter #3 ($subject) of type array|string is deprecated /Users/gangliu/data/catdesk_workspace/yilan/App/Home/Controller/GoodsController.class.php 第 413 行.
NOTIC: [8192] preg_replace(): Passing null to parameter #3 ($subject) of type array|string is deprecated /Users/gangliu/data/catdesk_workspace/yilan/App/Home/Controller/GoodsController.class.php 第 413 行.
NOTIC: [8192] preg_replace(): Passing null to parameter #3 ($subject) of type array|string is deprecated /Users/gangliu/data/catdesk_workspace/yilan/App/Home/Controller/GoodsController.class.php 第 413 行.
NOTIC: [8192] preg_replace(): Passing null to parameter #3 ($subject) of type array|string is deprecated /Users/gangliu/data/catdesk_workspace/yilan/App/Home/Controller/GoodsController.class.php 第 413 行.
NOTIC: [8192] preg_replace(): Passing null to parameter #3 ($subject) of type array|string is deprecated /Users/gangliu/data/catdesk_workspace/yilan/App/Home/Controller/GoodsController.class.php 第 413 行.
NOTIC: [8192] preg_replace(): Passing null to parameter #3 ($subject) of type array|string is deprecated /Users/gangliu/data/catdesk_workspace/yilan/App/Home/Controller/GoodsController.class.php 第 413 行.
NOTIC: [8192] preg_replace(): Passing null to parameter #3 ($subject) of type array|string is deprecated /Users/gangliu/data/catdesk_workspace/yilan/App/Home/Controller/GoodsController.class.php 第 413 行.
NOTIC: [8192] preg_replace(): Passing null to parameter #3 ($subject) of type array|string is deprecated /Users/gangliu/data/catdesk_workspace/yilan/App/Home/Controller/GoodsController.class.php 第 413 行.
NOTIC: [8192] preg_replace(): Passing null to parameter #3 ($subject) of type array|string is deprecated /Users/gangliu/data/catdesk_workspace/yilan/App/Home/Controller/GoodsController.class.php 第 413 行.
NOTIC: [8192] preg_replace(): Passing null to parameter #3 ($subject) of type array|string is deprecated /Users/gangliu/data/catdesk_workspace/yilan/App/Home/Controller/GoodsController.class.php 第 413 行.
SQL: SHOW COLUMNS FROM `plate_conts_blank` [ RunTime:0.0027s ]
SQL: SELECT `id` FROM `plate_conts_blank` WHERE `pid` = 1 AND `cat_index` = 1 LIMIT 1   [ RunTime:0.0011s ]
SQL: SELECT COUNT(*) AS tp_count FROM `plate_conts_logs` WHERE `blank_id` = 1738 LIMIT 1   [ RunTime:0.0009s ]
SQL: SHOW COLUMNS FROM `plate_conts` [ RunTime:0.0056s ]
SQL: SHOW COLUMNS FROM `plate_cats` [ RunTime:0.0021s ]
SQL: SELECT * FROM `plate_conts` WHERE `id` = 1 LIMIT 1   [ RunTime:0.0136s ]
SQL: SELECT * FROM `plate_cats` WHERE `id` = 217 LIMIT 1   [ RunTime:0.0024s ]
SQL: SELECT * FROM `plate_conts_blank` WHERE `pid` = 1 AND `cat_index` = 1 LIMIT 1   [ RunTime:0.0005s ]
SQL: SHOW COLUMNS FROM `plate_conts_price` [ RunTime:0.0029s ]
SQL: SELECT * FROM `plate_conts_price` WHERE `plate_conts_id` = 1 AND `cat_index` = 1  [ RunTime:0.0022s ]
SQL: SHOW COLUMNS FROM `new_cate_form` [ RunTime:0.0016s ]
SQL: SELECT * FROM `new_cate_form` WHERE `new_cate_id` = 356 AND `number` = 1 LIMIT 1   [ RunTime:0.0009s ]
SQL: SELECT * FROM `new_cate_form` WHERE `new_cate_id` = 362 AND `number` = 1 LIMIT 1   [ RunTime:0.0012s ]
SQL: SELECT * FROM `new_cate_form` WHERE `new_cate_id` = 371 AND `number` = 1 LIMIT 1   [ RunTime:0.0023s ]
SQL: SELECT * FROM `new_cate_form` WHERE `new_cate_id` = 356 AND `number` = 1 LIMIT 1   [ RunTime:0.0007s ]
SQL: SELECT * FROM `new_cate_form` WHERE `new_cate_id` = 362 AND `number` = 1 LIMIT 1   [ RunTime:0.0005s ]
SQL: INSERT INTO `plate_conts_logs` (`key_0`,`key_1`,`key_2`,`key_3`,`key_4`,`key_5`,`key_6`,`key_7`,`pid`,`blank_id`,`cat_index`,`ptype`,`sorts`,`value_0`,`trans`,`value_1`,`value_2`,`value_3`,`value_4`,`value_5`,`value_6`,`value_7`,`dratio`,`price`,`status`,`uptimes`,`times`,`number`,`market`) VALUES ('供货方式','质量标准','执行标准','起订数量','计量单位','产品型号','电压等级','产品规格','1','1738','1','2','1','工厂生产','7天内发货','国网标准','GB/TGWD-2023','500米','米','ZC-YJV','0.6/1KV','1×10','1.06','3.24','1','0','1781255049','1','3.43') [ RunTime:0.0106s ]
ERR: {"status":1,"msg":null,"data":1}

[ 2026-06-12T17:04:09+08:00 ] ::1 /Home/Goods/plate_conts_blankr.html
INFO: [ app_init ] --START--
INFO: Run Behavior\BuildLiteBehavior [ RunTime:0.000003s ]
INFO: [ app_init ] --END-- [ RunTime:0.000022s ]
INFO: [ app_begin ] --START--
INFO: Run Behavior\ReadHtmlCacheBehavior [ RunTime:0.000009s ]
INFO: [ app_begin ] --END-- [ RunTime:0.000015s ]
SQL: SHOW COLUMNS FROM `plate_conts_blank` [ RunTime:0.0029s ]
SQL: SHOW COLUMNS FROM `plate_conts_logs` [ RunTime:0.0101s ]
SQL: SHOW COLUMNS FROM `plate_conts_logsr` [ RunTime:0.0074s ]
SQL: SELECT * FROM `plate_conts_blank` WHERE `id` = 1738 LIMIT 1   [ RunTime:0.0006s ]
SQL: SELECT * FROM `plate_conts_logs` WHERE `blank_id` = 1738 ORDER BY number asc,id asc  [ RunTime:0.0014s ]
SQL: SELECT `key_0` FROM `plate_conts_logs` WHERE `blank_id` = 1738 GROUP BY key_0 LIMIT 1   [ RunTime:0.0006s ]
SQL: SELECT `key_1` FROM `plate_conts_logs` WHERE `blank_id` = 1738 GROUP BY key_1 LIMIT 1   [ RunTime:0.0006s ]
SQL: SELECT `key_2` FROM `plate_conts_logs` WHERE `blank_id` = 1738 GROUP BY key_2 LIMIT 1   [ RunTime:0.0006s ]
SQL: SELECT `key_3` FROM `plate_conts_logs` WHERE `blank_id` = 1738 GROUP BY key_3 LIMIT 1   [ RunTime:0.0004s ]
SQL: SELECT `key_4` FROM `plate_conts_logs` WHERE `blank_id` = 1738 GROUP BY key_4 LIMIT 1   [ RunTime:0.0009s ]
SQL: SELECT `key_5` FROM `plate_conts_logs` WHERE `blank_id` = 1738 GROUP BY key_5 LIMIT 1   [ RunTime:0.0008s ]
SQL: SELECT `key_6` FROM `plate_conts_logs` WHERE `blank_id` = 1738 GROUP BY key_6 LIMIT 1   [ RunTime:0.0004s ]
SQL: SELECT `key_7` FROM `plate_conts_logs` WHERE `blank_id` = 1738 GROUP BY key_7 LIMIT 1   [ RunTime:0.0003s ]
SQL: SHOW COLUMNS FROM `new_tax` [ RunTime:0.0017s ]
SQL: SELECT * FROM `new_tax` WHERE `is_del` = 1  [ RunTime:0.0016s ]
SQL: SHOW COLUMNS FROM `plate_conts_price` [ RunTime:0.0026s ]
SQL: SELECT * FROM `plate_conts_price` WHERE `blank_id` = 1738 AND `is_del` = 1 ORDER BY sort asc, id asc  [ RunTime:0.0018s ]
SQL: SELECT * FROM `plate_conts_blank` WHERE `pid` = 1 AND `status` = 1 ORDER BY cat_index asc  [ RunTime:0.0006s ]
SQL: SHOW COLUMNS FROM `plate_conts_blank_group` [ RunTime:0.0016s ]
SQL: SELECT * FROM `plate_conts_blank_group` WHERE `pid` = 1 ORDER BY sort asc, id asc  [ RunTime:0.0010s ]
ERR: {"status":1,"msg":"\u83b7\u53d6\u6210\u529f","data":{"info":{"id":1738,"pid":1,"group_id":3,"catname":"\u5546\u54c1","cat_index":1,"source":["677187340b61b.png"],"sorts":0,"gimage":"677187340b3d7.png","gnames":"\u94dc\u82af\u4ea4\u8054\u805a\u4e59\u70ef\u7edd\u7f18\u805a\u6c2f\u4e59\u70ef\u62a4\u5957\u963b\u71c3\u7535\u7f06\u3010\u4e5d\u6298\u6807\u51c6\u3011","up_a":"0.0","down_a":"0.0","up_b":"0.0","down_b":"0.0","up_c":"0.0","down_c":"0.0","up_d":"0.0","down_d":"0.0","up_e":"0.0","down_e":"0.0","up_f":"0.0","down_f":"0.0","ticket_nor":3,"ticket_person":11,"status":1,"uptimes":1781096236,"times":1781095065,"new_tax_id":1},"key":{"keya":"\u4f9b\u8d27\u65b9\u5f0f","keyb":"\u8d28\u91cf\u6807\u51c6","keyc":"\u6267\u884c\u6807\u51c6","keyd":"\u8d77\u8ba2\u6570\u91cf","keye":"\u8ba1\u91cf\u5355\u4f4d","keyf":"\u4ea7\u54c1\u578b\u53f7","keyg":"\u7535\u538b\u7b49\u7ea7","keyh":"\u4ea7\u54c1\u89c4\u683c"},"list":[{"id":1397848,"pid":1,"cat_index":1,"blank_id":1738,"ptype":2,"source":null,"gnames":null,"sorts":1,"key_0":"\u4f9b\u8d27\u65b9\u5f0f","value_0":"\u5de5\u5382\u751f\u4ea7","key_1":"\u8d28\u91cf\u6807\u51c6","value_1":"\u56fd\u7f51\u6807\u51c6","key_2":"\u6267\u884c\u6807\u51c6","value_2":"GB\/TGWD-2023","price":"3.24","dratio":"1.060","market":"3.43","trans":"7\u5929\u5185\u53d1\u8d27","ticket_nor":null,"ticket_person":null,"status":1,"uptimes":0,"times":1781255049,"number":1,"key_3":"\u8d77\u8ba2\u6570\u91cf","value_3":"500\u7c73","key_4":"\u8ba1\u91cf\u5355\u4f4d","value_4":"\u7c73","key_5":"\u4ea7\u54c1\u578b\u53f7","value_5":"ZC-YJV","key_6":"\u7535\u538b\u7b49\u7ea7","value_6":"0.6\/1KV","key_7":"\u4ea7\u54c1\u89c4\u683c","value_7":"1\u00d710"}],"tax_list":[{"id":1,"pid":0,"name":"\u7535\u529b\u7535\u7f06\u7a0e\u7387\u53d1\u7968","alias_name":"","normal_tax":"3.00","special_tax":"11.00","status":1,"is_del":1,"add_time":0,"up_time":0},{"id":2,"pid":0,"name":"\u5bb6\u88c5\u7535\u7ebf\u7a0e\u7387","alias_name":"","normal_tax":"3.00","special_tax":"10.00","status":1,"is_del":1,"add_time":0,"up_time":0},{"id":3,"pid":0,"name":"\u521a\u6027\u9632\u706b\u7535\u7f06\u7a0e\u7387","alias_name":"","normal_tax":"3.00","special_tax":"9.00","status":1,"is_del":1,"add_time":0,"up_time":0},{"id":9,"pid":0,"name":"\u6a61\u5957\u7535\u7f06\u7a0e\u7387","alias_name":"","normal_tax":"3.00","special_tax":"11.00","status":1,"is_del":1,"add_time":0,"up_time":0},{"id":10,"pid":0,"name":"\u77ff\u7528\u6a61\u80f6\u7535\u7f06\u7a0e\u7387","alias_name":"","normal_tax":"4.00","special_tax":"12.00","status":1,"is_del":1,"add_time":0,"up_time":0}],"price_list":[{"id":2648,"plate_conts_id":1,"new_cate_one_id":1,"new_cate_two_id":355,"new_cate_three_id":356,"name":"\u94dc\u82af\u5bfc\u4f53","ratio":"1.00","sort":1000,"is_del":1,"cat_index":1,"blank_id":1738},{"id":2649,"plate_conts_id":1,"new_cate_one_id":1,"new_cate_two_id":355,"new_cate_three_id":362,"name":"\u8f90\u7167\u4ea4\u8054\u7edd\u7f18","ratio":"1.00","sort":1000,"is_del":1,"cat_index":1,"blank_id":1738},{"id":2650,"plate_conts_id":1,"new_cate_one_id":1,"new_cate_two_id":355,"new_cate_three_id":371,"name":"PVC\u62a4\u5957","ratio":"1.00","sort":1000,"is_del":1,"cat_index":1,"blank_id":1738},{"id":7812,"plate_conts_id":1,"new_cate_one_id":1,"new_cate_two_id":355,"new_cate_three_id":356,"name":"\u94dc\u82af\u5bfc\u4f53","ratio":"0.90","sort":1000,"is_del":1,"cat_index":1,"blank_id":1738},{"id":7813,"plate_conts_id":1,"new_cate_one_id":1,"new_cate_two_id":355,"new_cate_three_id":362,"name":"\u8f90\u7167\u4ea4\u8054\u7edd\u7f18","ratio":"1.00","sort":1000,"is_del":1,"cat_index":1,"blank_id":1738}],"all_blanks":[{"id":1738,"pid":1,"group_id":3,"catname":"\u5546\u54c1","cat_index":1,"source":"[\"677187340b61b.png\"]","sorts":0,"gimage":"677187340b3d7.png","gnames":"\u94dc\u82af\u4ea4\u8054\u805a\u4e59\u70ef\u7edd\u7f18\u805a\u6c2f\u4e59\u70ef\u62a4\u5957\u963b\u71c3\u7535\u7f06\u3010\u4e5d\u6298\u6807\u51c6\u3011","up_a":"0.0","down_a":"0.0","up_b":"0.0","down_b":"0.0","up_c":"0.0","down_c":"0.0","up_d":"0.0","down_d":"0.0","up_e":"0.0","down_e":"0.0","up_f":"0.0","down_f":"0.0","ticket_nor":3,"ticket_person":11,"status":1,"uptimes":1781096236,"times":1781095065,"new_tax_id":1},{"id":1739,"pid":1,"group_id":4,"catname":"\u5546\u54c1","cat_index":1,"source":"[\"677187340b61b.png\"]","sorts":null,"gimage":"677187340b3d7.png","gnames":"\u94dc\u82af\u4ea4\u8054\u805a\u4e59\u70ef\u7edd\u7f18\u805a\u6c2f\u4e59\u70ef\u62a4\u5957\u963b\u71c3\u7535\u7f06\u3010\u4e5d\u6298\u6807\u51c6\u3011","up_a":"0.0","down_a":"0.0","up_b":"0.0","down_b":"0.0","up_c":"0.0","down_c":"0.0","up_d":"0.0","down_d":"0.0","up_e":"0.0","down_e":"0.0","up_f":"0.0","down_f":"0.0","ticket_nor":3,"ticket_person":11,"status":1,"uptimes":1781228972,"times":1781228972,"new_tax_id":1},{"id":1557,"pid":1,"group_id":3,"catname":"\u4e5d\u6298\u6807\u51c6","cat_index":2,"source":"[\"677187340b61b.png\"]","sorts":0,"gimage":"677187340b3d7.png","gnames":"\u94dc\u82af\u4ea4\u8054\u805a\u4e59\u70ef\u7edd\u7f18\u805a\u6c2f\u4e59\u70ef\u62a4\u5957\u963b\u71c3\u7535\u7f06\u3010\u4e5d\u6298\u6807\u51c6\u3011","up_a":"0.0","down_a":"0.0","up_b":"0.0","down_b":"0.0","up_c":"0.0","down_c":"0.0","up_d":"0.0","down_d":"0.0","up_e":"0.0","down_e":"0.0","up_f":"0.0","down_f":"0.0","ticket_nor":3,"ticket_person":11,"status":1,"uptimes":1781095113,"times":1735489364,"new_tax_id":1},{"id":1740,"pid":1,"group_id":4,"catname":"\u4e5d\u6298\u6807\u51c6","cat_index":2,"source":"[\"677187340b61b.png\"]","sorts":null,"gimage":"677187340b3d7.png","gnames":"\u94dc\u82af\u4ea4\u8054\u805a\u4e59\u70ef\u7edd\u7f18\u805a\u6c2f\u4e59\u70ef\u62a4\u5957\u963b\u71c3\u7535\u7f06\u3010\u4e5d\u6298\u6807\u51c6\u3011","up_a":"0.0","down_a":"0.0","up_b":"0.0","down_b":"0.0","up_c":"0.0","down_c":"0.0","up_d":"0.0","down_d":"0.0","up_e":"0.0","down_e":"0.0","up_f":"0.0","down_f":"0.0","ticket_nor":3,"ticket_person":11,"status":1,"uptimes":1781228972,"times":1781228972,"new_tax_id":1},{"id":1558,"pid":1,"group_id":3,"catname":"\u516b\u6298\u6807\u51c6","cat_index":3,"source":"[\"677187340b61b.png\"]","sorts":0,"gimage":"677187340b3d7.png","gnames":"\u94dc\u82af\u4ea4\u8054\u805a\u4e59\u70ef\u7edd\u7f18\u805a\u6c2f\u4e59\u70ef\u62a4\u5957\u963b\u71c3\u7535\u7f06\u3010\u4e5d\u6298\u6807\u51c6\u3011","up_a":"0.0","down_a":"0.0","up_b":"0.0","down_b":"0.0","up_c":"0.0","down_c":"0.0","up_d":"0.0","down_d":"0.0","up_e":"0.0","down_e":"0.0","up_f":"0.0","down_f":"0.0","ticket_nor":3,"ticket_person":11,"status":1,"uptimes":1781096265,"times":1735490732,"new_tax_id":1},{"id":1741,"pid":1,"group_id":4,"catname":"\u516b\u6298\u6807\u51c6","cat_index":3,"source":"[\"677187340b61b.png\"]","sorts":null,"gimage":"677187340b3d7.png","gnames":"\u94dc\u82af\u4ea4\u8054\u805a\u4e59\u70ef\u7edd\u7f18\u805a\u6c2f\u4e59\u70ef\u62a4\u5957\u963b\u71c3\u7535\u7f06\u3010\u4e5d\u6298\u6807\u51c6\u3011","up_a":"0.0","down_a":"0.0","up_b":"0.0","down_b":"0.0","up_c":"0.0","down_c":"0.0","up_d":"0.0","down_d":"0.0","up_e":"0.0","down_e":"0.0","up_f":"0.0","down_f":"0.0","ticket_nor":3,"ticket_person":11,"status":1,"uptimes":1781228972,"times":1781228972,"new_tax_id":1}],"group_list":[{"id":3,"pid":1,"name":"test1","ratio":"1.000000","sort":0,"add_time":1781145782,"up_time":1781145782},{"id":4,"pid":1,"name":"test2","ratio":"1.000000","sort":0,"add_time":1781145796,"up_time":1781145796}]}}

[ 2026-06-12T17:04:14+08:00 ] ::1 /Home/Goods/plate_conts_update.html
INFO: [ app_init ] --START--
INFO: Run Behavior\BuildLiteBehavior [ RunTime:0.000009s ]
INFO: [ app_init ] --END-- [ RunTime:0.000129s ]
INFO: [ app_begin ] --START--
INFO: Run Behavior\ReadHtmlCacheBehavior [ RunTime:0.000034s ]
INFO: [ app_begin ] --END-- [ RunTime:0.000050s ]
SQL: SHOW COLUMNS FROM `plate_conts` [ RunTime:0.0026s ]
SQL: SHOW COLUMNS FROM `plate_cats` [ RunTime:0.0048s ]
SQL: SHOW COLUMNS FROM `plate_conts_blank` [ RunTime:0.0030s ]
SQL: SELECT * FROM `plate_conts_blank` WHERE `id` = 1738 LIMIT 1   [ RunTime:0.0034s ]
SQL: SELECT * FROM `plate_conts` WHERE `id` = 1 LIMIT 1   [ RunTime:0.0017s ]
SQL: SELECT * FROM `plate_cats` WHERE `id` = 217 LIMIT 1   [ RunTime:0.0007s ]
SQL: SHOW COLUMNS FROM `plate_conts_logs` [ RunTime:0.0029s ]
SQL: UPDATE `plate_conts_logs` SET `pid`='1',`cat_index`='1',`blank_id`='1738',`ptype`='2',`source`=NULL,`gnames`=NULL,`sorts`='1',`key_0`='供货方式',`value_0`='工厂生产',`key_1`='质量标准',`value_1`='国网标准',`key_2`='执行标准',`value_2`='GB/TGWD-2023',`price`='3.24',`dratio`='1.060',`market`='3.43',`trans`='7天内发货',`ticket_nor`=NULL,`ticket_person`=NULL,`status`='1',`uptimes`='1781255054',`times`='1781255049',`number`='1',`key_3`='起订数量',`value_3`='500米',`key_4`='计量单位',`value_4`='米',`key_5`='产品型号',`value_5`='ZC-YJV',`key_6`='电压等级',`value_6`='0.6/1KV',`key_7`='产品规格',`value_7`='1×10' WHERE `id` = 1397848 [ RunTime:0.0037s ]
ERR: {"status":1,"msg":"\u6210\u529f","data":[]}

[ 2026-06-12T17:04:14+08:00 ] ::1 /Home/Goods/plate_conts_blankr.html
INFO: [ app_init ] --START--
INFO: Run Behavior\BuildLiteBehavior [ RunTime:0.000005s ]
INFO: [ app_init ] --END-- [ RunTime:0.000052s ]
INFO: [ app_begin ] --START--
INFO: Run Behavior\ReadHtmlCacheBehavior [ RunTime:0.000044s ]
INFO: [ app_begin ] --END-- [ RunTime:0.000073s ]
SQL: SHOW COLUMNS FROM `plate_conts_blank` [ RunTime:0.0036s ]
SQL: SHOW COLUMNS FROM `plate_conts_logs` [ RunTime:0.0026s ]
SQL: SHOW COLUMNS FROM `plate_conts_logsr` [ RunTime:0.0024s ]
SQL: SELECT * FROM `plate_conts_blank` WHERE `id` = 1738 LIMIT 1   [ RunTime:0.0009s ]
SQL: SELECT * FROM `plate_conts_logs` WHERE `blank_id` = 1738 ORDER BY number asc,id asc  [ RunTime:0.0009s ]
SQL: SELECT `key_0` FROM `plate_conts_logs` WHERE `blank_id` = 1738 GROUP BY key_0 LIMIT 1   [ RunTime:0.0006s ]
SQL: SELECT `key_1` FROM `plate_conts_logs` WHERE `blank_id` = 1738 GROUP BY key_1 LIMIT 1   [ RunTime:0.0009s ]
SQL: SELECT `key_2` FROM `plate_conts_logs` WHERE `blank_id` = 1738 GROUP BY key_2 LIMIT 1   [ RunTime:0.0005s ]
SQL: SELECT `key_3` FROM `plate_conts_logs` WHERE `blank_id` = 1738 GROUP BY key_3 LIMIT 1   [ RunTime:0.0009s ]
SQL: SELECT `key_4` FROM `plate_conts_logs` WHERE `blank_id` = 1738 GROUP BY key_4 LIMIT 1   [ RunTime:0.0002s ]
SQL: SELECT `key_5` FROM `plate_conts_logs` WHERE `blank_id` = 1738 GROUP BY key_5 LIMIT 1   [ RunTime:0.0002s ]
SQL: SELECT `key_6` FROM `plate_conts_logs` WHERE `blank_id` = 1738 GROUP BY key_6 LIMIT 1   [ RunTime:0.0005s ]
SQL: SELECT `key_7` FROM `plate_conts_logs` WHERE `blank_id` = 1738 GROUP BY key_7 LIMIT 1   [ RunTime:0.0013s ]
SQL: SHOW COLUMNS FROM `new_tax` [ RunTime:0.0019s ]
SQL: SELECT * FROM `new_tax` WHERE `is_del` = 1  [ RunTime:0.0007s ]
SQL: SHOW COLUMNS FROM `plate_conts_price` [ RunTime:0.0022s ]
SQL: SELECT * FROM `plate_conts_price` WHERE `blank_id` = 1738 AND `is_del` = 1 ORDER BY sort asc, id asc  [ RunTime:0.0006s ]
SQL: SELECT * FROM `plate_conts_blank` WHERE `pid` = 1 AND `status` = 1 ORDER BY cat_index asc  [ RunTime:0.0003s ]
SQL: SHOW COLUMNS FROM `plate_conts_blank_group` [ RunTime:0.0023s ]
SQL: SELECT * FROM `plate_conts_blank_group` WHERE `pid` = 1 ORDER BY sort asc, id asc  [ RunTime:0.0004s ]
ERR: {"status":1,"msg":"\u83b7\u53d6\u6210\u529f","data":{"info":{"id":1738,"pid":1,"group_id":3,"catname":"\u5546\u54c1","cat_index":1,"source":["677187340b61b.png"],"sorts":0,"gimage":"677187340b3d7.png","gnames":"\u94dc\u82af\u4ea4\u8054\u805a\u4e59\u70ef\u7edd\u7f18\u805a\u6c2f\u4e59\u70ef\u62a4\u5957\u963b\u71c3\u7535\u7f06\u3010\u4e5d\u6298\u6807\u51c6\u3011","up_a":"0.0","down_a":"0.0","up_b":"0.0","down_b":"0.0","up_c":"0.0","down_c":"0.0","up_d":"0.0","down_d":"0.0","up_e":"0.0","down_e":"0.0","up_f":"0.0","down_f":"0.0","ticket_nor":3,"ticket_person":11,"status":1,"uptimes":1781096236,"times":1781095065,"new_tax_id":1},"key":{"keya":"\u4f9b\u8d27\u65b9\u5f0f","keyb":"\u8d28\u91cf\u6807\u51c6","keyc":"\u6267\u884c\u6807\u51c6","keyd":"\u8d77\u8ba2\u6570\u91cf","keye":"\u8ba1\u91cf\u5355\u4f4d","keyf":"\u4ea7\u54c1\u578b\u53f7","keyg":"\u7535\u538b\u7b49\u7ea7","keyh":"\u4ea7\u54c1\u89c4\u683c"},"list":[{"id":1397848,"pid":1,"cat_index":1,"blank_id":1738,"ptype":2,"source":null,"gnames":null,"sorts":1,"key_0":"\u4f9b\u8d27\u65b9\u5f0f","value_0":"\u5de5\u5382\u751f\u4ea7","key_1":"\u8d28\u91cf\u6807\u51c6","value_1":"\u56fd\u7f51\u6807\u51c6","key_2":"\u6267\u884c\u6807\u51c6","value_2":"GB\/TGWD-2023","price":"3.24","dratio":"1.060","market":"3.43","trans":"7\u5929\u5185\u53d1\u8d27","ticket_nor":null,"ticket_person":null,"status":1,"uptimes":1781255054,"times":1781255049,"number":1,"key_3":"\u8d77\u8ba2\u6570\u91cf","value_3":"500\u7c73","key_4":"\u8ba1\u91cf\u5355\u4f4d","value_4":"\u7c73","key_5":"\u4ea7\u54c1\u578b\u53f7","value_5":"ZC-YJV","key_6":"\u7535\u538b\u7b49\u7ea7","value_6":"0.6\/1KV","key_7":"\u4ea7\u54c1\u89c4\u683c","value_7":"1\u00d710"}],"tax_list":[{"id":1,"pid":0,"name":"\u7535\u529b\u7535\u7f06\u7a0e\u7387\u53d1\u7968","alias_name":"","normal_tax":"3.00","special_tax":"11.00","status":1,"is_del":1,"add_time":0,"up_time":0},{"id":2,"pid":0,"name":"\u5bb6\u88c5\u7535\u7ebf\u7a0e\u7387","alias_name":"","normal_tax":"3.00","special_tax":"10.00","status":1,"is_del":1,"add_time":0,"up_time":0},{"id":3,"pid":0,"name":"\u521a\u6027\u9632\u706b\u7535\u7f06\u7a0e\u7387","alias_name":"","normal_tax":"3.00","special_tax":"9.00","status":1,"is_del":1,"add_time":0,"up_time":0},{"id":9,"pid":0,"name":"\u6a61\u5957\u7535\u7f06\u7a0e\u7387","alias_name":"","normal_tax":"3.00","special_tax":"11.00","status":1,"is_del":1,"add_time":0,"up_time":0},{"id":10,"pid":0,"name":"\u77ff\u7528\u6a61\u80f6\u7535\u7f06\u7a0e\u7387","alias_name":"","normal_tax":"4.00","special_tax":"12.00","status":1,"is_del":1,"add_time":0,"up_time":0}],"price_list":[{"id":2648,"plate_conts_id":1,"new_cate_one_id":1,"new_cate_two_id":355,"new_cate_three_id":356,"name":"\u94dc\u82af\u5bfc\u4f53","ratio":"1.00","sort":1000,"is_del":1,"cat_index":1,"blank_id":1738},{"id":2649,"plate_conts_id":1,"new_cate_one_id":1,"new_cate_two_id":355,"new_cate_three_id":362,"name":"\u8f90\u7167\u4ea4\u8054\u7edd\u7f18","ratio":"1.00","sort":1000,"is_del":1,"cat_index":1,"blank_id":1738},{"id":2650,"plate_conts_id":1,"new_cate_one_id":1,"new_cate_two_id":355,"new_cate_three_id":371,"name":"PVC\u62a4\u5957","ratio":"1.00","sort":1000,"is_del":1,"cat_index":1,"blank_id":1738},{"id":7812,"plate_conts_id":1,"new_cate_one_id":1,"new_cate_two_id":355,"new_cate_three_id":356,"name":"\u94dc\u82af\u5bfc\u4f53","ratio":"0.90","sort":1000,"is_del":1,"cat_index":1,"blank_id":1738},{"id":7813,"plate_conts_id":1,"new_cate_one_id":1,"new_cate_two_id":355,"new_cate_three_id":362,"name":"\u8f90\u7167\u4ea4\u8054\u7edd\u7f18","ratio":"1.00","sort":1000,"is_del":1,"cat_index":1,"blank_id":1738}],"all_blanks":[{"id":1738,"pid":1,"group_id":3,"catname":"\u5546\u54c1","cat_index":1,"source":"[\"677187340b61b.png\"]","sorts":0,"gimage":"677187340b3d7.png","gnames":"\u94dc\u82af\u4ea4\u8054\u805a\u4e59\u70ef\u7edd\u7f18\u805a\u6c2f\u4e59\u70ef\u62a4\u5957\u963b\u71c3\u7535\u7f06\u3010\u4e5d\u6298\u6807\u51c6\u3011","up_a":"0.0","down_a":"0.0","up_b":"0.0","down_b":"0.0","up_c":"0.0","down_c":"0.0","up_d":"0.0","down_d":"0.0","up_e":"0.0","down_e":"0.0","up_f":"0.0","down_f":"0.0","ticket_nor":3,"ticket_person":11,"status":1,"uptimes":1781096236,"times":1781095065,"new_tax_id":1},{"id":1739,"pid":1,"group_id":4,"catname":"\u5546\u54c1","cat_index":1,"source":"[\"677187340b61b.png\"]","sorts":null,"gimage":"677187340b3d7.png","gnames":"\u94dc\u82af\u4ea4\u8054\u805a\u4e59\u70ef\u7edd\u7f18\u805a\u6c2f\u4e59\u70ef\u62a4\u5957\u963b\u71c3\u7535\u7f06\u3010\u4e5d\u6298\u6807\u51c6\u3011","up_a":"0.0","down_a":"0.0","up_b":"0.0","down_b":"0.0","up_c":"0.0","down_c":"0.0","up_d":"0.0","down_d":"0.0","up_e":"0.0","down_e":"0.0","up_f":"0.0","down_f":"0.0","ticket_nor":3,"ticket_person":11,"status":1,"uptimes":1781228972,"times":1781228972,"new_tax_id":1},{"id":1557,"pid":1,"group_id":3,"catname":"\u4e5d\u6298\u6807\u51c6","cat_index":2,"source":"[\"677187340b61b.png\"]","sorts":0,"gimage":"677187340b3d7.png","gnames":"\u94dc\u82af\u4ea4\u8054\u805a\u4e59\u70ef\u7edd\u7f18\u805a\u6c2f\u4e59\u70ef\u62a4\u5957\u963b\u71c3\u7535\u7f06\u3010\u4e5d\u6298\u6807\u51c6\u3011","up_a":"0.0","down_a":"0.0","up_b":"0.0","down_b":"0.0","up_c":"0.0","down_c":"0.0","up_d":"0.0","down_d":"0.0","up_e":"0.0","down_e":"0.0","up_f":"0.0","down_f":"0.0","ticket_nor":3,"ticket_person":11,"status":1,"uptimes":1781095113,"times":1735489364,"new_tax_id":1},{"id":1740,"pid":1,"group_id":4,"catname":"\u4e5d\u6298\u6807\u51c6","cat_index":2,"source":"[\"677187340b61b.png\"]","sorts":null,"gimage":"677187340b3d7.png","gnames":"\u94dc\u82af\u4ea4\u8054\u805a\u4e59\u70ef\u7edd\u7f18\u805a\u6c2f\u4e59\u70ef\u62a4\u5957\u963b\u71c3\u7535\u7f06\u3010\u4e5d\u6298\u6807\u51c6\u3011","up_a":"0.0","down_a":"0.0","up_b":"0.0","down_b":"0.0","up_c":"0.0","down_c":"0.0","up_d":"0.0","down_d":"0.0","up_e":"0.0","down_e":"0.0","up_f":"0.0","down_f":"0.0","ticket_nor":3,"ticket_person":11,"status":1,"uptimes":1781228972,"times":1781228972,"new_tax_id":1},{"id":1558,"pid":1,"group_id":3,"catname":"\u516b\u6298\u6807\u51c6","cat_index":3,"source":"[\"677187340b61b.png\"]","sorts":0,"gimage":"677187340b3d7.png","gnames":"\u94dc\u82af\u4ea4\u8054\u805a\u4e59\u70ef\u7edd\u7f18\u805a\u6c2f\u4e59\u70ef\u62a4\u5957\u963b\u71c3\u7535\u7f06\u3010\u4e5d\u6298\u6807\u51c6\u3011","up_a":"0.0","down_a":"0.0","up_b":"0.0","down_b":"0.0","up_c":"0.0","down_c":"0.0","up_d":"0.0","down_d":"0.0","up_e":"0.0","down_e":"0.0","up_f":"0.0","down_f":"0.0","ticket_nor":3,"ticket_person":11,"status":1,"uptimes":1781096265,"times":1735490732,"new_tax_id":1},{"id":1741,"pid":1,"group_id":4,"catname":"\u516b\u6298\u6807\u51c6","cat_index":3,"source":"[\"677187340b61b.png\"]","sorts":null,"gimage":"677187340b3d7.png","gnames":"\u94dc\u82af\u4ea4\u8054\u805a\u4e59\u70ef\u7edd\u7f18\u805a\u6c2f\u4e59\u70ef\u62a4\u5957\u963b\u71c3\u7535\u7f06\u3010\u4e5d\u6298\u6807\u51c6\u3011","up_a":"0.0","down_a":"0.0","up_b":"0.0","down_b":"0.0","up_c":"0.0","down_c":"0.0","up_d":"0.0","down_d":"0.0","up_e":"0.0","down_e":"0.0","up_f":"0.0","down_f":"0.0","ticket_nor":3,"ticket_person":11,"status":1,"uptimes":1781228972,"times":1781228972,"new_tax_id":1}],"group_list":[{"id":3,"pid":1,"name":"test1","ratio":"1.000000","sort":0,"add_time":1781145782,"up_time":1781145782},{"id":4,"pid":1,"name":"test2","ratio":"1.000000","sort":0,"add_time":1781145796,"up_time":1781145796}]}}

[ 2026-06-12T17:04:15+08:00 ] ::1 /Home/Goods/plate_conts_update.html
INFO: [ app_init ] --START--
INFO: Run Behavior\BuildLiteBehavior [ RunTime:0.000003s ]
INFO: [ app_init ] --END-- [ RunTime:0.000056s ]
INFO: [ app_begin ] --START--
INFO: Run Behavior\ReadHtmlCacheBehavior [ RunTime:0.000057s ]
INFO: [ app_begin ] --END-- [ RunTime:0.000083s ]
SQL: SHOW COLUMNS FROM `plate_conts` [ RunTime:0.0044s ]
SQL: SHOW COLUMNS FROM `plate_cats` [ RunTime:0.0023s ]
SQL: SHOW COLUMNS FROM `plate_conts_blank` [ RunTime:0.0020s ]
SQL: SELECT * FROM `plate_conts_blank` WHERE `id` = 1738 LIMIT 1   [ RunTime:0.0004s ]
SQL: SELECT * FROM `plate_conts` WHERE `id` = 1 LIMIT 1   [ RunTime:0.0002s ]
SQL: SELECT * FROM `plate_cats` WHERE `id` = 217 LIMIT 1   [ RunTime:0.0021s ]
SQL: SHOW COLUMNS FROM `plate_conts_logs` [ RunTime:0.0024s ]
SQL: UPDATE `plate_conts_logs` SET `pid`='1',`cat_index`='1',`blank_id`='1738',`ptype`='2',`source`=NULL,`gnames`=NULL,`sorts`='1',`key_0`='供货方式',`value_0`='工厂生产',`key_1`='质量标准',`value_1`='国网标准',`key_2`='执行标准',`value_2`='GB/TGWD-2023',`price`='3.24',`dratio`='1.060',`market`='3.43',`trans`='7天内发货',`ticket_nor`=NULL,`ticket_person`=NULL,`status`='1',`uptimes`='1781255055',`times`='1781255049',`number`='1',`key_3`='起订数量',`value_3`='500米',`key_4`='计量单位',`value_4`='米',`key_5`='产品型号',`value_5`='ZC-YJV',`key_6`='电压等级',`value_6`='0.6/1KV',`key_7`='产品规格',`value_7`='1×10' WHERE `id` = 1397848 [ RunTime:0.0022s ]
ERR: {"status":1,"msg":"\u6210\u529f","data":[]}

[ 2026-06-12T17:04:15+08:00 ] ::1 /Home/Goods/plate_conts_blankr.html
INFO: [ app_init ] --START--
INFO: Run Behavior\BuildLiteBehavior [ RunTime:0.000003s ]
INFO: [ app_init ] --END-- [ RunTime:0.000022s ]
INFO: [ app_begin ] --START--
INFO: Run Behavior\ReadHtmlCacheBehavior [ RunTime:0.000009s ]
INFO: [ app_begin ] --END-- [ RunTime:0.000015s ]
SQL: SHOW COLUMNS FROM `plate_conts_blank` [ RunTime:0.0030s ]
SQL: SHOW COLUMNS FROM `plate_conts_logs` [ RunTime:0.0028s ]
SQL: SHOW COLUMNS FROM `plate_conts_logsr` [ RunTime:0.0024s ]
SQL: SELECT * FROM `plate_conts_blank` WHERE `id` = 1738 LIMIT 1   [ RunTime:0.0007s ]
SQL: SELECT * FROM `plate_conts_logs` WHERE `blank_id` = 1738 ORDER BY number asc,id asc  [ RunTime:0.0008s ]
SQL: SELECT `key_0` FROM `plate_conts_logs` WHERE `blank_id` = 1738 GROUP BY key_0 LIMIT 1   [ RunTime:0.0006s ]
SQL: SELECT `key_1` FROM `plate_conts_logs` WHERE `blank_id` = 1738 GROUP BY key_1 LIMIT 1   [ RunTime:0.0004s ]
SQL: SELECT `key_2` FROM `plate_conts_logs` WHERE `blank_id` = 1738 GROUP BY key_2 LIMIT 1   [ RunTime:0.0003s ]
SQL: SELECT `key_3` FROM `plate_conts_logs` WHERE `blank_id` = 1738 GROUP BY key_3 LIMIT 1   [ RunTime:0.0002s ]
SQL: SELECT `key_4` FROM `plate_conts_logs` WHERE `blank_id` = 1738 GROUP BY key_4 LIMIT 1   [ RunTime:0.0002s ]
SQL: SELECT `key_5` FROM `plate_conts_logs` WHERE `blank_id` = 1738 GROUP BY key_5 LIMIT 1   [ RunTime:0.0003s ]
SQL: SELECT `key_6` FROM `plate_conts_logs` WHERE `blank_id` = 1738 GROUP BY key_6 LIMIT 1   [ RunTime:0.0004s ]
SQL: SELECT `key_7` FROM `plate_conts_logs` WHERE `blank_id` = 1738 GROUP BY key_7 LIMIT 1   [ RunTime:0.0002s ]
SQL: SHOW COLUMNS FROM `new_tax` [ RunTime:0.0014s ]
SQL: SELECT * FROM `new_tax` WHERE `is_del` = 1  [ RunTime:0.0005s ]
SQL: SHOW COLUMNS FROM `plate_conts_price` [ RunTime:0.0025s ]
SQL: SELECT * FROM `plate_conts_price` WHERE `blank_id` = 1738 AND `is_del` = 1 ORDER BY sort asc, id asc  [ RunTime:0.0009s ]
SQL: SELECT * FROM `plate_conts_blank` WHERE `pid` = 1 AND `status` = 1 ORDER BY cat_index asc  [ RunTime:0.0004s ]
SQL: SHOW COLUMNS FROM `plate_conts_blank_group` [ RunTime:0.0015s ]
SQL: SELECT * FROM `plate_conts_blank_group` WHERE `pid` = 1 ORDER BY sort asc, id asc  [ RunTime:0.0004s ]
ERR: {"status":1,"msg":"\u83b7\u53d6\u6210\u529f","data":{"info":{"id":1738,"pid":1,"group_id":3,"catname":"\u5546\u54c1","cat_index":1,"source":["677187340b61b.png"],"sorts":0,"gimage":"677187340b3d7.png","gnames":"\u94dc\u82af\u4ea4\u8054\u805a\u4e59\u70ef\u7edd\u7f18\u805a\u6c2f\u4e59\u70ef\u62a4\u5957\u963b\u71c3\u7535\u7f06\u3010\u4e5d\u6298\u6807\u51c6\u3011","up_a":"0.0","down_a":"0.0","up_b":"0.0","down_b":"0.0","up_c":"0.0","down_c":"0.0","up_d":"0.0","down_d":"0.0","up_e":"0.0","down_e":"0.0","up_f":"0.0","down_f":"0.0","ticket_nor":3,"ticket_person":11,"status":1,"uptimes":1781096236,"times":1781095065,"new_tax_id":1},"key":{"keya":"\u4f9b\u8d27\u65b9\u5f0f","keyb":"\u8d28\u91cf\u6807\u51c6","keyc":"\u6267\u884c\u6807\u51c6","keyd":"\u8d77\u8ba2\u6570\u91cf","keye":"\u8ba1\u91cf\u5355\u4f4d","keyf":"\u4ea7\u54c1\u578b\u53f7","keyg":"\u7535\u538b\u7b49\u7ea7","keyh":"\u4ea7\u54c1\u89c4\u683c"},"list":[{"id":1397848,"pid":1,"cat_index":1,"blank_id":1738,"ptype":2,"source":null,"gnames":null,"sorts":1,"key_0":"\u4f9b\u8d27\u65b9\u5f0f","value_0":"\u5de5\u5382\u751f\u4ea7","key_1":"\u8d28\u91cf\u6807\u51c6","value_1":"\u56fd\u7f51\u6807\u51c6","key_2":"\u6267\u884c\u6807\u51c6","value_2":"GB\/TGWD-2023","price":"3.24","dratio":"1.060","market":"3.43","trans":"7\u5929\u5185\u53d1\u8d27","ticket_nor":null,"ticket_person":null,"status":1,"uptimes":1781255055,"times":1781255049,"number":1,"key_3":"\u8d77\u8ba2\u6570\u91cf","value_3":"500\u7c73","key_4":"\u8ba1\u91cf\u5355\u4f4d","value_4":"\u7c73","key_5":"\u4ea7\u54c1\u578b\u53f7","value_5":"ZC-YJV","key_6":"\u7535\u538b\u7b49\u7ea7","value_6":"0.6\/1KV","key_7":"\u4ea7\u54c1\u89c4\u683c","value_7":"1\u00d710"}],"tax_list":[{"id":1,"pid":0,"name":"\u7535\u529b\u7535\u7f06\u7a0e\u7387\u53d1\u7968","alias_name":"","normal_tax":"3.00","special_tax":"11.00","status":1,"is_del":1,"add_time":0,"up_time":0},{"id":2,"pid":0,"name":"\u5bb6\u88c5\u7535\u7ebf\u7a0e\u7387","alias_name":"","normal_tax":"3.00","special_tax":"10.00","status":1,"is_del":1,"add_time":0,"up_time":0},{"id":3,"pid":0,"name":"\u521a\u6027\u9632\u706b\u7535\u7f06\u7a0e\u7387","alias_name":"","normal_tax":"3.00","special_tax":"9.00","status":1,"is_del":1,"add_time":0,"up_time":0},{"id":9,"pid":0,"name":"\u6a61\u5957\u7535\u7f06\u7a0e\u7387","alias_name":"","normal_tax":"3.00","special_tax":"11.00","status":1,"is_del":1,"add_time":0,"up_time":0},{"id":10,"pid":0,"name":"\u77ff\u7528\u6a61\u80f6\u7535\u7f06\u7a0e\u7387","alias_name":"","normal_tax":"4.00","special_tax":"12.00","status":1,"is_del":1,"add_time":0,"up_time":0}],"price_list":[{"id":2648,"plate_conts_id":1,"new_cate_one_id":1,"new_cate_two_id":355,"new_cate_three_id":356,"name":"\u94dc\u82af\u5bfc\u4f53","ratio":"1.00","sort":1000,"is_del":1,"cat_index":1,"blank_id":1738},{"id":2649,"plate_conts_id":1,"new_cate_one_id":1,"new_cate_two_id":355,"new_cate_three_id":362,"name":"\u8f90\u7167\u4ea4\u8054\u7edd\u7f18","ratio":"1.00","sort":1000,"is_del":1,"cat_index":1,"blank_id":1738},{"id":2650,"plate_conts_id":1,"new_cate_one_id":1,"new_cate_two_id":355,"new_cate_three_id":371,"name":"PVC\u62a4\u5957","ratio":"1.00","sort":1000,"is_del":1,"cat_index":1,"blank_id":1738},{"id":7812,"plate_conts_id":1,"new_cate_one_id":1,"new_cate_two_id":355,"new_cate_three_id":356,"name":"\u94dc\u82af\u5bfc\u4f53","ratio":"0.90","sort":1000,"is_del":1,"cat_index":1,"blank_id":1738},{"id":7813,"plate_conts_id":1,"new_cate_one_id":1,"new_cate_two_id":355,"new_cate_three_id":362,"name":"\u8f90\u7167\u4ea4\u8054\u7edd\u7f18","ratio":"1.00","sort":1000,"is_del":1,"cat_index":1,"blank_id":1738}],"all_blanks":[{"id":1738,"pid":1,"group_id":3,"catname":"\u5546\u54c1","cat_index":1,"source":"[\"677187340b61b.png\"]","sorts":0,"gimage":"677187340b3d7.png","gnames":"\u94dc\u82af\u4ea4\u8054\u805a\u4e59\u70ef\u7edd\u7f18\u805a\u6c2f\u4e59\u70ef\u62a4\u5957\u963b\u71c3\u7535\u7f06\u3010\u4e5d\u6298\u6807\u51c6\u3011","up_a":"0.0","down_a":"0.0","up_b":"0.0","down_b":"0.0","up_c":"0.0","down_c":"0.0","up_d":"0.0","down_d":"0.0","up_e":"0.0","down_e":"0.0","up_f":"0.0","down_f":"0.0","ticket_nor":3,"ticket_person":11,"status":1,"uptimes":1781096236,"times":1781095065,"new_tax_id":1},{"id":1739,"pid":1,"group_id":4,"catname":"\u5546\u54c1","cat_index":1,"source":"[\"677187340b61b.png\"]","sorts":null,"gimage":"677187340b3d7.png","gnames":"\u94dc\u82af\u4ea4\u8054\u805a\u4e59\u70ef\u7edd\u7f18\u805a\u6c2f\u4e59\u70ef\u62a4\u5957\u963b\u71c3\u7535\u7f06\u3010\u4e5d\u6298\u6807\u51c6\u3011","up_a":"0.0","down_a":"0.0","up_b":"0.0","down_b":"0.0","up_c":"0.0","down_c":"0.0","up_d":"0.0","down_d":"0.0","up_e":"0.0","down_e":"0.0","up_f":"0.0","down_f":"0.0","ticket_nor":3,"ticket_person":11,"status":1,"uptimes":1781228972,"times":1781228972,"new_tax_id":1},{"id":1557,"pid":1,"group_id":3,"catname":"\u4e5d\u6298\u6807\u51c6","cat_index":2,"source":"[\"677187340b61b.png\"]","sorts":0,"gimage":"677187340b3d7.png","gnames":"\u94dc\u82af\u4ea4\u8054\u805a\u4e59\u70ef\u7edd\u7f18\u805a\u6c2f\u4e59\u70ef\u62a4\u5957\u963b\u71c3\u7535\u7f06\u3010\u4e5d\u6298\u6807\u51c6\u3011","up_a":"0.0","down_a":"0.0","up_b":"0.0","down_b":"0.0","up_c":"0.0","down_c":"0.0","up_d":"0.0","down_d":"0.0","up_e":"0.0","down_e":"0.0","up_f":"0.0","down_f":"0.0","ticket_nor":3,"ticket_person":11,"status":1,"uptimes":1781095113,"times":1735489364,"new_tax_id":1},{"id":1740,"pid":1,"group_id":4,"catname":"\u4e5d\u6298\u6807\u51c6","cat_index":2,"source":"[\"677187340b61b.png\"]","sorts":null,"gimage":"677187340b3d7.png","gnames":"\u94dc\u82af\u4ea4\u8054\u805a\u4e59\u70ef\u7edd\u7f18\u805a\u6c2f\u4e59\u70ef\u62a4\u5957\u963b\u71c3\u7535\u7f06\u3010\u4e5d\u6298\u6807\u51c6\u3011","up_a":"0.0","down_a":"0.0","up_b":"0.0","down_b":"0.0","up_c":"0.0","down_c":"0.0","up_d":"0.0","down_d":"0.0","up_e":"0.0","down_e":"0.0","up_f":"0.0","down_f":"0.0","ticket_nor":3,"ticket_person":11,"status":1,"uptimes":1781228972,"times":1781228972,"new_tax_id":1},{"id":1558,"pid":1,"group_id":3,"catname":"\u516b\u6298\u6807\u51c6","cat_index":3,"source":"[\"677187340b61b.png\"]","sorts":0,"gimage":"677187340b3d7.png","gnames":"\u94dc\u82af\u4ea4\u8054\u805a\u4e59\u70ef\u7edd\u7f18\u805a\u6c2f\u4e59\u70ef\u62a4\u5957\u963b\u71c3\u7535\u7f06\u3010\u4e5d\u6298\u6807\u51c6\u3011","up_a":"0.0","down_a":"0.0","up_b":"0.0","down_b":"0.0","up_c":"0.0","down_c":"0.0","up_d":"0.0","down_d":"0.0","up_e":"0.0","down_e":"0.0","up_f":"0.0","down_f":"0.0","ticket_nor":3,"ticket_person":11,"status":1,"uptimes":1781096265,"times":1735490732,"new_tax_id":1},{"id":1741,"pid":1,"group_id":4,"catname":"\u516b\u6298\u6807\u51c6","cat_index":3,"source":"[\"677187340b61b.png\"]","sorts":null,"gimage":"677187340b3d7.png","gnames":"\u94dc\u82af\u4ea4\u8054\u805a\u4e59\u70ef\u7edd\u7f18\u805a\u6c2f\u4e59\u70ef\u62a4\u5957\u963b\u71c3\u7535\u7f06\u3010\u4e5d\u6298\u6807\u51c6\u3011","up_a":"0.0","down_a":"0.0","up_b":"0.0","down_b":"0.0","up_c":"0.0","down_c":"0.0","up_d":"0.0","down_d":"0.0","up_e":"0.0","down_e":"0.0","up_f":"0.0","down_f":"0.0","ticket_nor":3,"ticket_person":11,"status":1,"uptimes":1781228972,"times":1781228972,"new_tax_id":1}],"group_list":[{"id":3,"pid":1,"name":"test1","ratio":"1.000000","sort":0,"add_time":1781145782,"up_time":1781145782},{"id":4,"pid":1,"name":"test2","ratio":"1.000000","sort":0,"add_time":1781145796,"up_time":1781145796}]}}

[ 2026-06-12T17:06:07+08:00 ] ::1 /Home/Goods/plate_conts_list/id/1.html
INFO: [ app_init ] --START--
INFO: Run Behavior\BuildLiteBehavior [ RunTime:0.000005s ]
INFO: [ app_init ] --END-- [ RunTime:0.000052s ]
INFO: [ app_begin ] --START--
INFO: Run Behavior\ReadHtmlCacheBehavior [ RunTime:0.000019s ]
INFO: [ app_begin ] --END-- [ RunTime:0.000031s ]
SQL: SHOW COLUMNS FROM `plate_conts` [ RunTime:0.0112s ]
SQL: SHOW COLUMNS FROM `sys_tmps` [ RunTime:0.0028s ]
SQL: SELECT * FROM `plate_conts` WHERE `id` = 1 LIMIT 1   [ RunTime:0.0014s ]
SQL: SELECT * FROM `sys_tmps` WHERE `types` = 2 ORDER BY id desc  [ RunTime:0.0017s ]
INFO: [ view_parse ] --START--
INFO: [ template_filter ] --START--
INFO: Run Behavior\ContentReplaceBehavior [ RunTime:0.000149s ]
INFO: [ template_filter ] --END-- [ RunTime:0.000167s ]
INFO: Run Behavior\ParseTemplateBehavior [ RunTime:0.009068s ]
INFO: [ view_parse ] --END-- [ RunTime:0.009085s ]
INFO: [ view_filter ] --START--
INFO: Run Behavior\WriteHtmlCacheBehavior [ RunTime:0.000028s ]
INFO: [ view_filter ] --END-- [ RunTime:0.000036s ]
INFO: [ app_end ] --START--
INFO: Run Behavior\ShowPageTraceBehavior [ RunTime:0.000032s ]
INFO: [ app_end ] --END-- [ RunTime:0.000037s ]

[ 2026-06-12T17:06:07+08:00 ] ::1 /Home/Goods/plate_conts_blankr.html
INFO: [ app_init ] --START--
INFO: Run Behavior\BuildLiteBehavior [ RunTime:0.000009s ]
INFO: [ app_init ] --END-- [ RunTime:0.000046s ]
INFO: [ app_begin ] --START--
INFO: Run Behavior\ReadHtmlCacheBehavior [ RunTime:0.000018s ]
INFO: [ app_begin ] --END-- [ RunTime:0.000028s ]
SQL: SHOW COLUMNS FROM `plate_conts_blank` [ RunTime:0.0033s ]
SQL: SHOW COLUMNS FROM `plate_conts_logs` [ RunTime:0.0026s ]
SQL: SHOW COLUMNS FROM `plate_conts_logsr` [ RunTime:0.0050s ]
SQL: SELECT * FROM `plate_conts_blank` WHERE `pid` = 1 AND `cat_index` = 1 LIMIT 1   [ RunTime:0.0020s ]
SQL: SELECT * FROM `plate_conts_logs` WHERE `blank_id` = 1738 ORDER BY number asc,id asc  [ RunTime:0.0014s ]
SQL: SELECT `key_0` FROM `plate_conts_logs` WHERE `blank_id` = 1738 GROUP BY key_0 LIMIT 1   [ RunTime:0.0006s ]
SQL: SELECT `key_1` FROM `plate_conts_logs` WHERE `blank_id` = 1738 GROUP BY key_1 LIMIT 1   [ RunTime:0.0004s ]
SQL: SELECT `key_2` FROM `plate_conts_logs` WHERE `blank_id` = 1738 GROUP BY key_2 LIMIT 1   [ RunTime:0.0002s ]
SQL: SELECT `key_3` FROM `plate_conts_logs` WHERE `blank_id` = 1738 GROUP BY key_3 LIMIT 1   [ RunTime:0.0015s ]
SQL: SELECT `key_4` FROM `plate_conts_logs` WHERE `blank_id` = 1738 GROUP BY key_4 LIMIT 1   [ RunTime:0.0008s ]
SQL: SELECT `key_5` FROM `plate_conts_logs` WHERE `blank_id` = 1738 GROUP BY key_5 LIMIT 1   [ RunTime:0.0003s ]
SQL: SELECT `key_6` FROM `plate_conts_logs` WHERE `blank_id` = 1738 GROUP BY key_6 LIMIT 1   [ RunTime:0.0002s ]
SQL: SELECT `key_7` FROM `plate_conts_logs` WHERE `blank_id` = 1738 GROUP BY key_7 LIMIT 1   [ RunTime:0.0002s ]
SQL: SHOW COLUMNS FROM `new_tax` [ RunTime:0.0016s ]
SQL: SELECT * FROM `new_tax` WHERE `is_del` = 1  [ RunTime:0.0004s ]
SQL: SHOW COLUMNS FROM `plate_conts_price` [ RunTime:0.0011s ]
SQL: SELECT * FROM `plate_conts_price` WHERE `blank_id` = 1738 AND `is_del` = 1 ORDER BY sort asc, id asc  [ RunTime:0.0006s ]
SQL: SELECT * FROM `plate_conts_blank` WHERE `pid` = 1 AND `status` = 1 ORDER BY cat_index asc  [ RunTime:0.0005s ]
SQL: SHOW COLUMNS FROM `plate_conts_blank_group` [ RunTime:0.0017s ]
SQL: SELECT * FROM `plate_conts_blank_group` WHERE `pid` = 1 ORDER BY sort asc, id asc  [ RunTime:0.0005s ]
ERR: {"status":1,"msg":"\u83b7\u53d6\u6210\u529f","data":{"info":{"id":1738,"pid":1,"group_id":3,"catname":"\u5546\u54c1","cat_index":1,"source":["677187340b61b.png"],"sorts":0,"gimage":"677187340b3d7.png","gnames":"\u94dc\u82af\u4ea4\u8054\u805a\u4e59\u70ef\u7edd\u7f18\u805a\u6c2f\u4e59\u70ef\u62a4\u5957\u963b\u71c3\u7535\u7f06\u3010\u4e5d\u6298\u6807\u51c6\u3011","up_a":"0.0","down_a":"0.0","up_b":"0.0","down_b":"0.0","up_c":"0.0","down_c":"0.0","up_d":"0.0","down_d":"0.0","up_e":"0.0","down_e":"0.0","up_f":"0.0","down_f":"0.0","ticket_nor":3,"ticket_person":11,"status":1,"uptimes":1781096236,"times":1781095065,"new_tax_id":1},"key":{"keya":"\u4f9b\u8d27\u65b9\u5f0f","keyb":"\u8d28\u91cf\u6807\u51c6","keyc":"\u6267\u884c\u6807\u51c6","keyd":"\u8d77\u8ba2\u6570\u91cf","keye":"\u8ba1\u91cf\u5355\u4f4d","keyf":"\u4ea7\u54c1\u578b\u53f7","keyg":"\u7535\u538b\u7b49\u7ea7","keyh":"\u4ea7\u54c1\u89c4\u683c"},"list":[{"id":1397848,"pid":1,"cat_index":1,"blank_id":1738,"ptype":2,"source":null,"gnames":null,"sorts":1,"key_0":"\u4f9b\u8d27\u65b9\u5f0f","value_0":"\u5de5\u5382\u751f\u4ea7","key_1":"\u8d28\u91cf\u6807\u51c6","value_1":"\u56fd\u7f51\u6807\u51c6","key_2":"\u6267\u884c\u6807\u51c6","value_2":"GB\/TGWD-2023","price":"3.24","dratio":"1.060","market":"3.43","trans":"7\u5929\u5185\u53d1\u8d27","ticket_nor":null,"ticket_person":null,"status":1,"uptimes":1781255055,"times":1781255049,"number":1,"key_3":"\u8d77\u8ba2\u6570\u91cf","value_3":"500\u7c73","key_4":"\u8ba1\u91cf\u5355\u4f4d","value_4":"\u7c73","key_5":"\u4ea7\u54c1\u578b\u53f7","value_5":"ZC-YJV","key_6":"\u7535\u538b\u7b49\u7ea7","value_6":"0.6\/1KV","key_7":"\u4ea7\u54c1\u89c4\u683c","value_7":"1\u00d710"}],"tax_list":[{"id":1,"pid":0,"name":"\u7535\u529b\u7535\u7f06\u7a0e\u7387\u53d1\u7968","alias_name":"","normal_tax":"3.00","special_tax":"11.00","status":1,"is_del":1,"add_time":0,"up_time":0},{"id":2,"pid":0,"name":"\u5bb6\u88c5\u7535\u7ebf\u7a0e\u7387","alias_name":"","normal_tax":"3.00","special_tax":"10.00","status":1,"is_del":1,"add_time":0,"up_time":0},{"id":3,"pid":0,"name":"\u521a\u6027\u9632\u706b\u7535\u7f06\u7a0e\u7387","alias_name":"","normal_tax":"3.00","special_tax":"9.00","status":1,"is_del":1,"add_time":0,"up_time":0},{"id":9,"pid":0,"name":"\u6a61\u5957\u7535\u7f06\u7a0e\u7387","alias_name":"","normal_tax":"3.00","special_tax":"11.00","status":1,"is_del":1,"add_time":0,"up_time":0},{"id":10,"pid":0,"name":"\u77ff\u7528\u6a61\u80f6\u7535\u7f06\u7a0e\u7387","alias_name":"","normal_tax":"4.00","special_tax":"12.00","status":1,"is_del":1,"add_time":0,"up_time":0}],"price_list":[{"id":2648,"plate_conts_id":1,"new_cate_one_id":1,"new_cate_two_id":355,"new_cate_three_id":356,"name":"\u94dc\u82af\u5bfc\u4f53","ratio":"1.00","sort":1000,"is_del":1,"cat_index":1,"blank_id":1738},{"id":2649,"plate_conts_id":1,"new_cate_one_id":1,"new_cate_two_id":355,"new_cate_three_id":362,"name":"\u8f90\u7167\u4ea4\u8054\u7edd\u7f18","ratio":"1.00","sort":1000,"is_del":1,"cat_index":1,"blank_id":1738},{"id":2650,"plate_conts_id":1,"new_cate_one_id":1,"new_cate_two_id":355,"new_cate_three_id":371,"name":"PVC\u62a4\u5957","ratio":"1.00","sort":1000,"is_del":1,"cat_index":1,"blank_id":1738},{"id":7812,"plate_conts_id":1,"new_cate_one_id":1,"new_cate_two_id":355,"new_cate_three_id":356,"name":"\u94dc\u82af\u5bfc\u4f53","ratio":"0.90","sort":1000,"is_del":1,"cat_index":1,"blank_id":1738},{"id":7813,"plate_conts_id":1,"new_cate_one_id":1,"new_cate_two_id":355,"new_cate_three_id":362,"name":"\u8f90\u7167\u4ea4\u8054\u7edd\u7f18","ratio":"1.00","sort":1000,"is_del":1,"cat_index":1,"blank_id":1738}],"all_blanks":[{"id":1738,"pid":1,"group_id":3,"catname":"\u5546\u54c1","cat_index":1,"source":"[\"677187340b61b.png\"]","sorts":0,"gimage":"677187340b3d7.png","gnames":"\u94dc\u82af\u4ea4\u8054\u805a\u4e59\u70ef\u7edd\u7f18\u805a\u6c2f\u4e59\u70ef\u62a4\u5957\u963b\u71c3\u7535\u7f06\u3010\u4e5d\u6298\u6807\u51c6\u3011","up_a":"0.0","down_a":"0.0","up_b":"0.0","down_b":"0.0","up_c":"0.0","down_c":"0.0","up_d":"0.0","down_d":"0.0","up_e":"0.0","down_e":"0.0","up_f":"0.0","down_f":"0.0","ticket_nor":3,"ticket_person":11,"status":1,"uptimes":1781096236,"times":1781095065,"new_tax_id":1},{"id":1739,"pid":1,"group_id":4,"catname":"\u5546\u54c1","cat_index":1,"source":"[\"677187340b61b.png\"]","sorts":null,"gimage":"677187340b3d7.png","gnames":"\u94dc\u82af\u4ea4\u8054\u805a\u4e59\u70ef\u7edd\u7f18\u805a\u6c2f\u4e59\u70ef\u62a4\u5957\u963b\u71c3\u7535\u7f06\u3010\u4e5d\u6298\u6807\u51c6\u3011","up_a":"0.0","down_a":"0.0","up_b":"0.0","down_b":"0.0","up_c":"0.0","down_c":"0.0","up_d":"0.0","down_d":"0.0","up_e":"0.0","down_e":"0.0","up_f":"0.0","down_f":"0.0","ticket_nor":3,"ticket_person":11,"status":1,"uptimes":1781228972,"times":1781228972,"new_tax_id":1},{"id":1557,"pid":1,"group_id":3,"catname":"\u4e5d\u6298\u6807\u51c6","cat_index":2,"source":"[\"677187340b61b.png\"]","sorts":0,"gimage":"677187340b3d7.png","gnames":"\u94dc\u82af\u4ea4\u8054\u805a\u4e59\u70ef\u7edd\u7f18\u805a\u6c2f\u4e59\u70ef\u62a4\u5957\u963b\u71c3\u7535\u7f06\u3010\u4e5d\u6298\u6807\u51c6\u3011","up_a":"0.0","down_a":"0.0","up_b":"0.0","down_b":"0.0","up_c":"0.0","down_c":"0.0","up_d":"0.0","down_d":"0.0","up_e":"0.0","down_e":"0.0","up_f":"0.0","down_f":"0.0","ticket_nor":3,"ticket_person":11,"status":1,"uptimes":1781095113,"times":1735489364,"new_tax_id":1},{"id":1740,"pid":1,"group_id":4,"catname":"\u4e5d\u6298\u6807\u51c6","cat_index":2,"source":"[\"677187340b61b.png\"]","sorts":null,"gimage":"677187340b3d7.png","gnames":"\u94dc\u82af\u4ea4\u8054\u805a\u4e59\u70ef\u7edd\u7f18\u805a\u6c2f\u4e59\u70ef\u62a4\u5957\u963b\u71c3\u7535\u7f06\u3010\u4e5d\u6298\u6807\u51c6\u3011","up_a":"0.0","down_a":"0.0","up_b":"0.0","down_b":"0.0","up_c":"0.0","down_c":"0.0","up_d":"0.0","down_d":"0.0","up_e":"0.0","down_e":"0.0","up_f":"0.0","down_f":"0.0","ticket_nor":3,"ticket_person":11,"status":1,"uptimes":1781228972,"times":1781228972,"new_tax_id":1},{"id":1558,"pid":1,"group_id":3,"catname":"\u516b\u6298\u6807\u51c6","cat_index":3,"source":"[\"677187340b61b.png\"]","sorts":0,"gimage":"677187340b3d7.png","gnames":"\u94dc\u82af\u4ea4\u8054\u805a\u4e59\u70ef\u7edd\u7f18\u805a\u6c2f\u4e59\u70ef\u62a4\u5957\u963b\u71c3\u7535\u7f06\u3010\u4e5d\u6298\u6807\u51c6\u3011","up_a":"0.0","down_a":"0.0","up_b":"0.0","down_b":"0.0","up_c":"0.0","down_c":"0.0","up_d":"0.0","down_d":"0.0","up_e":"0.0","down_e":"0.0","up_f":"0.0","down_f":"0.0","ticket_nor":3,"ticket_person":11,"status":1,"uptimes":1781096265,"times":1735490732,"new_tax_id":1},{"id":1741,"pid":1,"group_id":4,"catname":"\u516b\u6298\u6807\u51c6","cat_index":3,"source":"[\"677187340b61b.png\"]","sorts":null,"gimage":"677187340b3d7.png","gnames":"\u94dc\u82af\u4ea4\u8054\u805a\u4e59\u70ef\u7edd\u7f18\u805a\u6c2f\u4e59\u70ef\u62a4\u5957\u963b\u71c3\u7535\u7f06\u3010\u4e5d\u6298\u6807\u51c6\u3011","up_a":"0.0","down_a":"0.0","up_b":"0.0","down_b":"0.0","up_c":"0.0","down_c":"0.0","up_d":"0.0","down_d":"0.0","up_e":"0.0","down_e":"0.0","up_f":"0.0","down_f":"0.0","ticket_nor":3,"ticket_person":11,"status":1,"uptimes":1781228972,"times":1781228972,"new_tax_id":1}],"group_list":[{"id":3,"pid":1,"name":"test1","ratio":"1.000000","sort":0,"add_time":1781145782,"up_time":1781145782},{"id":4,"pid":1,"name":"test2","ratio":"1.000000","sort":0,"add_time":1781145796,"up_time":1781145796}]}}

[ 2026-06-12T17:06:23+08:00 ] ::1 /Home/Goods/plate_conts_gimgs.html
INFO: [ app_init ] --START--
INFO: Run Behavior\BuildLiteBehavior [ RunTime:0.000002s ]
INFO: [ app_init ] --END-- [ RunTime:0.000023s ]
INFO: [ app_begin ] --START--
INFO: Run Behavior\ReadHtmlCacheBehavior [ RunTime:0.000011s ]
INFO: [ app_begin ] --END-- [ RunTime:0.000016s ]
SQL: SHOW COLUMNS FROM `plate_conts_blank` [ RunTime:0.0031s ]
SQL: SELECT * FROM `plate_conts_blank` WHERE `pid` = 1 AND `cat_index` = 1 LIMIT 1   [ RunTime:0.0009s ]
SQL: SHOW COLUMNS FROM `new_tax` [ RunTime:0.0019s ]
SQL: SELECT * FROM `new_tax` WHERE `id` = 1 LIMIT 1   [ RunTime:0.0005s ]
ERR: SQLSTATE[23000]: Integrity constraint violation: 1062 Duplicate entry '1738' for key 'plate_conts_blank.PRIMARY'

[ 2026-06-12T17:10:17+08:00 ] ::1 /Home/Goods/plate_conts_list/id/1.html
INFO: [ app_init ] --START--
INFO: Run Behavior\BuildLiteBehavior [ RunTime:0.000005s ]
INFO: [ app_init ] --END-- [ RunTime:0.000602s ]
INFO: [ app_begin ] --START--
INFO: Run Behavior\ReadHtmlCacheBehavior [ RunTime:0.000043s ]
INFO: [ app_begin ] --END-- [ RunTime:0.000082s ]
SQL: SHOW COLUMNS FROM `plate_conts` [ RunTime:0.0042s ]
SQL: SHOW COLUMNS FROM `sys_tmps` [ RunTime:0.0024s ]
SQL: SELECT * FROM `plate_conts` WHERE `id` = 1 LIMIT 1   [ RunTime:0.0011s ]
SQL: SELECT * FROM `sys_tmps` WHERE `types` = 2 ORDER BY id desc  [ RunTime:0.0007s ]
INFO: [ view_parse ] --START--
INFO: [ template_filter ] --START--
INFO: Run Behavior\ContentReplaceBehavior [ RunTime:0.000304s ]
INFO: [ template_filter ] --END-- [ RunTime:0.000328s ]
INFO: Run Behavior\ParseTemplateBehavior [ RunTime:0.007869s ]
INFO: [ view_parse ] --END-- [ RunTime:0.007881s ]
INFO: [ view_filter ] --START--
INFO: Run Behavior\WriteHtmlCacheBehavior [ RunTime:0.000024s ]
INFO: [ view_filter ] --END-- [ RunTime:0.000030s ]
INFO: [ app_end ] --START--
INFO: Run Behavior\ShowPageTraceBehavior [ RunTime:0.000022s ]
INFO: [ app_end ] --END-- [ RunTime:0.000027s ]

[ 2026-06-12T17:10:17+08:00 ] ::1 /Home/Goods/plate_conts_blankr.html
INFO: [ app_init ] --START--
INFO: Run Behavior\BuildLiteBehavior [ RunTime:0.000007s ]
INFO: [ app_init ] --END-- [ RunTime:0.000113s ]
INFO: [ app_begin ] --START--
INFO: Run Behavior\ReadHtmlCacheBehavior [ RunTime:0.000035s ]
INFO: [ app_begin ] --END-- [ RunTime:0.000067s ]
SQL: SHOW COLUMNS FROM `plate_conts_blank` [ RunTime:0.0037s ]
SQL: SHOW COLUMNS FROM `plate_conts_logs` [ RunTime:0.0025s ]
SQL: SHOW COLUMNS FROM `plate_conts_logsr` [ RunTime:0.0056s ]
SQL: SELECT * FROM `plate_conts_blank` WHERE `pid` = 1 AND `cat_index` = 1 LIMIT 1   [ RunTime:0.0013s ]
SQL: SELECT * FROM `plate_conts_logs` WHERE `blank_id` = 1738 ORDER BY number asc,id asc  [ RunTime:0.0014s ]
SQL: SELECT `key_0` FROM `plate_conts_logs` WHERE `blank_id` = 1738 GROUP BY key_0 LIMIT 1   [ RunTime:0.0009s ]
SQL: SELECT `key_1` FROM `plate_conts_logs` WHERE `blank_id` = 1738 GROUP BY key_1 LIMIT 1   [ RunTime:0.0007s ]
SQL: SELECT `key_2` FROM `plate_conts_logs` WHERE `blank_id` = 1738 GROUP BY key_2 LIMIT 1   [ RunTime:0.0007s ]
SQL: SELECT `key_3` FROM `plate_conts_logs` WHERE `blank_id` = 1738 GROUP BY key_3 LIMIT 1   [ RunTime:0.0012s ]
SQL: SELECT `key_4` FROM `plate_conts_logs` WHERE `blank_id` = 1738 GROUP BY key_4 LIMIT 1   [ RunTime:0.0027s ]
SQL: SELECT `key_5` FROM `plate_conts_logs` WHERE `blank_id` = 1738 GROUP BY key_5 LIMIT 1   [ RunTime:0.0022s ]
SQL: SELECT `key_6` FROM `plate_conts_logs` WHERE `blank_id` = 1738 GROUP BY key_6 LIMIT 1   [ RunTime:0.0024s ]
SQL: SELECT `key_7` FROM `plate_conts_logs` WHERE `blank_id` = 1738 GROUP BY key_7 LIMIT 1   [ RunTime:0.0012s ]
SQL: SHOW COLUMNS FROM `new_tax` [ RunTime:0.0065s ]
SQL: SELECT * FROM `new_tax` WHERE `is_del` = 1  [ RunTime:0.0013s ]
SQL: SHOW COLUMNS FROM `plate_conts_price` [ RunTime:0.0032s ]
SQL: SELECT * FROM `plate_conts_price` WHERE `blank_id` = 1738 AND `is_del` = 1 ORDER BY sort asc, id asc  [ RunTime:0.0013s ]
SQL: SELECT * FROM `plate_conts_blank` WHERE `pid` = 1 AND `status` = 1 ORDER BY cat_index asc  [ RunTime:0.0022s ]
SQL: SHOW COLUMNS FROM `plate_conts_blank_group` [ RunTime:0.0187s ]
SQL: SELECT * FROM `plate_conts_blank_group` WHERE `pid` = 1 ORDER BY sort asc, id asc  [ RunTime:0.0040s ]
ERR: {"status":1,"msg":"\u83b7\u53d6\u6210\u529f","data":{"info":{"id":1738,"pid":1,"group_id":3,"catname":"\u5546\u54c1","cat_index":1,"source":["677187340b61b.png"],"sorts":0,"gimage":"677187340b3d7.png","gnames":"\u94dc\u82af\u4ea4\u8054\u805a\u4e59\u70ef\u7edd\u7f18\u805a\u6c2f\u4e59\u70ef\u62a4\u5957\u963b\u71c3\u7535\u7f06\u3010\u4e5d\u6298\u6807\u51c6\u3011","up_a":"0.0","down_a":"0.0","up_b":"0.0","down_b":"0.0","up_c":"0.0","down_c":"0.0","up_d":"0.0","down_d":"0.0","up_e":"0.0","down_e":"0.0","up_f":"0.0","down_f":"0.0","ticket_nor":3,"ticket_person":11,"status":1,"uptimes":1781096236,"times":1781095065,"new_tax_id":1},"key":{"keya":"\u4f9b\u8d27\u65b9\u5f0f","keyb":"\u8d28\u91cf\u6807\u51c6","keyc":"\u6267\u884c\u6807\u51c6","keyd":"\u8d77\u8ba2\u6570\u91cf","keye":"\u8ba1\u91cf\u5355\u4f4d","keyf":"\u4ea7\u54c1\u578b\u53f7","keyg":"\u7535\u538b\u7b49\u7ea7","keyh":"\u4ea7\u54c1\u89c4\u683c"},"list":[{"id":1397848,"pid":1,"cat_index":1,"blank_id":1738,"ptype":2,"source":null,"gnames":null,"sorts":1,"key_0":"\u4f9b\u8d27\u65b9\u5f0f","value_0":"\u5de5\u5382\u751f\u4ea7","key_1":"\u8d28\u91cf\u6807\u51c6","value_1":"\u56fd\u7f51\u6807\u51c6","key_2":"\u6267\u884c\u6807\u51c6","value_2":"GB\/TGWD-2023","price":"3.24","dratio":"1.060","market":"3.43","trans":"7\u5929\u5185\u53d1\u8d27","ticket_nor":null,"ticket_person":null,"status":1,"uptimes":1781255055,"times":1781255049,"number":1,"key_3":"\u8d77\u8ba2\u6570\u91cf","value_3":"500\u7c73","key_4":"\u8ba1\u91cf\u5355\u4f4d","value_4":"\u7c73","key_5":"\u4ea7\u54c1\u578b\u53f7","value_5":"ZC-YJV","key_6":"\u7535\u538b\u7b49\u7ea7","value_6":"0.6\/1KV","key_7":"\u4ea7\u54c1\u89c4\u683c","value_7":"1\u00d710"}],"tax_list":[{"id":1,"pid":0,"name":"\u7535\u529b\u7535\u7f06\u7a0e\u7387\u53d1\u7968","alias_name":"","normal_tax":"3.00","special_tax":"11.00","status":1,"is_del":1,"add_time":0,"up_time":0},{"id":2,"pid":0,"name":"\u5bb6\u88c5\u7535\u7ebf\u7a0e\u7387","alias_name":"","normal_tax":"3.00","special_tax":"10.00","status":1,"is_del":1,"add_time":0,"up_time":0},{"id":3,"pid":0,"name":"\u521a\u6027\u9632\u706b\u7535\u7f06\u7a0e\u7387","alias_name":"","normal_tax":"3.00","special_tax":"9.00","status":1,"is_del":1,"add_time":0,"up_time":0},{"id":9,"pid":0,"name":"\u6a61\u5957\u7535\u7f06\u7a0e\u7387","alias_name":"","normal_tax":"3.00","special_tax":"11.00","status":1,"is_del":1,"add_time":0,"up_time":0},{"id":10,"pid":0,"name":"\u77ff\u7528\u6a61\u80f6\u7535\u7f06\u7a0e\u7387","alias_name":"","normal_tax":"4.00","special_tax":"12.00","status":1,"is_del":1,"add_time":0,"up_time":0}],"price_list":[{"id":2648,"plate_conts_id":1,"new_cate_one_id":1,"new_cate_two_id":355,"new_cate_three_id":356,"name":"\u94dc\u82af\u5bfc\u4f53","ratio":"1.00","sort":1000,"is_del":1,"cat_index":1,"blank_id":1738},{"id":2649,"plate_conts_id":1,"new_cate_one_id":1,"new_cate_two_id":355,"new_cate_three_id":362,"name":"\u8f90\u7167\u4ea4\u8054\u7edd\u7f18","ratio":"1.00","sort":1000,"is_del":1,"cat_index":1,"blank_id":1738},{"id":2650,"plate_conts_id":1,"new_cate_one_id":1,"new_cate_two_id":355,"new_cate_three_id":371,"name":"PVC\u62a4\u5957","ratio":"1.00","sort":1000,"is_del":1,"cat_index":1,"blank_id":1738},{"id":7812,"plate_conts_id":1,"new_cate_one_id":1,"new_cate_two_id":355,"new_cate_three_id":356,"name":"\u94dc\u82af\u5bfc\u4f53","ratio":"0.90","sort":1000,"is_del":1,"cat_index":1,"blank_id":1738},{"id":7813,"plate_conts_id":1,"new_cate_one_id":1,"new_cate_two_id":355,"new_cate_three_id":362,"name":"\u8f90\u7167\u4ea4\u8054\u7edd\u7f18","ratio":"1.00","sort":1000,"is_del":1,"cat_index":1,"blank_id":1738}],"all_blanks":[{"id":1738,"pid":1,"group_id":3,"catname":"\u5546\u54c1","cat_index":1,"source":"[\"677187340b61b.png\"]","sorts":0,"gimage":"677187340b3d7.png","gnames":"\u94dc\u82af\u4ea4\u8054\u805a\u4e59\u70ef\u7edd\u7f18\u805a\u6c2f\u4e59\u70ef\u62a4\u5957\u963b\u71c3\u7535\u7f06\u3010\u4e5d\u6298\u6807\u51c6\u3011","up_a":"0.0","down_a":"0.0","up_b":"0.0","down_b":"0.0","up_c":"0.0","down_c":"0.0","up_d":"0.0","down_d":"0.0","up_e":"0.0","down_e":"0.0","up_f":"0.0","down_f":"0.0","ticket_nor":3,"ticket_person":11,"status":1,"uptimes":1781096236,"times":1781095065,"new_tax_id":1},{"id":1739,"pid":1,"group_id":4,"catname":"\u5546\u54c1","cat_index":1,"source":"[\"677187340b61b.png\"]","sorts":null,"gimage":"677187340b3d7.png","gnames":"\u94dc\u82af\u4ea4\u8054\u805a\u4e59\u70ef\u7edd\u7f18\u805a\u6c2f\u4e59\u70ef\u62a4\u5957\u963b\u71c3\u7535\u7f06\u3010\u4e5d\u6298\u6807\u51c6\u3011","up_a":"0.0","down_a":"0.0","up_b":"0.0","down_b":"0.0","up_c":"0.0","down_c":"0.0","up_d":"0.0","down_d":"0.0","up_e":"0.0","down_e":"0.0","up_f":"0.0","down_f":"0.0","ticket_nor":3,"ticket_person":11,"status":1,"uptimes":1781228972,"times":1781228972,"new_tax_id":1},{"id":1557,"pid":1,"group_id":3,"catname":"\u4e5d\u6298\u6807\u51c6","cat_index":2,"source":"[\"677187340b61b.png\"]","sorts":0,"gimage":"677187340b3d7.png","gnames":"\u94dc\u82af\u4ea4\u8054\u805a\u4e59\u70ef\u7edd\u7f18\u805a\u6c2f\u4e59\u70ef\u62a4\u5957\u963b\u71c3\u7535\u7f06\u3010\u4e5d\u6298\u6807\u51c6\u3011","up_a":"0.0","down_a":"0.0","up_b":"0.0","down_b":"0.0","up_c":"0.0","down_c":"0.0","up_d":"0.0","down_d":"0.0","up_e":"0.0","down_e":"0.0","up_f":"0.0","down_f":"0.0","ticket_nor":3,"ticket_person":11,"status":1,"uptimes":1781095113,"times":1735489364,"new_tax_id":1},{"id":1740,"pid":1,"group_id":4,"catname":"\u4e5d\u6298\u6807\u51c6","cat_index":2,"source":"[\"677187340b61b.png\"]","sorts":null,"gimage":"677187340b3d7.png","gnames":"\u94dc\u82af\u4ea4\u8054\u805a\u4e59\u70ef\u7edd\u7f18\u805a\u6c2f\u4e59\u70ef\u62a4\u5957\u963b\u71c3\u7535\u7f06\u3010\u4e5d\u6298\u6807\u51c6\u3011","up_a":"0.0","down_a":"0.0","up_b":"0.0","down_b":"0.0","up_c":"0.0","down_c":"0.0","up_d":"0.0","down_d":"0.0","up_e":"0.0","down_e":"0.0","up_f":"0.0","down_f":"0.0","ticket_nor":3,"ticket_person":11,"status":1,"uptimes":1781228972,"times":1781228972,"new_tax_id":1},{"id":1558,"pid":1,"group_id":3,"catname":"\u516b\u6298\u6807\u51c6","cat_index":3,"source":"[\"677187340b61b.png\"]","sorts":0,"gimage":"677187340b3d7.png","gnames":"\u94dc\u82af\u4ea4\u8054\u805a\u4e59\u70ef\u7edd\u7f18\u805a\u6c2f\u4e59\u70ef\u62a4\u5957\u963b\u71c3\u7535\u7f06\u3010\u4e5d\u6298\u6807\u51c6\u3011","up_a":"0.0","down_a":"0.0","up_b":"0.0","down_b":"0.0","up_c":"0.0","down_c":"0.0","up_d":"0.0","down_d":"0.0","up_e":"0.0","down_e":"0.0","up_f":"0.0","down_f":"0.0","ticket_nor":3,"ticket_person":11,"status":1,"uptimes":1781096265,"times":1735490732,"new_tax_id":1},{"id":1741,"pid":1,"group_id":4,"catname":"\u516b\u6298\u6807\u51c6","cat_index":3,"source":"[\"677187340b61b.png\"]","sorts":null,"gimage":"677187340b3d7.png","gnames":"\u94dc\u82af\u4ea4\u8054\u805a\u4e59\u70ef\u7edd\u7f18\u805a\u6c2f\u4e59\u70ef\u62a4\u5957\u963b\u71c3\u7535\u7f06\u3010\u4e5d\u6298\u6807\u51c6\u3011","up_a":"0.0","down_a":"0.0","up_b":"0.0","down_b":"0.0","up_c":"0.0","down_c":"0.0","up_d":"0.0","down_d":"0.0","up_e":"0.0","down_e":"0.0","up_f":"0.0","down_f":"0.0","ticket_nor":3,"ticket_person":11,"status":1,"uptimes":1781228972,"times":1781228972,"new_tax_id":1}],"group_list":[{"id":3,"pid":1,"name":"test1","ratio":"1.000000","sort":0,"add_time":1781145782,"up_time":1781145782},{"id":4,"pid":1,"name":"test2","ratio":"1.000000","sort":0,"add_time":1781145796,"up_time":1781145796}]}}

[ 2026-06-12T17:10:25+08:00 ] ::1 /Home/Goods/plate_conts_gimgs.html
INFO: [ app_init ] --START--
INFO: Run Behavior\BuildLiteBehavior [ RunTime:0.000012s ]
INFO: [ app_init ] --END-- [ RunTime:0.000103s ]
INFO: [ app_begin ] --START--
INFO: Run Behavior\ReadHtmlCacheBehavior [ RunTime:0.000048s ]
INFO: [ app_begin ] --END-- [ RunTime:0.000102s ]
SQL: SHOW COLUMNS FROM `plate_conts_blank` [ RunTime:0.0043s ]
SQL: SELECT * FROM `plate_conts_blank` WHERE `pid` = 1 AND `cat_index` = 1 LIMIT 1   [ RunTime:0.0010s ]
SQL: SHOW COLUMNS FROM `new_tax` [ RunTime:0.0021s ]
SQL: SELECT * FROM `new_tax` WHERE `id` = 1 LIMIT 1   [ RunTime:0.0014s ]
SQL: UPDATE `plate_conts_blank` SET `pid`='1',`cat_index`='1',`catname`='商品',`sorts`='0',`gimage`='6a2bcd01617ca.png',`gnames`='铜芯交联聚乙烯绝缘聚氯乙烯护套阻燃电缆【九折标准】',`up_a`='0.0',`down_a`='0.0',`up_b`='0.0',`down_b`='0.0',`up_c`='0.0',`down_c`='0.0',`up_d`='0.0',`down_d`='0.0',`up_e`='0.0',`down_e`='0.0',`up_f`='0.0',`down_f`='0.0',`ticket_nor`='3',`ticket_person`='11',`status`='1',`uptimes`='1781255425',`times`='1781095065',`new_tax_id`='1' WHERE `pid` = 1 AND `cat_index` = 1 [ RunTime:0.0149s ]
ERR: {"status":1,"msg":"\u66f4\u65b0\u6210\u529f","data":null}

[ 2026-06-12T17:10:25+08:00 ] ::1 /Home/Goods/plate_conts_blankr.html
INFO: [ app_init ] --START--
INFO: Run Behavior\BuildLiteBehavior [ RunTime:0.000005s ]
INFO: [ app_init ] --END-- [ RunTime:0.000050s ]
INFO: [ app_begin ] --START--
INFO: Run Behavior\ReadHtmlCacheBehavior [ RunTime:0.000021s ]
INFO: [ app_begin ] --END-- [ RunTime:0.000043s ]
SQL: SHOW COLUMNS FROM `plate_conts_blank` [ RunTime:0.0037s ]
SQL: SHOW COLUMNS FROM `plate_conts_logs` [ RunTime:0.0032s ]
SQL: SHOW COLUMNS FROM `plate_conts_logsr` [ RunTime:0.0026s ]
SQL: SELECT * FROM `plate_conts_blank` WHERE `id` = 1738 LIMIT 1   [ RunTime:0.0008s ]
SQL: SELECT * FROM `plate_conts_logs` WHERE `blank_id` = 1738 ORDER BY number asc,id asc  [ RunTime:0.0013s ]
SQL: SELECT `key_0` FROM `plate_conts_logs` WHERE `blank_id` = 1738 GROUP BY key_0 LIMIT 1   [ RunTime:0.0006s ]
SQL: SELECT `key_1` FROM `plate_conts_logs` WHERE `blank_id` = 1738 GROUP BY key_1 LIMIT 1   [ RunTime:0.0011s ]
SQL: SELECT `key_2` FROM `plate_conts_logs` WHERE `blank_id` = 1738 GROUP BY key_2 LIMIT 1   [ RunTime:0.0008s ]
SQL: SELECT `key_3` FROM `plate_conts_logs` WHERE `blank_id` = 1738 GROUP BY key_3 LIMIT 1   [ RunTime:0.0003s ]
SQL: SELECT `key_4` FROM `plate_conts_logs` WHERE `blank_id` = 1738 GROUP BY key_4 LIMIT 1   [ RunTime:0.0003s ]
SQL: SELECT `key_5` FROM `plate_conts_logs` WHERE `blank_id` = 1738 GROUP BY key_5 LIMIT 1   [ RunTime:0.0005s ]
SQL: SELECT `key_6` FROM `plate_conts_logs` WHERE `blank_id` = 1738 GROUP BY key_6 LIMIT 1   [ RunTime:0.0002s ]
SQL: SELECT `key_7` FROM `plate_conts_logs` WHERE `blank_id` = 1738 GROUP BY key_7 LIMIT 1   [ RunTime:0.0002s ]
SQL: SHOW COLUMNS FROM `new_tax` [ RunTime:0.0028s ]
SQL: SELECT * FROM `new_tax` WHERE `is_del` = 1  [ RunTime:0.0009s ]
SQL: SHOW COLUMNS FROM `plate_conts_price` [ RunTime:0.0038s ]
SQL: SELECT * FROM `plate_conts_price` WHERE `blank_id` = 1738 AND `is_del` = 1 ORDER BY sort asc, id asc  [ RunTime:0.0005s ]
SQL: SELECT * FROM `plate_conts_blank` WHERE `pid` = 1 AND `status` = 1 ORDER BY cat_index asc  [ RunTime:0.0003s ]
SQL: SHOW COLUMNS FROM `plate_conts_blank_group` [ RunTime:0.0028s ]
SQL: SELECT * FROM `plate_conts_blank_group` WHERE `pid` = 1 ORDER BY sort asc, id asc  [ RunTime:0.0007s ]
ERR: {"status":1,"msg":"\u83b7\u53d6\u6210\u529f","data":{"info":{"id":1738,"pid":1,"group_id":3,"catname":"\u5546\u54c1","cat_index":1,"source":["677187340b61b.png"],"sorts":0,"gimage":"6a2bcd01617ca.png","gnames":"\u94dc\u82af\u4ea4\u8054\u805a\u4e59\u70ef\u7edd\u7f18\u805a\u6c2f\u4e59\u70ef\u62a4\u5957\u963b\u71c3\u7535\u7f06\u3010\u4e5d\u6298\u6807\u51c6\u3011","up_a":"0.0","down_a":"0.0","up_b":"0.0","down_b":"0.0","up_c":"0.0","down_c":"0.0","up_d":"0.0","down_d":"0.0","up_e":"0.0","down_e":"0.0","up_f":"0.0","down_f":"0.0","ticket_nor":3,"ticket_person":11,"status":1,"uptimes":1781255425,"times":1781095065,"new_tax_id":1},"key":{"keya":"\u4f9b\u8d27\u65b9\u5f0f","keyb":"\u8d28\u91cf\u6807\u51c6","keyc":"\u6267\u884c\u6807\u51c6","keyd":"\u8d77\u8ba2\u6570\u91cf","keye":"\u8ba1\u91cf\u5355\u4f4d","keyf":"\u4ea7\u54c1\u578b\u53f7","keyg":"\u7535\u538b\u7b49\u7ea7","keyh":"\u4ea7\u54c1\u89c4\u683c"},"list":[{"id":1397848,"pid":1,"cat_index":1,"blank_id":1738,"ptype":2,"source":null,"gnames":null,"sorts":1,"key_0":"\u4f9b\u8d27\u65b9\u5f0f","value_0":"\u5de5\u5382\u751f\u4ea7","key_1":"\u8d28\u91cf\u6807\u51c6","value_1":"\u56fd\u7f51\u6807\u51c6","key_2":"\u6267\u884c\u6807\u51c6","value_2":"GB\/TGWD-2023","price":"3.24","dratio":"1.060","market":"3.43","trans":"7\u5929\u5185\u53d1\u8d27","ticket_nor":null,"ticket_person":null,"status":1,"uptimes":1781255055,"times":1781255049,"number":1,"key_3":"\u8d77\u8ba2\u6570\u91cf","value_3":"500\u7c73","key_4":"\u8ba1\u91cf\u5355\u4f4d","value_4":"\u7c73","key_5":"\u4ea7\u54c1\u578b\u53f7","value_5":"ZC-YJV","key_6":"\u7535\u538b\u7b49\u7ea7","value_6":"0.6\/1KV","key_7":"\u4ea7\u54c1\u89c4\u683c","value_7":"1\u00d710"}],"tax_list":[{"id":1,"pid":0,"name":"\u7535\u529b\u7535\u7f06\u7a0e\u7387\u53d1\u7968","alias_name":"","normal_tax":"3.00","special_tax":"11.00","status":1,"is_del":1,"add_time":0,"up_time":0},{"id":2,"pid":0,"name":"\u5bb6\u88c5\u7535\u7ebf\u7a0e\u7387","alias_name":"","normal_tax":"3.00","special_tax":"10.00","status":1,"is_del":1,"add_time":0,"up_time":0},{"id":3,"pid":0,"name":"\u521a\u6027\u9632\u706b\u7535\u7f06\u7a0e\u7387","alias_name":"","normal_tax":"3.00","special_tax":"9.00","status":1,"is_del":1,"add_time":0,"up_time":0},{"id":9,"pid":0,"name":"\u6a61\u5957\u7535\u7f06\u7a0e\u7387","alias_name":"","normal_tax":"3.00","special_tax":"11.00","status":1,"is_del":1,"add_time":0,"up_time":0},{"id":10,"pid":0,"name":"\u77ff\u7528\u6a61\u80f6\u7535\u7f06\u7a0e\u7387","alias_name":"","normal_tax":"4.00","special_tax":"12.00","status":1,"is_del":1,"add_time":0,"up_time":0}],"price_list":[{"id":2648,"plate_conts_id":1,"new_cate_one_id":1,"new_cate_two_id":355,"new_cate_three_id":356,"name":"\u94dc\u82af\u5bfc\u4f53","ratio":"1.00","sort":1000,"is_del":1,"cat_index":1,"blank_id":1738},{"id":2649,"plate_conts_id":1,"new_cate_one_id":1,"new_cate_two_id":355,"new_cate_three_id":362,"name":"\u8f90\u7167\u4ea4\u8054\u7edd\u7f18","ratio":"1.00","sort":1000,"is_del":1,"cat_index":1,"blank_id":1738},{"id":2650,"plate_conts_id":1,"new_cate_one_id":1,"new_cate_two_id":355,"new_cate_three_id":371,"name":"PVC\u62a4\u5957","ratio":"1.00","sort":1000,"is_del":1,"cat_index":1,"blank_id":1738},{"id":7812,"plate_conts_id":1,"new_cate_one_id":1,"new_cate_two_id":355,"new_cate_three_id":356,"name":"\u94dc\u82af\u5bfc\u4f53","ratio":"0.90","sort":1000,"is_del":1,"cat_index":1,"blank_id":1738},{"id":7813,"plate_conts_id":1,"new_cate_one_id":1,"new_cate_two_id":355,"new_cate_three_id":362,"name":"\u8f90\u7167\u4ea4\u8054\u7edd\u7f18","ratio":"1.00","sort":1000,"is_del":1,"cat_index":1,"blank_id":1738}],"all_blanks":[{"id":1738,"pid":1,"group_id":3,"catname":"\u5546\u54c1","cat_index":1,"source":"[\"677187340b61b.png\"]","sorts":0,"gimage":"6a2bcd01617ca.png","gnames":"\u94dc\u82af\u4ea4\u8054\u805a\u4e59\u70ef\u7edd\u7f18\u805a\u6c2f\u4e59\u70ef\u62a4\u5957\u963b\u71c3\u7535\u7f06\u3010\u4e5d\u6298\u6807\u51c6\u3011","up_a":"0.0","down_a":"0.0","up_b":"0.0","down_b":"0.0","up_c":"0.0","down_c":"0.0","up_d":"0.0","down_d":"0.0","up_e":"0.0","down_e":"0.0","up_f":"0.0","down_f":"0.0","ticket_nor":3,"ticket_person":11,"status":1,"uptimes":1781255425,"times":1781095065,"new_tax_id":1},{"id":1739,"pid":1,"group_id":4,"catname":"\u5546\u54c1","cat_index":1,"source":"[\"677187340b61b.png\"]","sorts":0,"gimage":"6a2bcd01617ca.png","gnames":"\u94dc\u82af\u4ea4\u8054\u805a\u4e59\u70ef\u7edd\u7f18\u805a\u6c2f\u4e59\u70ef\u62a4\u5957\u963b\u71c3\u7535\u7f06\u3010\u4e5d\u6298\u6807\u51c6\u3011","up_a":"0.0","down_a":"0.0","up_b":"0.0","down_b":"0.0","up_c":"0.0","down_c":"0.0","up_d":"0.0","down_d":"0.0","up_e":"0.0","down_e":"0.0","up_f":"0.0","down_f":"0.0","ticket_nor":3,"ticket_person":11,"status":1,"uptimes":1781255425,"times":1781095065,"new_tax_id":1},{"id":1557,"pid":1,"group_id":3,"catname":"\u4e5d\u6298\u6807\u51c6","cat_index":2,"source":"[\"677187340b61b.png\"]","sorts":0,"gimage":"677187340b3d7.png","gnames":"\u94dc\u82af\u4ea4\u8054\u805a\u4e59\u70ef\u7edd\u7f18\u805a\u6c2f\u4e59\u70ef\u62a4\u5957\u963b\u71c3\u7535\u7f06\u3010\u4e5d\u6298\u6807\u51c6\u3011","up_a":"0.0","down_a":"0.0","up_b":"0.0","down_b":"0.0","up_c":"0.0","down_c":"0.0","up_d":"0.0","down_d":"0.0","up_e":"0.0","down_e":"0.0","up_f":"0.0","down_f":"0.0","ticket_nor":3,"ticket_person":11,"status":1,"uptimes":1781095113,"times":1735489364,"new_tax_id":1},{"id":1740,"pid":1,"group_id":4,"catname":"\u4e5d\u6298\u6807\u51c6","cat_index":2,"source":"[\"677187340b61b.png\"]","sorts":null,"gimage":"677187340b3d7.png","gnames":"\u94dc\u82af\u4ea4\u8054\u805a\u4e59\u70ef\u7edd\u7f18\u805a\u6c2f\u4e59\u70ef\u62a4\u5957\u963b\u71c3\u7535\u7f06\u3010\u4e5d\u6298\u6807\u51c6\u3011","up_a":"0.0","down_a":"0.0","up_b":"0.0","down_b":"0.0","up_c":"0.0","down_c":"0.0","up_d":"0.0","down_d":"0.0","up_e":"0.0","down_e":"0.0","up_f":"0.0","down_f":"0.0","ticket_nor":3,"ticket_person":11,"status":1,"uptimes":1781228972,"times":1781228972,"new_tax_id":1},{"id":1558,"pid":1,"group_id":3,"catname":"\u516b\u6298\u6807\u51c6","cat_index":3,"source":"[\"677187340b61b.png\"]","sorts":0,"gimage":"677187340b3d7.png","gnames":"\u94dc\u82af\u4ea4\u8054\u805a\u4e59\u70ef\u7edd\u7f18\u805a\u6c2f\u4e59\u70ef\u62a4\u5957\u963b\u71c3\u7535\u7f06\u3010\u4e5d\u6298\u6807\u51c6\u3011","up_a":"0.0","down_a":"0.0","up_b":"0.0","down_b":"0.0","up_c":"0.0","down_c":"0.0","up_d":"0.0","down_d":"0.0","up_e":"0.0","down_e":"0.0","up_f":"0.0","down_f":"0.0","ticket_nor":3,"ticket_person":11,"status":1,"uptimes":1781096265,"times":1735490732,"new_tax_id":1},{"id":1741,"pid":1,"group_id":4,"catname":"\u516b\u6298\u6807\u51c6","cat_index":3,"source":"[\"677187340b61b.png\"]","sorts":null,"gimage":"677187340b3d7.png","gnames":"\u94dc\u82af\u4ea4\u8054\u805a\u4e59\u70ef\u7edd\u7f18\u805a\u6c2f\u4e59\u70ef\u62a4\u5957\u963b\u71c3\u7535\u7f06\u3010\u4e5d\u6298\u6807\u51c6\u3011","up_a":"0.0","down_a":"0.0","up_b":"0.0","down_b":"0.0","up_c":"0.0","down_c":"0.0","up_d":"0.0","down_d":"0.0","up_e":"0.0","down_e":"0.0","up_f":"0.0","down_f":"0.0","ticket_nor":3,"ticket_person":11,"status":1,"uptimes":1781228972,"times":1781228972,"new_tax_id":1}],"group_list":[{"id":3,"pid":1,"name":"test1","ratio":"1.000000","sort":0,"add_time":1781145782,"up_time":1781145782},{"id":4,"pid":1,"name":"test2","ratio":"1.000000","sort":0,"add_time":1781145796,"up_time":1781145796}]}}

[ 2026-06-12T17:29:38+08:00 ] ::1 /Home/Goods/plate_conts_list/id/1.html
INFO: [ app_init ] --START--
INFO: Run Behavior\BuildLiteBehavior [ RunTime:0.000007s ]
INFO: [ app_init ] --END-- [ RunTime:0.000439s ]
INFO: [ app_begin ] --START--
INFO: Run Behavior\ReadHtmlCacheBehavior [ RunTime:0.000020s ]
INFO: [ app_begin ] --END-- [ RunTime:0.000026s ]
SQL: SHOW COLUMNS FROM `plate_conts` [ RunTime:0.0586s ]
SQL: SHOW COLUMNS FROM `sys_tmps` [ RunTime:0.0065s ]
SQL: SELECT * FROM `plate_conts` WHERE `id` = 1 LIMIT 1   [ RunTime:0.0027s ]
SQL: SELECT * FROM `sys_tmps` WHERE `types` = 2 ORDER BY id desc  [ RunTime:0.0013s ]
INFO: [ view_parse ] --START--
INFO: [ template_filter ] --START--
INFO: Run Behavior\ContentReplaceBehavior [ RunTime:0.000321s ]
INFO: [ template_filter ] --END-- [ RunTime:0.000375s ]
INFO: Run Behavior\ParseTemplateBehavior [ RunTime:0.027208s ]
INFO: [ view_parse ] --END-- [ RunTime:0.027321s ]
INFO: [ view_filter ] --START--
INFO: Run Behavior\WriteHtmlCacheBehavior [ RunTime:0.000053s ]
INFO: [ view_filter ] --END-- [ RunTime:0.000060s ]
INFO: [ app_end ] --START--
INFO: Run Behavior\ShowPageTraceBehavior [ RunTime:0.000037s ]
INFO: [ app_end ] --END-- [ RunTime:0.000047s ]

[ 2026-06-12T17:29:38+08:00 ] ::1 /Home/Goods/plate_conts_blankr.html
INFO: [ app_init ] --START--
INFO: Run Behavior\BuildLiteBehavior [ RunTime:0.000007s ]
INFO: [ app_init ] --END-- [ RunTime:0.000119s ]
INFO: [ app_begin ] --START--
INFO: Run Behavior\ReadHtmlCacheBehavior [ RunTime:0.000024s ]
INFO: [ app_begin ] --END-- [ RunTime:0.000047s ]
SQL: SHOW COLUMNS FROM `plate_conts_blank` [ RunTime:0.0096s ]
SQL: SHOW COLUMNS FROM `plate_conts_logs` [ RunTime:0.0182s ]
SQL: SHOW COLUMNS FROM `plate_conts_logsr` [ RunTime:0.0069s ]
SQL: SELECT * FROM `plate_conts_blank` WHERE `pid` = 1 AND `cat_index` = 1 LIMIT 1   [ RunTime:0.0161s ]
SQL: SELECT * FROM `plate_conts_logs` WHERE `blank_id` = 1738 ORDER BY number asc,id asc  [ RunTime:0.0013s ]
SQL: SELECT `key_0` FROM `plate_conts_logs` WHERE `blank_id` = 1738 GROUP BY key_0 LIMIT 1   [ RunTime:0.0056s ]
SQL: SELECT `key_1` FROM `plate_conts_logs` WHERE `blank_id` = 1738 GROUP BY key_1 LIMIT 1   [ RunTime:0.0014s ]
SQL: SELECT `key_2` FROM `plate_conts_logs` WHERE `blank_id` = 1738 GROUP BY key_2 LIMIT 1   [ RunTime:0.0007s ]
SQL: SELECT `key_3` FROM `plate_conts_logs` WHERE `blank_id` = 1738 GROUP BY key_3 LIMIT 1   [ RunTime:0.0037s ]
SQL: SELECT `key_4` FROM `plate_conts_logs` WHERE `blank_id` = 1738 GROUP BY key_4 LIMIT 1   [ RunTime:0.0008s ]
SQL: SELECT `key_5` FROM `plate_conts_logs` WHERE `blank_id` = 1738 GROUP BY key_5 LIMIT 1   [ RunTime:0.0008s ]
SQL: SELECT `key_6` FROM `plate_conts_logs` WHERE `blank_id` = 1738 GROUP BY key_6 LIMIT 1   [ RunTime:0.0007s ]
SQL: SELECT `key_7` FROM `plate_conts_logs` WHERE `blank_id` = 1738 GROUP BY key_7 LIMIT 1   [ RunTime:0.0005s ]
SQL: SHOW COLUMNS FROM `new_tax` [ RunTime:0.0018s ]
SQL: SELECT * FROM `new_tax` WHERE `is_del` = 1  [ RunTime:0.0067s ]
SQL: SHOW COLUMNS FROM `plate_conts_price` [ RunTime:0.0178s ]
SQL: SELECT * FROM `plate_conts_price` WHERE `blank_id` = 1738 AND `is_del` = 1 ORDER BY sort asc, id asc  [ RunTime:0.0048s ]
SQL: SELECT * FROM `plate_conts_blank` WHERE `pid` = 1 AND `status` = 1 ORDER BY cat_index asc  [ RunTime:0.0012s ]
SQL: SHOW COLUMNS FROM `plate_conts_blank_group` [ RunTime:0.0053s ]
SQL: SELECT * FROM `plate_conts_blank_group` WHERE `pid` = 1 ORDER BY sort asc, id asc  [ RunTime:0.0026s ]
ERR: {"status":1,"msg":"\u83b7\u53d6\u6210\u529f","data":{"info":{"id":1738,"pid":1,"group_id":3,"catname":"\u5546\u54c1","cat_index":1,"source":["677187340b61b.png"],"sorts":0,"gimage":"6a2bcd01617ca.png","gnames":"\u94dc\u82af\u4ea4\u8054\u805a\u4e59\u70ef\u7edd\u7f18\u805a\u6c2f\u4e59\u70ef\u62a4\u5957\u963b\u71c3\u7535\u7f06\u3010\u4e5d\u6298\u6807\u51c6\u3011","up_a":"0.0","down_a":"0.0","up_b":"0.0","down_b":"0.0","up_c":"0.0","down_c":"0.0","up_d":"0.0","down_d":"0.0","up_e":"0.0","down_e":"0.0","up_f":"0.0","down_f":"0.0","ticket_nor":3,"ticket_person":11,"status":1,"uptimes":1781255425,"times":1781095065,"new_tax_id":1},"key":{"keya":"\u4f9b\u8d27\u65b9\u5f0f","keyb":"\u8d28\u91cf\u6807\u51c6","keyc":"\u6267\u884c\u6807\u51c6","keyd":"\u8d77\u8ba2\u6570\u91cf","keye":"\u8ba1\u91cf\u5355\u4f4d","keyf":"\u4ea7\u54c1\u578b\u53f7","keyg":"\u7535\u538b\u7b49\u7ea7","keyh":"\u4ea7\u54c1\u89c4\u683c"},"list":[{"id":1397848,"pid":1,"cat_index":1,"blank_id":1738,"ptype":2,"source":null,"gnames":null,"sorts":1,"key_0":"\u4f9b\u8d27\u65b9\u5f0f","value_0":"\u5de5\u5382\u751f\u4ea7","key_1":"\u8d28\u91cf\u6807\u51c6","value_1":"\u56fd\u7f51\u6807\u51c6","key_2":"\u6267\u884c\u6807\u51c6","value_2":"GB\/TGWD-2023","price":"3.24","dratio":"1.060","market":"3.43","trans":"7\u5929\u5185\u53d1\u8d27","ticket_nor":null,"ticket_person":null,"status":1,"uptimes":1781255055,"times":1781255049,"number":1,"key_3":"\u8d77\u8ba2\u6570\u91cf","value_3":"500\u7c73","key_4":"\u8ba1\u91cf\u5355\u4f4d","value_4":"\u7c73","key_5":"\u4ea7\u54c1\u578b\u53f7","value_5":"ZC-YJV","key_6":"\u7535\u538b\u7b49\u7ea7","value_6":"0.6\/1KV","key_7":"\u4ea7\u54c1\u89c4\u683c","value_7":"1\u00d710"}],"tax_list":[{"id":1,"pid":0,"name":"\u7535\u529b\u7535\u7f06\u7a0e\u7387\u53d1\u7968","alias_name":"","normal_tax":"3.00","special_tax":"11.00","status":1,"is_del":1,"add_time":0,"up_time":0},{"id":2,"pid":0,"name":"\u5bb6\u88c5\u7535\u7ebf\u7a0e\u7387","alias_name":"","normal_tax":"3.00","special_tax":"10.00","status":1,"is_del":1,"add_time":0,"up_time":0},{"id":3,"pid":0,"name":"\u521a\u6027\u9632\u706b\u7535\u7f06\u7a0e\u7387","alias_name":"","normal_tax":"3.00","special_tax":"9.00","status":1,"is_del":1,"add_time":0,"up_time":0},{"id":9,"pid":0,"name":"\u6a61\u5957\u7535\u7f06\u7a0e\u7387","alias_name":"","normal_tax":"3.00","special_tax":"11.00","status":1,"is_del":1,"add_time":0,"up_time":0},{"id":10,"pid":0,"name":"\u77ff\u7528\u6a61\u80f6\u7535\u7f06\u7a0e\u7387","alias_name":"","normal_tax":"4.00","special_tax":"12.00","status":1,"is_del":1,"add_time":0,"up_time":0}],"price_list":[{"id":2648,"plate_conts_id":1,"new_cate_one_id":1,"new_cate_two_id":355,"new_cate_three_id":356,"name":"\u94dc\u82af\u5bfc\u4f53","ratio":"1.00","sort":1000,"is_del":1,"cat_index":1,"blank_id":1738},{"id":2649,"plate_conts_id":1,"new_cate_one_id":1,"new_cate_two_id":355,"new_cate_three_id":362,"name":"\u8f90\u7167\u4ea4\u8054\u7edd\u7f18","ratio":"1.00","sort":1000,"is_del":1,"cat_index":1,"blank_id":1738},{"id":2650,"plate_conts_id":1,"new_cate_one_id":1,"new_cate_two_id":355,"new_cate_three_id":371,"name":"PVC\u62a4\u5957","ratio":"1.00","sort":1000,"is_del":1,"cat_index":1,"blank_id":1738},{"id":7812,"plate_conts_id":1,"new_cate_one_id":1,"new_cate_two_id":355,"new_cate_three_id":356,"name":"\u94dc\u82af\u5bfc\u4f53","ratio":"0.90","sort":1000,"is_del":1,"cat_index":1,"blank_id":1738},{"id":7813,"plate_conts_id":1,"new_cate_one_id":1,"new_cate_two_id":355,"new_cate_three_id":362,"name":"\u8f90\u7167\u4ea4\u8054\u7edd\u7f18","ratio":"1.00","sort":1000,"is_del":1,"cat_index":1,"blank_id":1738}],"all_blanks":[{"id":1738,"pid":1,"group_id":3,"catname":"\u5546\u54c1","cat_index":1,"source":"[\"677187340b61b.png\"]","sorts":0,"gimage":"6a2bcd01617ca.png","gnames":"\u94dc\u82af\u4ea4\u8054\u805a\u4e59\u70ef\u7edd\u7f18\u805a\u6c2f\u4e59\u70ef\u62a4\u5957\u963b\u71c3\u7535\u7f06\u3010\u4e5d\u6298\u6807\u51c6\u3011","up_a":"0.0","down_a":"0.0","up_b":"0.0","down_b":"0.0","up_c":"0.0","down_c":"0.0","up_d":"0.0","down_d":"0.0","up_e":"0.0","down_e":"0.0","up_f":"0.0","down_f":"0.0","ticket_nor":3,"ticket_person":11,"status":1,"uptimes":1781255425,"times":1781095065,"new_tax_id":1},{"id":1739,"pid":1,"group_id":4,"catname":"\u5546\u54c1","cat_index":1,"source":"[\"677187340b61b.png\"]","sorts":0,"gimage":"6a2bcd01617ca.png","gnames":"\u94dc\u82af\u4ea4\u8054\u805a\u4e59\u70ef\u7edd\u7f18\u805a\u6c2f\u4e59\u70ef\u62a4\u5957\u963b\u71c3\u7535\u7f06\u3010\u4e5d\u6298\u6807\u51c6\u3011","up_a":"0.0","down_a":"0.0","up_b":"0.0","down_b":"0.0","up_c":"0.0","down_c":"0.0","up_d":"0.0","down_d":"0.0","up_e":"0.0","down_e":"0.0","up_f":"0.0","down_f":"0.0","ticket_nor":3,"ticket_person":11,"status":1,"uptimes":1781255425,"times":1781095065,"new_tax_id":1},{"id":1557,"pid":1,"group_id":3,"catname":"\u4e5d\u6298\u6807\u51c6","cat_index":2,"source":"[\"677187340b61b.png\"]","sorts":0,"gimage":"677187340b3d7.png","gnames":"\u94dc\u82af\u4ea4\u8054\u805a\u4e59\u70ef\u7edd\u7f18\u805a\u6c2f\u4e59\u70ef\u62a4\u5957\u963b\u71c3\u7535\u7f06\u3010\u4e5d\u6298\u6807\u51c6\u3011","up_a":"0.0","down_a":"0.0","up_b":"0.0","down_b":"0.0","up_c":"0.0","down_c":"0.0","up_d":"0.0","down_d":"0.0","up_e":"0.0","down_e":"0.0","up_f":"0.0","down_f":"0.0","ticket_nor":3,"ticket_person":11,"status":1,"uptimes":1781095113,"times":1735489364,"new_tax_id":1},{"id":1740,"pid":1,"group_id":4,"catname":"\u4e5d\u6298\u6807\u51c6","cat_index":2,"source":"[\"677187340b61b.png\"]","sorts":null,"gimage":"677187340b3d7.png","gnames":"\u94dc\u82af\u4ea4\u8054\u805a\u4e59\u70ef\u7edd\u7f18\u805a\u6c2f\u4e59\u70ef\u62a4\u5957\u963b\u71c3\u7535\u7f06\u3010\u4e5d\u6298\u6807\u51c6\u3011","up_a":"0.0","down_a":"0.0","up_b":"0.0","down_b":"0.0","up_c":"0.0","down_c":"0.0","up_d":"0.0","down_d":"0.0","up_e":"0.0","down_e":"0.0","up_f":"0.0","down_f":"0.0","ticket_nor":3,"ticket_person":11,"status":1,"uptimes":1781228972,"times":1781228972,"new_tax_id":1},{"id":1558,"pid":1,"group_id":3,"catname":"\u516b\u6298\u6807\u51c6","cat_index":3,"source":"[\"677187340b61b.png\"]","sorts":0,"gimage":"677187340b3d7.png","gnames":"\u94dc\u82af\u4ea4\u8054\u805a\u4e59\u70ef\u7edd\u7f18\u805a\u6c2f\u4e59\u70ef\u62a4\u5957\u963b\u71c3\u7535\u7f06\u3010\u4e5d\u6298\u6807\u51c6\u3011","up_a":"0.0","down_a":"0.0","up_b":"0.0","down_b":"0.0","up_c":"0.0","down_c":"0.0","up_d":"0.0","down_d":"0.0","up_e":"0.0","down_e":"0.0","up_f":"0.0","down_f":"0.0","ticket_nor":3,"ticket_person":11,"status":1,"uptimes":1781096265,"times":1735490732,"new_tax_id":1},{"id":1741,"pid":1,"group_id":4,"catname":"\u516b\u6298\u6807\u51c6","cat_index":3,"source":"[\"677187340b61b.png\"]","sorts":null,"gimage":"677187340b3d7.png","gnames":"\u94dc\u82af\u4ea4\u8054\u805a\u4e59\u70ef\u7edd\u7f18\u805a\u6c2f\u4e59\u70ef\u62a4\u5957\u963b\u71c3\u7535\u7f06\u3010\u4e5d\u6298\u6807\u51c6\u3011","up_a":"0.0","down_a":"0.0","up_b":"0.0","down_b":"0.0","up_c":"0.0","down_c":"0.0","up_d":"0.0","down_d":"0.0","up_e":"0.0","down_e":"0.0","up_f":"0.0","down_f":"0.0","ticket_nor":3,"ticket_person":11,"status":1,"uptimes":1781228972,"times":1781228972,"new_tax_id":1}],"group_list":[{"id":3,"pid":1,"name":"test1","ratio":"1.000000","sort":0,"add_time":1781145782,"up_time":1781145782},{"id":4,"pid":1,"name":"test2","ratio":"1.000000","sort":0,"add_time":1781145796,"up_time":1781145796}]}}

[ 2026-06-12T17:29:54+08:00 ] ::1 /Home/Goods/plate_conts_gimgs.html
INFO: [ app_init ] --START--
INFO: Run Behavior\BuildLiteBehavior [ RunTime:0.000008s ]
INFO: [ app_init ] --END-- [ RunTime:0.000071s ]
INFO: [ app_begin ] --START--
INFO: Run Behavior\ReadHtmlCacheBehavior [ RunTime:0.000046s ]
INFO: [ app_begin ] --END-- [ RunTime:0.000075s ]
SQL: SHOW COLUMNS FROM `plate_conts_blank` [ RunTime:0.0022s ]
SQL: SELECT * FROM `plate_conts_blank` WHERE `pid` = 1 AND `cat_index` = 1 LIMIT 1   [ RunTime:0.0009s ]
SQL: SHOW COLUMNS FROM `new_tax` [ RunTime:0.0021s ]
SQL: SELECT * FROM `new_tax` WHERE `id` = 1 LIMIT 1   [ RunTime:0.0005s ]
SQL: UPDATE `plate_conts_blank` SET `pid`='1',`cat_index`='1',`catname`='商品',`source`='[\"6a2bd1928b6ed.png\"]',`sorts`='0',`gimage`='6a2bcd01617ca.png',`gnames`='铜芯交联聚乙烯绝缘聚氯乙烯护套阻燃电缆【九折标准】',`up_a`='0.0',`down_a`='0.0',`up_b`='0.0',`down_b`='0.0',`up_c`='0.0',`down_c`='0.0',`up_d`='0.0',`down_d`='0.0',`up_e`='0.0',`down_e`='0.0',`up_f`='0.0',`down_f`='0.0',`ticket_nor`='3',`ticket_person`='11',`status`='1',`uptimes`='1781256594',`times`='1781095065',`new_tax_id`='1' WHERE `pid` = 1 AND `cat_index` = 1 [ RunTime:0.0221s ]
ERR: {"status":1,"msg":"\u66f4\u65b0\u6210\u529f","data":null}

[ 2026-06-12T17:29:54+08:00 ] ::1 /Home/Goods/plate_conts_blankr.html
INFO: [ app_init ] --START--
INFO: Run Behavior\BuildLiteBehavior [ RunTime:0.000005s ]
INFO: [ app_init ] --END-- [ RunTime:0.000039s ]
INFO: [ app_begin ] --START--
INFO: Run Behavior\ReadHtmlCacheBehavior [ RunTime:0.000024s ]
INFO: [ app_begin ] --END-- [ RunTime:0.000046s ]
SQL: SHOW COLUMNS FROM `plate_conts_blank` [ RunTime:0.0064s ]
SQL: SHOW COLUMNS FROM `plate_conts_logs` [ RunTime:0.0124s ]
SQL: SHOW COLUMNS FROM `plate_conts_logsr` [ RunTime:0.0020s ]
SQL: SELECT * FROM `plate_conts_blank` WHERE `id` = 1738 LIMIT 1   [ RunTime:0.0010s ]
SQL: SELECT * FROM `plate_conts_logs` WHERE `blank_id` = 1738 ORDER BY number asc,id asc  [ RunTime:0.0005s ]
SQL: SELECT `key_0` FROM `plate_conts_logs` WHERE `blank_id` = 1738 GROUP BY key_0 LIMIT 1   [ RunTime:0.0005s ]
SQL: SELECT `key_1` FROM `plate_conts_logs` WHERE `blank_id` = 1738 GROUP BY key_1 LIMIT 1   [ RunTime:0.0006s ]
SQL: SELECT `key_2` FROM `plate_conts_logs` WHERE `blank_id` = 1738 GROUP BY key_2 LIMIT 1   [ RunTime:0.0006s ]
SQL: SELECT `key_3` FROM `plate_conts_logs` WHERE `blank_id` = 1738 GROUP BY key_3 LIMIT 1   [ RunTime:0.0008s ]
SQL: SELECT `key_4` FROM `plate_conts_logs` WHERE `blank_id` = 1738 GROUP BY key_4 LIMIT 1   [ RunTime:0.0003s ]
SQL: SELECT `key_5` FROM `plate_conts_logs` WHERE `blank_id` = 1738 GROUP BY key_5 LIMIT 1   [ RunTime:0.0003s ]
SQL: SELECT `key_6` FROM `plate_conts_logs` WHERE `blank_id` = 1738 GROUP BY key_6 LIMIT 1   [ RunTime:0.0005s ]
SQL: SELECT `key_7` FROM `plate_conts_logs` WHERE `blank_id` = 1738 GROUP BY key_7 LIMIT 1   [ RunTime:0.0004s ]
SQL: SHOW COLUMNS FROM `new_tax` [ RunTime:0.0021s ]
SQL: SELECT * FROM `new_tax` WHERE `is_del` = 1  [ RunTime:0.0038s ]
SQL: SHOW COLUMNS FROM `plate_conts_price` [ RunTime:0.0035s ]
SQL: SELECT * FROM `plate_conts_price` WHERE `blank_id` = 1738 AND `is_del` = 1 ORDER BY sort asc, id asc  [ RunTime:0.0010s ]
SQL: SELECT * FROM `plate_conts_blank` WHERE `pid` = 1 AND `status` = 1 ORDER BY cat_index asc  [ RunTime:0.0009s ]
SQL: SHOW COLUMNS FROM `plate_conts_blank_group` [ RunTime:0.0047s ]
SQL: SELECT * FROM `plate_conts_blank_group` WHERE `pid` = 1 ORDER BY sort asc, id asc  [ RunTime:0.0058s ]
ERR: {"status":1,"msg":"\u83b7\u53d6\u6210\u529f","data":{"info":{"id":1738,"pid":1,"group_id":3,"catname":"\u5546\u54c1","cat_index":1,"source":["6a2bd1928b6ed.png"],"sorts":0,"gimage":"6a2bcd01617ca.png","gnames":"\u94dc\u82af\u4ea4\u8054\u805a\u4e59\u70ef\u7edd\u7f18\u805a\u6c2f\u4e59\u70ef\u62a4\u5957\u963b\u71c3\u7535\u7f06\u3010\u4e5d\u6298\u6807\u51c6\u3011","up_a":"0.0","down_a":"0.0","up_b":"0.0","down_b":"0.0","up_c":"0.0","down_c":"0.0","up_d":"0.0","down_d":"0.0","up_e":"0.0","down_e":"0.0","up_f":"0.0","down_f":"0.0","ticket_nor":3,"ticket_person":11,"status":1,"uptimes":1781256594,"times":1781095065,"new_tax_id":1},"key":{"keya":"\u4f9b\u8d27\u65b9\u5f0f","keyb":"\u8d28\u91cf\u6807\u51c6","keyc":"\u6267\u884c\u6807\u51c6","keyd":"\u8d77\u8ba2\u6570\u91cf","keye":"\u8ba1\u91cf\u5355\u4f4d","keyf":"\u4ea7\u54c1\u578b\u53f7","keyg":"\u7535\u538b\u7b49\u7ea7","keyh":"\u4ea7\u54c1\u89c4\u683c"},"list":[{"id":1397848,"pid":1,"cat_index":1,"blank_id":1738,"ptype":2,"source":null,"gnames":null,"sorts":1,"key_0":"\u4f9b\u8d27\u65b9\u5f0f","value_0":"\u5de5\u5382\u751f\u4ea7","key_1":"\u8d28\u91cf\u6807\u51c6","value_1":"\u56fd\u7f51\u6807\u51c6","key_2":"\u6267\u884c\u6807\u51c6","value_2":"GB\/TGWD-2023","price":"3.24","dratio":"1.060","market":"3.43","trans":"7\u5929\u5185\u53d1\u8d27","ticket_nor":null,"ticket_person":null,"status":1,"uptimes":1781255055,"times":1781255049,"number":1,"key_3":"\u8d77\u8ba2\u6570\u91cf","value_3":"500\u7c73","key_4":"\u8ba1\u91cf\u5355\u4f4d","value_4":"\u7c73","key_5":"\u4ea7\u54c1\u578b\u53f7","value_5":"ZC-YJV","key_6":"\u7535\u538b\u7b49\u7ea7","value_6":"0.6\/1KV","key_7":"\u4ea7\u54c1\u89c4\u683c","value_7":"1\u00d710"}],"tax_list":[{"id":1,"pid":0,"name":"\u7535\u529b\u7535\u7f06\u7a0e\u7387\u53d1\u7968","alias_name":"","normal_tax":"3.00","special_tax":"11.00","status":1,"is_del":1,"add_time":0,"up_time":0},{"id":2,"pid":0,"name":"\u5bb6\u88c5\u7535\u7ebf\u7a0e\u7387","alias_name":"","normal_tax":"3.00","special_tax":"10.00","status":1,"is_del":1,"add_time":0,"up_time":0},{"id":3,"pid":0,"name":"\u521a\u6027\u9632\u706b\u7535\u7f06\u7a0e\u7387","alias_name":"","normal_tax":"3.00","special_tax":"9.00","status":1,"is_del":1,"add_time":0,"up_time":0},{"id":9,"pid":0,"name":"\u6a61\u5957\u7535\u7f06\u7a0e\u7387","alias_name":"","normal_tax":"3.00","special_tax":"11.00","status":1,"is_del":1,"add_time":0,"up_time":0},{"id":10,"pid":0,"name":"\u77ff\u7528\u6a61\u80f6\u7535\u7f06\u7a0e\u7387","alias_name":"","normal_tax":"4.00","special_tax":"12.00","status":1,"is_del":1,"add_time":0,"up_time":0}],"price_list":[{"id":2648,"plate_conts_id":1,"new_cate_one_id":1,"new_cate_two_id":355,"new_cate_three_id":356,"name":"\u94dc\u82af\u5bfc\u4f53","ratio":"1.00","sort":1000,"is_del":1,"cat_index":1,"blank_id":1738},{"id":2649,"plate_conts_id":1,"new_cate_one_id":1,"new_cate_two_id":355,"new_cate_three_id":362,"name":"\u8f90\u7167\u4ea4\u8054\u7edd\u7f18","ratio":"1.00","sort":1000,"is_del":1,"cat_index":1,"blank_id":1738},{"id":2650,"plate_conts_id":1,"new_cate_one_id":1,"new_cate_two_id":355,"new_cate_three_id":371,"name":"PVC\u62a4\u5957","ratio":"1.00","sort":1000,"is_del":1,"cat_index":1,"blank_id":1738},{"id":7812,"plate_conts_id":1,"new_cate_one_id":1,"new_cate_two_id":355,"new_cate_three_id":356,"name":"\u94dc\u82af\u5bfc\u4f53","ratio":"0.90","sort":1000,"is_del":1,"cat_index":1,"blank_id":1738},{"id":7813,"plate_conts_id":1,"new_cate_one_id":1,"new_cate_two_id":355,"new_cate_three_id":362,"name":"\u8f90\u7167\u4ea4\u8054\u7edd\u7f18","ratio":"1.00","sort":1000,"is_del":1,"cat_index":1,"blank_id":1738}],"all_blanks":[{"id":1738,"pid":1,"group_id":3,"catname":"\u5546\u54c1","cat_index":1,"source":"[\"6a2bd1928b6ed.png\"]","sorts":0,"gimage":"6a2bcd01617ca.png","gnames":"\u94dc\u82af\u4ea4\u8054\u805a\u4e59\u70ef\u7edd\u7f18\u805a\u6c2f\u4e59\u70ef\u62a4\u5957\u963b\u71c3\u7535\u7f06\u3010\u4e5d\u6298\u6807\u51c6\u3011","up_a":"0.0","down_a":"0.0","up_b":"0.0","down_b":"0.0","up_c":"0.0","down_c":"0.0","up_d":"0.0","down_d":"0.0","up_e":"0.0","down_e":"0.0","up_f":"0.0","down_f":"0.0","ticket_nor":3,"ticket_person":11,"status":1,"uptimes":1781256594,"times":1781095065,"new_tax_id":1},{"id":1739,"pid":1,"group_id":4,"catname":"\u5546\u54c1","cat_index":1,"source":"[\"6a2bd1928b6ed.png\"]","sorts":0,"gimage":"6a2bcd01617ca.png","gnames":"\u94dc\u82af\u4ea4\u8054\u805a\u4e59\u70ef\u7edd\u7f18\u805a\u6c2f\u4e59\u70ef\u62a4\u5957\u963b\u71c3\u7535\u7f06\u3010\u4e5d\u6298\u6807\u51c6\u3011","up_a":"0.0","down_a":"0.0","up_b":"0.0","down_b":"0.0","up_c":"0.0","down_c":"0.0","up_d":"0.0","down_d":"0.0","up_e":"0.0","down_e":"0.0","up_f":"0.0","down_f":"0.0","ticket_nor":3,"ticket_person":11,"status":1,"uptimes":1781256594,"times":1781095065,"new_tax_id":1},{"id":1557,"pid":1,"group_id":3,"catname":"\u4e5d\u6298\u6807\u51c6","cat_index":2,"source":"[\"677187340b61b.png\"]","sorts":0,"gimage":"677187340b3d7.png","gnames":"\u94dc\u82af\u4ea4\u8054\u805a\u4e59\u70ef\u7edd\u7f18\u805a\u6c2f\u4e59\u70ef\u62a4\u5957\u963b\u71c3\u7535\u7f06\u3010\u4e5d\u6298\u6807\u51c6\u3011","up_a":"0.0","down_a":"0.0","up_b":"0.0","down_b":"0.0","up_c":"0.0","down_c":"0.0","up_d":"0.0","down_d":"0.0","up_e":"0.0","down_e":"0.0","up_f":"0.0","down_f":"0.0","ticket_nor":3,"ticket_person":11,"status":1,"uptimes":1781095113,"times":1735489364,"new_tax_id":1},{"id":1740,"pid":1,"group_id":4,"catname":"\u4e5d\u6298\u6807\u51c6","cat_index":2,"source":"[\"677187340b61b.png\"]","sorts":null,"gimage":"677187340b3d7.png","gnames":"\u94dc\u82af\u4ea4\u8054\u805a\u4e59\u70ef\u7edd\u7f18\u805a\u6c2f\u4e59\u70ef\u62a4\u5957\u963b\u71c3\u7535\u7f06\u3010\u4e5d\u6298\u6807\u51c6\u3011","up_a":"0.0","down_a":"0.0","up_b":"0.0","down_b":"0.0","up_c":"0.0","down_c":"0.0","up_d":"0.0","down_d":"0.0","up_e":"0.0","down_e":"0.0","up_f":"0.0","down_f":"0.0","ticket_nor":3,"ticket_person":11,"status":1,"uptimes":1781228972,"times":1781228972,"new_tax_id":1},{"id":1558,"pid":1,"group_id":3,"catname":"\u516b\u6298\u6807\u51c6","cat_index":3,"source":"[\"677187340b61b.png\"]","sorts":0,"gimage":"677187340b3d7.png","gnames":"\u94dc\u82af\u4ea4\u8054\u805a\u4e59\u70ef\u7edd\u7f18\u805a\u6c2f\u4e59\u70ef\u62a4\u5957\u963b\u71c3\u7535\u7f06\u3010\u4e5d\u6298\u6807\u51c6\u3011","up_a":"0.0","down_a":"0.0","up_b":"0.0","down_b":"0.0","up_c":"0.0","down_c":"0.0","up_d":"0.0","down_d":"0.0","up_e":"0.0","down_e":"0.0","up_f":"0.0","down_f":"0.0","ticket_nor":3,"ticket_person":11,"status":1,"uptimes":1781096265,"times":1735490732,"new_tax_id":1},{"id":1741,"pid":1,"group_id":4,"catname":"\u516b\u6298\u6807\u51c6","cat_index":3,"source":"[\"677187340b61b.png\"]","sorts":null,"gimage":"677187340b3d7.png","gnames":"\u94dc\u82af\u4ea4\u8054\u805a\u4e59\u70ef\u7edd\u7f18\u805a\u6c2f\u4e59\u70ef\u62a4\u5957\u963b\u71c3\u7535\u7f06\u3010\u4e5d\u6298\u6807\u51c6\u3011","up_a":"0.0","down_a":"0.0","up_b":"0.0","down_b":"0.0","up_c":"0.0","down_c":"0.0","up_d":"0.0","down_d":"0.0","up_e":"0.0","down_e":"0.0","up_f":"0.0","down_f":"0.0","ticket_nor":3,"ticket_person":11,"status":1,"uptimes":1781228972,"times":1781228972,"new_tax_id":1}],"group_list":[{"id":3,"pid":1,"name":"test1","ratio":"1.000000","sort":0,"add_time":1781145782,"up_time":1781145782},{"id":4,"pid":1,"name":"test2","ratio":"1.000000","sort":0,"add_time":1781145796,"up_time":1781145796}]}}

[ 2026-06-12T17:33:55+08:00 ] ::1 /Home/Goods/plate_conts_list/id/1.html
INFO: [ app_init ] --START--
INFO: Run Behavior\BuildLiteBehavior [ RunTime:0.000007s ]
INFO: [ app_init ] --END-- [ RunTime:0.000088s ]
INFO: [ app_begin ] --START--
INFO: Run Behavior\ReadHtmlCacheBehavior [ RunTime:0.000076s ]
INFO: [ app_begin ] --END-- [ RunTime:0.000104s ]
SQL: SHOW COLUMNS FROM `plate_conts` [ RunTime:0.0079s ]
SQL: SHOW COLUMNS FROM `sys_tmps` [ RunTime:0.0054s ]
SQL: SELECT * FROM `plate_conts` WHERE `id` = 1 LIMIT 1   [ RunTime:0.0031s ]
SQL: SELECT * FROM `sys_tmps` WHERE `types` = 2 ORDER BY id desc  [ RunTime:0.0025s ]
INFO: [ view_parse ] --START--
INFO: [ template_filter ] --START--
INFO: Run Behavior\ContentReplaceBehavior [ RunTime:0.000209s ]
INFO: [ template_filter ] --END-- [ RunTime:0.000228s ]
INFO: Run Behavior\ParseTemplateBehavior [ RunTime:0.008215s ]
INFO: [ view_parse ] --END-- [ RunTime:0.008248s ]
INFO: [ view_filter ] --START--
INFO: Run Behavior\WriteHtmlCacheBehavior [ RunTime:0.000066s ]
INFO: [ view_filter ] --END-- [ RunTime:0.000076s ]
INFO: [ app_end ] --START--
INFO: Run Behavior\ShowPageTraceBehavior [ RunTime:0.000037s ]
INFO: [ app_end ] --END-- [ RunTime:0.000044s ]

[ 2026-06-12T17:33:55+08:00 ] ::1 /Home/Goods/plate_conts_blankr.html
INFO: [ app_init ] --START--
INFO: Run Behavior\BuildLiteBehavior [ RunTime:0.000005s ]
INFO: [ app_init ] --END-- [ RunTime:0.000033s ]
INFO: [ app_begin ] --START--
INFO: Run Behavior\ReadHtmlCacheBehavior [ RunTime:0.000011s ]
INFO: [ app_begin ] --END-- [ RunTime:0.000020s ]
SQL: SHOW COLUMNS FROM `plate_conts_blank` [ RunTime:0.0107s ]
SQL: SHOW COLUMNS FROM `plate_conts_logs` [ RunTime:0.0036s ]
SQL: SHOW COLUMNS FROM `plate_conts_logsr` [ RunTime:0.0084s ]
SQL: SELECT * FROM `plate_conts_blank` WHERE `pid` = 1 AND `cat_index` = 1 LIMIT 1   [ RunTime:0.0149s ]
SQL: SELECT * FROM `plate_conts_logs` WHERE `blank_id` = 1738 ORDER BY number asc,id asc  [ RunTime:0.0015s ]
SQL: SELECT `key_0` FROM `plate_conts_logs` WHERE `blank_id` = 1738 GROUP BY key_0 LIMIT 1   [ RunTime:0.0006s ]
SQL: SELECT `key_1` FROM `plate_conts_logs` WHERE `blank_id` = 1738 GROUP BY key_1 LIMIT 1   [ RunTime:0.0008s ]
SQL: SELECT `key_2` FROM `plate_conts_logs` WHERE `blank_id` = 1738 GROUP BY key_2 LIMIT 1   [ RunTime:0.0011s ]
SQL: SELECT `key_3` FROM `plate_conts_logs` WHERE `blank_id` = 1738 GROUP BY key_3 LIMIT 1   [ RunTime:0.0008s ]
SQL: SELECT `key_4` FROM `plate_conts_logs` WHERE `blank_id` = 1738 GROUP BY key_4 LIMIT 1   [ RunTime:0.0007s ]
SQL: SELECT `key_5` FROM `plate_conts_logs` WHERE `blank_id` = 1738 GROUP BY key_5 LIMIT 1   [ RunTime:0.0010s ]
SQL: SELECT `key_6` FROM `plate_conts_logs` WHERE `blank_id` = 1738 GROUP BY key_6 LIMIT 1   [ RunTime:0.0012s ]
SQL: SELECT `key_7` FROM `plate_conts_logs` WHERE `blank_id` = 1738 GROUP BY key_7 LIMIT 1   [ RunTime:0.0006s ]
SQL: SHOW COLUMNS FROM `new_tax` [ RunTime:0.0049s ]
SQL: SELECT * FROM `new_tax` WHERE `is_del` = 1  [ RunTime:0.0045s ]
SQL: SHOW COLUMNS FROM `plate_conts_price` [ RunTime:0.0019s ]
SQL: SELECT * FROM `plate_conts_price` WHERE `blank_id` = 1738 AND `is_del` = 1 ORDER BY sort asc, id asc  [ RunTime:0.0028s ]
SQL: SELECT * FROM `plate_conts_blank` WHERE `pid` = 1 AND `status` = 1 ORDER BY cat_index asc  [ RunTime:0.0007s ]
SQL: SHOW COLUMNS FROM `plate_conts_blank_group` [ RunTime:0.0016s ]
SQL: SELECT * FROM `plate_conts_blank_group` WHERE `pid` = 1 ORDER BY sort asc, id asc  [ RunTime:0.0011s ]
ERR: {"status":1,"msg":"\u83b7\u53d6\u6210\u529f","data":{"info":{"id":1738,"pid":1,"group_id":3,"catname":"\u5546\u54c1","cat_index":1,"source":["6a2bd1928b6ed.png"],"sorts":0,"gimage":"6a2bcd01617ca.png","gnames":"\u94dc\u82af\u4ea4\u8054\u805a\u4e59\u70ef\u7edd\u7f18\u805a\u6c2f\u4e59\u70ef\u62a4\u5957\u963b\u71c3\u7535\u7f06\u3010\u4e5d\u6298\u6807\u51c6\u3011","up_a":"0.0","down_a":"0.0","up_b":"0.0","down_b":"0.0","up_c":"0.0","down_c":"0.0","up_d":"0.0","down_d":"0.0","up_e":"0.0","down_e":"0.0","up_f":"0.0","down_f":"0.0","ticket_nor":3,"ticket_person":11,"status":1,"uptimes":1781256594,"times":1781095065,"new_tax_id":1},"key":{"keya":"\u4f9b\u8d27\u65b9\u5f0f","keyb":"\u8d28\u91cf\u6807\u51c6","keyc":"\u6267\u884c\u6807\u51c6","keyd":"\u8d77\u8ba2\u6570\u91cf","keye":"\u8ba1\u91cf\u5355\u4f4d","keyf":"\u4ea7\u54c1\u578b\u53f7","keyg":"\u7535\u538b\u7b49\u7ea7","keyh":"\u4ea7\u54c1\u89c4\u683c"},"list":[{"id":1397848,"pid":1,"cat_index":1,"blank_id":1738,"ptype":2,"source":null,"gnames":null,"sorts":1,"key_0":"\u4f9b\u8d27\u65b9\u5f0f","value_0":"\u5de5\u5382\u751f\u4ea7","key_1":"\u8d28\u91cf\u6807\u51c6","value_1":"\u56fd\u7f51\u6807\u51c6","key_2":"\u6267\u884c\u6807\u51c6","value_2":"GB\/TGWD-2023","price":"3.24","dratio":"1.060","market":"3.43","trans":"7\u5929\u5185\u53d1\u8d27","ticket_nor":null,"ticket_person":null,"status":1,"uptimes":1781255055,"times":1781255049,"number":1,"key_3":"\u8d77\u8ba2\u6570\u91cf","value_3":"500\u7c73","key_4":"\u8ba1\u91cf\u5355\u4f4d","value_4":"\u7c73","key_5":"\u4ea7\u54c1\u578b\u53f7","value_5":"ZC-YJV","key_6":"\u7535\u538b\u7b49\u7ea7","value_6":"0.6\/1KV","key_7":"\u4ea7\u54c1\u89c4\u683c","value_7":"1\u00d710"}],"tax_list":[{"id":1,"pid":0,"name":"\u7535\u529b\u7535\u7f06\u7a0e\u7387\u53d1\u7968","alias_name":"","normal_tax":"3.00","special_tax":"11.00","status":1,"is_del":1,"add_time":0,"up_time":0},{"id":2,"pid":0,"name":"\u5bb6\u88c5\u7535\u7ebf\u7a0e\u7387","alias_name":"","normal_tax":"3.00","special_tax":"10.00","status":1,"is_del":1,"add_time":0,"up_time":0},{"id":3,"pid":0,"name":"\u521a\u6027\u9632\u706b\u7535\u7f06\u7a0e\u7387","alias_name":"","normal_tax":"3.00","special_tax":"9.00","status":1,"is_del":1,"add_time":0,"up_time":0},{"id":9,"pid":0,"name":"\u6a61\u5957\u7535\u7f06\u7a0e\u7387","alias_name":"","normal_tax":"3.00","special_tax":"11.00","status":1,"is_del":1,"add_time":0,"up_time":0},{"id":10,"pid":0,"name":"\u77ff\u7528\u6a61\u80f6\u7535\u7f06\u7a0e\u7387","alias_name":"","normal_tax":"4.00","special_tax":"12.00","status":1,"is_del":1,"add_time":0,"up_time":0}],"price_list":[{"id":2648,"plate_conts_id":1,"new_cate_one_id":1,"new_cate_two_id":355,"new_cate_three_id":356,"name":"\u94dc\u82af\u5bfc\u4f53","ratio":"1.00","sort":1000,"is_del":1,"cat_index":1,"blank_id":1738},{"id":2649,"plate_conts_id":1,"new_cate_one_id":1,"new_cate_two_id":355,"new_cate_three_id":362,"name":"\u8f90\u7167\u4ea4\u8054\u7edd\u7f18","ratio":"1.00","sort":1000,"is_del":1,"cat_index":1,"blank_id":1738},{"id":2650,"plate_conts_id":1,"new_cate_one_id":1,"new_cate_two_id":355,"new_cate_three_id":371,"name":"PVC\u62a4\u5957","ratio":"1.00","sort":1000,"is_del":1,"cat_index":1,"blank_id":1738},{"id":7812,"plate_conts_id":1,"new_cate_one_id":1,"new_cate_two_id":355,"new_cate_three_id":356,"name":"\u94dc\u82af\u5bfc\u4f53","ratio":"0.90","sort":1000,"is_del":1,"cat_index":1,"blank_id":1738},{"id":7813,"plate_conts_id":1,"new_cate_one_id":1,"new_cate_two_id":355,"new_cate_three_id":362,"name":"\u8f90\u7167\u4ea4\u8054\u7edd\u7f18","ratio":"1.00","sort":1000,"is_del":1,"cat_index":1,"blank_id":1738}],"all_blanks":[{"id":1738,"pid":1,"group_id":3,"catname":"\u5546\u54c1","cat_index":1,"source":"[\"6a2bd1928b6ed.png\"]","sorts":0,"gimage":"6a2bcd01617ca.png","gnames":"\u94dc\u82af\u4ea4\u8054\u805a\u4e59\u70ef\u7edd\u7f18\u805a\u6c2f\u4e59\u70ef\u62a4\u5957\u963b\u71c3\u7535\u7f06\u3010\u4e5d\u6298\u6807\u51c6\u3011","up_a":"0.0","down_a":"0.0","up_b":"0.0","down_b":"0.0","up_c":"0.0","down_c":"0.0","up_d":"0.0","down_d":"0.0","up_e":"0.0","down_e":"0.0","up_f":"0.0","down_f":"0.0","ticket_nor":3,"ticket_person":11,"status":1,"uptimes":1781256594,"times":1781095065,"new_tax_id":1},{"id":1739,"pid":1,"group_id":4,"catname":"\u5546\u54c1","cat_index":1,"source":"[\"6a2bd1928b6ed.png\"]","sorts":0,"gimage":"6a2bcd01617ca.png","gnames":"\u94dc\u82af\u4ea4\u8054\u805a\u4e59\u70ef\u7edd\u7f18\u805a\u6c2f\u4e59\u70ef\u62a4\u5957\u963b\u71c3\u7535\u7f06\u3010\u4e5d\u6298\u6807\u51c6\u3011","up_a":"0.0","down_a":"0.0","up_b":"0.0","down_b":"0.0","up_c":"0.0","down_c":"0.0","up_d":"0.0","down_d":"0.0","up_e":"0.0","down_e":"0.0","up_f":"0.0","down_f":"0.0","ticket_nor":3,"ticket_person":11,"status":1,"uptimes":1781256594,"times":1781095065,"new_tax_id":1},{"id":1557,"pid":1,"group_id":3,"catname":"\u4e5d\u6298\u6807\u51c6","cat_index":2,"source":"[\"677187340b61b.png\"]","sorts":0,"gimage":"677187340b3d7.png","gnames":"\u94dc\u82af\u4ea4\u8054\u805a\u4e59\u70ef\u7edd\u7f18\u805a\u6c2f\u4e59\u70ef\u62a4\u5957\u963b\u71c3\u7535\u7f06\u3010\u4e5d\u6298\u6807\u51c6\u3011","up_a":"0.0","down_a":"0.0","up_b":"0.0","down_b":"0.0","up_c":"0.0","down_c":"0.0","up_d":"0.0","down_d":"0.0","up_e":"0.0","down_e":"0.0","up_f":"0.0","down_f":"0.0","ticket_nor":3,"ticket_person":11,"status":1,"uptimes":1781095113,"times":1735489364,"new_tax_id":1},{"id":1740,"pid":1,"group_id":4,"catname":"\u4e5d\u6298\u6807\u51c6","cat_index":2,"source":"[\"677187340b61b.png\"]","sorts":null,"gimage":"677187340b3d7.png","gnames":"\u94dc\u82af\u4ea4\u8054\u805a\u4e59\u70ef\u7edd\u7f18\u805a\u6c2f\u4e59\u70ef\u62a4\u5957\u963b\u71c3\u7535\u7f06\u3010\u4e5d\u6298\u6807\u51c6\u3011","up_a":"0.0","down_a":"0.0","up_b":"0.0","down_b":"0.0","up_c":"0.0","down_c":"0.0","up_d":"0.0","down_d":"0.0","up_e":"0.0","down_e":"0.0","up_f":"0.0","down_f":"0.0","ticket_nor":3,"ticket_person":11,"status":1,"uptimes":1781228972,"times":1781228972,"new_tax_id":1},{"id":1558,"pid":1,"group_id":3,"catname":"\u516b\u6298\u6807\u51c6","cat_index":3,"source":"[\"677187340b61b.png\"]","sorts":0,"gimage":"677187340b3d7.png","gnames":"\u94dc\u82af\u4ea4\u8054\u805a\u4e59\u70ef\u7edd\u7f18\u805a\u6c2f\u4e59\u70ef\u62a4\u5957\u963b\u71c3\u7535\u7f06\u3010\u4e5d\u6298\u6807\u51c6\u3011","up_a":"0.0","down_a":"0.0","up_b":"0.0","down_b":"0.0","up_c":"0.0","down_c":"0.0","up_d":"0.0","down_d":"0.0","up_e":"0.0","down_e":"0.0","up_f":"0.0","down_f":"0.0","ticket_nor":3,"ticket_person":11,"status":1,"uptimes":1781096265,"times":1735490732,"new_tax_id":1},{"id":1741,"pid":1,"group_id":4,"catname":"\u516b\u6298\u6807\u51c6","cat_index":3,"source":"[\"677187340b61b.png\"]","sorts":null,"gimage":"677187340b3d7.png","gnames":"\u94dc\u82af\u4ea4\u8054\u805a\u4e59\u70ef\u7edd\u7f18\u805a\u6c2f\u4e59\u70ef\u62a4\u5957\u963b\u71c3\u7535\u7f06\u3010\u4e5d\u6298\u6807\u51c6\u3011","up_a":"0.0","down_a":"0.0","up_b":"0.0","down_b":"0.0","up_c":"0.0","down_c":"0.0","up_d":"0.0","down_d":"0.0","up_e":"0.0","down_e":"0.0","up_f":"0.0","down_f":"0.0","ticket_nor":3,"ticket_person":11,"status":1,"uptimes":1781228972,"times":1781228972,"new_tax_id":1}],"group_list":[{"id":3,"pid":1,"name":"test1","ratio":"1.000000","sort":0,"add_time":1781145782,"up_time":1781145782},{"id":4,"pid":1,"name":"test2","ratio":"1.000000","sort":0,"add_time":1781145796,"up_time":1781145796}]}}

