[ 2026-06-04T20:32:34+08:00 ] ::1 /Home/NewLabel/index.html
INFO: [ app_init ] --START--
INFO: Run Behavior\BuildLiteBehavior [ RunTime:0.000033s ]
INFO: [ app_init ] --END-- [ RunTime:0.000135s ]
INFO: [ app_begin ] --START--
INFO: Run Behavior\ReadHtmlCacheBehavior [ RunTime:0.000028s ]
INFO: [ app_begin ] --END-- [ RunTime:0.000043s ]
SQL: SHOW COLUMNS FROM `new_label` [ RunTime:0.0080s ]
SQL: SELECT * FROM `new_label` ORDER BY id asc  [ RunTime:0.0013s ]
INFO: [ view_parse ] --START--
INFO: [ template_filter ] --START--
INFO: Run Behavior\ContentReplaceBehavior [ RunTime:0.000193s ]
INFO: [ template_filter ] --END-- [ RunTime:0.000242s ]
INFO: Run Behavior\ParseTemplateBehavior [ RunTime:0.013572s ]
INFO: [ view_parse ] --END-- [ RunTime:0.013627s ]
INFO: [ view_filter ] --START--
INFO: Run Behavior\WriteHtmlCacheBehavior [ RunTime:0.000144s ]
INFO: [ view_filter ] --END-- [ RunTime:0.000156s ]
INFO: [ app_end ] --START--
INFO: Run Behavior\ShowPageTraceBehavior [ RunTime:0.000115s ]
INFO: [ app_end ] --END-- [ RunTime:0.000149s ]

[ 2026-06-04T20:32:37+08:00 ] ::1 /Home/Task/index.html
INFO: [ app_init ] --START--
INFO: Run Behavior\BuildLiteBehavior [ RunTime:0.000014s ]
INFO: [ app_init ] --END-- [ RunTime:0.000119s ]
INFO: [ app_begin ] --START--
INFO: Run Behavior\ReadHtmlCacheBehavior [ RunTime:0.000038s ]
INFO: [ app_begin ] --END-- [ RunTime:0.000059s ]
SQL: SHOW COLUMNS FROM `task` [ RunTime:0.0052s ]
NOTIC: [2] Undefined variable $where /Users/gangliu/data/catdesk_workspace/yilan/App/Home/Controller/TaskController.class.php 第 12 行.
SQL: SELECT COUNT(*) AS tp_count FROM `task` LIMIT 1   [ RunTime:0.0032s ]
SQL: SELECT * FROM `task` ORDER BY id desc LIMIT 0,10   [ RunTime:0.0019s ]
INFO: [ view_parse ] --START--
INFO: [ template_filter ] --START--
INFO: Run Behavior\ContentReplaceBehavior [ RunTime:0.000237s ]
INFO: [ template_filter ] --END-- [ RunTime:0.000301s ]
INFO: Run Behavior\ParseTemplateBehavior [ RunTime:0.010449s ]
INFO: [ view_parse ] --END-- [ RunTime:0.010504s ]
INFO: [ view_filter ] --START--
INFO: Run Behavior\WriteHtmlCacheBehavior [ RunTime:0.000094s ]
INFO: [ view_filter ] --END-- [ RunTime:0.000108s ]
INFO: [ app_end ] --START--
INFO: Run Behavior\ShowPageTraceBehavior [ RunTime:0.000042s ]
INFO: [ app_end ] --END-- [ RunTime:0.000056s ]

[ 2026-06-04T20:35:10+08:00 ] ::1 /Home/NewLabel/index.html
INFO: [ app_init ] --START--
INFO: Run Behavior\BuildLiteBehavior [ RunTime:0.000011s ]
INFO: [ app_init ] --END-- [ RunTime:0.000096s ]
INFO: [ app_begin ] --START--
INFO: Run Behavior\ReadHtmlCacheBehavior [ RunTime:0.000070s ]
INFO: [ app_begin ] --END-- [ RunTime:0.000093s ]
SQL: SHOW COLUMNS FROM `new_label` [ RunTime:0.0058s ]
SQL: SELECT * FROM `new_label` ORDER BY id asc  [ RunTime:0.0015s ]
INFO: [ view_parse ] --START--
INFO: [ template_filter ] --START--
INFO: Run Behavior\ContentReplaceBehavior [ RunTime:0.000185s ]
INFO: [ template_filter ] --END-- [ RunTime:0.000223s ]
INFO: Run Behavior\ParseTemplateBehavior [ RunTime:0.017081s ]
INFO: [ view_parse ] --END-- [ RunTime:0.017120s ]
INFO: [ view_filter ] --START--
INFO: Run Behavior\WriteHtmlCacheBehavior [ RunTime:0.000120s ]
INFO: [ view_filter ] --END-- [ RunTime:0.000138s ]
INFO: [ app_end ] --START--
INFO: Run Behavior\ShowPageTraceBehavior [ RunTime:0.000120s ]
INFO: [ app_end ] --END-- [ RunTime:0.000158s ]

[ 2026-06-04T20:35:12+08:00 ] ::1 /Home/NewLabel/index.html
INFO: [ app_init ] --START--
INFO: Run Behavior\BuildLiteBehavior [ RunTime:0.000008s ]
INFO: [ app_init ] --END-- [ RunTime:0.000263s ]
INFO: [ app_begin ] --START--
INFO: Run Behavior\ReadHtmlCacheBehavior [ RunTime:0.000040s ]
INFO: [ app_begin ] --END-- [ RunTime:0.000072s ]
SQL: SHOW COLUMNS FROM `new_label` [ RunTime:0.0027s ]
SQL: SELECT * FROM `new_label` ORDER BY id asc  [ RunTime:0.0010s ]
INFO: [ view_parse ] --START--
INFO: [ template_filter ] --START--
INFO: Run Behavior\ContentReplaceBehavior [ RunTime:0.000245s ]
INFO: [ template_filter ] --END-- [ RunTime:0.000291s ]
INFO: Run Behavior\ParseTemplateBehavior [ RunTime:0.007734s ]
INFO: [ view_parse ] --END-- [ RunTime:0.007760s ]
INFO: [ view_filter ] --START--
INFO: Run Behavior\WriteHtmlCacheBehavior [ RunTime:0.000037s ]
INFO: [ view_filter ] --END-- [ RunTime:0.000050s ]
INFO: [ app_end ] --START--
INFO: Run Behavior\ShowPageTraceBehavior [ RunTime:0.000025s ]
INFO: [ app_end ] --END-- [ RunTime:0.000035s ]

[ 2026-06-04T20:35:16+08:00 ] ::1 /Home/Core/infos/model/new_label.html
INFO: [ app_init ] --START--
INFO: Run Behavior\BuildLiteBehavior [ RunTime:0.000009s ]
INFO: [ app_init ] --END-- [ RunTime:0.000107s ]
INFO: [ app_begin ] --START--
INFO: Run Behavior\ReadHtmlCacheBehavior [ RunTime:0.000057s ]
INFO: [ app_begin ] --END-- [ RunTime:0.000099s ]
SQL: SHOW COLUMNS FROM `new_label` [ RunTime:0.0128s ]
SQL: SELECT * FROM `new_label` WHERE `id` = 3 LIMIT 1   [ RunTime:0.0020s ]
ERR: {"status":1,"msg":"\u83b7\u53d6\u6210\u529f","data":{"id":3,"cate_label_id":0,"name":"\u5bfc\u4f53\u6750\u6599\u4ef7\u683c","cate_type":0,"pid":0,"ratio":"0.000000","price":"0.0000","last_futures_price":"0.0000","last_sync_ratio":"0.000000","last_sync_time":0,"status":1,"is_del":1,"level":0,"add_time":1731509772,"up_time":1780023529,"pid_str":"","pid2":0,"pid2_str":"","ratio2":"100.000000","pid3":0,"pid3_str":"","ratio3":"100.000000","end_ratio":"0.000000","level2":1,"level3":1}}

[ 2026-06-04T20:35:22+08:00 ] ::1 /Home/Core/edits/model/new_label.html
INFO: [ app_init ] --START--
INFO: Run Behavior\BuildLiteBehavior [ RunTime:0.000010s ]
INFO: [ app_init ] --END-- [ RunTime:0.000104s ]
INFO: [ app_begin ] --START--
INFO: Run Behavior\ReadHtmlCacheBehavior [ RunTime:0.000048s ]
INFO: [ app_begin ] --END-- [ RunTime:0.000076s ]
SQL: SHOW COLUMNS FROM `new_label` [ RunTime:0.0032s ]
SQL: UPDATE `new_label` SET `name`='导体材料价格22',`up_time`='1780576522' WHERE ( id='3' ) [ RunTime:0.0112s ]
NOTIC: [2] Undefined array key "new_label" /Users/gangliu/data/catdesk_workspace/yilan/App/Home/Controller/CoreController.class.php 第 196 行.
NOTIC: [8192] parse_url(): Passing null to parameter #1 ($url) of type string is deprecated /Users/gangliu/data/catdesk_workspace/yilan/ThinkPHP/Common/functions.php 第 888 行.
ERR: {"status":1,"msg":"\u4fee\u6539\u6210\u529f","data":"\/Home\/Core\/edits.html"}

[ 2026-06-04T20:35:22+08:00 ] ::1 /Home/NewLabel/index.html
INFO: [ app_init ] --START--
INFO: Run Behavior\BuildLiteBehavior [ RunTime:0.000005s ]
INFO: [ app_init ] --END-- [ RunTime:0.000047s ]
INFO: [ app_begin ] --START--
INFO: Run Behavior\ReadHtmlCacheBehavior [ RunTime:0.000019s ]
INFO: [ app_begin ] --END-- [ RunTime:0.000030s ]
SQL: SHOW COLUMNS FROM `new_label` [ RunTime:0.0051s ]
SQL: SELECT * FROM `new_label` ORDER BY id asc  [ RunTime:0.0012s ]
INFO: [ view_parse ] --START--
INFO: [ template_filter ] --START--
INFO: Run Behavior\ContentReplaceBehavior [ RunTime:0.000343s ]
INFO: [ template_filter ] --END-- [ RunTime:0.000405s ]
INFO: Run Behavior\ParseTemplateBehavior [ RunTime:0.013077s ]
INFO: [ view_parse ] --END-- [ RunTime:0.013115s ]
INFO: [ view_filter ] --START--
INFO: Run Behavior\WriteHtmlCacheBehavior [ RunTime:0.000098s ]
INFO: [ view_filter ] --END-- [ RunTime:0.000112s ]
INFO: [ app_end ] --START--
INFO: Run Behavior\ShowPageTraceBehavior [ RunTime:0.000118s ]
INFO: [ app_end ] --END-- [ RunTime:0.000173s ]

[ 2026-06-04T20:35:28+08:00 ] ::1 /Home/NewLabel/index.html
INFO: [ app_init ] --START--
INFO: Run Behavior\BuildLiteBehavior [ RunTime:0.000008s ]
INFO: [ app_init ] --END-- [ RunTime:0.000070s ]
INFO: [ app_begin ] --START--
INFO: Run Behavior\ReadHtmlCacheBehavior [ RunTime:0.000016s ]
INFO: [ app_begin ] --END-- [ RunTime:0.000024s ]
SQL: SHOW COLUMNS FROM `new_label` [ RunTime:0.0046s ]
SQL: SELECT * FROM `new_label` ORDER BY id asc  [ RunTime:0.0014s ]
INFO: [ view_parse ] --START--
INFO: [ template_filter ] --START--
INFO: Run Behavior\ContentReplaceBehavior [ RunTime:0.000094s ]
INFO: [ template_filter ] --END-- [ RunTime:0.000120s ]
INFO: Run Behavior\ParseTemplateBehavior [ RunTime:0.008071s ]
INFO: [ view_parse ] --END-- [ RunTime:0.008083s ]
INFO: [ view_filter ] --START--
INFO: Run Behavior\WriteHtmlCacheBehavior [ RunTime:0.000028s ]
INFO: [ view_filter ] --END-- [ RunTime:0.000033s ]
INFO: [ app_end ] --START--
INFO: Run Behavior\ShowPageTraceBehavior [ RunTime:0.000015s ]
INFO: [ app_end ] --END-- [ RunTime:0.000019s ]

[ 2026-06-04T20:35:29+08:00 ] ::1 /Home/NewLabel/index.html
INFO: [ app_init ] --START--
INFO: Run Behavior\BuildLiteBehavior [ RunTime:0.000008s ]
INFO: [ app_init ] --END-- [ RunTime:0.000078s ]
INFO: [ app_begin ] --START--
INFO: Run Behavior\ReadHtmlCacheBehavior [ RunTime:0.000042s ]
INFO: [ app_begin ] --END-- [ RunTime:0.000080s ]
SQL: SHOW COLUMNS FROM `new_label` [ RunTime:0.0027s ]
SQL: SELECT * FROM `new_label` ORDER BY id asc  [ RunTime:0.0009s ]
INFO: [ view_parse ] --START--
INFO: [ template_filter ] --START--
INFO: Run Behavior\ContentReplaceBehavior [ RunTime:0.000184s ]
INFO: [ template_filter ] --END-- [ RunTime:0.000210s ]
INFO: Run Behavior\ParseTemplateBehavior [ RunTime:0.007967s ]
INFO: [ view_parse ] --END-- [ RunTime:0.007998s ]
INFO: [ view_filter ] --START--
INFO: Run Behavior\WriteHtmlCacheBehavior [ RunTime:0.000072s ]
INFO: [ view_filter ] --END-- [ RunTime:0.000084s ]
INFO: [ app_end ] --START--
INFO: Run Behavior\ShowPageTraceBehavior [ RunTime:0.000055s ]
INFO: [ app_end ] --END-- [ RunTime:0.000076s ]

[ 2026-06-04T20:35:30+08:00 ] ::1 /Home/NewLabel/index.html
INFO: [ app_init ] --START--
INFO: Run Behavior\BuildLiteBehavior [ RunTime:0.000009s ]
INFO: [ app_init ] --END-- [ RunTime:0.000066s ]
INFO: [ app_begin ] --START--
INFO: Run Behavior\ReadHtmlCacheBehavior [ RunTime:0.000087s ]
INFO: [ app_begin ] --END-- [ RunTime:0.000123s ]
SQL: SHOW COLUMNS FROM `new_label` [ RunTime:0.0046s ]
SQL: SELECT * FROM `new_label` ORDER BY id asc  [ RunTime:0.0016s ]
INFO: [ view_parse ] --START--
INFO: [ template_filter ] --START--
INFO: Run Behavior\ContentReplaceBehavior [ RunTime:0.000344s ]
INFO: [ template_filter ] --END-- [ RunTime:0.000402s ]
INFO: Run Behavior\ParseTemplateBehavior [ RunTime:0.011902s ]
INFO: [ view_parse ] --END-- [ RunTime:0.011957s ]
INFO: [ view_filter ] --START--
INFO: Run Behavior\WriteHtmlCacheBehavior [ RunTime:0.000087s ]
INFO: [ view_filter ] --END-- [ RunTime:0.000101s ]
INFO: [ app_end ] --START--
INFO: Run Behavior\ShowPageTraceBehavior [ RunTime:0.000091s ]
INFO: [ app_end ] --END-- [ RunTime:0.000113s ]

[ 2026-06-04T20:35:35+08:00 ] ::1 /Home/PriceSync/index
INFO: [ app_init ] --START--
INFO: Run Behavior\BuildLiteBehavior [ RunTime:0.000010s ]
INFO: [ app_init ] --END-- [ RunTime:0.000095s ]
INFO: [ app_begin ] --START--
INFO: Run Behavior\ReadHtmlCacheBehavior [ RunTime:0.000027s ]
INFO: [ app_begin ] --END-- [ RunTime:0.000041s ]
INFO: [ view_parse ] --START--
INFO: [ template_filter ] --START--
INFO: Run Behavior\ContentReplaceBehavior [ RunTime:0.000221s ]
INFO: [ template_filter ] --END-- [ RunTime:0.000295s ]
INFO: Run Behavior\ParseTemplateBehavior [ RunTime:0.008993s ]
INFO: [ view_parse ] --END-- [ RunTime:0.009061s ]
INFO: [ view_filter ] --START--
INFO: Run Behavior\WriteHtmlCacheBehavior [ RunTime:0.000087s ]
INFO: [ view_filter ] --END-- [ RunTime:0.000102s ]
INFO: [ app_end ] --START--
INFO: Run Behavior\ShowPageTraceBehavior [ RunTime:0.000033s ]
INFO: [ app_end ] --END-- [ RunTime:0.000047s ]

[ 2026-06-04T20:35:35+08:00 ] ::1 /Home/PriceSync/getQuotes.html
INFO: [ app_init ] --START--
INFO: Run Behavior\BuildLiteBehavior [ RunTime:0.000006s ]
INFO: [ app_init ] --END-- [ RunTime:0.000058s ]
INFO: [ app_begin ] --START--
INFO: Run Behavior\ReadHtmlCacheBehavior [ RunTime:0.000023s ]
INFO: [ app_begin ] --END-- [ RunTime:0.000038s ]
ERR: {"status":1,"msg":"\u83b7\u53d6\u6210\u529f","data":[{"p":3348,"name":"\u7ebf\u6750\u4e3b\u8fde","dm":"wrm","zde":-19,"zdf":-0.56,"zjsj":3367}]}

[ 2026-06-04T20:35:35+08:00 ] ::1 /Home/PriceSync/getConfigList.html
INFO: [ app_init ] --START--
INFO: Run Behavior\BuildLiteBehavior [ RunTime:0.000009s ]
INFO: [ app_init ] --END-- [ RunTime:0.000081s ]
INFO: [ app_begin ] --START--
INFO: Run Behavior\ReadHtmlCacheBehavior [ RunTime:0.000041s ]
INFO: [ app_begin ] --END-- [ RunTime:0.000081s ]
SQL: SHOW COLUMNS FROM `price_sync_config` [ RunTime:0.0054s ]
SQL: SELECT * FROM `price_sync_config` WHERE `status` = 1 ORDER BY id asc  [ RunTime:0.0010s ]
SQL: SHOW COLUMNS FROM `price_sync_log` [ RunTime:0.0026s ]
SQL: SELECT `config_id`,MAX(add_time) as last_sync_at FROM `price_sync_log` WHERE `config_id` IN (1,2,3,6,7) GROUP BY config_id  [ RunTime:0.0013s ]
SQL: SHOW COLUMNS FROM `new_label` [ RunTime:0.0030s ]
SQL: SELECT `price` FROM `new_label` WHERE `id` = 160 LIMIT 1   [ RunTime:0.0010s ]
SQL: SELECT `price` FROM `new_label` WHERE `id` = 162 LIMIT 1   [ RunTime:0.0008s ]
SQL: SELECT `price` FROM `new_label` WHERE `id` = 163 LIMIT 1   [ RunTime:0.0007s ]
SQL: SELECT `price` FROM `new_label` WHERE `id` = 166 LIMIT 1   [ RunTime:0.0005s ]
SQL: SELECT `price` FROM `new_label` WHERE `id` = 191 LIMIT 1   [ RunTime:0.0003s ]
ERR: {"status":1,"msg":"\u83b7\u53d6\u6210\u529f","data":[{"id":1,"futures_code":"cum","futures_name":"\u6caa\u94dc\u4e3b\u8fde","exchange":"shfe","new_label_id":160,"label_name":"\u6caa\u94dc","ratio":"100.0000","auto_sync":1,"status":1,"add_time":1780239338,"up_time":1780240685,"current_price":"0.00","last_sync_at":"2026-06-04 20:28:28"},{"id":2,"futures_code":"nim","futures_name":"\u6caa\u954d\u4e3b\u8fde","exchange":"shfe","new_label_id":162,"label_name":"\u6caa\u954d","ratio":"1.0000","auto_sync":1,"status":1,"add_time":1780366433,"up_time":1780366443,"current_price":"0.00","last_sync_at":"2026-06-04 20:32:11"},{"id":3,"futures_code":"snm","futures_name":"\u6caa\u9521\u4e3b\u8fde","exchange":"shfe","new_label_id":163,"label_name":"\u6caa\u9521","ratio":"100.0000","auto_sync":0,"status":1,"add_time":1780366480,"up_time":1780366480,"current_price":"437040.00","last_sync_at":"-"},{"id":6,"futures_code":"agm","futures_name":"\u6caa\u94f6\u4e3b\u8fde","exchange":"shfe","new_label_id":166,"label_name":"\u6caa\u94f6","ratio":"100.0000","auto_sync":1,"status":1,"add_time":1780396428,"up_time":1780396428,"current_price":"18522.00","last_sync_at":"2026-06-02 18:33:56"},{"id":7,"futures_code":"lgm","futures_name":"\u539f\u6728\u4e3b\u8fde","exchange":"dce","new_label_id":191,"label_name":"\u5907\u75283","ratio":"100.0000","auto_sync":1,"status":1,"add_time":1780403277,"up_time":1780403277,"current_price":"788.00","last_sync_at":"2026-06-02 20:28:05"}]}

[ 2026-06-04T20:35:35+08:00 ] ::1 /Home/PriceSync/getMaterials.html
INFO: [ app_init ] --START--
INFO: Run Behavior\BuildLiteBehavior [ RunTime:0.000010s ]
INFO: [ app_init ] --END-- [ RunTime:0.000090s ]
INFO: [ app_begin ] --START--
INFO: Run Behavior\ReadHtmlCacheBehavior [ RunTime:0.000062s ]
INFO: [ app_begin ] --END-- [ RunTime:0.000105s ]
SQL: SHOW COLUMNS FROM `new_label` [ RunTime:0.0036s ]
SQL: SELECT `id`,`name` FROM `new_label` WHERE `cate_label_id` = 0 AND `cate_type` = 0  [ RunTime:0.0010s ]
SQL: SELECT * FROM `new_label` WHERE `cate_label_id` IN (3,4,26,30,133,159,184) AND `pid` = 0 ORDER BY cate_label_id asc, id asc  [ RunTime:0.0015s ]
ERR: {"status":1,"msg":"\u83b7\u53d6\u6210\u529f","data":[{"id":5,"cate_label_id":3,"name":"\u73b0\u8d27\u94dc\u4ef7\u57fa\u7840\u503c","cate_type":0,"pid":0,"ratio":"100.000000","price":"94.9000","last_futures_price":"0.0000","last_sync_ratio":"0.000000","last_sync_time":0,"status":1,"is_del":1,"level":0,"add_time":1731588218,"up_time":1731678051,"pid_str":"","pid2":0,"pid2_str":"","ratio2":"100.000000","pid3":0,"pid3_str":"","ratio3":"100.000000","end_ratio":"0.000000","level2":0,"level3":0,"cat_name":"\u5bfc\u4f53\u6750\u6599\u4ef7\u683c22"},{"id":51,"cate_label_id":3,"name":"\u73b0\u8d27\u94dd\u4ef7\u57fa\u7840\u503c","cate_type":0,"pid":0,"ratio":"100.000000","price":"23.0000","last_futures_price":"0.0000","last_sync_ratio":"0.000000","last_sync_time":0,"status":1,"is_del":1,"level":0,"add_time":1731682407,"up_time":1731682407,"pid_str":"","pid2":0,"pid2_str":"","ratio2":"100.000000","pid3":0,"pid3_str":"","ratio3":"100.000000","end_ratio":"0.000000","level2":0,"level3":0,"cat_name":"\u5bfc\u4f53\u6750\u6599\u4ef7\u683c22"},{"id":99,"cate_label_id":3,"name":"\u67b6\u7a7a\u5bfc\u7ebf\u94a2\u4e1d\u4ef7","cate_type":0,"pid":0,"ratio":"0.000000","price":"5.0000","last_futures_price":"0.0000","last_sync_ratio":"0.000000","last_sync_time":0,"status":1,"is_del":1,"level":1,"add_time":1735382759,"up_time":1735382759,"pid_str":"","pid2":0,"pid2_str":"","ratio2":"100.000000","pid3":0,"pid3_str":"","ratio3":"100.000000","end_ratio":"0.000000","level2":1,"level3":1,"cat_name":"\u5bfc\u4f53\u6750\u6599\u4ef7\u683c22"},{"id":94,"cate_label_id":4,"name":"\u9ed1\u4e91\u6bcd\u5e26","cate_type":0,"pid":0,"ratio":"0.000000","price":"38.0000","last_futures_price":"0.0000","last_sync_ratio":"0.000000","last_sync_time":0,"status":1,"is_del":1,"level":0,"add_time":1735321887,"up_time":1735321887,"pid_str":"","pid2":0,"pid2_str":"","ratio2":"100.000000","pid3":0,"pid3_str":"","ratio3":"100.000000","end_ratio":"0.000000","level2":0,"level3":0,"cat_name":"\u4e91\u6bcd\u6750\u6599\u4ef7\u683c"},{"id":27,"cate_label_id":26,"name":"\u4ea4\u8054\u805a\u4e59\u70ef\u4ef7\u683c","cate_type":0,"pid":0,"ratio":"0.000000","price":"12.0000","last_futures_price":"0.0000","last_sync_ratio":"0.000000","last_sync_time":0,"status":1,"is_del":1,"level":0,"add_time":1731673353,"up_time":1731673353,"pid_str":"","pid2":0,"pid2_str":"","ratio2":"100.000000","pid3":0,"pid3_str":"","ratio3":"100.000000","end_ratio":"0.000000","level2":0,"level3":0,"cat_name":"\u7edd\u7f18\u6750\u6599\u4ef7\u683c"},{"id":74,"cate_label_id":26,"name":"PVC\u805a\u6c2f\u4e59\u70ef\u4ef7","cate_type":0,"pid":0,"ratio":"100.000000","price":"7.5000","last_futures_price":"0.0000","last_sync_ratio":"0.000000","last_sync_time":0,"status":1,"is_del":1,"level":0,"add_time":1734582414,"up_time":1734582414,"pid_str":"","pid2":0,"pid2_str":"","ratio2":"100.000000","pid3":0,"pid3_str":"","ratio3":"100.000000","end_ratio":"0.000000","level2":0,"level3":0,"cat_name":"\u7edd\u7f18\u6750\u6599\u4ef7\u683c"},{"id":105,"cate_label_id":30,"name":"\u94a2\u5e26\u4ef7\u683c","cate_type":0,"pid":0,"ratio":"0.000000","price":"4.2000","last_futures_price":"0.0000","last_sync_ratio":"0.000000","last_sync_time":0,"status":1,"is_del":1,"level":0,"add_time":1735400959,"up_time":1735400959,"pid_str":"","pid2":0,"pid2_str":"","ratio2":"100.000000","pid3":0,"pid3_str":"","ratio3":"100.000000","end_ratio":"0.000000","level2":0,"level3":0,"cat_name":"\u91d1\u5c5e\u94e0\u88c5\u6750\u6599"},{"id":134,"cate_label_id":133,"name":"XH-03A-\u77ff\u7528\u62a4\u5957","cate_type":0,"pid":0,"ratio":"0.000000","price":"8.0000","last_futures_price":"0.0000","last_sync_ratio":"0.000000","last_sync_time":0,"status":1,"is_del":1,"level":0,"add_time":1744771398,"up_time":1744771398,"pid_str":"","pid2":0,"pid2_str":"","ratio2":"0.000000","pid3":0,"pid3_str":"","ratio3":"0.000000","end_ratio":"0.000000","level2":0,"level3":0,"cat_name":"\u6a61\u80f6\u7535\u7f06\u6750\u6599\u4ef7\u683c"},{"id":160,"cate_label_id":159,"name":"\u6caa\u94dc","cate_type":0,"pid":0,"ratio":"0.000000","price":"0.0000","last_futures_price":"0.0000","last_sync_ratio":"100.000000","last_sync_time":1780576108,"status":1,"is_del":1,"level":0,"add_time":1772791661,"up_time":1780576108,"pid_str":"","pid2":0,"pid2_str":"","ratio2":"0.000000","pid3":0,"pid3_str":"","ratio3":"0.000000","end_ratio":"0.000000","level2":0,"level3":0,"cat_name":"\u57fa\u7840\u91d1\u5c5e\u5217\u8868"},{"id":161,"cate_label_id":159,"name":"\u6caa\u94dd","cate_type":0,"pid":0,"ratio":"0.000000","price":"24640.0000","last_futures_price":"0.0000","last_sync_ratio":"0.000000","last_sync_time":0,"status":1,"is_del":1,"level":0,"add_time":1775158584,"up_time":1775158584,"pid_str":"","pid2":0,"pid2_str":"","ratio2":"0.000000","pid3":0,"pid3_str":"","ratio3":"0.000000","end_ratio":"0.000000","level2":0,"level3":0,"cat_name":"\u57fa\u7840\u91d1\u5c5e\u5217\u8868"},{"id":162,"cate_label_id":159,"name":"\u6caa\u954d","cate_type":0,"pid":0,"ratio":"0.000000","price":"0.0000","last_futures_price":"0.0000","last_sync_ratio":"1.000000","last_sync_time":1780576331,"status":1,"is_del":1,"level":0,"add_time":1775158650,"up_time":1780576331,"pid_str":"","pid2":0,"pid2_str":"","ratio2":"0.000000","pid3":0,"pid3_str":"","ratio3":"0.000000","end_ratio":"0.000000","level2":0,"level3":0,"cat_name":"\u57fa\u7840\u91d1\u5c5e\u5217\u8868"},{"id":163,"cate_label_id":159,"name":"\u6caa\u9521","cate_type":0,"pid":0,"ratio":"0.000000","price":"437040.0000","last_futures_price":"0.0000","last_sync_ratio":"0.000000","last_sync_time":0,"status":1,"is_del":1,"level":0,"add_time":1775158678,"up_time":1775158678,"pid_str":"","pid2":0,"pid2_str":"","ratio2":"0.000000","pid3":0,"pid3_str":"","ratio3":"0.000000","end_ratio":"0.000000","level2":0,"level3":0,"cat_name":"\u57fa\u7840\u91d1\u5c5e\u5217\u8868"},{"id":164,"cate_label_id":159,"name":"\u6caa\u950c","cate_type":0,"pid":0,"ratio":"0.000000","price":"24640.0000","last_futures_price":"0.0000","last_sync_ratio":"0.000000","last_sync_time":0,"status":1,"is_del":1,"level":0,"add_time":1775158807,"up_time":1775158807,"pid_str":"","pid2":0,"pid2_str":"","ratio2":"0.000000","pid3":0,"pid3_str":"","ratio3":"0.000000","end_ratio":"0.000000","level2":0,"level3":0,"cat_name":"\u57fa\u7840\u91d1\u5c5e\u5217\u8868"},{"id":165,"cate_label_id":159,"name":"\u4e0d\u9508\u94a2","cate_type":0,"pid":0,"ratio":"0.000000","price":"15065.0000","last_futures_price":"0.0000","last_sync_ratio":"0.000000","last_sync_time":0,"status":1,"is_del":1,"level":0,"add_time":1775158827,"up_time":1775158827,"pid_str":"","pid2":0,"pid2_str":"","ratio2":"0.000000","pid3":0,"pid3_str":"","ratio3":"0.000000","end_ratio":"0.000000","level2":0,"level3":0,"cat_name":"\u57fa\u7840\u91d1\u5c5e\u5217\u8868"},{"id":166,"cate_label_id":159,"name":"\u6caa\u94f6","cate_type":0,"pid":0,"ratio":"0.000000","price":"18522.0000","last_futures_price":"18522.0000","last_sync_ratio":"100.000000","last_sync_time":1780396436,"status":1,"is_del":1,"level":0,"add_time":1775158945,"up_time":1780396436,"pid_str":"","pid2":0,"pid2_str":"","ratio2":"0.000000","pid3":0,"pid3_str":"","ratio3":"0.000000","end_ratio":"0.000000","level2":0,"level3":0,"cat_name":"\u57fa\u7840\u91d1\u5c5e\u5217\u8868"},{"id":167,"cate_label_id":159,"name":"\u6caa\u91d1","cate_type":0,"pid":0,"ratio":"0.000000","price":"1027.1000","last_futures_price":"0.0000","last_sync_ratio":"0.000000","last_sync_time":0,"status":1,"is_del":1,"level":0,"add_time":1775159038,"up_time":1775159038,"pid_str":"","pid2":0,"pid2_str":"","ratio2":"0.000000","pid3":0,"pid3_str":"","ratio3":"0.000000","end_ratio":"0.000000","level2":0,"level3":0,"cat_name":"\u57fa\u7840\u91d1\u5c5e\u5217\u8868"},{"id":168,"cate_label_id":159,"name":"\u7845\u94c1","cate_type":0,"pid":0,"ratio":"0.000000","price":"5762.0000","last_futures_price":"0.0000","last_sync_ratio":"0.000000","last_sync_time":0,"status":1,"is_del":1,"level":0,"add_time":1775159058,"up_time":1775159058,"pid_str":"","pid2":0,"pid2_str":"","ratio2":"0.000000","pid3":0,"pid3_str":"","ratio3":"0.000000","end_ratio":"0.000000","level2":0,"level3":0,"cat_name":"\u57fa\u7840\u91d1\u5c5e\u5217\u8868"},{"id":169,"cate_label_id":159,"name":"\u94c1\u77ff\u77f3","cate_type":0,"pid":0,"ratio":"0.000000","price":"815.5000","last_futures_price":"0.0000","last_sync_ratio":"0.000000","last_sync_time":0,"status":1,"is_del":1,"level":0,"add_time":1775159155,"up_time":1775159155,"pid_str":"","pid2":0,"pid2_str":"","ratio2":"0.000000","pid3":0,"pid3_str":"","ratio3":"0.000000","end_ratio":"0.000000","level2":0,"level3":0,"cat_name":"\u57fa\u7840\u91d1\u5c5e\u5217\u8868"},{"id":170,"cate_label_id":159,"name":"\u87ba\u7eb9\u94a2","cate_type":0,"pid":0,"ratio":"0.000000","price":"3249.0000","last_futures_price":"0.0000","last_sync_ratio":"0.000000","last_sync_time":0,"status":1,"is_del":1,"level":0,"add_time":1775159188,"up_time":1775159188,"pid_str":"","pid2":0,"pid2_str":"","ratio2":"0.000000","pid3":0,"pid3_str":"","ratio3":"0.000000","end_ratio":"0.000000","level2":0,"level3":0,"cat_name":"\u57fa\u7840\u91d1\u5c5e\u5217\u8868"},{"id":171,"cate_label_id":159,"name":"\u70ed\u5377","cate_type":0,"pid":0,"ratio":"0.000000","price":"3468.0000","last_futures_price":"0.0000","last_sync_ratio":"0.000000","last_sync_time":0,"status":1,"is_del":1,"level":0,"add_time":1775159363,"up_time":1775159363,"pid_str":"","pid2":0,"pid2_str":"","ratio2":"0.000000","pid3":0,"pid3_str":"","ratio3":"0.000000","end_ratio":"0.000000","level2":0,"level3":0,"cat_name":"\u57fa\u7840\u91d1\u5c5e\u5217\u8868"},{"id":172,"cate_label_id":159,"name":"\u9530\u7845","cate_type":0,"pid":0,"ratio":"0.000000","price":"5878.0000","last_futures_price":"0.0000","last_sync_ratio":"0.000000","last_sync_time":0,"status":1,"is_del":1,"level":0,"add_time":1775159401,"up_time":1775159401,"pid_str":"","pid2":0,"pid2_str":"","ratio2":"0.000000","pid3":0,"pid3_str":"","ratio3":"0.000000","end_ratio":"0.000000","level2":0,"level3":0,"cat_name":"\u57fa\u7840\u91d1\u5c5e\u5217\u8868"},{"id":173,"cate_label_id":159,"name":"\u94c2\u91d1","cate_type":0,"pid":0,"ratio":"0.000000","price":"2141.4000","last_futures_price":"0.0000","last_sync_ratio":"0.000000","last_sync_time":0,"status":1,"is_del":1,"level":0,"add_time":1775159416,"up_time":1775159416,"pid_str":"","pid2":0,"pid2_str":"","ratio2":"0.000000","pid3":0,"pid3_str":"","ratio3":"0.000000","end_ratio":"0.000000","level2":0,"level3":0,"cat_name":"\u57fa\u7840\u91d1\u5c5e\u5217\u8868"},{"id":174,"cate_label_id":159,"name":"\u94af\u91d1","cate_type":0,"pid":0,"ratio":"0.000000","price":"1508.0000","last_futures_price":"0.0000","last_sync_ratio":"0.000000","last_sync_time":0,"status":1,"is_del":1,"level":0,"add_time":1775159431,"up_time":1775159431,"pid_str":"","pid2":0,"pid2_str":"","ratio2":"0.000000","pid3":0,"pid3_str":"","ratio3":"0.000000","end_ratio":"0.000000","level2":0,"level3":0,"cat_name":"\u57fa\u7840\u91d1\u5c5e\u5217\u8868"},{"id":175,"cate_label_id":159,"name":"\u5de5\u4e1a\u7845","cate_type":0,"pid":0,"ratio":"0.000000","price":"8795.0000","last_futures_price":"0.0000","last_sync_ratio":"0.000000","last_sync_time":0,"status":1,"is_del":1,"level":0,"add_time":1775159442,"up_time":1775159442,"pid_str":"","pid2":0,"pid2_str":"","ratio2":"0.000000","pid3":0,"pid3_str":"","ratio3":"0.000000","end_ratio":"0.000000","level2":0,"level3":0,"cat_name":"\u57fa\u7840\u91d1\u5c5e\u5217\u8868"},{"id":176,"cate_label_id":159,"name":"\u94dd\u5408\u91d1","cate_type":0,"pid":0,"ratio":"0.000000","price":"23255.0000","last_futures_price":"0.0000","last_sync_ratio":"0.000000","last_sync_time":0,"status":1,"is_del":1,"level":0,"add_time":1775159467,"up_time":1775159467,"pid_str":"","pid2":0,"pid2_str":"","ratio2":"0.000000","pid3":0,"pid3_str":"","ratio3":"0.000000","end_ratio":"0.000000","level2":0,"level3":0,"cat_name":"\u57fa\u7840\u91d1\u5c5e\u5217\u8868"},{"id":177,"cate_label_id":159,"name":"\u6c27\u5316\u94dd","cate_type":0,"pid":0,"ratio":"0.000000","price":"2776.0000","last_futures_price":"0.0000","last_sync_ratio":"0.000000","last_sync_time":0,"status":1,"is_del":1,"level":0,"add_time":1775159483,"up_time":1775159483,"pid_str":"","pid2":0,"pid2_str":"","ratio2":"0.000000","pid3":0,"pid3_str":"","ratio3":"0.000000","end_ratio":"0.000000","level2":0,"level3":0,"cat_name":"\u57fa\u7840\u91d1\u5c5e\u5217\u8868"},{"id":178,"cate_label_id":159,"name":"\u7ebf\u6750","cate_type":0,"pid":0,"ratio":"0.000000","price":"3395.0000","last_futures_price":"0.0000","last_sync_ratio":"0.000000","last_sync_time":0,"status":1,"is_del":1,"level":0,"add_time":1775159497,"up_time":1775159497,"pid_str":"","pid2":0,"pid2_str":"","ratio2":"0.000000","pid3":0,"pid3_str":"","ratio3":"0.000000","end_ratio":"0.000000","level2":0,"level3":0,"cat_name":"\u57fa\u7840\u91d1\u5c5e\u5217\u8868"},{"id":179,"cate_label_id":159,"name":"\u73bb\u7483","cate_type":0,"pid":0,"ratio":"0.000000","price":"1068.0000","last_futures_price":"0.0000","last_sync_ratio":"0.000000","last_sync_time":0,"status":1,"is_del":1,"level":0,"add_time":1775159539,"up_time":1775159539,"pid_str":"","pid2":0,"pid2_str":"","ratio2":"0.000000","pid3":0,"pid3_str":"","ratio3":"0.000000","end_ratio":"0.000000","level2":0,"level3":0,"cat_name":"\u57fa\u7840\u91d1\u5c5e\u5217\u8868"},{"id":180,"cate_label_id":159,"name":"\u91d1\u5c5e\u94ec","cate_type":0,"pid":0,"ratio":"0.000000","price":"91.5000","last_futures_price":"0.0000","last_sync_ratio":"0.000000","last_sync_time":0,"status":1,"is_del":1,"level":0,"add_time":1775159558,"up_time":1775159558,"pid_str":"","pid2":0,"pid2_str":"","ratio2":"0.000000","pid3":0,"pid3_str":"","ratio3":"0.000000","end_ratio":"0.000000","level2":0,"level3":0,"cat_name":"\u57fa\u7840\u91d1\u5c5e\u5217\u8868"},{"id":181,"cate_label_id":159,"name":"\u77f3\u58a8\u70ef","cate_type":0,"pid":0,"ratio":"0.000000","price":"555.0000","last_futures_price":"0.0000","last_sync_ratio":"0.000000","last_sync_time":0,"status":1,"is_del":1,"level":0,"add_time":1775159576,"up_time":1775159576,"pid_str":"","pid2":0,"pid2_str":"","ratio2":"0.000000","pid3":0,"pid3_str":"","ratio3":"0.000000","end_ratio":"0.000000","level2":0,"level3":0,"cat_name":"\u57fa\u7840\u91d1\u5c5e\u5217\u8868"},{"id":182,"cate_label_id":159,"name":"\u91d1\u5c5e\u94b4","cate_type":0,"pid":0,"ratio":"0.000000","price":"989.0000","last_futures_price":"0.0000","last_sync_ratio":"0.000000","last_sync_time":0,"status":1,"is_del":1,"level":0,"add_time":1775159588,"up_time":1775159588,"pid_str":"","pid2":0,"pid2_str":"","ratio2":"0.000000","pid3":0,"pid3_str":"","ratio3":"0.000000","end_ratio":"0.000000","level2":0,"level3":0,"cat_name":"\u57fa\u7840\u91d1\u5c5e\u5217\u8868"},{"id":183,"cate_label_id":159,"name":"\u5f85\u5b9a","cate_type":0,"pid":0,"ratio":"0.000000","price":"91.5000","last_futures_price":"0.0000","last_sync_ratio":"0.000000","last_sync_time":0,"status":1,"is_del":1,"level":0,"add_time":1775160000,"up_time":1775160000,"pid_str":"","pid2":0,"pid2_str":"","ratio2":"0.000000","pid3":0,"pid3_str":"","ratio3":"0.000000","end_ratio":"0.000000","level2":0,"level3":0,"cat_name":"\u57fa\u7840\u91d1\u5c5e\u5217\u8868"},{"id":190,"cate_label_id":159,"name":"\u5907\u75282","cate_type":0,"pid":0,"ratio":"0.000000","price":"2.0000","last_futures_price":"0.0000","last_sync_ratio":"0.000000","last_sync_time":0,"status":1,"is_del":1,"level":1,"add_time":1778617496,"up_time":1778617496,"pid_str":"","pid2":0,"pid2_str":"","ratio2":"0.000000","pid3":0,"pid3_str":"","ratio3":"0.000000","end_ratio":"0.000000","level2":1,"level3":1,"cat_name":"\u57fa\u7840\u91d1\u5c5e\u5217\u8868"},{"id":191,"cate_label_id":159,"name":"\u5907\u75283","cate_type":0,"pid":0,"ratio":"0.000000","price":"788.0000","last_futures_price":"788.0000","last_sync_ratio":"100.000000","last_sync_time":1780403285,"status":1,"is_del":1,"level":1,"add_time":1778617507,"up_time":1780403285,"pid_str":"","pid2":0,"pid2_str":"","ratio2":"0.000000","pid3":0,"pid3_str":"","ratio3":"0.000000","end_ratio":"0.000000","level2":1,"level3":1,"cat_name":"\u57fa\u7840\u91d1\u5c5e\u5217\u8868"},{"id":192,"cate_label_id":159,"name":"\u5907\u75284","cate_type":0,"pid":0,"ratio":"0.000000","price":"4.0000","last_futures_price":"0.0000","last_sync_ratio":"0.000000","last_sync_time":0,"status":1,"is_del":1,"level":1,"add_time":1778617516,"up_time":1778617516,"pid_str":"","pid2":0,"pid2_str":"","ratio2":"0.000000","pid3":0,"pid3_str":"","ratio3":"0.000000","end_ratio":"0.000000","level2":1,"level3":1,"cat_name":"\u57fa\u7840\u91d1\u5c5e\u5217\u8868"},{"id":193,"cate_label_id":159,"name":"\u5907\u75285","cate_type":0,"pid":0,"ratio":"0.000000","price":"5.0000","last_futures_price":"0.0000","last_sync_ratio":"0.000000","last_sync_time":0,"status":1,"is_del":1,"level":1,"add_time":1778617527,"up_time":1778617527,"pid_str":"","pid2":0,"pid2_str":"","ratio2":"0.000000","pid3":0,"pid3_str":"","ratio3":"0.000000","end_ratio":"0.000000","level2":1,"level3":1,"cat_name":"\u57fa\u7840\u91d1\u5c5e\u5217\u8868"},{"id":194,"cate_label_id":159,"name":"\u5907\u75286","cate_type":0,"pid":0,"ratio":"0.000000","price":"6.0000","last_futures_price":"0.0000","last_sync_ratio":"0.000000","last_sync_time":0,"status":1,"is_del":1,"level":1,"add_time":1778617537,"up_time":1778617537,"pid_str":"","pid2":0,"pid2_str":"","ratio2":"0.000000","pid3":0,"pid3_str":"","ratio3":"0.000000","end_ratio":"0.000000","level2":1,"level3":1,"cat_name":"\u57fa\u7840\u91d1\u5c5e\u5217\u8868"},{"id":185,"cate_label_id":184,"name":"\u57fa\u7840\u94dc\u4ef7","cate_type":0,"pid":0,"ratio":"0.000000","price":"96.5000","last_futures_price":"0.0000","last_sync_ratio":"0.000000","last_sync_time":0,"status":1,"is_del":1,"level":1,"add_time":1775216239,"up_time":1775216239,"pid_str":"","pid2":0,"pid2_str":"","ratio2":"0.000000","pid3":0,"pid3_str":"","ratio3":"0.000000","end_ratio":"0.000000","level2":1,"level3":1,"cat_name":"\u5bfc\u4f53\u5206\u7c7b"},{"id":186,"cate_label_id":184,"name":"\u57fa\u7840\u94dd\u4ef7","cate_type":0,"pid":0,"ratio":"0.000000","price":"24.0000","last_futures_price":"0.0000","last_sync_ratio":"0.000000","last_sync_time":0,"status":1,"is_del":1,"level":1,"add_time":1775216251,"up_time":1775216251,"pid_str":"","pid2":0,"pid2_str":"","ratio2":"0.000000","pid3":0,"pid3_str":"","ratio3":"0.000000","end_ratio":"0.000000","level2":1,"level3":1,"cat_name":"\u5bfc\u4f53\u5206\u7c7b"},{"id":187,"cate_label_id":184,"name":"\u57fa\u7840\u94a2\u4ef7","cate_type":0,"pid":0,"ratio":"0.000000","price":"4.5000","last_futures_price":"0.0000","last_sync_ratio":"0.000000","last_sync_time":0,"status":1,"is_del":1,"level":0,"add_time":1775216277,"up_time":1775216277,"pid_str":"","pid2":0,"pid2_str":"","ratio2":"0.000000","pid3":0,"pid3_str":"","ratio3":"0.000000","end_ratio":"0.000000","level2":0,"level3":0,"cat_name":"\u5bfc\u4f53\u5206\u7c7b"},{"id":188,"cate_label_id":184,"name":"\u57fa\u7840\u954d\u4ef7","cate_type":0,"pid":0,"ratio":"0.000000","price":"135.0000","last_futures_price":"0.0000","last_sync_ratio":"0.000000","last_sync_time":0,"status":1,"is_del":1,"level":1,"add_time":1775216322,"up_time":1775216322,"pid_str":"","pid2":0,"pid2_str":"","ratio2":"0.000000","pid3":0,"pid3_str":"","ratio3":"0.000000","end_ratio":"0.000000","level2":1,"level3":1,"cat_name":"\u5bfc\u4f53\u5206\u7c7b"}]}

[ 2026-06-04T20:35:36+08:00 ] ::1 /Home/PriceSync/getQuotes.html
INFO: [ app_init ] --START--
INFO: Run Behavior\BuildLiteBehavior [ RunTime:0.000007s ]
INFO: [ app_init ] --END-- [ RunTime:0.000073s ]
INFO: [ app_begin ] --START--
INFO: Run Behavior\ReadHtmlCacheBehavior [ RunTime:0.000015s ]
INFO: [ app_begin ] --END-- [ RunTime:0.000025s ]
ERR: {"status":1,"msg":"\u83b7\u53d6\u6210\u529f","data":[{"p":11965,"name":"\u751f\u732a\u4e3b\u8fde","dm":"lhm","zde":-90,"zdf":-0.75,"zjsj":12055},{"p":4363,"name":"\u9e21\u86cb\u4e3b\u8fde","dm":"jdm","zde":-27,"zdf":-0.62,"zjsj":4390},{"p":802.5,"name":"\u539f\u6728\u4e3b\u8fde","dm":"lgm","zde":9,"zdf":1.13,"zjsj":793.5},{"p":1280,"name":"\u7ea4\u7ef4\u677f\u4e3b\u8fde","dm":"fbm","zde":-2.5,"zdf":-0.19,"zjsj":1282.5}]}

[ 2026-06-04T20:35:39+08:00 ] ::1 /Home/PriceSync/syncOne.html
INFO: [ app_init ] --START--
INFO: Run Behavior\BuildLiteBehavior [ RunTime:0.000012s ]
INFO: [ app_init ] --END-- [ RunTime:0.000099s ]
INFO: [ app_begin ] --START--
INFO: Run Behavior\ReadHtmlCacheBehavior [ RunTime:0.000037s ]
INFO: [ app_begin ] --END-- [ RunTime:0.000057s ]
SQL: SHOW COLUMNS FROM `price_sync_config` [ RunTime:0.0060s ]
SQL: SELECT * FROM `price_sync_config` WHERE `id` = 1 AND `status` = 1 LIMIT 1   [ RunTime:0.0011s ]
SQL: SHOW COLUMNS FROM `new_label` [ RunTime:0.0042s ]
SQL: SELECT * FROM `new_label` WHERE `id` = 160 LIMIT 1   [ RunTime:0.0008s ]
SQL: UPDATE `new_label` SET `price`='0.0000',`last_futures_price`='0',`last_sync_ratio`='100.0000',`last_sync_time`='1780576539',`up_time`='1780576539' WHERE `id` = 160 [ RunTime:0.0027s ]
SQL: SELECT * FROM `new_label` WHERE ( FIND_IN_SET(160, pid_str) ) ORDER BY level asc, id asc  [ RunTime:0.0015s ]
SQL: SELECT * FROM `new_label` WHERE `id` = 160 LIMIT 1   [ RunTime:0.0004s ]
SQL: UPDATE `new_label` SET `price`='0.0000',`up_time`='1780576539' WHERE `id` = 195 [ RunTime:0.0015s ]
SQL: SELECT * FROM `new_label` WHERE `id` = 160 LIMIT 1   [ RunTime:0.0006s ]
SQL: SELECT * FROM `new_label` WHERE `id` = 163 LIMIT 1   [ RunTime:0.0007s ]
SQL: UPDATE `new_label` SET `price`='105.0000',`up_time`='1780576539' WHERE `id` = 196 [ RunTime:0.0014s ]
SQL: SELECT * FROM `new_label` WHERE `id` = 160 LIMIT 1   [ RunTime:0.0007s ]
SQL: UPDATE `new_label` SET `price`='0.0000',`up_time`='1780576539' WHERE `id` = 197 [ RunTime:0.0016s ]
SQL: SELECT * FROM `new_label` WHERE `id` = 160 LIMIT 1   [ RunTime:0.0008s ]
SQL: SELECT * FROM `new_label` WHERE `id` = 163 LIMIT 1   [ RunTime:0.0003s ]
SQL: UPDATE `new_label` SET `price`='105.0000',`up_time`='1780576539' WHERE `id` = 198 [ RunTime:0.0018s ]
SQL: SELECT * FROM `new_label` WHERE `id` = 160 LIMIT 1   [ RunTime:0.0022s ]
SQL: UPDATE `new_label` SET `price`='0.0000',`up_time`='1780576539' WHERE `id` = 213 [ RunTime:0.0013s ]
SQL: SELECT * FROM `new_label` WHERE ( FIND_IN_SET(160, pid2_str) ) ORDER BY level2 asc, id asc  [ RunTime:0.0010s ]
SQL: SELECT * FROM `new_label` WHERE ( FIND_IN_SET(160, pid3_str) ) ORDER BY level3 asc, id asc  [ RunTime:0.0009s ]
SQL: SELECT * FROM `new_label` WHERE `id` = 160 LIMIT 1   [ RunTime:0.0004s ]
SQL: SHOW COLUMNS FROM `task` [ RunTime:0.0034s ]
SQL: UPDATE `task` SET `status`='4' WHERE `type` = 1 AND `item_id` = 160 AND ( status=1 OR status=2 ) [ RunTime:0.0029s ]
SQL: INSERT INTO `task` (`type`,`item_id`,`title`,`status`,`add_time`,`up_time`) VALUES ('1','160','期货同步更新沪铜','1','1780576539','1780576539') [ RunTime:0.0020s ]
SQL: SELECT * FROM `new_label` WHERE `id` = 160 LIMIT 1   [ RunTime:0.0011s ]
SQL: SHOW COLUMNS FROM `new_cate` [ RunTime:0.0024s ]
SQL: SELECT * FROM `new_cate` WHERE `new_label_id` = 160  [ RunTime:0.0009s ]
SQL: UPDATE `new_cate` SET `price`='0.0000' WHERE `new_label_id` = 160 [ RunTime:0.0004s ]
SQL: SHOW COLUMNS FROM `new_cate_form` [ RunTime:0.0032s ]
DEBUG: 22222222222
DEBUG: 160
DEBUG: 
SQL: SHOW COLUMNS FROM `task_log` [ RunTime:0.0033s ]
SQL: SELECT * FROM `new_label` WHERE `id` = 195 LIMIT 1   [ RunTime:0.0011s ]
SQL: SELECT * FROM `new_cate` WHERE `new_label_id` = 195  [ RunTime:0.0010s ]
SQL: UPDATE `new_cate` SET `price`='0.0000' WHERE `new_label_id` = 195 [ RunTime:0.0005s ]
DEBUG: 22222222222
DEBUG: 195
DEBUG: 
SQL: SELECT * FROM `new_label` WHERE `id` = 196 LIMIT 1   [ RunTime:0.0007s ]
SQL: SELECT * FROM `new_cate` WHERE `new_label_id` = 196  [ RunTime:0.0014s ]
SQL: UPDATE `new_cate` SET `price`='105.0000' WHERE `new_label_id` = 196 [ RunTime:0.0004s ]
DEBUG: 22222222222
DEBUG: 196
DEBUG: 
SQL: SELECT * FROM `new_label` WHERE `id` = 197 LIMIT 1   [ RunTime:0.0003s ]
SQL: SELECT * FROM `new_cate` WHERE `new_label_id` = 197  [ RunTime:0.0003s ]
SQL: UPDATE `new_cate` SET `price`='0.0000' WHERE `new_label_id` = 197 [ RunTime:0.0004s ]
DEBUG: 22222222222
DEBUG: 197
DEBUG: 
SQL: SELECT * FROM `new_label` WHERE `id` = 198 LIMIT 1   [ RunTime:0.0005s ]
SQL: SELECT * FROM `new_cate` WHERE `new_label_id` = 198  [ RunTime:0.0003s ]
SQL: UPDATE `new_cate` SET `price`='105.0000' WHERE `new_label_id` = 198 [ RunTime:0.0002s ]
DEBUG: 22222222222
DEBUG: 198
DEBUG: 
SQL: SELECT * FROM `new_label` WHERE `id` = 213 LIMIT 1   [ RunTime:0.0003s ]
SQL: SELECT * FROM `new_cate` WHERE `new_label_id` = 213  [ RunTime:0.0005s ]
SQL: UPDATE `new_cate` SET `price`='0.0000' WHERE `new_label_id` = 213 [ RunTime:0.0004s ]
DEBUG: 22222222222
DEBUG: 213
DEBUG: 
SQL: SHOW COLUMNS FROM `price_sync_log` [ RunTime:0.0040s ]
SQL: INSERT INTO `price_sync_log` (`config_id`,`futures_code`,`futures_name`,`new_label_id`,`label_name`,`futures_price`,`old_price`,`new_price`,`sync_type`,`status`,`add_time`) VALUES ('1','cum','沪铜主连','160','沪铜','0','0.0000','0.0000','1','1','1780576539') [ RunTime:0.0016s ]
ERR: {"status":1,"msg":"\u540c\u6b65\u6210\u529f","data":{"new_price":"0.0000","futures_price":0}}

[ 2026-06-04T20:35:40+08:00 ] ::1 /Home/PriceSync/index
INFO: [ app_init ] --START--
INFO: Run Behavior\BuildLiteBehavior [ RunTime:0.000006s ]
INFO: [ app_init ] --END-- [ RunTime:0.000055s ]
INFO: [ app_begin ] --START--
INFO: Run Behavior\ReadHtmlCacheBehavior [ RunTime:0.000070s ]
INFO: [ app_begin ] --END-- [ RunTime:0.000119s ]
INFO: [ view_parse ] --START--
INFO: [ template_filter ] --START--
INFO: Run Behavior\ContentReplaceBehavior [ RunTime:0.000117s ]
INFO: [ template_filter ] --END-- [ RunTime:0.000152s ]
INFO: Run Behavior\ParseTemplateBehavior [ RunTime:0.004748s ]
INFO: [ view_parse ] --END-- [ RunTime:0.004782s ]
INFO: [ view_filter ] --START--
INFO: Run Behavior\WriteHtmlCacheBehavior [ RunTime:0.000052s ]
INFO: [ view_filter ] --END-- [ RunTime:0.000060s ]
INFO: [ app_end ] --START--
INFO: Run Behavior\ShowPageTraceBehavior [ RunTime:0.000026s ]
INFO: [ app_end ] --END-- [ RunTime:0.000038s ]

[ 2026-06-04T20:35:40+08:00 ] ::1 /Home/PriceSync/getQuotes.html
INFO: [ app_init ] --START--
INFO: Run Behavior\BuildLiteBehavior [ RunTime:0.000003s ]
INFO: [ app_init ] --END-- [ RunTime:0.000023s ]
INFO: [ app_begin ] --START--
INFO: Run Behavior\ReadHtmlCacheBehavior [ RunTime:0.000012s ]
INFO: [ app_begin ] --END-- [ RunTime:0.000022s ]
ERR: {"status":1,"msg":"\u83b7\u53d6\u6210\u529f","data":[{"p":3348,"name":"\u7ebf\u6750\u4e3b\u8fde","dm":"wrm","zde":-19,"zdf":-0.56,"zjsj":3367}]}

[ 2026-06-04T20:35:40+08:00 ] ::1 /Home/PriceSync/getConfigList.html
INFO: [ app_init ] --START--
INFO: Run Behavior\BuildLiteBehavior [ RunTime:0.000004s ]
INFO: [ app_init ] --END-- [ RunTime:0.000041s ]
INFO: [ app_begin ] --START--
INFO: Run Behavior\ReadHtmlCacheBehavior [ RunTime:0.000021s ]
INFO: [ app_begin ] --END-- [ RunTime:0.000041s ]
SQL: SHOW COLUMNS FROM `price_sync_config` [ RunTime:0.0024s ]
SQL: SELECT * FROM `price_sync_config` WHERE `status` = 1 ORDER BY id asc  [ RunTime:0.0007s ]
SQL: SHOW COLUMNS FROM `price_sync_log` [ RunTime:0.0020s ]
SQL: SELECT `config_id`,MAX(add_time) as last_sync_at FROM `price_sync_log` WHERE `config_id` IN (1,2,3,6,7) GROUP BY config_id  [ RunTime:0.0006s ]
SQL: SHOW COLUMNS FROM `new_label` [ RunTime:0.0021s ]
SQL: SELECT `price` FROM `new_label` WHERE `id` = 160 LIMIT 1   [ RunTime:0.0005s ]
SQL: SELECT `price` FROM `new_label` WHERE `id` = 162 LIMIT 1   [ RunTime:0.0002s ]
SQL: SELECT `price` FROM `new_label` WHERE `id` = 163 LIMIT 1   [ RunTime:0.0001s ]
SQL: SELECT `price` FROM `new_label` WHERE `id` = 166 LIMIT 1   [ RunTime:0.0002s ]
SQL: SELECT `price` FROM `new_label` WHERE `id` = 191 LIMIT 1   [ RunTime:0.0002s ]
ERR: {"status":1,"msg":"\u83b7\u53d6\u6210\u529f","data":[{"id":1,"futures_code":"cum","futures_name":"\u6caa\u94dc\u4e3b\u8fde","exchange":"shfe","new_label_id":160,"label_name":"\u6caa\u94dc","ratio":"100.0000","auto_sync":1,"status":1,"add_time":1780239338,"up_time":1780240685,"current_price":"0.00","last_sync_at":"2026-06-04 20:35:39"},{"id":2,"futures_code":"nim","futures_name":"\u6caa\u954d\u4e3b\u8fde","exchange":"shfe","new_label_id":162,"label_name":"\u6caa\u954d","ratio":"1.0000","auto_sync":1,"status":1,"add_time":1780366433,"up_time":1780366443,"current_price":"0.00","last_sync_at":"2026-06-04 20:32:11"},{"id":3,"futures_code":"snm","futures_name":"\u6caa\u9521\u4e3b\u8fde","exchange":"shfe","new_label_id":163,"label_name":"\u6caa\u9521","ratio":"100.0000","auto_sync":0,"status":1,"add_time":1780366480,"up_time":1780366480,"current_price":"437040.00","last_sync_at":"-"},{"id":6,"futures_code":"agm","futures_name":"\u6caa\u94f6\u4e3b\u8fde","exchange":"shfe","new_label_id":166,"label_name":"\u6caa\u94f6","ratio":"100.0000","auto_sync":1,"status":1,"add_time":1780396428,"up_time":1780396428,"current_price":"18522.00","last_sync_at":"2026-06-02 18:33:56"},{"id":7,"futures_code":"lgm","futures_name":"\u539f\u6728\u4e3b\u8fde","exchange":"dce","new_label_id":191,"label_name":"\u5907\u75283","ratio":"100.0000","auto_sync":1,"status":1,"add_time":1780403277,"up_time":1780403277,"current_price":"788.00","last_sync_at":"2026-06-02 20:28:05"}]}

[ 2026-06-04T20:35:40+08:00 ] ::1 /Home/PriceSync/getMaterials.html
INFO: [ app_init ] --START--
INFO: Run Behavior\BuildLiteBehavior [ RunTime:0.000004s ]
INFO: [ app_init ] --END-- [ RunTime:0.000034s ]
INFO: [ app_begin ] --START--
INFO: Run Behavior\ReadHtmlCacheBehavior [ RunTime:0.000028s ]
INFO: [ app_begin ] --END-- [ RunTime:0.000050s ]
SQL: SHOW COLUMNS FROM `new_label` [ RunTime:0.0026s ]
SQL: SELECT `id`,`name` FROM `new_label` WHERE `cate_label_id` = 0 AND `cate_type` = 0  [ RunTime:0.0004s ]
SQL: SELECT * FROM `new_label` WHERE `cate_label_id` IN (3,4,26,30,133,159,184) AND `pid` = 0 ORDER BY cate_label_id asc, id asc  [ RunTime:0.0007s ]
ERR: {"status":1,"msg":"\u83b7\u53d6\u6210\u529f","data":[{"id":5,"cate_label_id":3,"name":"\u73b0\u8d27\u94dc\u4ef7\u57fa\u7840\u503c","cate_type":0,"pid":0,"ratio":"100.000000","price":"94.9000","last_futures_price":"0.0000","last_sync_ratio":"0.000000","last_sync_time":0,"status":1,"is_del":1,"level":0,"add_time":1731588218,"up_time":1731678051,"pid_str":"","pid2":0,"pid2_str":"","ratio2":"100.000000","pid3":0,"pid3_str":"","ratio3":"100.000000","end_ratio":"0.000000","level2":0,"level3":0,"cat_name":"\u5bfc\u4f53\u6750\u6599\u4ef7\u683c22"},{"id":51,"cate_label_id":3,"name":"\u73b0\u8d27\u94dd\u4ef7\u57fa\u7840\u503c","cate_type":0,"pid":0,"ratio":"100.000000","price":"23.0000","last_futures_price":"0.0000","last_sync_ratio":"0.000000","last_sync_time":0,"status":1,"is_del":1,"level":0,"add_time":1731682407,"up_time":1731682407,"pid_str":"","pid2":0,"pid2_str":"","ratio2":"100.000000","pid3":0,"pid3_str":"","ratio3":"100.000000","end_ratio":"0.000000","level2":0,"level3":0,"cat_name":"\u5bfc\u4f53\u6750\u6599\u4ef7\u683c22"},{"id":99,"cate_label_id":3,"name":"\u67b6\u7a7a\u5bfc\u7ebf\u94a2\u4e1d\u4ef7","cate_type":0,"pid":0,"ratio":"0.000000","price":"5.0000","last_futures_price":"0.0000","last_sync_ratio":"0.000000","last_sync_time":0,"status":1,"is_del":1,"level":1,"add_time":1735382759,"up_time":1735382759,"pid_str":"","pid2":0,"pid2_str":"","ratio2":"100.000000","pid3":0,"pid3_str":"","ratio3":"100.000000","end_ratio":"0.000000","level2":1,"level3":1,"cat_name":"\u5bfc\u4f53\u6750\u6599\u4ef7\u683c22"},{"id":94,"cate_label_id":4,"name":"\u9ed1\u4e91\u6bcd\u5e26","cate_type":0,"pid":0,"ratio":"0.000000","price":"38.0000","last_futures_price":"0.0000","last_sync_ratio":"0.000000","last_sync_time":0,"status":1,"is_del":1,"level":0,"add_time":1735321887,"up_time":1735321887,"pid_str":"","pid2":0,"pid2_str":"","ratio2":"100.000000","pid3":0,"pid3_str":"","ratio3":"100.000000","end_ratio":"0.000000","level2":0,"level3":0,"cat_name":"\u4e91\u6bcd\u6750\u6599\u4ef7\u683c"},{"id":27,"cate_label_id":26,"name":"\u4ea4\u8054\u805a\u4e59\u70ef\u4ef7\u683c","cate_type":0,"pid":0,"ratio":"0.000000","price":"12.0000","last_futures_price":"0.0000","last_sync_ratio":"0.000000","last_sync_time":0,"status":1,"is_del":1,"level":0,"add_time":1731673353,"up_time":1731673353,"pid_str":"","pid2":0,"pid2_str":"","ratio2":"100.000000","pid3":0,"pid3_str":"","ratio3":"100.000000","end_ratio":"0.000000","level2":0,"level3":0,"cat_name":"\u7edd\u7f18\u6750\u6599\u4ef7\u683c"},{"id":74,"cate_label_id":26,"name":"PVC\u805a\u6c2f\u4e59\u70ef\u4ef7","cate_type":0,"pid":0,"ratio":"100.000000","price":"7.5000","last_futures_price":"0.0000","last_sync_ratio":"0.000000","last_sync_time":0,"status":1,"is_del":1,"level":0,"add_time":1734582414,"up_time":1734582414,"pid_str":"","pid2":0,"pid2_str":"","ratio2":"100.000000","pid3":0,"pid3_str":"","ratio3":"100.000000","end_ratio":"0.000000","level2":0,"level3":0,"cat_name":"\u7edd\u7f18\u6750\u6599\u4ef7\u683c"},{"id":105,"cate_label_id":30,"name":"\u94a2\u5e26\u4ef7\u683c","cate_type":0,"pid":0,"ratio":"0.000000","price":"4.2000","last_futures_price":"0.0000","last_sync_ratio":"0.000000","last_sync_time":0,"status":1,"is_del":1,"level":0,"add_time":1735400959,"up_time":1735400959,"pid_str":"","pid2":0,"pid2_str":"","ratio2":"100.000000","pid3":0,"pid3_str":"","ratio3":"100.000000","end_ratio":"0.000000","level2":0,"level3":0,"cat_name":"\u91d1\u5c5e\u94e0\u88c5\u6750\u6599"},{"id":134,"cate_label_id":133,"name":"XH-03A-\u77ff\u7528\u62a4\u5957","cate_type":0,"pid":0,"ratio":"0.000000","price":"8.0000","last_futures_price":"0.0000","last_sync_ratio":"0.000000","last_sync_time":0,"status":1,"is_del":1,"level":0,"add_time":1744771398,"up_time":1744771398,"pid_str":"","pid2":0,"pid2_str":"","ratio2":"0.000000","pid3":0,"pid3_str":"","ratio3":"0.000000","end_ratio":"0.000000","level2":0,"level3":0,"cat_name":"\u6a61\u80f6\u7535\u7f06\u6750\u6599\u4ef7\u683c"},{"id":160,"cate_label_id":159,"name":"\u6caa\u94dc","cate_type":0,"pid":0,"ratio":"0.000000","price":"0.0000","last_futures_price":"0.0000","last_sync_ratio":"100.000000","last_sync_time":1780576539,"status":1,"is_del":1,"level":0,"add_time":1772791661,"up_time":1780576539,"pid_str":"","pid2":0,"pid2_str":"","ratio2":"0.000000","pid3":0,"pid3_str":"","ratio3":"0.000000","end_ratio":"0.000000","level2":0,"level3":0,"cat_name":"\u57fa\u7840\u91d1\u5c5e\u5217\u8868"},{"id":161,"cate_label_id":159,"name":"\u6caa\u94dd","cate_type":0,"pid":0,"ratio":"0.000000","price":"24640.0000","last_futures_price":"0.0000","last_sync_ratio":"0.000000","last_sync_time":0,"status":1,"is_del":1,"level":0,"add_time":1775158584,"up_time":1775158584,"pid_str":"","pid2":0,"pid2_str":"","ratio2":"0.000000","pid3":0,"pid3_str":"","ratio3":"0.000000","end_ratio":"0.000000","level2":0,"level3":0,"cat_name":"\u57fa\u7840\u91d1\u5c5e\u5217\u8868"},{"id":162,"cate_label_id":159,"name":"\u6caa\u954d","cate_type":0,"pid":0,"ratio":"0.000000","price":"0.0000","last_futures_price":"0.0000","last_sync_ratio":"1.000000","last_sync_time":1780576331,"status":1,"is_del":1,"level":0,"add_time":1775158650,"up_time":1780576331,"pid_str":"","pid2":0,"pid2_str":"","ratio2":"0.000000","pid3":0,"pid3_str":"","ratio3":"0.000000","end_ratio":"0.000000","level2":0,"level3":0,"cat_name":"\u57fa\u7840\u91d1\u5c5e\u5217\u8868"},{"id":163,"cate_label_id":159,"name":"\u6caa\u9521","cate_type":0,"pid":0,"ratio":"0.000000","price":"437040.0000","last_futures_price":"0.0000","last_sync_ratio":"0.000000","last_sync_time":0,"status":1,"is_del":1,"level":0,"add_time":1775158678,"up_time":1775158678,"pid_str":"","pid2":0,"pid2_str":"","ratio2":"0.000000","pid3":0,"pid3_str":"","ratio3":"0.000000","end_ratio":"0.000000","level2":0,"level3":0,"cat_name":"\u57fa\u7840\u91d1\u5c5e\u5217\u8868"},{"id":164,"cate_label_id":159,"name":"\u6caa\u950c","cate_type":0,"pid":0,"ratio":"0.000000","price":"24640.0000","last_futures_price":"0.0000","last_sync_ratio":"0.000000","last_sync_time":0,"status":1,"is_del":1,"level":0,"add_time":1775158807,"up_time":1775158807,"pid_str":"","pid2":0,"pid2_str":"","ratio2":"0.000000","pid3":0,"pid3_str":"","ratio3":"0.000000","end_ratio":"0.000000","level2":0,"level3":0,"cat_name":"\u57fa\u7840\u91d1\u5c5e\u5217\u8868"},{"id":165,"cate_label_id":159,"name":"\u4e0d\u9508\u94a2","cate_type":0,"pid":0,"ratio":"0.000000","price":"15065.0000","last_futures_price":"0.0000","last_sync_ratio":"0.000000","last_sync_time":0,"status":1,"is_del":1,"level":0,"add_time":1775158827,"up_time":1775158827,"pid_str":"","pid2":0,"pid2_str":"","ratio2":"0.000000","pid3":0,"pid3_str":"","ratio3":"0.000000","end_ratio":"0.000000","level2":0,"level3":0,"cat_name":"\u57fa\u7840\u91d1\u5c5e\u5217\u8868"},{"id":166,"cate_label_id":159,"name":"\u6caa\u94f6","cate_type":0,"pid":0,"ratio":"0.000000","price":"18522.0000","last_futures_price":"18522.0000","last_sync_ratio":"100.000000","last_sync_time":1780396436,"status":1,"is_del":1,"level":0,"add_time":1775158945,"up_time":1780396436,"pid_str":"","pid2":0,"pid2_str":"","ratio2":"0.000000","pid3":0,"pid3_str":"","ratio3":"0.000000","end_ratio":"0.000000","level2":0,"level3":0,"cat_name":"\u57fa\u7840\u91d1\u5c5e\u5217\u8868"},{"id":167,"cate_label_id":159,"name":"\u6caa\u91d1","cate_type":0,"pid":0,"ratio":"0.000000","price":"1027.1000","last_futures_price":"0.0000","last_sync_ratio":"0.000000","last_sync_time":0,"status":1,"is_del":1,"level":0,"add_time":1775159038,"up_time":1775159038,"pid_str":"","pid2":0,"pid2_str":"","ratio2":"0.000000","pid3":0,"pid3_str":"","ratio3":"0.000000","end_ratio":"0.000000","level2":0,"level3":0,"cat_name":"\u57fa\u7840\u91d1\u5c5e\u5217\u8868"},{"id":168,"cate_label_id":159,"name":"\u7845\u94c1","cate_type":0,"pid":0,"ratio":"0.000000","price":"5762.0000","last_futures_price":"0.0000","last_sync_ratio":"0.000000","last_sync_time":0,"status":1,"is_del":1,"level":0,"add_time":1775159058,"up_time":1775159058,"pid_str":"","pid2":0,"pid2_str":"","ratio2":"0.000000","pid3":0,"pid3_str":"","ratio3":"0.000000","end_ratio":"0.000000","level2":0,"level3":0,"cat_name":"\u57fa\u7840\u91d1\u5c5e\u5217\u8868"},{"id":169,"cate_label_id":159,"name":"\u94c1\u77ff\u77f3","cate_type":0,"pid":0,"ratio":"0.000000","price":"815.5000","last_futures_price":"0.0000","last_sync_ratio":"0.000000","last_sync_time":0,"status":1,"is_del":1,"level":0,"add_time":1775159155,"up_time":1775159155,"pid_str":"","pid2":0,"pid2_str":"","ratio2":"0.000000","pid3":0,"pid3_str":"","ratio3":"0.000000","end_ratio":"0.000000","level2":0,"level3":0,"cat_name":"\u57fa\u7840\u91d1\u5c5e\u5217\u8868"},{"id":170,"cate_label_id":159,"name":"\u87ba\u7eb9\u94a2","cate_type":0,"pid":0,"ratio":"0.000000","price":"3249.0000","last_futures_price":"0.0000","last_sync_ratio":"0.000000","last_sync_time":0,"status":1,"is_del":1,"level":0,"add_time":1775159188,"up_time":1775159188,"pid_str":"","pid2":0,"pid2_str":"","ratio2":"0.000000","pid3":0,"pid3_str":"","ratio3":"0.000000","end_ratio":"0.000000","level2":0,"level3":0,"cat_name":"\u57fa\u7840\u91d1\u5c5e\u5217\u8868"},{"id":171,"cate_label_id":159,"name":"\u70ed\u5377","cate_type":0,"pid":0,"ratio":"0.000000","price":"3468.0000","last_futures_price":"0.0000","last_sync_ratio":"0.000000","last_sync_time":0,"status":1,"is_del":1,"level":0,"add_time":1775159363,"up_time":1775159363,"pid_str":"","pid2":0,"pid2_str":"","ratio2":"0.000000","pid3":0,"pid3_str":"","ratio3":"0.000000","end_ratio":"0.000000","level2":0,"level3":0,"cat_name":"\u57fa\u7840\u91d1\u5c5e\u5217\u8868"},{"id":172,"cate_label_id":159,"name":"\u9530\u7845","cate_type":0,"pid":0,"ratio":"0.000000","price":"5878.0000","last_futures_price":"0.0000","last_sync_ratio":"0.000000","last_sync_time":0,"status":1,"is_del":1,"level":0,"add_time":1775159401,"up_time":1775159401,"pid_str":"","pid2":0,"pid2_str":"","ratio2":"0.000000","pid3":0,"pid3_str":"","ratio3":"0.000000","end_ratio":"0.000000","level2":0,"level3":0,"cat_name":"\u57fa\u7840\u91d1\u5c5e\u5217\u8868"},{"id":173,"cate_label_id":159,"name":"\u94c2\u91d1","cate_type":0,"pid":0,"ratio":"0.000000","price":"2141.4000","last_futures_price":"0.0000","last_sync_ratio":"0.000000","last_sync_time":0,"status":1,"is_del":1,"level":0,"add_time":1775159416,"up_time":1775159416,"pid_str":"","pid2":0,"pid2_str":"","ratio2":"0.000000","pid3":0,"pid3_str":"","ratio3":"0.000000","end_ratio":"0.000000","level2":0,"level3":0,"cat_name":"\u57fa\u7840\u91d1\u5c5e\u5217\u8868"},{"id":174,"cate_label_id":159,"name":"\u94af\u91d1","cate_type":0,"pid":0,"ratio":"0.000000","price":"1508.0000","last_futures_price":"0.0000","last_sync_ratio":"0.000000","last_sync_time":0,"status":1,"is_del":1,"level":0,"add_time":1775159431,"up_time":1775159431,"pid_str":"","pid2":0,"pid2_str":"","ratio2":"0.000000","pid3":0,"pid3_str":"","ratio3":"0.000000","end_ratio":"0.000000","level2":0,"level3":0,"cat_name":"\u57fa\u7840\u91d1\u5c5e\u5217\u8868"},{"id":175,"cate_label_id":159,"name":"\u5de5\u4e1a\u7845","cate_type":0,"pid":0,"ratio":"0.000000","price":"8795.0000","last_futures_price":"0.0000","last_sync_ratio":"0.000000","last_sync_time":0,"status":1,"is_del":1,"level":0,"add_time":1775159442,"up_time":1775159442,"pid_str":"","pid2":0,"pid2_str":"","ratio2":"0.000000","pid3":0,"pid3_str":"","ratio3":"0.000000","end_ratio":"0.000000","level2":0,"level3":0,"cat_name":"\u57fa\u7840\u91d1\u5c5e\u5217\u8868"},{"id":176,"cate_label_id":159,"name":"\u94dd\u5408\u91d1","cate_type":0,"pid":0,"ratio":"0.000000","price":"23255.0000","last_futures_price":"0.0000","last_sync_ratio":"0.000000","last_sync_time":0,"status":1,"is_del":1,"level":0,"add_time":1775159467,"up_time":1775159467,"pid_str":"","pid2":0,"pid2_str":"","ratio2":"0.000000","pid3":0,"pid3_str":"","ratio3":"0.000000","end_ratio":"0.000000","level2":0,"level3":0,"cat_name":"\u57fa\u7840\u91d1\u5c5e\u5217\u8868"},{"id":177,"cate_label_id":159,"name":"\u6c27\u5316\u94dd","cate_type":0,"pid":0,"ratio":"0.000000","price":"2776.0000","last_futures_price":"0.0000","last_sync_ratio":"0.000000","last_sync_time":0,"status":1,"is_del":1,"level":0,"add_time":1775159483,"up_time":1775159483,"pid_str":"","pid2":0,"pid2_str":"","ratio2":"0.000000","pid3":0,"pid3_str":"","ratio3":"0.000000","end_ratio":"0.000000","level2":0,"level3":0,"cat_name":"\u57fa\u7840\u91d1\u5c5e\u5217\u8868"},{"id":178,"cate_label_id":159,"name":"\u7ebf\u6750","cate_type":0,"pid":0,"ratio":"0.000000","price":"3395.0000","last_futures_price":"0.0000","last_sync_ratio":"0.000000","last_sync_time":0,"status":1,"is_del":1,"level":0,"add_time":1775159497,"up_time":1775159497,"pid_str":"","pid2":0,"pid2_str":"","ratio2":"0.000000","pid3":0,"pid3_str":"","ratio3":"0.000000","end_ratio":"0.000000","level2":0,"level3":0,"cat_name":"\u57fa\u7840\u91d1\u5c5e\u5217\u8868"},{"id":179,"cate_label_id":159,"name":"\u73bb\u7483","cate_type":0,"pid":0,"ratio":"0.000000","price":"1068.0000","last_futures_price":"0.0000","last_sync_ratio":"0.000000","last_sync_time":0,"status":1,"is_del":1,"level":0,"add_time":1775159539,"up_time":1775159539,"pid_str":"","pid2":0,"pid2_str":"","ratio2":"0.000000","pid3":0,"pid3_str":"","ratio3":"0.000000","end_ratio":"0.000000","level2":0,"level3":0,"cat_name":"\u57fa\u7840\u91d1\u5c5e\u5217\u8868"},{"id":180,"cate_label_id":159,"name":"\u91d1\u5c5e\u94ec","cate_type":0,"pid":0,"ratio":"0.000000","price":"91.5000","last_futures_price":"0.0000","last_sync_ratio":"0.000000","last_sync_time":0,"status":1,"is_del":1,"level":0,"add_time":1775159558,"up_time":1775159558,"pid_str":"","pid2":0,"pid2_str":"","ratio2":"0.000000","pid3":0,"pid3_str":"","ratio3":"0.000000","end_ratio":"0.000000","level2":0,"level3":0,"cat_name":"\u57fa\u7840\u91d1\u5c5e\u5217\u8868"},{"id":181,"cate_label_id":159,"name":"\u77f3\u58a8\u70ef","cate_type":0,"pid":0,"ratio":"0.000000","price":"555.0000","last_futures_price":"0.0000","last_sync_ratio":"0.000000","last_sync_time":0,"status":1,"is_del":1,"level":0,"add_time":1775159576,"up_time":1775159576,"pid_str":"","pid2":0,"pid2_str":"","ratio2":"0.000000","pid3":0,"pid3_str":"","ratio3":"0.000000","end_ratio":"0.000000","level2":0,"level3":0,"cat_name":"\u57fa\u7840\u91d1\u5c5e\u5217\u8868"},{"id":182,"cate_label_id":159,"name":"\u91d1\u5c5e\u94b4","cate_type":0,"pid":0,"ratio":"0.000000","price":"989.0000","last_futures_price":"0.0000","last_sync_ratio":"0.000000","last_sync_time":0,"status":1,"is_del":1,"level":0,"add_time":1775159588,"up_time":1775159588,"pid_str":"","pid2":0,"pid2_str":"","ratio2":"0.000000","pid3":0,"pid3_str":"","ratio3":"0.000000","end_ratio":"0.000000","level2":0,"level3":0,"cat_name":"\u57fa\u7840\u91d1\u5c5e\u5217\u8868"},{"id":183,"cate_label_id":159,"name":"\u5f85\u5b9a","cate_type":0,"pid":0,"ratio":"0.000000","price":"91.5000","last_futures_price":"0.0000","last_sync_ratio":"0.000000","last_sync_time":0,"status":1,"is_del":1,"level":0,"add_time":1775160000,"up_time":1775160000,"pid_str":"","pid2":0,"pid2_str":"","ratio2":"0.000000","pid3":0,"pid3_str":"","ratio3":"0.000000","end_ratio":"0.000000","level2":0,"level3":0,"cat_name":"\u57fa\u7840\u91d1\u5c5e\u5217\u8868"},{"id":190,"cate_label_id":159,"name":"\u5907\u75282","cate_type":0,"pid":0,"ratio":"0.000000","price":"2.0000","last_futures_price":"0.0000","last_sync_ratio":"0.000000","last_sync_time":0,"status":1,"is_del":1,"level":1,"add_time":1778617496,"up_time":1778617496,"pid_str":"","pid2":0,"pid2_str":"","ratio2":"0.000000","pid3":0,"pid3_str":"","ratio3":"0.000000","end_ratio":"0.000000","level2":1,"level3":1,"cat_name":"\u57fa\u7840\u91d1\u5c5e\u5217\u8868"},{"id":191,"cate_label_id":159,"name":"\u5907\u75283","cate_type":0,"pid":0,"ratio":"0.000000","price":"788.0000","last_futures_price":"788.0000","last_sync_ratio":"100.000000","last_sync_time":1780403285,"status":1,"is_del":1,"level":1,"add_time":1778617507,"up_time":1780403285,"pid_str":"","pid2":0,"pid2_str":"","ratio2":"0.000000","pid3":0,"pid3_str":"","ratio3":"0.000000","end_ratio":"0.000000","level2":1,"level3":1,"cat_name":"\u57fa\u7840\u91d1\u5c5e\u5217\u8868"},{"id":192,"cate_label_id":159,"name":"\u5907\u75284","cate_type":0,"pid":0,"ratio":"0.000000","price":"4.0000","last_futures_price":"0.0000","last_sync_ratio":"0.000000","last_sync_time":0,"status":1,"is_del":1,"level":1,"add_time":1778617516,"up_time":1778617516,"pid_str":"","pid2":0,"pid2_str":"","ratio2":"0.000000","pid3":0,"pid3_str":"","ratio3":"0.000000","end_ratio":"0.000000","level2":1,"level3":1,"cat_name":"\u57fa\u7840\u91d1\u5c5e\u5217\u8868"},{"id":193,"cate_label_id":159,"name":"\u5907\u75285","cate_type":0,"pid":0,"ratio":"0.000000","price":"5.0000","last_futures_price":"0.0000","last_sync_ratio":"0.000000","last_sync_time":0,"status":1,"is_del":1,"level":1,"add_time":1778617527,"up_time":1778617527,"pid_str":"","pid2":0,"pid2_str":"","ratio2":"0.000000","pid3":0,"pid3_str":"","ratio3":"0.000000","end_ratio":"0.000000","level2":1,"level3":1,"cat_name":"\u57fa\u7840\u91d1\u5c5e\u5217\u8868"},{"id":194,"cate_label_id":159,"name":"\u5907\u75286","cate_type":0,"pid":0,"ratio":"0.000000","price":"6.0000","last_futures_price":"0.0000","last_sync_ratio":"0.000000","last_sync_time":0,"status":1,"is_del":1,"level":1,"add_time":1778617537,"up_time":1778617537,"pid_str":"","pid2":0,"pid2_str":"","ratio2":"0.000000","pid3":0,"pid3_str":"","ratio3":"0.000000","end_ratio":"0.000000","level2":1,"level3":1,"cat_name":"\u57fa\u7840\u91d1\u5c5e\u5217\u8868"},{"id":185,"cate_label_id":184,"name":"\u57fa\u7840\u94dc\u4ef7","cate_type":0,"pid":0,"ratio":"0.000000","price":"96.5000","last_futures_price":"0.0000","last_sync_ratio":"0.000000","last_sync_time":0,"status":1,"is_del":1,"level":1,"add_time":1775216239,"up_time":1775216239,"pid_str":"","pid2":0,"pid2_str":"","ratio2":"0.000000","pid3":0,"pid3_str":"","ratio3":"0.000000","end_ratio":"0.000000","level2":1,"level3":1,"cat_name":"\u5bfc\u4f53\u5206\u7c7b"},{"id":186,"cate_label_id":184,"name":"\u57fa\u7840\u94dd\u4ef7","cate_type":0,"pid":0,"ratio":"0.000000","price":"24.0000","last_futures_price":"0.0000","last_sync_ratio":"0.000000","last_sync_time":0,"status":1,"is_del":1,"level":1,"add_time":1775216251,"up_time":1775216251,"pid_str":"","pid2":0,"pid2_str":"","ratio2":"0.000000","pid3":0,"pid3_str":"","ratio3":"0.000000","end_ratio":"0.000000","level2":1,"level3":1,"cat_name":"\u5bfc\u4f53\u5206\u7c7b"},{"id":187,"cate_label_id":184,"name":"\u57fa\u7840\u94a2\u4ef7","cate_type":0,"pid":0,"ratio":"0.000000","price":"4.5000","last_futures_price":"0.0000","last_sync_ratio":"0.000000","last_sync_time":0,"status":1,"is_del":1,"level":0,"add_time":1775216277,"up_time":1775216277,"pid_str":"","pid2":0,"pid2_str":"","ratio2":"0.000000","pid3":0,"pid3_str":"","ratio3":"0.000000","end_ratio":"0.000000","level2":0,"level3":0,"cat_name":"\u5bfc\u4f53\u5206\u7c7b"},{"id":188,"cate_label_id":184,"name":"\u57fa\u7840\u954d\u4ef7","cate_type":0,"pid":0,"ratio":"0.000000","price":"135.0000","last_futures_price":"0.0000","last_sync_ratio":"0.000000","last_sync_time":0,"status":1,"is_del":1,"level":1,"add_time":1775216322,"up_time":1775216322,"pid_str":"","pid2":0,"pid2_str":"","ratio2":"0.000000","pid3":0,"pid3_str":"","ratio3":"0.000000","end_ratio":"0.000000","level2":1,"level3":1,"cat_name":"\u5bfc\u4f53\u5206\u7c7b"}]}

[ 2026-06-04T20:35:40+08:00 ] ::1 /Home/PriceSync/getQuotes.html
INFO: [ app_init ] --START--
INFO: Run Behavior\BuildLiteBehavior [ RunTime:0.000023s ]
INFO: [ app_init ] --END-- [ RunTime:0.000080s ]
INFO: [ app_begin ] --START--
INFO: Run Behavior\ReadHtmlCacheBehavior [ RunTime:0.000022s ]
INFO: [ app_begin ] --END-- [ RunTime:0.000039s ]
ERR: {"status":1,"msg":"\u83b7\u53d6\u6210\u529f","data":[{"p":11965,"name":"\u751f\u732a\u4e3b\u8fde","dm":"lhm","zde":-90,"zdf":-0.75,"zjsj":12055},{"p":4363,"name":"\u9e21\u86cb\u4e3b\u8fde","dm":"jdm","zde":-27,"zdf":-0.62,"zjsj":4390},{"p":802.5,"name":"\u539f\u6728\u4e3b\u8fde","dm":"lgm","zde":9,"zdf":1.13,"zjsj":793.5},{"p":1280,"name":"\u7ea4\u7ef4\u677f\u4e3b\u8fde","dm":"fbm","zde":-2.5,"zdf":-0.19,"zjsj":1282.5}]}

[ 2026-06-04T20:35:43+08:00 ] ::1 /Home/NewLabel/index.html
INFO: [ app_init ] --START--
INFO: Run Behavior\BuildLiteBehavior [ RunTime:0.000005s ]
INFO: [ app_init ] --END-- [ RunTime:0.000058s ]
INFO: [ app_begin ] --START--
INFO: Run Behavior\ReadHtmlCacheBehavior [ RunTime:0.000039s ]
INFO: [ app_begin ] --END-- [ RunTime:0.000058s ]
SQL: SHOW COLUMNS FROM `new_label` [ RunTime:0.0059s ]
SQL: SELECT * FROM `new_label` ORDER BY id asc  [ RunTime:0.0016s ]
INFO: [ view_parse ] --START--
INFO: [ template_filter ] --START--
INFO: Run Behavior\ContentReplaceBehavior [ RunTime:0.000201s ]
INFO: [ template_filter ] --END-- [ RunTime:0.000248s ]
INFO: Run Behavior\ParseTemplateBehavior [ RunTime:0.013318s ]
INFO: [ view_parse ] --END-- [ RunTime:0.013372s ]
INFO: [ view_filter ] --START--
INFO: Run Behavior\WriteHtmlCacheBehavior [ RunTime:0.000125s ]
INFO: [ view_filter ] --END-- [ RunTime:0.000143s ]
INFO: [ app_end ] --START--
INFO: Run Behavior\ShowPageTraceBehavior [ RunTime:0.000041s ]
INFO: [ app_end ] --END-- [ RunTime:0.000056s ]

[ 2026-06-04T20:35:46+08:00 ] ::1 /Home/NewLabel/index.html
INFO: [ app_init ] --START--
INFO: Run Behavior\BuildLiteBehavior [ RunTime:0.000010s ]
INFO: [ app_init ] --END-- [ RunTime:0.000086s ]
INFO: [ app_begin ] --START--
INFO: Run Behavior\ReadHtmlCacheBehavior [ RunTime:0.000089s ]
INFO: [ app_begin ] --END-- [ RunTime:0.000160s ]
SQL: SHOW COLUMNS FROM `new_label` [ RunTime:0.0043s ]
SQL: SELECT * FROM `new_label` ORDER BY id asc  [ RunTime:0.0011s ]
INFO: [ view_parse ] --START--
INFO: [ template_filter ] --START--
INFO: Run Behavior\ContentReplaceBehavior [ RunTime:0.000200s ]
INFO: [ template_filter ] --END-- [ RunTime:0.000251s ]
INFO: Run Behavior\ParseTemplateBehavior [ RunTime:0.011943s ]
INFO: [ view_parse ] --END-- [ RunTime:0.011985s ]
INFO: [ view_filter ] --START--
INFO: Run Behavior\WriteHtmlCacheBehavior [ RunTime:0.000101s ]
INFO: [ view_filter ] --END-- [ RunTime:0.000116s ]
INFO: [ app_end ] --START--
INFO: Run Behavior\ShowPageTraceBehavior [ RunTime:0.000036s ]
INFO: [ app_end ] --END-- [ RunTime:0.000049s ]

[ 2026-06-04T20:35:47+08:00 ] ::1 /Home/NewLabel/index.html
INFO: [ app_init ] --START--
INFO: Run Behavior\BuildLiteBehavior [ RunTime:0.000007s ]
INFO: [ app_init ] --END-- [ RunTime:0.000056s ]
INFO: [ app_begin ] --START--
INFO: Run Behavior\ReadHtmlCacheBehavior [ RunTime:0.000053s ]
INFO: [ app_begin ] --END-- [ RunTime:0.000087s ]
SQL: SHOW COLUMNS FROM `new_label` [ RunTime:0.0045s ]
SQL: SELECT * FROM `new_label` ORDER BY id asc  [ RunTime:0.0026s ]
INFO: [ view_parse ] --START--
INFO: [ template_filter ] --START--
INFO: Run Behavior\ContentReplaceBehavior [ RunTime:0.000190s ]
INFO: [ template_filter ] --END-- [ RunTime:0.000224s ]
INFO: Run Behavior\ParseTemplateBehavior [ RunTime:0.010878s ]
INFO: [ view_parse ] --END-- [ RunTime:0.010925s ]
INFO: [ view_filter ] --START--
INFO: Run Behavior\WriteHtmlCacheBehavior [ RunTime:0.000159s ]
INFO: [ view_filter ] --END-- [ RunTime:0.000177s ]
INFO: [ app_end ] --START--
INFO: Run Behavior\ShowPageTraceBehavior [ RunTime:0.000030s ]
INFO: [ app_end ] --END-- [ RunTime:0.000043s ]

[ 2026-06-04T20:36:00+08:00 ] ::1 /Home/NewLabel/editGet/model/new_label.html
INFO: [ app_init ] --START--
INFO: Run Behavior\BuildLiteBehavior [ RunTime:0.000011s ]
INFO: [ app_init ] --END-- [ RunTime:0.000140s ]
INFO: [ app_begin ] --START--
INFO: Run Behavior\ReadHtmlCacheBehavior [ RunTime:0.000040s ]
INFO: [ app_begin ] --END-- [ RunTime:0.000074s ]
SQL: SHOW COLUMNS FROM `new_label` [ RunTime:0.0037s ]
SQL: SELECT * FROM `new_label` WHERE `id` = 160 LIMIT 1   [ RunTime:0.0008s ]
SQL: SELECT * FROM `new_label` WHERE `id` <> 160 AND `cate_label_id` > 0  [ RunTime:0.0014s ]
SQL: SHOW COLUMNS FROM `price_sync_config` [ RunTime:0.0020s ]
SQL: SELECT * FROM `price_sync_config` WHERE `new_label_id` = 160 AND `auto_sync` = 1 AND `status` = 1 LIMIT 1   [ RunTime:0.0019s ]
ERR: {"status":1,"msg":"\u4fee\u6539\u6210\u529f","data":{"id":160,"cate_label_id":159,"name":"\u6caa\u94dc","cate_type":0,"pid":0,"ratio":0,"price":"0.00","last_futures_price":"0.00","last_sync_ratio":100,"last_sync_time":1780576539,"status":1,"is_del":1,"level":0,"add_time":1772791661,"up_time":1780576539,"pid_str":"","pid2":0,"pid2_str":"","ratio2":0,"pid3":0,"pid3_str":"","ratio3":0,"end_ratio":0,"level2":0,"level3":0,"cate_list":[{"id":5,"cate_label_id":3,"name":"\u73b0\u8d27\u94dc\u4ef7\u57fa\u7840\u503c","cate_type":0,"pid":0,"ratio":"100.000000","price":"94.9000","last_futures_price":"0.0000","last_sync_ratio":"0.000000","last_sync_time":0,"status":1,"is_del":1,"level":0,"add_time":1731588218,"up_time":1731678051,"pid_str":"","pid2":0,"pid2_str":"","ratio2":"100.000000","pid3":0,"pid3_str":"","ratio3":"100.000000","end_ratio":"0.000000","level2":0,"level3":0},{"id":27,"cate_label_id":26,"name":"\u4ea4\u8054\u805a\u4e59\u70ef\u4ef7\u683c","cate_type":0,"pid":0,"ratio":"0.000000","price":"12.0000","last_futures_price":"0.0000","last_sync_ratio":"0.000000","last_sync_time":0,"status":1,"is_del":1,"level":0,"add_time":1731673353,"up_time":1731673353,"pid_str":"","pid2":0,"pid2_str":"","ratio2":"100.000000","pid3":0,"pid3_str":"","ratio3":"100.000000","end_ratio":"0.000000","level2":0,"level3":0},{"id":29,"cate_label_id":28,"name":"\u5bfc\u4f53+\u7edd\u7f18\u5c4f\u853d\u6599\u4ef7","cate_type":0,"pid":0,"ratio":"0.000000","price":"11.5000","last_futures_price":"0.0000","last_sync_ratio":"0.000000","last_sync_time":0,"status":1,"is_del":1,"level":0,"add_time":1731673397,"up_time":1731673397,"pid_str":"","pid2":0,"pid2_str":"","ratio2":"100.000000","pid3":0,"pid3_str":"","ratio3":"100.000000","end_ratio":"0.000000","level2":1,"level3":1},{"id":51,"cate_label_id":3,"name":"\u73b0\u8d27\u94dd\u4ef7\u57fa\u7840\u503c","cate_type":0,"pid":0,"ratio":"100.000000","price":"23.0000","last_futures_price":"0.0000","last_sync_ratio":"0.000000","last_sync_time":0,"status":1,"is_del":1,"level":0,"add_time":1731682407,"up_time":1731682407,"pid_str":"","pid2":0,"pid2_str":"","ratio2":"100.000000","pid3":0,"pid3_str":"","ratio3":"100.000000","end_ratio":"0.000000","level2":0,"level3":0},{"id":74,"cate_label_id":26,"name":"PVC\u805a\u6c2f\u4e59\u70ef\u4ef7","cate_type":0,"pid":0,"ratio":"100.000000","price":"7.5000","last_futures_price":"0.0000","last_sync_ratio":"0.000000","last_sync_time":0,"status":1,"is_del":1,"level":0,"add_time":1734582414,"up_time":1734582414,"pid_str":"","pid2":0,"pid2_str":"","ratio2":"100.000000","pid3":0,"pid3_str":"","ratio3":"100.000000","end_ratio":"0.000000","level2":0,"level3":0},{"id":94,"cate_label_id":4,"name":"\u9ed1\u4e91\u6bcd\u5e26","cate_type":0,"pid":0,"ratio":"0.000000","price":"38.0000","last_futures_price":"0.0000","last_sync_ratio":"0.000000","last_sync_time":0,"status":1,"is_del":1,"level":0,"add_time":1735321887,"up_time":1735321887,"pid_str":"","pid2":0,"pid2_str":"","ratio2":"100.000000","pid3":0,"pid3_str":"","ratio3":"100.000000","end_ratio":"0.000000","level2":0,"level3":0},{"id":95,"cate_label_id":4,"name":"\u767d\u4e91\u6bcd\u5e26","cate_type":0,"pid":94,"ratio":"139.000000","price":"52.8200","last_futures_price":"0.0000","last_sync_ratio":"0.000000","last_sync_time":0,"status":1,"is_del":1,"level":1,"add_time":1735321972,"up_time":1735321972,"pid_str":"94","pid2":0,"pid2_str":"","ratio2":"100.000000","pid3":0,"pid3_str":"","ratio3":"100.000000","end_ratio":"0.000000","level2":1,"level3":1},{"id":96,"cate_label_id":3,"name":"\u7ec6\u94dc\u4e1d\u4ef7\u683c","cate_type":0,"pid":5,"ratio":"104.000000","price":"98.6900","last_futures_price":"0.0000","last_sync_ratio":"0.000000","last_sync_time":0,"status":1,"is_del":1,"level":1,"add_time":1735381914,"up_time":1735381914,"pid_str":"5","pid2":0,"pid2_str":"","ratio2":"100.000000","pid3":0,"pid3_str":"","ratio3":"100.000000","end_ratio":"0.000000","level2":1,"level3":1},{"id":97,"cate_label_id":3,"name":"\u94dd\u5408\u91d1\u4ef7","cate_type":0,"pid":51,"ratio":"105.000000","price":"24.1500","last_futures_price":"0.0000","last_sync_ratio":"0.000000","last_sync_time":0,"status":1,"is_del":1,"level":1,"add_time":1735381985,"up_time":1735381985,"pid_str":"51","pid2":0,"pid2_str":"","ratio2":"100.000000","pid3":0,"pid3_str":"","ratio3":"100.000000","end_ratio":"0.000000","level2":1,"level3":1},{"id":98,"cate_label_id":3,"name":"BVR\u7ec6\u94dc\u4e1d\u4ef7","cate_type":0,"pid":5,"ratio":"103.000000","price":"97.7400","last_futures_price":"0.0000","last_sync_ratio":"0.000000","last_sync_time":0,"status":1,"is_del":1,"level":1,"add_time":1735382673,"up_time":1735382673,"pid_str":"5","pid2":0,"pid2_str":"","ratio2":"100.000000","pid3":0,"pid3_str":"","ratio3":"100.000000","end_ratio":"0.000000","level2":1,"level3":1},{"id":99,"cate_label_id":3,"name":"\u67b6\u7a7a\u5bfc\u7ebf\u94a2\u4e1d\u4ef7","cate_type":0,"pid":0,"ratio":"0.000000","price":"5.0000","last_futures_price":"0.0000","last_sync_ratio":"0.000000","last_sync_time":0,"status":1,"is_del":1,"level":1,"add_time":1735382759,"up_time":1735382759,"pid_str":"","pid2":0,"pid2_str":"","ratio2":"100.000000","pid3":0,"pid3_str":"","ratio3":"100.000000","end_ratio":"0.000000","level2":1,"level3":1},{"id":101,"cate_label_id":26,"name":"10KV\/35KV\u4ea4\u8054\u7edd\u7f18\u4ef7","cate_type":0,"pid":27,"ratio":"123.000000","price":"14.7600","last_futures_price":"0.0000","last_sync_ratio":"0.000000","last_sync_time":0,"status":1,"is_del":1,"level":1,"add_time":1735383067,"up_time":1735383067,"pid_str":"27","pid2":0,"pid2_str":"","ratio2":"100.000000","pid3":0,"pid3_str":"","ratio3":"100.000000","end_ratio":"0.000000","level2":1,"level3":1},{"id":102,"cate_label_id":26,"name":"\u67b6\u7a7a\u8010\u5019XLPE\u6599\u4ef7","cate_type":0,"pid":27,"ratio":"116.700000","price":"14.0000","last_futures_price":"0.0000","last_sync_ratio":"0.000000","last_sync_time":0,"status":1,"is_del":1,"level":1,"add_time":1735400540,"up_time":1735400540,"pid_str":"27","pid2":0,"pid2_str":"","ratio2":"100.000000","pid3":0,"pid3_str":"","ratio3":"100.000000","end_ratio":"0.000000","level2":0,"level3":0},{"id":103,"cate_label_id":3,"name":"\u5c4f\u853d\u94dc\u5e26","cate_type":0,"pid":5,"ratio":"111.100000","price":"105.4300","last_futures_price":"0.0000","last_sync_ratio":"0.000000","last_sync_time":0,"status":1,"is_del":1,"level":1,"add_time":1735400783,"up_time":1735400783,"pid_str":"5","pid2":0,"pid2_str":"","ratio2":"100.000000","pid3":0,"pid3_str":"","ratio3":"100.000000","end_ratio":"0.000000","level2":1,"level3":1},{"id":104,"cate_label_id":26,"name":"\u5bfc\u4f53+\u7edd\u7f18\u5c4f\u853d\u6599\u4ef7","cate_type":0,"pid":101,"ratio":"104.000000","price":"15.3500","last_futures_price":"0.0000","last_sync_ratio":"0.000000","last_sync_time":0,"status":1,"is_del":1,"level":2,"add_time":1735400894,"up_time":1735400894,"pid_str":"27,101","pid2":0,"pid2_str":"","ratio2":"100.000000","pid3":0,"pid3_str":"","ratio3":"100.000000","end_ratio":"0.000000","level2":1,"level3":1},{"id":105,"cate_label_id":30,"name":"\u94a2\u5e26\u4ef7\u683c","cate_type":0,"pid":0,"ratio":"0.000000","price":"4.2000","last_futures_price":"0.0000","last_sync_ratio":"0.000000","last_sync_time":0,"status":1,"is_del":1,"level":0,"add_time":1735400959,"up_time":1735400959,"pid_str":"","pid2":0,"pid2_str":"","ratio2":"100.000000","pid3":0,"pid3_str":"","ratio3":"100.000000","end_ratio":"0.000000","level2":0,"level3":0},{"id":106,"cate_label_id":30,"name":"\u4e0d\u9508\u94a2\u5e26\u4ef7\u683c","cate_type":0,"pid":105,"ratio":"250.000000","price":"10.5000","last_futures_price":"0.0000","last_sync_ratio":"0.000000","last_sync_time":0,"status":1,"is_del":1,"level":1,"add_time":1735401010,"up_time":1735401010,"pid_str":"105","pid2":0,"pid2_str":"","ratio2":"100.000000","pid3":0,"pid3_str":"","ratio3":"100.000000","end_ratio":"0.000000","level2":1,"level3":1},{"id":107,"cate_label_id":30,"name":"\u94a2\u4e1d\u4ef7\u683c","cate_type":0,"pid":105,"ratio":"108.000000","price":"4.5300","last_futures_price":"0.0000","last_sync_ratio":"0.000000","last_sync_time":0,"status":1,"is_del":1,"level":1,"add_time":1735401055,"up_time":1735401055,"pid_str":"105","pid2":0,"pid2_str":"","ratio2":"100.000000","pid3":0,"pid3_str":"","ratio3":"100.000000","end_ratio":"0.000000","level2":1,"level3":1},{"id":108,"cate_label_id":30,"name":"\u4e0d\u9508\u94a2\u4e1d","cate_type":0,"pid":105,"ratio":"131.000000","price":"5.5000","last_futures_price":"0.0000","last_sync_ratio":"0.000000","last_sync_time":0,"status":1,"is_del":1,"level":1,"add_time":1735401113,"up_time":1735401113,"pid_str":"105","pid2":0,"pid2_str":"","ratio2":"100.000000","pid3":0,"pid3_str":"","ratio3":"100.000000","end_ratio":"0.000000","level2":1,"level3":1},{"id":109,"cate_label_id":32,"name":"PVC\u805a\u6c2f\u4e59\u70ef","cate_type":0,"pid":0,"ratio":"0.000000","price":"7.0000","last_futures_price":"0.0000","last_sync_ratio":"0.000000","last_sync_time":0,"status":1,"is_del":1,"level":0,"add_time":1735401182,"up_time":1735401182,"pid_str":"","pid2":0,"pid2_str":"","ratio2":"100.000000","pid3":0,"pid3_str":"","ratio3":"100.000000","end_ratio":"0.000000","level2":0,"level3":0},{"id":110,"cate_label_id":32,"name":"\u65e0\u5364\u4f4e\u70df\u963b\u71c3\u805a\u70ef\u70c3","cate_type":0,"pid":109,"ratio":"117.000000","price":"8.1900","last_futures_price":"0.0000","last_sync_ratio":"0.000000","last_sync_time":0,"status":1,"is_del":1,"level":1,"add_time":1735401270,"up_time":1735401270,"pid_str":"109","pid2":0,"pid2_str":"","ratio2":"100.000000","pid3":0,"pid3_str":"","ratio3":"100.000000","end_ratio":"0.000000","level2":1,"level3":1},{"id":111,"cate_label_id":32,"name":"\u9632\u706b\u4f4e\u70df\u963b\u71c3\u805a\u70ef\u70c3","cate_type":0,"pid":110,"ratio":"107.000000","price":"8.7600","last_futures_price":"0.0000","last_sync_ratio":"0.000000","last_sync_time":0,"status":1,"is_del":1,"level":2,"add_time":1735401324,"up_time":1735401324,"pid_str":"109,110","pid2":0,"pid2_str":"","ratio2":"100.000000","pid3":0,"pid3_str":"","ratio3":"100.000000","end_ratio":"0.000000","level2":1,"level3":1},{"id":113,"cate_label_id":32,"name":"\u6c2f\u4e01\u6a61\u80f6\u62a4\u5957","cate_type":0,"pid":112,"ratio":"100.000000","price":"10.0000","last_futures_price":"0.0000","last_sync_ratio":"0.000000","last_sync_time":0,"status":1,"is_del":1,"level":2,"add_time":1735401407,"up_time":1735401407,"pid_str":"112","pid2":0,"pid2_str":"","ratio2":"100.000000","pid3":0,"pid3_str":"","ratio3":"100.000000","end_ratio":"0.000000","level2":1,"level3":1},{"id":114,"cate_label_id":32,"name":"\u4e8c\u4ee3\u6599PVC\u805a\u6c2f\u4e59\u70ef","cate_type":0,"pid":109,"ratio":"75.000000","price":"5.2500","last_futures_price":"0.0000","last_sync_ratio":"0.000000","last_sync_time":0,"status":1,"is_del":1,"level":1,"add_time":1735401470,"up_time":1735401470,"pid_str":"109","pid2":0,"pid2_str":"","ratio2":"100.000000","pid3":0,"pid3_str":"","ratio3":"100.000000","end_ratio":"0.000000","level2":1,"level3":1},{"id":115,"cate_label_id":32,"name":"\u805a\u4e59\u70ef\u6750\u6599\u4ef7\u683c","cate_type":0,"pid":109,"ratio":"150.000000","price":"10.5000","last_futures_price":"0.0000","last_sync_ratio":"0.000000","last_sync_time":0,"status":1,"is_del":1,"level":1,"add_time":1735401546,"up_time":1735401546,"pid_str":"109","pid2":0,"pid2_str":"","ratio2":"100.000000","pid3":0,"pid3_str":"","ratio3":"100.000000","end_ratio":"0.000000","level2":1,"level3":1},{"id":116,"cate_label_id":3,"name":"\u7f16\u7ec7\u94dc\u4e1d\u4ef7","cate_type":0,"pid":5,"ratio":"105.500000","price":"100.1100","last_futures_price":"0.0000","last_sync_ratio":"0.000000","last_sync_time":0,"status":1,"is_del":1,"level":1,"add_time":1735401652,"up_time":1735401652,"pid_str":"5","pid2":0,"pid2_str":"","ratio2":"100.000000","pid3":0,"pid3_str":"","ratio3":"100.000000","end_ratio":"0.000000","level2":1,"level3":1},{"id":117,"cate_label_id":3,"name":"\u5206\u5c4f+\u603b\u5c4f\u94dc\u4ef7","cate_type":0,"pid":116,"ratio":"100.000000","price":"100.1100","last_futures_price":"0.0000","last_sync_ratio":"0.000000","last_sync_time":0,"status":1,"is_del":1,"level":2,"add_time":1735401722,"up_time":1735401722,"pid_str":"5,116","pid2":0,"pid2_str":"","ratio2":"100.000000","pid3":0,"pid3_str":"","ratio3":"100.000000","end_ratio":"0.000000","level2":1,"level3":1},{"id":118,"cate_label_id":3,"name":"\u9632\u706b\u94dc\u5e26\u4ef7\u683c","cate_type":0,"pid":5,"ratio":"105.700000","price":"100.3000","last_futures_price":"0.0000","last_sync_ratio":"0.000000","last_sync_time":0,"status":1,"is_del":1,"level":1,"add_time":1735401753,"up_time":1735401753,"pid_str":"5","pid2":0,"pid2_str":"","ratio2":"100.000000","pid3":0,"pid3_str":"","ratio3":"100.000000","end_ratio":"0.000000","level2":1,"level3":1},{"id":119,"cate_label_id":3,"name":"\u9694\u79bb\u578b\u94dd\u7ba1\u4ef7","cate_type":0,"pid":51,"ratio":"107.500000","price":"24.7200","last_futures_price":"0.0000","last_sync_ratio":"0.000000","last_sync_time":0,"status":1,"is_del":1,"level":1,"add_time":1735401804,"up_time":1735401804,"pid_str":"51","pid2":0,"pid2_str":"","ratio2":"100.000000","pid3":0,"pid3_str":"","ratio3":"100.000000","end_ratio":"0.000000","level2":1,"level3":1},{"id":120,"cate_label_id":3,"name":"\u8054\u9501\u94e0\u88c5\u94dd\u5e26\u4ef7","cate_type":0,"pid":51,"ratio":"110.000000","price":"25.3000","last_futures_price":"0.0000","last_sync_ratio":"0.000000","last_sync_time":0,"status":1,"is_del":1,"level":1,"add_time":1735761006,"up_time":1735761006,"pid_str":"51","pid2":0,"pid2_str":"","ratio2":"100.000000","pid3":0,"pid3_str":"","ratio3":"100.000000","end_ratio":"0.000000","level2":1,"level3":1},{"id":121,"cate_label_id":3,"name":"\u94dc\u5305\u94dd\u5bfc\u4f53","cate_type":0,"pid":5,"ratio":"11.000000","price":"31.1300","last_futures_price":"0.0000","last_sync_ratio":"0.000000","last_sync_time":0,"status":1,"is_del":1,"level":1,"add_time":1735763487,"up_time":1735763487,"pid_str":"5","pid2":51,"pid2_str":"","ratio2":"90.000000","pid3":0,"pid3_str":"","ratio3":"100.000000","end_ratio":"0.000000","level2":1,"level3":0},{"id":124,"cate_label_id":3,"name":"\u5c4f\u853d\u94dd\u5e26","cate_type":0,"pid":51,"ratio":"130.000000","price":"29.9000","last_futures_price":"0.0000","last_sync_ratio":"0.000000","last_sync_time":0,"status":1,"is_del":1,"level":1,"add_time":1736553876,"up_time":1736553876,"pid_str":"51","pid2":0,"pid2_str":"","ratio2":"100.000000","pid3":0,"pid3_str":"","ratio3":"100.000000","end_ratio":"0.000000","level2":1,"level3":1},{"id":125,"cate_label_id":26,"name":"\u4f4e\u70df\u65e0\u5364\u7edd\u7f18","cate_type":0,"pid":27,"ratio":"127.000000","price":"15.2400","last_futures_price":"0.0000","last_sync_ratio":"0.000000","last_sync_time":0,"status":1,"is_del":1,"level":1,"add_time":1738838536,"up_time":1738838536,"pid_str":"27","pid2":0,"pid2_str":"","ratio2":"100.000000","pid3":0,"pid3_str":"","ratio3":"100.000000","end_ratio":"0.000000","level2":1,"level3":1},{"id":130,"cate_label_id":3,"name":"\u6a61\u5957\u7535\u7f06\u8f6f\u94dc\u5bfc\u4f53","cate_type":0,"pid":96,"ratio":"98.000000","price":"96.7100","last_futures_price":"0.0000","last_sync_ratio":"0.000000","last_sync_time":0,"status":1,"is_del":1,"level":2,"add_time":1744767200,"up_time":1744767200,"pid_str":"5,96","pid2":0,"pid2_str":"","ratio2":"0.000000","pid3":0,"pid3_str":"","ratio3":"0.000000","end_ratio":"0.000000","level2":0,"level3":0},{"id":131,"cate_label_id":3,"name":"\u77ff\u7528\u7535\u7f06\u8f6f\u94dc\u5bfc\u4f53","cate_type":0,"pid":96,"ratio":"98.000000","price":"96.7100","last_futures_price":"0.0000","last_sync_ratio":"0.000000","last_sync_time":0,"status":1,"is_del":1,"level":2,"add_time":1744767234,"up_time":1744767234,"pid_str":"5,96","pid2":0,"pid2_str":"","ratio2":"0.000000","pid3":0,"pid3_str":"","ratio3":"0.000000","end_ratio":"0.000000","level2":0,"level3":0},{"id":132,"cate_label_id":3,"name":"\u77ff\u7528\u7535\u7f06\u9540\u9521\u8f6f\u94dc","cate_type":0,"pid":131,"ratio":"102.000000","price":"98.6400","last_futures_price":"0.0000","last_sync_ratio":"0.000000","last_sync_time":0,"status":1,"is_del":1,"level":3,"add_time":1744767609,"up_time":1744767609,"pid_str":"5,96,131","pid2":0,"pid2_str":"","ratio2":"0.000000","pid3":0,"pid3_str":"","ratio3":"0.000000","end_ratio":"0.000000","level2":0,"level3":0},{"id":134,"cate_label_id":133,"name":"XH-03A-\u77ff\u7528\u62a4\u5957","cate_type":0,"pid":0,"ratio":"0.000000","price":"8.0000","last_futures_price":"0.0000","last_sync_ratio":"0.000000","last_sync_time":0,"status":1,"is_del":1,"level":0,"add_time":1744771398,"up_time":1744771398,"pid_str":"","pid2":0,"pid2_str":"","ratio2":"0.000000","pid3":0,"pid3_str":"","ratio3":"0.000000","end_ratio":"0.000000","level2":0,"level3":0},{"id":135,"cate_label_id":133,"name":"IE4-\u901a\u7528\u7edd\u7f18\u6a61\u80f6","cate_type":0,"pid":134,"ratio":"134.300000","price":"10.7400","last_futures_price":"0.0000","last_sync_ratio":"0.000000","last_sync_time":0,"status":1,"is_del":1,"level":1,"add_time":1744771497,"up_time":1744771497,"pid_str":"134","pid2":0,"pid2_str":"","ratio2":"0.000000","pid3":0,"pid3_str":"","ratio3":"0.000000","end_ratio":"0.000000","level2":0,"level3":0},{"id":136,"cate_label_id":133,"name":"1KV-XJ-30A-\u77ff\u7528\u7edd\u7f18\u6a61\u80f6","cate_type":0,"pid":134,"ratio":"140.000000","price":"11.2000","last_futures_price":"0.0000","last_sync_ratio":"0.000000","last_sync_time":0,"status":1,"is_del":1,"level":1,"add_time":1744771556,"up_time":1744771556,"pid_str":"134","pid2":0,"pid2_str":"","ratio2":"0.000000","pid3":0,"pid3_str":"","ratio3":"0.000000","end_ratio":"0.000000","level2":0,"level3":0},{"id":137,"cate_label_id":133,"name":"10KV-XJ-30A-\u77ff\u7528\u7edd\u7f18\u6a61\u80f6","cate_type":0,"pid":134,"ratio":"165.700000","price":"13.2500","last_futures_price":"0.0000","last_sync_ratio":"0.000000","last_sync_time":0,"status":1,"is_del":1,"level":1,"add_time":1744771607,"up_time":1744771607,"pid_str":"134","pid2":0,"pid2_str":"","ratio2":"0.000000","pid3":0,"pid3_str":"","ratio3":"0.000000","end_ratio":"0.000000","level2":0,"level3":0},{"id":138,"cate_label_id":133,"name":"SE3-\u901a\u7528\u62a4\u5957\u6a61\u80f6","cate_type":0,"pid":134,"ratio":"81.400000","price":"6.5100","last_futures_price":"0.0000","last_sync_ratio":"0.000000","last_sync_time":0,"status":1,"is_del":1,"level":1,"add_time":1744771648,"up_time":1744771648,"pid_str":"134","pid2":0,"pid2_str":"","ratio2":"0.000000","pid3":0,"pid3_str":"","ratio3":"0.000000","end_ratio":"0.000000","level2":0,"level3":0},{"id":139,"cate_label_id":133,"name":"\u77ff\u7528\u5185\u886c\u5c42\u6a61\u80f6","cate_type":0,"pid":134,"ratio":"111.400000","price":"8.9100","last_futures_price":"0.0000","last_sync_ratio":"0.000000","last_sync_time":0,"status":1,"is_del":1,"level":1,"add_time":1744771716,"up_time":1744771716,"pid_str":"134","pid2":0,"pid2_str":"","ratio2":"0.000000","pid3":0,"pid3_str":"","ratio3":"0.000000","end_ratio":"0.000000","level2":0,"level3":0},{"id":140,"cate_label_id":133,"name":"SE3-YH-\u710a\u673a\u7ebf\u62a4\u5957","cate_type":0,"pid":134,"ratio":"105.700000","price":"8.4500","last_futures_price":"0.0000","last_sync_ratio":"0.000000","last_sync_time":0,"status":1,"is_del":1,"level":1,"add_time":1744771931,"up_time":1744771931,"pid_str":"134","pid2":0,"pid2_str":"","ratio2":"0.000000","pid3":0,"pid3_str":"","ratio3":"0.000000","end_ratio":"0.000000","level2":0,"level3":0},{"id":141,"cate_label_id":133,"name":"\u6a61\u80f6\u5185\u5c4f-\u77ff\u7f06","cate_type":0,"pid":134,"ratio":"193.000000","price":"15.4400","last_futures_price":"0.0000","last_sync_ratio":"0.000000","last_sync_time":0,"status":1,"is_del":1,"level":1,"add_time":1744771985,"up_time":1744771985,"pid_str":"134","pid2":0,"pid2_str":"","ratio2":"0.000000","pid3":0,"pid3_str":"","ratio3":"0.000000","end_ratio":"0.000000","level2":0,"level3":0},{"id":142,"cate_label_id":133,"name":"\u6a61\u80f6\u5916\u5c4f","cate_type":0,"pid":141,"ratio":"217.600000","price":"33.5900","last_futures_price":"0.0000","last_sync_ratio":"0.000000","last_sync_time":0,"status":1,"is_del":1,"level":2,"add_time":1744772031,"up_time":1744772031,"pid_str":"134,141","pid2":0,"pid2_str":"","ratio2":"0.000000","pid3":0,"pid3_str":"","ratio3":"0.000000","end_ratio":"0.000000","level2":0,"level3":0},{"id":143,"cate_label_id":133,"name":"WD-XH-03A","cate_type":0,"pid":134,"ratio":"467.100000","price":"37.3600","last_futures_price":"0.0000","last_sync_ratio":"0.000000","last_sync_time":0,"status":1,"is_del":1,"level":1,"add_time":1744772105,"up_time":1744772105,"pid_str":"134","pid2":0,"pid2_str":"","ratio2":"0.000000","pid3":0,"pid3_str":"","ratio3":"0.000000","end_ratio":"0.000000","level2":0,"level3":0},{"id":144,"cate_label_id":133,"name":"\u6df7\u70bc\u80f61#-\u586b\u5145\u7c7b","cate_type":0,"pid":134,"ratio":"80.000000","price":"6.4000","last_futures_price":"0.0000","last_sync_ratio":"0.000000","last_sync_time":0,"status":1,"is_del":1,"level":1,"add_time":1744772165,"up_time":1744772165,"pid_str":"134","pid2":0,"pid2_str":"","ratio2":"0.000000","pid3":0,"pid3_str":"","ratio3":"0.000000","end_ratio":"0.000000","level2":0,"level3":0},{"id":145,"cate_label_id":133,"name":"\u6df7\u70bc\u80f63#-\u586b\u5145\u7c7b","cate_type":0,"pid":144,"ratio":"91.000000","price":"5.8200","last_futures_price":"0.0000","last_sync_ratio":"0.000000","last_sync_time":0,"status":1,"is_del":1,"level":2,"add_time":1744772205,"up_time":1744772205,"pid_str":"134,144","pid2":0,"pid2_str":"","ratio2":"0.000000","pid3":0,"pid3_str":"","ratio3":"0.000000","end_ratio":"0.000000","level2":0,"level3":0},{"id":146,"cate_label_id":3,"name":"\u9540\u9521\u7f16\u7ec7\u94dc\u4e1d","cate_type":0,"pid":132,"ratio":"105.500000","price":"104.0600","last_futures_price":"0.0000","last_sync_ratio":"0.000000","last_sync_time":0,"status":1,"is_del":1,"level":4,"add_time":1744812415,"up_time":1744812415,"pid_str":"5,96,131,132","pid2":0,"pid2_str":"","ratio2":"0.000000","pid3":0,"pid3_str":"","ratio3":"0.000000","end_ratio":"0.000000","level2":0,"level3":0},{"id":147,"cate_label_id":133,"name":"\u7845\u6a61\u80f6\u6750\u6599","cate_type":0,"pid":135,"ratio":"144.000000","price":"15.4600","last_futures_price":"0.0000","last_sync_ratio":"0.000000","last_sync_time":0,"status":1,"is_del":1,"level":2,"add_time":1745174816,"up_time":1745174816,"pid_str":"134,135","pid2":0,"pid2_str":"","ratio2":"0.000000","pid3":0,"pid3_str":"","ratio3":"0.000000","end_ratio":"0.000000","level2":0,"level3":0},{"id":148,"cate_label_id":133,"name":"\u4e01\u8148\u6a61\u80f6\u6750\u6599","cate_type":0,"pid":135,"ratio":"107.000000","price":"11.4900","last_futures_price":"0.0000","last_sync_ratio":"0.000000","last_sync_time":0,"status":1,"is_del":1,"level":2,"add_time":1745174886,"up_time":1745174886,"pid_str":"134,135","pid2":0,"pid2_str":"","ratio2":"0.000000","pid3":0,"pid3_str":"","ratio3":"0.000000","end_ratio":"0.000000","level2":0,"level3":0},{"id":149,"cate_label_id":3,"name":"\u6a61\u5957\u7535\u7f06\u94dd\u5408\u91d1\u5bfc\u4f53","cate_type":0,"pid":51,"ratio":"117.100000","price":"26.9300","last_futures_price":"0.0000","last_sync_ratio":"0.000000","last_sync_time":0,"status":1,"is_del":1,"level":1,"add_time":1745175141,"up_time":1745175141,"pid_str":"51","pid2":0,"pid2_str":"","ratio2":"0.000000","pid3":0,"pid3_str":"","ratio3":"0.000000","end_ratio":"0.000000","level2":0,"level3":0},{"id":150,"cate_label_id":3,"name":"\u67b6\u7a7a\u7535\u7f06\u94dd","cate_type":0,"pid":51,"ratio":"100.000000","price":"23.0000","last_futures_price":"0.0000","last_sync_ratio":"0.000000","last_sync_time":0,"status":1,"is_del":1,"level":1,"add_time":1745776273,"up_time":1745776273,"pid_str":"51","pid2":0,"pid2_str":"","ratio2":"0.000000","pid3":0,"pid3_str":"","ratio3":"0.000000","end_ratio":"0.000000","level2":0,"level3":0},{"id":151,"cate_label_id":3,"name":"\u67b6\u7a7a\u7535\u7f06\u94dd\u5408\u91d1","cate_type":0,"pid":150,"ratio":"105.000000","price":"24.1500","last_futures_price":"0.0000","last_sync_ratio":"0.000000","last_sync_time":0,"status":1,"is_del":1,"level":2,"add_time":1745776305,"up_time":1745776305,"pid_str":"51,150","pid2":0,"pid2_str":"","ratio2":"0.000000","pid3":0,"pid3_str":"","ratio3":"0.000000","end_ratio":"0.000000","level2":0,"level3":0},{"id":152,"cate_label_id":30,"name":"\u67b6\u7a7a\u7535\u7f06\u666e\u901a\u94a2\u4e1d","cate_type":0,"pid":107,"ratio":"88.200000","price":"4.0000","last_futures_price":"0.0000","last_sync_ratio":"0.000000","last_sync_time":0,"status":1,"is_del":1,"level":2,"add_time":1745776560,"up_time":1745776560,"pid_str":"105,107","pid2":0,"pid2_str":"","ratio2":"0.000000","pid3":0,"pid3_str":"","ratio3":"0.000000","end_ratio":"0.000000","level2":0,"level3":0},{"id":153,"cate_label_id":30,"name":"\u94a2\u7ede\u7ebf\u9540\u950c\u94a2\u4e1d","cate_type":0,"pid":152,"ratio":"150.000000","price":"6.0000","last_futures_price":"0.0000","last_sync_ratio":"0.000000","last_sync_time":0,"status":1,"is_del":1,"level":3,"add_time":1745776605,"up_time":1745776605,"pid_str":"105,107,152","pid2":0,"pid2_str":"","ratio2":"0.000000","pid3":0,"pid3_str":"","ratio3":"0.000000","end_ratio":"0.000000","level2":0,"level3":0},{"id":154,"cate_label_id":3,"name":"\u94dd\u7ede\u7ebf\u6750\u6599\u94dd","cate_type":0,"pid":150,"ratio":"105.000000","price":"24.1500","last_futures_price":"0.0000","last_sync_ratio":"0.000000","last_sync_time":0,"status":1,"is_del":1,"level":2,"add_time":1745776845,"up_time":1745776845,"pid_str":"51,150","pid2":0,"pid2_str":"","ratio2":"0.000000","pid3":0,"pid3_str":"","ratio3":"0.000000","end_ratio":"0.000000","level2":0,"level3":0},{"id":155,"cate_label_id":3,"name":"\u94dd\u5408\u91d1\u7ede\u7ebf\u94dd","cate_type":0,"pid":154,"ratio":"105.000000","price":"25.3500","last_futures_price":"0.0000","last_sync_ratio":"0.000000","last_sync_time":0,"status":1,"is_del":1,"level":3,"add_time":1745776872,"up_time":1745776872,"pid_str":"51,150,154","pid2":0,"pid2_str":"","ratio2":"0.000000","pid3":0,"pid3_str":"","ratio3":"0.000000","end_ratio":"0.000000","level2":1,"level3":1},{"id":156,"cate_label_id":3,"name":"\u67b6\u7a7a\u7535\u7f06\u786c\u94dc","cate_type":0,"pid":5,"ratio":"100.000000","price":"94.9000","last_futures_price":"0.0000","last_sync_ratio":"0.000000","last_sync_time":0,"status":1,"is_del":1,"level":1,"add_time":1745777117,"up_time":1745777117,"pid_str":"5","pid2":0,"pid2_str":"","ratio2":"0.000000","pid3":0,"pid3_str":"","ratio3":"0.000000","end_ratio":"0.000000","level2":0,"level3":0},{"id":157,"cate_label_id":3,"name":"\u67b6\u7a7a\u7535\u7f06\u8f6f\u94dc","cate_type":0,"pid":96,"ratio":"100.000000","price":"98.6900","last_futures_price":"0.0000","last_sync_ratio":"0.000000","last_sync_time":0,"status":1,"is_del":1,"level":2,"add_time":1745777136,"up_time":1745777136,"pid_str":"5,96","pid2":0,"pid2_str":"","ratio2":"0.000000","pid3":0,"pid3_str":"","ratio3":"0.000000","end_ratio":"0.000000","level2":0,"level3":0},{"id":158,"cate_label_id":30,"name":"\u7f16\u7ec7\u7528\u9540\u9521\u94a2\u4e1d","cate_type":0,"pid":105,"ratio":"150.000000","price":"6.3000","last_futures_price":"0.0000","last_sync_ratio":"0.000000","last_sync_time":0,"status":1,"is_del":1,"level":1,"add_time":1753483344,"up_time":1753483344,"pid_str":"105","pid2":0,"pid2_str":"","ratio2":"0.000000","pid3":0,"pid3_str":"","ratio3":"0.000000","end_ratio":"100.000000","level2":0,"level3":0},{"id":161,"cate_label_id":159,"name":"\u6caa\u94dd","cate_type":0,"pid":0,"ratio":"0.000000","price":"24640.0000","last_futures_price":"0.0000","last_sync_ratio":"0.000000","last_sync_time":0,"status":1,"is_del":1,"level":0,"add_time":1775158584,"up_time":1775158584,"pid_str":"","pid2":0,"pid2_str":"","ratio2":"0.000000","pid3":0,"pid3_str":"","ratio3":"0.000000","end_ratio":"0.000000","level2":0,"level3":0},{"id":162,"cate_label_id":159,"name":"\u6caa\u954d","cate_type":0,"pid":0,"ratio":"0.000000","price":"0.0000","last_futures_price":"0.0000","last_sync_ratio":"1.000000","last_sync_time":1780576331,"status":1,"is_del":1,"level":0,"add_time":1775158650,"up_time":1780576331,"pid_str":"","pid2":0,"pid2_str":"","ratio2":"0.000000","pid3":0,"pid3_str":"","ratio3":"0.000000","end_ratio":"0.000000","level2":0,"level3":0},{"id":163,"cate_label_id":159,"name":"\u6caa\u9521","cate_type":0,"pid":0,"ratio":"0.000000","price":"437040.0000","last_futures_price":"0.0000","last_sync_ratio":"0.000000","last_sync_time":0,"status":1,"is_del":1,"level":0,"add_time":1775158678,"up_time":1775158678,"pid_str":"","pid2":0,"pid2_str":"","ratio2":"0.000000","pid3":0,"pid3_str":"","ratio3":"0.000000","end_ratio":"0.000000","level2":0,"level3":0},{"id":164,"cate_label_id":159,"name":"\u6caa\u950c","cate_type":0,"pid":0,"ratio":"0.000000","price":"24640.0000","last_futures_price":"0.0000","last_sync_ratio":"0.000000","last_sync_time":0,"status":1,"is_del":1,"level":0,"add_time":1775158807,"up_time":1775158807,"pid_str":"","pid2":0,"pid2_str":"","ratio2":"0.000000","pid3":0,"pid3_str":"","ratio3":"0.000000","end_ratio":"0.000000","level2":0,"level3":0},{"id":165,"cate_label_id":159,"name":"\u4e0d\u9508\u94a2","cate_type":0,"pid":0,"ratio":"0.000000","price":"15065.0000","last_futures_price":"0.0000","last_sync_ratio":"0.000000","last_sync_time":0,"status":1,"is_del":1,"level":0,"add_time":1775158827,"up_time":1775158827,"pid_str":"","pid2":0,"pid2_str":"","ratio2":"0.000000","pid3":0,"pid3_str":"","ratio3":"0.000000","end_ratio":"0.000000","level2":0,"level3":0},{"id":166,"cate_label_id":159,"name":"\u6caa\u94f6","cate_type":0,"pid":0,"ratio":"0.000000","price":"18522.0000","last_futures_price":"18522.0000","last_sync_ratio":"100.000000","last_sync_time":1780396436,"status":1,"is_del":1,"level":0,"add_time":1775158945,"up_time":1780396436,"pid_str":"","pid2":0,"pid2_str":"","ratio2":"0.000000","pid3":0,"pid3_str":"","ratio3":"0.000000","end_ratio":"0.000000","level2":0,"level3":0},{"id":167,"cate_label_id":159,"name":"\u6caa\u91d1","cate_type":0,"pid":0,"ratio":"0.000000","price":"1027.1000","last_futures_price":"0.0000","last_sync_ratio":"0.000000","last_sync_time":0,"status":1,"is_del":1,"level":0,"add_time":1775159038,"up_time":1775159038,"pid_str":"","pid2":0,"pid2_str":"","ratio2":"0.000000","pid3":0,"pid3_str":"","ratio3":"0.000000","end_ratio":"0.000000","level2":0,"level3":0},{"id":168,"cate_label_id":159,"name":"\u7845\u94c1","cate_type":0,"pid":0,"ratio":"0.000000","price":"5762.0000","last_futures_price":"0.0000","last_sync_ratio":"0.000000","last_sync_time":0,"status":1,"is_del":1,"level":0,"add_time":1775159058,"up_time":1775159058,"pid_str":"","pid2":0,"pid2_str":"","ratio2":"0.000000","pid3":0,"pid3_str":"","ratio3":"0.000000","end_ratio":"0.000000","level2":0,"level3":0},{"id":169,"cate_label_id":159,"name":"\u94c1\u77ff\u77f3","cate_type":0,"pid":0,"ratio":"0.000000","price":"815.5000","last_futures_price":"0.0000","last_sync_ratio":"0.000000","last_sync_time":0,"status":1,"is_del":1,"level":0,"add_time":1775159155,"up_time":1775159155,"pid_str":"","pid2":0,"pid2_str":"","ratio2":"0.000000","pid3":0,"pid3_str":"","ratio3":"0.000000","end_ratio":"0.000000","level2":0,"level3":0},{"id":170,"cate_label_id":159,"name":"\u87ba\u7eb9\u94a2","cate_type":0,"pid":0,"ratio":"0.000000","price":"3249.0000","last_futures_price":"0.0000","last_sync_ratio":"0.000000","last_sync_time":0,"status":1,"is_del":1,"level":0,"add_time":1775159188,"up_time":1775159188,"pid_str":"","pid2":0,"pid2_str":"","ratio2":"0.000000","pid3":0,"pid3_str":"","ratio3":"0.000000","end_ratio":"0.000000","level2":0,"level3":0},{"id":171,"cate_label_id":159,"name":"\u70ed\u5377","cate_type":0,"pid":0,"ratio":"0.000000","price":"3468.0000","last_futures_price":"0.0000","last_sync_ratio":"0.000000","last_sync_time":0,"status":1,"is_del":1,"level":0,"add_time":1775159363,"up_time":1775159363,"pid_str":"","pid2":0,"pid2_str":"","ratio2":"0.000000","pid3":0,"pid3_str":"","ratio3":"0.000000","end_ratio":"0.000000","level2":0,"level3":0},{"id":172,"cate_label_id":159,"name":"\u9530\u7845","cate_type":0,"pid":0,"ratio":"0.000000","price":"5878.0000","last_futures_price":"0.0000","last_sync_ratio":"0.000000","last_sync_time":0,"status":1,"is_del":1,"level":0,"add_time":1775159401,"up_time":1775159401,"pid_str":"","pid2":0,"pid2_str":"","ratio2":"0.000000","pid3":0,"pid3_str":"","ratio3":"0.000000","end_ratio":"0.000000","level2":0,"level3":0},{"id":173,"cate_label_id":159,"name":"\u94c2\u91d1","cate_type":0,"pid":0,"ratio":"0.000000","price":"2141.4000","last_futures_price":"0.0000","last_sync_ratio":"0.000000","last_sync_time":0,"status":1,"is_del":1,"level":0,"add_time":1775159416,"up_time":1775159416,"pid_str":"","pid2":0,"pid2_str":"","ratio2":"0.000000","pid3":0,"pid3_str":"","ratio3":"0.000000","end_ratio":"0.000000","level2":0,"level3":0},{"id":174,"cate_label_id":159,"name":"\u94af\u91d1","cate_type":0,"pid":0,"ratio":"0.000000","price":"1508.0000","last_futures_price":"0.0000","last_sync_ratio":"0.000000","last_sync_time":0,"status":1,"is_del":1,"level":0,"add_time":1775159431,"up_time":1775159431,"pid_str":"","pid2":0,"pid2_str":"","ratio2":"0.000000","pid3":0,"pid3_str":"","ratio3":"0.000000","end_ratio":"0.000000","level2":0,"level3":0},{"id":175,"cate_label_id":159,"name":"\u5de5\u4e1a\u7845","cate_type":0,"pid":0,"ratio":"0.000000","price":"8795.0000","last_futures_price":"0.0000","last_sync_ratio":"0.000000","last_sync_time":0,"status":1,"is_del":1,"level":0,"add_time":1775159442,"up_time":1775159442,"pid_str":"","pid2":0,"pid2_str":"","ratio2":"0.000000","pid3":0,"pid3_str":"","ratio3":"0.000000","end_ratio":"0.000000","level2":0,"level3":0},{"id":176,"cate_label_id":159,"name":"\u94dd\u5408\u91d1","cate_type":0,"pid":0,"ratio":"0.000000","price":"23255.0000","last_futures_price":"0.0000","last_sync_ratio":"0.000000","last_sync_time":0,"status":1,"is_del":1,"level":0,"add_time":1775159467,"up_time":1775159467,"pid_str":"","pid2":0,"pid2_str":"","ratio2":"0.000000","pid3":0,"pid3_str":"","ratio3":"0.000000","end_ratio":"0.000000","level2":0,"level3":0},{"id":177,"cate_label_id":159,"name":"\u6c27\u5316\u94dd","cate_type":0,"pid":0,"ratio":"0.000000","price":"2776.0000","last_futures_price":"0.0000","last_sync_ratio":"0.000000","last_sync_time":0,"status":1,"is_del":1,"level":0,"add_time":1775159483,"up_time":1775159483,"pid_str":"","pid2":0,"pid2_str":"","ratio2":"0.000000","pid3":0,"pid3_str":"","ratio3":"0.000000","end_ratio":"0.000000","level2":0,"level3":0},{"id":178,"cate_label_id":159,"name":"\u7ebf\u6750","cate_type":0,"pid":0,"ratio":"0.000000","price":"3395.0000","last_futures_price":"0.0000","last_sync_ratio":"0.000000","last_sync_time":0,"status":1,"is_del":1,"level":0,"add_time":1775159497,"up_time":1775159497,"pid_str":"","pid2":0,"pid2_str":"","ratio2":"0.000000","pid3":0,"pid3_str":"","ratio3":"0.000000","end_ratio":"0.000000","level2":0,"level3":0},{"id":179,"cate_label_id":159,"name":"\u73bb\u7483","cate_type":0,"pid":0,"ratio":"0.000000","price":"1068.0000","last_futures_price":"0.0000","last_sync_ratio":"0.000000","last_sync_time":0,"status":1,"is_del":1,"level":0,"add_time":1775159539,"up_time":1775159539,"pid_str":"","pid2":0,"pid2_str":"","ratio2":"0.000000","pid3":0,"pid3_str":"","ratio3":"0.000000","end_ratio":"0.000000","level2":0,"level3":0},{"id":180,"cate_label_id":159,"name":"\u91d1\u5c5e\u94ec","cate_type":0,"pid":0,"ratio":"0.000000","price":"91.5000","last_futures_price":"0.0000","last_sync_ratio":"0.000000","last_sync_time":0,"status":1,"is_del":1,"level":0,"add_time":1775159558,"up_time":1775159558,"pid_str":"","pid2":0,"pid2_str":"","ratio2":"0.000000","pid3":0,"pid3_str":"","ratio3":"0.000000","end_ratio":"0.000000","level2":0,"level3":0},{"id":181,"cate_label_id":159,"name":"\u77f3\u58a8\u70ef","cate_type":0,"pid":0,"ratio":"0.000000","price":"555.0000","last_futures_price":"0.0000","last_sync_ratio":"0.000000","last_sync_time":0,"status":1,"is_del":1,"level":0,"add_time":1775159576,"up_time":1775159576,"pid_str":"","pid2":0,"pid2_str":"","ratio2":"0.000000","pid3":0,"pid3_str":"","ratio3":"0.000000","end_ratio":"0.000000","level2":0,"level3":0},{"id":182,"cate_label_id":159,"name":"\u91d1\u5c5e\u94b4","cate_type":0,"pid":0,"ratio":"0.000000","price":"989.0000","last_futures_price":"0.0000","last_sync_ratio":"0.000000","last_sync_time":0,"status":1,"is_del":1,"level":0,"add_time":1775159588,"up_time":1775159588,"pid_str":"","pid2":0,"pid2_str":"","ratio2":"0.000000","pid3":0,"pid3_str":"","ratio3":"0.000000","end_ratio":"0.000000","level2":0,"level3":0},{"id":183,"cate_label_id":159,"name":"\u5f85\u5b9a","cate_type":0,"pid":0,"ratio":"0.000000","price":"91.5000","last_futures_price":"0.0000","last_sync_ratio":"0.000000","last_sync_time":0,"status":1,"is_del":1,"level":0,"add_time":1775160000,"up_time":1775160000,"pid_str":"","pid2":0,"pid2_str":"","ratio2":"0.000000","pid3":0,"pid3_str":"","ratio3":"0.000000","end_ratio":"0.000000","level2":0,"level3":0},{"id":185,"cate_label_id":184,"name":"\u57fa\u7840\u94dc\u4ef7","cate_type":0,"pid":0,"ratio":"0.000000","price":"96.5000","last_futures_price":"0.0000","last_sync_ratio":"0.000000","last_sync_time":0,"status":1,"is_del":1,"level":1,"add_time":1775216239,"up_time":1775216239,"pid_str":"","pid2":0,"pid2_str":"","ratio2":"0.000000","pid3":0,"pid3_str":"","ratio3":"0.000000","end_ratio":"0.000000","level2":1,"level3":1},{"id":186,"cate_label_id":184,"name":"\u57fa\u7840\u94dd\u4ef7","cate_type":0,"pid":0,"ratio":"0.000000","price":"24.0000","last_futures_price":"0.0000","last_sync_ratio":"0.000000","last_sync_time":0,"status":1,"is_del":1,"level":1,"add_time":1775216251,"up_time":1775216251,"pid_str":"","pid2":0,"pid2_str":"","ratio2":"0.000000","pid3":0,"pid3_str":"","ratio3":"0.000000","end_ratio":"0.000000","level2":1,"level3":1},{"id":187,"cate_label_id":184,"name":"\u57fa\u7840\u94a2\u4ef7","cate_type":0,"pid":0,"ratio":"0.000000","price":"4.5000","last_futures_price":"0.0000","last_sync_ratio":"0.000000","last_sync_time":0,"status":1,"is_del":1,"level":0,"add_time":1775216277,"up_time":1775216277,"pid_str":"","pid2":0,"pid2_str":"","ratio2":"0.000000","pid3":0,"pid3_str":"","ratio3":"0.000000","end_ratio":"0.000000","level2":0,"level3":0},{"id":188,"cate_label_id":184,"name":"\u57fa\u7840\u954d\u4ef7","cate_type":0,"pid":0,"ratio":"0.000000","price":"135.0000","last_futures_price":"0.0000","last_sync_ratio":"0.000000","last_sync_time":0,"status":1,"is_del":1,"level":1,"add_time":1775216322,"up_time":1775216322,"pid_str":"","pid2":0,"pid2_str":"","ratio2":"0.000000","pid3":0,"pid3_str":"","ratio3":"0.000000","end_ratio":"0.000000","level2":1,"level3":1},{"id":190,"cate_label_id":159,"name":"\u5907\u75282","cate_type":0,"pid":0,"ratio":"0.000000","price":"2.0000","last_futures_price":"0.0000","last_sync_ratio":"0.000000","last_sync_time":0,"status":1,"is_del":1,"level":1,"add_time":1778617496,"up_time":1778617496,"pid_str":"","pid2":0,"pid2_str":"","ratio2":"0.000000","pid3":0,"pid3_str":"","ratio3":"0.000000","end_ratio":"0.000000","level2":1,"level3":1},{"id":191,"cate_label_id":159,"name":"\u5907\u75283","cate_type":0,"pid":0,"ratio":"0.000000","price":"788.0000","last_futures_price":"788.0000","last_sync_ratio":"100.000000","last_sync_time":1780403285,"status":1,"is_del":1,"level":1,"add_time":1778617507,"up_time":1780403285,"pid_str":"","pid2":0,"pid2_str":"","ratio2":"0.000000","pid3":0,"pid3_str":"","ratio3":"0.000000","end_ratio":"0.000000","level2":1,"level3":1},{"id":192,"cate_label_id":159,"name":"\u5907\u75284","cate_type":0,"pid":0,"ratio":"0.000000","price":"4.0000","last_futures_price":"0.0000","last_sync_ratio":"0.000000","last_sync_time":0,"status":1,"is_del":1,"level":1,"add_time":1778617516,"up_time":1778617516,"pid_str":"","pid2":0,"pid2_str":"","ratio2":"0.000000","pid3":0,"pid3_str":"","ratio3":"0.000000","end_ratio":"0.000000","level2":1,"level3":1},{"id":193,"cate_label_id":159,"name":"\u5907\u75285","cate_type":0,"pid":0,"ratio":"0.000000","price":"5.0000","last_futures_price":"0.0000","last_sync_ratio":"0.000000","last_sync_time":0,"status":1,"is_del":1,"level":1,"add_time":1778617527,"up_time":1778617527,"pid_str":"","pid2":0,"pid2_str":"","ratio2":"0.000000","pid3":0,"pid3_str":"","ratio3":"0.000000","end_ratio":"0.000000","level2":1,"level3":1},{"id":194,"cate_label_id":159,"name":"\u5907\u75286","cate_type":0,"pid":0,"ratio":"0.000000","price":"6.0000","last_futures_price":"0.0000","last_sync_ratio":"0.000000","last_sync_time":0,"status":1,"is_del":1,"level":1,"add_time":1778617537,"up_time":1778617537,"pid_str":"","pid2":0,"pid2_str":"","ratio2":"0.000000","pid3":0,"pid3_str":"","ratio3":"0.000000","end_ratio":"0.000000","level2":1,"level3":1},{"id":195,"cate_label_id":159,"name":"1KV-\u786c\u94dc\u5149\u4eae","cate_type":0,"pid":160,"ratio":"0.100000","price":"0.0000","last_futures_price":"0.0000","last_sync_ratio":"0.000000","last_sync_time":0,"status":1,"is_del":1,"level":1,"add_time":1778617649,"up_time":1780576539,"pid_str":"160","pid2":0,"pid2_str":"","ratio2":"0.000000","pid3":0,"pid3_str":"","ratio3":"0.000000","end_ratio":"0.000000","level2":0,"level3":0},{"id":196,"cate_label_id":159,"name":"1KV-\u786c\u94dc\u9540\u9521","cate_type":0,"pid":160,"ratio":"0.100000","price":"105.0000","last_futures_price":"0.0000","last_sync_ratio":"0.000000","last_sync_time":0,"status":1,"is_del":1,"level":1,"add_time":1778617780,"up_time":1780576539,"pid_str":"160","pid2":163,"pid2_str":"","ratio2":"0.000000","pid3":0,"pid3_str":"","ratio3":"0.000000","end_ratio":"105.000000","level2":1,"level3":0},{"id":197,"cate_label_id":159,"name":"1KV-\u8f6f\u94dc\u5149\u4eae","cate_type":0,"pid":160,"ratio":"0.100000","price":"0.0000","last_futures_price":"0.0000","last_sync_ratio":"0.000000","last_sync_time":0,"status":1,"is_del":1,"level":1,"add_time":1778617868,"up_time":1780576539,"pid_str":"160","pid2":0,"pid2_str":"","ratio2":"0.000000","pid3":0,"pid3_str":"","ratio3":"0.000000","end_ratio":"0.000000","level2":0,"level3":0},{"id":198,"cate_label_id":159,"name":"1KV-\u8f6f\u94dc\u9540\u9521","cate_type":0,"pid":160,"ratio":"0.100000","price":"105.0000","last_futures_price":"0.0000","last_sync_ratio":"0.000000","last_sync_time":0,"status":1,"is_del":1,"level":1,"add_time":1778617909,"up_time":1780576539,"pid_str":"160","pid2":163,"pid2_str":"","ratio2":"0.000000","pid3":0,"pid3_str":"","ratio3":"0.000000","end_ratio":"105.000000","level2":1,"level3":0},{"id":199,"cate_label_id":159,"name":"1KV-\u7535\u5de5\u94dd","cate_type":0,"pid":161,"ratio":"100.000000","price":"24640.0000","last_futures_price":"0.0000","last_sync_ratio":"0.000000","last_sync_time":0,"status":1,"is_del":1,"level":1,"add_time":1778617999,"up_time":1778617999,"pid_str":"161","pid2":0,"pid2_str":"","ratio2":"100.000000","pid3":0,"pid3_str":"","ratio3":"0.000000","end_ratio":"0.000000","level2":0,"level3":0},{"id":200,"cate_label_id":4,"name":"\u6d4b\u8bd5\u7ea2\u8272\u5bfc\u4f53","cate_type":0,"pid":94,"ratio":"100.000000","price":"48.5600","last_futures_price":"0.0000","last_sync_ratio":"0.000000","last_sync_time":0,"status":1,"is_del":1,"level":1,"add_time":1779615141,"up_time":1779615141,"pid_str":"94","pid2":95,"pid2_str":"","ratio2":"20.000000","pid3":0,"pid3_str":"","ratio3":"0.000000","end_ratio":"0.000000","level2":2,"level3":1},{"id":201,"cate_label_id":4,"name":"\u7ea2\u8272\u6807\u9898\u6d4b\u8bd51","cate_type":0,"pid":94,"ratio":"100.000000","price":"45.2400","last_futures_price":"0.0000","last_sync_ratio":"0.000000","last_sync_time":0,"status":1,"is_del":1,"level":1,"add_time":1779615737,"up_time":1779615737,"pid_str":"94","pid2":97,"pid2_str":"","ratio2":"30.000000","pid3":0,"pid3_str":"","ratio3":"0.000000","end_ratio":"0.000000","level2":2,"level3":1},{"id":204,"cate_label_id":203,"name":"\u6d4b\u8bd5","cate_type":0,"pid":5,"ratio":"100.000000","price":"132.9000","last_futures_price":"0.0000","last_sync_ratio":"0.000000","last_sync_time":0,"status":1,"is_del":1,"level":1,"add_time":1779766798,"up_time":1779766798,"pid_str":"5","pid2":94,"pid2_str":"","ratio2":"100.000000","pid3":0,"pid3_str":"","ratio3":"100.000000","end_ratio":"0.000000","level2":1,"level3":1},{"id":205,"cate_label_id":202,"name":"\u6d4b\u8bd51","cate_type":0,"pid":27,"ratio":"100.000000","price":"16.2000","last_futures_price":"0.0000","last_sync_ratio":"0.000000","last_sync_time":0,"status":1,"is_del":1,"level":1,"add_time":1779766824,"up_time":1779766824,"pid_str":"27","pid2":105,"pid2_str":"","ratio2":"100.000000","pid3":0,"pid3_str":"","ratio3":"100.000000","end_ratio":"0.000000","level2":1,"level3":1},{"id":206,"cate_label_id":202,"name":"\u6d4b\u8bd5\u7ea2\u8272","cate_type":0,"pid":5,"ratio":"100.000000","price":"308.6800","last_futures_price":"0.0000","last_sync_ratio":"0.000000","last_sync_time":0,"status":1,"is_del":1,"level":1,"add_time":1779767533,"up_time":1779767533,"pid_str":"5","pid2":204,"pid2_str":"","ratio2":"100.000000","pid3":0,"pid3_str":"","ratio3":"100.000000","end_ratio":"80.888800","level2":2,"level3":0},{"id":208,"cate_label_id":207,"name":"\u6d4b\u8bd5111","cate_type":0,"pid":5,"ratio":"100.000000","price":"132.9000","last_futures_price":"0.0000","last_sync_ratio":"0.000000","last_sync_time":0,"status":1,"is_del":1,"level":1,"add_time":1780320016,"up_time":1780320016,"pid_str":"5","pid2":94,"pid2_str":"94","ratio2":"100.000000","pid3":0,"pid3_str":"","ratio3":"100.000000","end_ratio":"0.000000","level2":1,"level3":0},{"id":210,"cate_label_id":209,"name":"\u6d4b\u8bd51","cate_type":0,"pid":27,"ratio":"100.000000","price":"16.2000","last_futures_price":"0.0000","last_sync_ratio":"0.000000","last_sync_time":0,"status":1,"is_del":1,"level":1,"add_time":1780320064,"up_time":1780320064,"pid_str":"27","pid2":105,"pid2_str":"105","ratio2":"100.000000","pid3":0,"pid3_str":"","ratio3":"100.000000","end_ratio":"0.000000","level2":1,"level3":1},{"id":211,"cate_label_id":209,"name":"\u6d4b\u8bd5\u7ea2\u8272","cate_type":0,"pid":5,"ratio":"100.000000","price":"307.8000","last_futures_price":"0.0000","last_sync_ratio":"0.000000","last_sync_time":0,"status":1,"is_del":1,"level":1,"add_time":1780320064,"up_time":1780320064,"pid_str":"5","pid2":204,"pid2_str":"204","ratio2":"100.000000","pid3":0,"pid3_str":"","ratio3":"100.000000","end_ratio":"80.000300","level2":2,"level3":0},{"id":213,"cate_label_id":202,"name":"\u6d4b\u8bd5\u94dc","cate_type":0,"pid":160,"ratio":"100.000000","price":"0.0000","last_futures_price":"0.0000","last_sync_ratio":"0.000000","last_sync_time":0,"status":1,"is_del":1,"level":1,"add_time":1780452522,"up_time":1780576539,"pid_str":"160","pid2":0,"pid2_str":"","ratio2":"100.000000","pid3":0,"pid3_str":"","ratio3":"100.000000","end_ratio":"0.000000","level2":0,"level3":0}],"has_auto_sync":1,"sync_config_id":1}}

[ 2026-06-04T20:36:08+08:00 ] ::1 /Home/NewLabel/index.html
INFO: [ app_init ] --START--
INFO: Run Behavior\BuildLiteBehavior [ RunTime:0.000024s ]
INFO: [ app_init ] --END-- [ RunTime:0.000069s ]
INFO: [ app_begin ] --START--
INFO: Run Behavior\ReadHtmlCacheBehavior [ RunTime:0.000022s ]
INFO: [ app_begin ] --END-- [ RunTime:0.000038s ]
SQL: SHOW COLUMNS FROM `new_label` [ RunTime:0.0036s ]
SQL: SELECT * FROM `new_label` ORDER BY id asc  [ RunTime:0.0037s ]
INFO: [ view_parse ] --START--
INFO: [ template_filter ] --START--
INFO: Run Behavior\ContentReplaceBehavior [ RunTime:0.000104s ]
INFO: [ template_filter ] --END-- [ RunTime:0.000120s ]
INFO: Run Behavior\ParseTemplateBehavior [ RunTime:0.005021s ]
INFO: [ view_parse ] --END-- [ RunTime:0.005033s ]
INFO: [ view_filter ] --START--
INFO: Run Behavior\WriteHtmlCacheBehavior [ RunTime:0.000021s ]
INFO: [ view_filter ] --END-- [ RunTime:0.000026s ]
INFO: [ app_end ] --START--
INFO: Run Behavior\ShowPageTraceBehavior [ RunTime:0.000013s ]
INFO: [ app_end ] --END-- [ RunTime:0.000016s ]

[ 2026-06-04T20:36:09+08:00 ] ::1 /Home/NewLabel/index.html
INFO: [ app_init ] --START--
INFO: Run Behavior\BuildLiteBehavior [ RunTime:0.000006s ]
INFO: [ app_init ] --END-- [ RunTime:0.000045s ]
INFO: [ app_begin ] --START--
INFO: Run Behavior\ReadHtmlCacheBehavior [ RunTime:0.000022s ]
INFO: [ app_begin ] --END-- [ RunTime:0.000039s ]
SQL: SHOW COLUMNS FROM `new_label` [ RunTime:0.0047s ]
SQL: SELECT * FROM `new_label` ORDER BY id asc  [ RunTime:0.0012s ]
INFO: [ view_parse ] --START--
INFO: [ template_filter ] --START--
INFO: Run Behavior\ContentReplaceBehavior [ RunTime:0.000359s ]
INFO: [ template_filter ] --END-- [ RunTime:0.000445s ]
INFO: Run Behavior\ParseTemplateBehavior [ RunTime:0.010171s ]
INFO: [ view_parse ] --END-- [ RunTime:0.010220s ]
INFO: [ view_filter ] --START--
INFO: Run Behavior\WriteHtmlCacheBehavior [ RunTime:0.000088s ]
INFO: [ view_filter ] --END-- [ RunTime:0.000102s ]
INFO: [ app_end ] --START--
INFO: Run Behavior\ShowPageTraceBehavior [ RunTime:0.000032s ]
INFO: [ app_end ] --END-- [ RunTime:0.000045s ]

[ 2026-06-04T20:36:12+08:00 ] ::1 /Home/PriceSync/index
INFO: [ app_init ] --START--
INFO: Run Behavior\BuildLiteBehavior [ RunTime:0.000010s ]
INFO: [ app_init ] --END-- [ RunTime:0.000082s ]
INFO: [ app_begin ] --START--
INFO: Run Behavior\ReadHtmlCacheBehavior [ RunTime:0.000032s ]
INFO: [ app_begin ] --END-- [ RunTime:0.000053s ]
INFO: [ view_parse ] --START--
INFO: [ template_filter ] --START--
INFO: Run Behavior\ContentReplaceBehavior [ RunTime:0.000132s ]
INFO: [ template_filter ] --END-- [ RunTime:0.000176s ]
INFO: Run Behavior\ParseTemplateBehavior [ RunTime:0.006561s ]
INFO: [ view_parse ] --END-- [ RunTime:0.006607s ]
INFO: [ view_filter ] --START--
INFO: Run Behavior\WriteHtmlCacheBehavior [ RunTime:0.000073s ]
INFO: [ view_filter ] --END-- [ RunTime:0.000086s ]
INFO: [ app_end ] --START--
INFO: Run Behavior\ShowPageTraceBehavior [ RunTime:0.000036s ]
INFO: [ app_end ] --END-- [ RunTime:0.000051s ]

[ 2026-06-04T20:36:13+08:00 ] ::1 /Home/PriceSync/getQuotes.html
INFO: [ app_init ] --START--
INFO: Run Behavior\BuildLiteBehavior [ RunTime:0.000005s ]
INFO: [ app_init ] --END-- [ RunTime:0.000037s ]
INFO: [ app_begin ] --START--
INFO: Run Behavior\ReadHtmlCacheBehavior [ RunTime:0.000022s ]
INFO: [ app_begin ] --END-- [ RunTime:0.000039s ]
ERR: {"status":1,"msg":"\u83b7\u53d6\u6210\u529f","data":[{"p":3348,"name":"\u7ebf\u6750\u4e3b\u8fde","dm":"wrm","zde":-19,"zdf":-0.56,"zjsj":3367}]}

[ 2026-06-04T20:36:13+08:00 ] ::1 /Home/PriceSync/getConfigList.html
INFO: [ app_init ] --START--
INFO: Run Behavior\BuildLiteBehavior [ RunTime:0.000004s ]
INFO: [ app_init ] --END-- [ RunTime:0.000035s ]
INFO: [ app_begin ] --START--
INFO: Run Behavior\ReadHtmlCacheBehavior [ RunTime:0.000016s ]
INFO: [ app_begin ] --END-- [ RunTime:0.000031s ]
SQL: SHOW COLUMNS FROM `price_sync_config` [ RunTime:0.0026s ]
SQL: SELECT * FROM `price_sync_config` WHERE `status` = 1 ORDER BY id asc  [ RunTime:0.0006s ]
SQL: SHOW COLUMNS FROM `price_sync_log` [ RunTime:0.0020s ]
SQL: SELECT `config_id`,MAX(add_time) as last_sync_at FROM `price_sync_log` WHERE `config_id` IN (1,2,3,6,7) GROUP BY config_id  [ RunTime:0.0004s ]
SQL: SHOW COLUMNS FROM `new_label` [ RunTime:0.0021s ]
SQL: SELECT `price` FROM `new_label` WHERE `id` = 160 LIMIT 1   [ RunTime:0.0004s ]
SQL: SELECT `price` FROM `new_label` WHERE `id` = 162 LIMIT 1   [ RunTime:0.0002s ]
SQL: SELECT `price` FROM `new_label` WHERE `id` = 163 LIMIT 1   [ RunTime:0.0001s ]
SQL: SELECT `price` FROM `new_label` WHERE `id` = 166 LIMIT 1   [ RunTime:0.0011s ]
SQL: SELECT `price` FROM `new_label` WHERE `id` = 191 LIMIT 1   [ RunTime:0.0005s ]
ERR: {"status":1,"msg":"\u83b7\u53d6\u6210\u529f","data":[{"id":1,"futures_code":"cum","futures_name":"\u6caa\u94dc\u4e3b\u8fde","exchange":"shfe","new_label_id":160,"label_name":"\u6caa\u94dc","ratio":"100.0000","auto_sync":1,"status":1,"add_time":1780239338,"up_time":1780240685,"current_price":"0.00","last_sync_at":"2026-06-04 20:35:39"},{"id":2,"futures_code":"nim","futures_name":"\u6caa\u954d\u4e3b\u8fde","exchange":"shfe","new_label_id":162,"label_name":"\u6caa\u954d","ratio":"1.0000","auto_sync":1,"status":1,"add_time":1780366433,"up_time":1780366443,"current_price":"0.00","last_sync_at":"2026-06-04 20:32:11"},{"id":3,"futures_code":"snm","futures_name":"\u6caa\u9521\u4e3b\u8fde","exchange":"shfe","new_label_id":163,"label_name":"\u6caa\u9521","ratio":"100.0000","auto_sync":0,"status":1,"add_time":1780366480,"up_time":1780366480,"current_price":"437040.00","last_sync_at":"-"},{"id":6,"futures_code":"agm","futures_name":"\u6caa\u94f6\u4e3b\u8fde","exchange":"shfe","new_label_id":166,"label_name":"\u6caa\u94f6","ratio":"100.0000","auto_sync":1,"status":1,"add_time":1780396428,"up_time":1780396428,"current_price":"18522.00","last_sync_at":"2026-06-02 18:33:56"},{"id":7,"futures_code":"lgm","futures_name":"\u539f\u6728\u4e3b\u8fde","exchange":"dce","new_label_id":191,"label_name":"\u5907\u75283","ratio":"100.0000","auto_sync":1,"status":1,"add_time":1780403277,"up_time":1780403277,"current_price":"788.00","last_sync_at":"2026-06-02 20:28:05"}]}

[ 2026-06-04T20:36:13+08:00 ] ::1 /Home/PriceSync/getMaterials.html
INFO: [ app_init ] --START--
INFO: Run Behavior\BuildLiteBehavior [ RunTime:0.000003s ]
INFO: [ app_init ] --END-- [ RunTime:0.000024s ]
INFO: [ app_begin ] --START--
INFO: Run Behavior\ReadHtmlCacheBehavior [ RunTime:0.000065s ]
INFO: [ app_begin ] --END-- [ RunTime:0.000157s ]
SQL: SHOW COLUMNS FROM `new_label` [ RunTime:0.0033s ]
SQL: SELECT `id`,`name` FROM `new_label` WHERE `cate_label_id` = 0 AND `cate_type` = 0  [ RunTime:0.0016s ]
SQL: SELECT * FROM `new_label` WHERE `cate_label_id` IN (3,4,26,30,133,159,184) AND `pid` = 0 ORDER BY cate_label_id asc, id asc  [ RunTime:0.0019s ]
ERR: {"status":1,"msg":"\u83b7\u53d6\u6210\u529f","data":[{"id":5,"cate_label_id":3,"name":"\u73b0\u8d27\u94dc\u4ef7\u57fa\u7840\u503c","cate_type":0,"pid":0,"ratio":"100.000000","price":"94.9000","last_futures_price":"0.0000","last_sync_ratio":"0.000000","last_sync_time":0,"status":1,"is_del":1,"level":0,"add_time":1731588218,"up_time":1731678051,"pid_str":"","pid2":0,"pid2_str":"","ratio2":"100.000000","pid3":0,"pid3_str":"","ratio3":"100.000000","end_ratio":"0.000000","level2":0,"level3":0,"cat_name":"\u5bfc\u4f53\u6750\u6599\u4ef7\u683c22"},{"id":51,"cate_label_id":3,"name":"\u73b0\u8d27\u94dd\u4ef7\u57fa\u7840\u503c","cate_type":0,"pid":0,"ratio":"100.000000","price":"23.0000","last_futures_price":"0.0000","last_sync_ratio":"0.000000","last_sync_time":0,"status":1,"is_del":1,"level":0,"add_time":1731682407,"up_time":1731682407,"pid_str":"","pid2":0,"pid2_str":"","ratio2":"100.000000","pid3":0,"pid3_str":"","ratio3":"100.000000","end_ratio":"0.000000","level2":0,"level3":0,"cat_name":"\u5bfc\u4f53\u6750\u6599\u4ef7\u683c22"},{"id":99,"cate_label_id":3,"name":"\u67b6\u7a7a\u5bfc\u7ebf\u94a2\u4e1d\u4ef7","cate_type":0,"pid":0,"ratio":"0.000000","price":"5.0000","last_futures_price":"0.0000","last_sync_ratio":"0.000000","last_sync_time":0,"status":1,"is_del":1,"level":1,"add_time":1735382759,"up_time":1735382759,"pid_str":"","pid2":0,"pid2_str":"","ratio2":"100.000000","pid3":0,"pid3_str":"","ratio3":"100.000000","end_ratio":"0.000000","level2":1,"level3":1,"cat_name":"\u5bfc\u4f53\u6750\u6599\u4ef7\u683c22"},{"id":94,"cate_label_id":4,"name":"\u9ed1\u4e91\u6bcd\u5e26","cate_type":0,"pid":0,"ratio":"0.000000","price":"38.0000","last_futures_price":"0.0000","last_sync_ratio":"0.000000","last_sync_time":0,"status":1,"is_del":1,"level":0,"add_time":1735321887,"up_time":1735321887,"pid_str":"","pid2":0,"pid2_str":"","ratio2":"100.000000","pid3":0,"pid3_str":"","ratio3":"100.000000","end_ratio":"0.000000","level2":0,"level3":0,"cat_name":"\u4e91\u6bcd\u6750\u6599\u4ef7\u683c"},{"id":27,"cate_label_id":26,"name":"\u4ea4\u8054\u805a\u4e59\u70ef\u4ef7\u683c","cate_type":0,"pid":0,"ratio":"0.000000","price":"12.0000","last_futures_price":"0.0000","last_sync_ratio":"0.000000","last_sync_time":0,"status":1,"is_del":1,"level":0,"add_time":1731673353,"up_time":1731673353,"pid_str":"","pid2":0,"pid2_str":"","ratio2":"100.000000","pid3":0,"pid3_str":"","ratio3":"100.000000","end_ratio":"0.000000","level2":0,"level3":0,"cat_name":"\u7edd\u7f18\u6750\u6599\u4ef7\u683c"},{"id":74,"cate_label_id":26,"name":"PVC\u805a\u6c2f\u4e59\u70ef\u4ef7","cate_type":0,"pid":0,"ratio":"100.000000","price":"7.5000","last_futures_price":"0.0000","last_sync_ratio":"0.000000","last_sync_time":0,"status":1,"is_del":1,"level":0,"add_time":1734582414,"up_time":1734582414,"pid_str":"","pid2":0,"pid2_str":"","ratio2":"100.000000","pid3":0,"pid3_str":"","ratio3":"100.000000","end_ratio":"0.000000","level2":0,"level3":0,"cat_name":"\u7edd\u7f18\u6750\u6599\u4ef7\u683c"},{"id":105,"cate_label_id":30,"name":"\u94a2\u5e26\u4ef7\u683c","cate_type":0,"pid":0,"ratio":"0.000000","price":"4.2000","last_futures_price":"0.0000","last_sync_ratio":"0.000000","last_sync_time":0,"status":1,"is_del":1,"level":0,"add_time":1735400959,"up_time":1735400959,"pid_str":"","pid2":0,"pid2_str":"","ratio2":"100.000000","pid3":0,"pid3_str":"","ratio3":"100.000000","end_ratio":"0.000000","level2":0,"level3":0,"cat_name":"\u91d1\u5c5e\u94e0\u88c5\u6750\u6599"},{"id":134,"cate_label_id":133,"name":"XH-03A-\u77ff\u7528\u62a4\u5957","cate_type":0,"pid":0,"ratio":"0.000000","price":"8.0000","last_futures_price":"0.0000","last_sync_ratio":"0.000000","last_sync_time":0,"status":1,"is_del":1,"level":0,"add_time":1744771398,"up_time":1744771398,"pid_str":"","pid2":0,"pid2_str":"","ratio2":"0.000000","pid3":0,"pid3_str":"","ratio3":"0.000000","end_ratio":"0.000000","level2":0,"level3":0,"cat_name":"\u6a61\u80f6\u7535\u7f06\u6750\u6599\u4ef7\u683c"},{"id":160,"cate_label_id":159,"name":"\u6caa\u94dc","cate_type":0,"pid":0,"ratio":"0.000000","price":"0.0000","last_futures_price":"0.0000","last_sync_ratio":"100.000000","last_sync_time":1780576539,"status":1,"is_del":1,"level":0,"add_time":1772791661,"up_time":1780576539,"pid_str":"","pid2":0,"pid2_str":"","ratio2":"0.000000","pid3":0,"pid3_str":"","ratio3":"0.000000","end_ratio":"0.000000","level2":0,"level3":0,"cat_name":"\u57fa\u7840\u91d1\u5c5e\u5217\u8868"},{"id":161,"cate_label_id":159,"name":"\u6caa\u94dd","cate_type":0,"pid":0,"ratio":"0.000000","price":"24640.0000","last_futures_price":"0.0000","last_sync_ratio":"0.000000","last_sync_time":0,"status":1,"is_del":1,"level":0,"add_time":1775158584,"up_time":1775158584,"pid_str":"","pid2":0,"pid2_str":"","ratio2":"0.000000","pid3":0,"pid3_str":"","ratio3":"0.000000","end_ratio":"0.000000","level2":0,"level3":0,"cat_name":"\u57fa\u7840\u91d1\u5c5e\u5217\u8868"},{"id":162,"cate_label_id":159,"name":"\u6caa\u954d","cate_type":0,"pid":0,"ratio":"0.000000","price":"0.0000","last_futures_price":"0.0000","last_sync_ratio":"1.000000","last_sync_time":1780576331,"status":1,"is_del":1,"level":0,"add_time":1775158650,"up_time":1780576331,"pid_str":"","pid2":0,"pid2_str":"","ratio2":"0.000000","pid3":0,"pid3_str":"","ratio3":"0.000000","end_ratio":"0.000000","level2":0,"level3":0,"cat_name":"\u57fa\u7840\u91d1\u5c5e\u5217\u8868"},{"id":163,"cate_label_id":159,"name":"\u6caa\u9521","cate_type":0,"pid":0,"ratio":"0.000000","price":"437040.0000","last_futures_price":"0.0000","last_sync_ratio":"0.000000","last_sync_time":0,"status":1,"is_del":1,"level":0,"add_time":1775158678,"up_time":1775158678,"pid_str":"","pid2":0,"pid2_str":"","ratio2":"0.000000","pid3":0,"pid3_str":"","ratio3":"0.000000","end_ratio":"0.000000","level2":0,"level3":0,"cat_name":"\u57fa\u7840\u91d1\u5c5e\u5217\u8868"},{"id":164,"cate_label_id":159,"name":"\u6caa\u950c","cate_type":0,"pid":0,"ratio":"0.000000","price":"24640.0000","last_futures_price":"0.0000","last_sync_ratio":"0.000000","last_sync_time":0,"status":1,"is_del":1,"level":0,"add_time":1775158807,"up_time":1775158807,"pid_str":"","pid2":0,"pid2_str":"","ratio2":"0.000000","pid3":0,"pid3_str":"","ratio3":"0.000000","end_ratio":"0.000000","level2":0,"level3":0,"cat_name":"\u57fa\u7840\u91d1\u5c5e\u5217\u8868"},{"id":165,"cate_label_id":159,"name":"\u4e0d\u9508\u94a2","cate_type":0,"pid":0,"ratio":"0.000000","price":"15065.0000","last_futures_price":"0.0000","last_sync_ratio":"0.000000","last_sync_time":0,"status":1,"is_del":1,"level":0,"add_time":1775158827,"up_time":1775158827,"pid_str":"","pid2":0,"pid2_str":"","ratio2":"0.000000","pid3":0,"pid3_str":"","ratio3":"0.000000","end_ratio":"0.000000","level2":0,"level3":0,"cat_name":"\u57fa\u7840\u91d1\u5c5e\u5217\u8868"},{"id":166,"cate_label_id":159,"name":"\u6caa\u94f6","cate_type":0,"pid":0,"ratio":"0.000000","price":"18522.0000","last_futures_price":"18522.0000","last_sync_ratio":"100.000000","last_sync_time":1780396436,"status":1,"is_del":1,"level":0,"add_time":1775158945,"up_time":1780396436,"pid_str":"","pid2":0,"pid2_str":"","ratio2":"0.000000","pid3":0,"pid3_str":"","ratio3":"0.000000","end_ratio":"0.000000","level2":0,"level3":0,"cat_name":"\u57fa\u7840\u91d1\u5c5e\u5217\u8868"},{"id":167,"cate_label_id":159,"name":"\u6caa\u91d1","cate_type":0,"pid":0,"ratio":"0.000000","price":"1027.1000","last_futures_price":"0.0000","last_sync_ratio":"0.000000","last_sync_time":0,"status":1,"is_del":1,"level":0,"add_time":1775159038,"up_time":1775159038,"pid_str":"","pid2":0,"pid2_str":"","ratio2":"0.000000","pid3":0,"pid3_str":"","ratio3":"0.000000","end_ratio":"0.000000","level2":0,"level3":0,"cat_name":"\u57fa\u7840\u91d1\u5c5e\u5217\u8868"},{"id":168,"cate_label_id":159,"name":"\u7845\u94c1","cate_type":0,"pid":0,"ratio":"0.000000","price":"5762.0000","last_futures_price":"0.0000","last_sync_ratio":"0.000000","last_sync_time":0,"status":1,"is_del":1,"level":0,"add_time":1775159058,"up_time":1775159058,"pid_str":"","pid2":0,"pid2_str":"","ratio2":"0.000000","pid3":0,"pid3_str":"","ratio3":"0.000000","end_ratio":"0.000000","level2":0,"level3":0,"cat_name":"\u57fa\u7840\u91d1\u5c5e\u5217\u8868"},{"id":169,"cate_label_id":159,"name":"\u94c1\u77ff\u77f3","cate_type":0,"pid":0,"ratio":"0.000000","price":"815.5000","last_futures_price":"0.0000","last_sync_ratio":"0.000000","last_sync_time":0,"status":1,"is_del":1,"level":0,"add_time":1775159155,"up_time":1775159155,"pid_str":"","pid2":0,"pid2_str":"","ratio2":"0.000000","pid3":0,"pid3_str":"","ratio3":"0.000000","end_ratio":"0.000000","level2":0,"level3":0,"cat_name":"\u57fa\u7840\u91d1\u5c5e\u5217\u8868"},{"id":170,"cate_label_id":159,"name":"\u87ba\u7eb9\u94a2","cate_type":0,"pid":0,"ratio":"0.000000","price":"3249.0000","last_futures_price":"0.0000","last_sync_ratio":"0.000000","last_sync_time":0,"status":1,"is_del":1,"level":0,"add_time":1775159188,"up_time":1775159188,"pid_str":"","pid2":0,"pid2_str":"","ratio2":"0.000000","pid3":0,"pid3_str":"","ratio3":"0.000000","end_ratio":"0.000000","level2":0,"level3":0,"cat_name":"\u57fa\u7840\u91d1\u5c5e\u5217\u8868"},{"id":171,"cate_label_id":159,"name":"\u70ed\u5377","cate_type":0,"pid":0,"ratio":"0.000000","price":"3468.0000","last_futures_price":"0.0000","last_sync_ratio":"0.000000","last_sync_time":0,"status":1,"is_del":1,"level":0,"add_time":1775159363,"up_time":1775159363,"pid_str":"","pid2":0,"pid2_str":"","ratio2":"0.000000","pid3":0,"pid3_str":"","ratio3":"0.000000","end_ratio":"0.000000","level2":0,"level3":0,"cat_name":"\u57fa\u7840\u91d1\u5c5e\u5217\u8868"},{"id":172,"cate_label_id":159,"name":"\u9530\u7845","cate_type":0,"pid":0,"ratio":"0.000000","price":"5878.0000","last_futures_price":"0.0000","last_sync_ratio":"0.000000","last_sync_time":0,"status":1,"is_del":1,"level":0,"add_time":1775159401,"up_time":1775159401,"pid_str":"","pid2":0,"pid2_str":"","ratio2":"0.000000","pid3":0,"pid3_str":"","ratio3":"0.000000","end_ratio":"0.000000","level2":0,"level3":0,"cat_name":"\u57fa\u7840\u91d1\u5c5e\u5217\u8868"},{"id":173,"cate_label_id":159,"name":"\u94c2\u91d1","cate_type":0,"pid":0,"ratio":"0.000000","price":"2141.4000","last_futures_price":"0.0000","last_sync_ratio":"0.000000","last_sync_time":0,"status":1,"is_del":1,"level":0,"add_time":1775159416,"up_time":1775159416,"pid_str":"","pid2":0,"pid2_str":"","ratio2":"0.000000","pid3":0,"pid3_str":"","ratio3":"0.000000","end_ratio":"0.000000","level2":0,"level3":0,"cat_name":"\u57fa\u7840\u91d1\u5c5e\u5217\u8868"},{"id":174,"cate_label_id":159,"name":"\u94af\u91d1","cate_type":0,"pid":0,"ratio":"0.000000","price":"1508.0000","last_futures_price":"0.0000","last_sync_ratio":"0.000000","last_sync_time":0,"status":1,"is_del":1,"level":0,"add_time":1775159431,"up_time":1775159431,"pid_str":"","pid2":0,"pid2_str":"","ratio2":"0.000000","pid3":0,"pid3_str":"","ratio3":"0.000000","end_ratio":"0.000000","level2":0,"level3":0,"cat_name":"\u57fa\u7840\u91d1\u5c5e\u5217\u8868"},{"id":175,"cate_label_id":159,"name":"\u5de5\u4e1a\u7845","cate_type":0,"pid":0,"ratio":"0.000000","price":"8795.0000","last_futures_price":"0.0000","last_sync_ratio":"0.000000","last_sync_time":0,"status":1,"is_del":1,"level":0,"add_time":1775159442,"up_time":1775159442,"pid_str":"","pid2":0,"pid2_str":"","ratio2":"0.000000","pid3":0,"pid3_str":"","ratio3":"0.000000","end_ratio":"0.000000","level2":0,"level3":0,"cat_name":"\u57fa\u7840\u91d1\u5c5e\u5217\u8868"},{"id":176,"cate_label_id":159,"name":"\u94dd\u5408\u91d1","cate_type":0,"pid":0,"ratio":"0.000000","price":"23255.0000","last_futures_price":"0.0000","last_sync_ratio":"0.000000","last_sync_time":0,"status":1,"is_del":1,"level":0,"add_time":1775159467,"up_time":1775159467,"pid_str":"","pid2":0,"pid2_str":"","ratio2":"0.000000","pid3":0,"pid3_str":"","ratio3":"0.000000","end_ratio":"0.000000","level2":0,"level3":0,"cat_name":"\u57fa\u7840\u91d1\u5c5e\u5217\u8868"},{"id":177,"cate_label_id":159,"name":"\u6c27\u5316\u94dd","cate_type":0,"pid":0,"ratio":"0.000000","price":"2776.0000","last_futures_price":"0.0000","last_sync_ratio":"0.000000","last_sync_time":0,"status":1,"is_del":1,"level":0,"add_time":1775159483,"up_time":1775159483,"pid_str":"","pid2":0,"pid2_str":"","ratio2":"0.000000","pid3":0,"pid3_str":"","ratio3":"0.000000","end_ratio":"0.000000","level2":0,"level3":0,"cat_name":"\u57fa\u7840\u91d1\u5c5e\u5217\u8868"},{"id":178,"cate_label_id":159,"name":"\u7ebf\u6750","cate_type":0,"pid":0,"ratio":"0.000000","price":"3395.0000","last_futures_price":"0.0000","last_sync_ratio":"0.000000","last_sync_time":0,"status":1,"is_del":1,"level":0,"add_time":1775159497,"up_time":1775159497,"pid_str":"","pid2":0,"pid2_str":"","ratio2":"0.000000","pid3":0,"pid3_str":"","ratio3":"0.000000","end_ratio":"0.000000","level2":0,"level3":0,"cat_name":"\u57fa\u7840\u91d1\u5c5e\u5217\u8868"},{"id":179,"cate_label_id":159,"name":"\u73bb\u7483","cate_type":0,"pid":0,"ratio":"0.000000","price":"1068.0000","last_futures_price":"0.0000","last_sync_ratio":"0.000000","last_sync_time":0,"status":1,"is_del":1,"level":0,"add_time":1775159539,"up_time":1775159539,"pid_str":"","pid2":0,"pid2_str":"","ratio2":"0.000000","pid3":0,"pid3_str":"","ratio3":"0.000000","end_ratio":"0.000000","level2":0,"level3":0,"cat_name":"\u57fa\u7840\u91d1\u5c5e\u5217\u8868"},{"id":180,"cate_label_id":159,"name":"\u91d1\u5c5e\u94ec","cate_type":0,"pid":0,"ratio":"0.000000","price":"91.5000","last_futures_price":"0.0000","last_sync_ratio":"0.000000","last_sync_time":0,"status":1,"is_del":1,"level":0,"add_time":1775159558,"up_time":1775159558,"pid_str":"","pid2":0,"pid2_str":"","ratio2":"0.000000","pid3":0,"pid3_str":"","ratio3":"0.000000","end_ratio":"0.000000","level2":0,"level3":0,"cat_name":"\u57fa\u7840\u91d1\u5c5e\u5217\u8868"},{"id":181,"cate_label_id":159,"name":"\u77f3\u58a8\u70ef","cate_type":0,"pid":0,"ratio":"0.000000","price":"555.0000","last_futures_price":"0.0000","last_sync_ratio":"0.000000","last_sync_time":0,"status":1,"is_del":1,"level":0,"add_time":1775159576,"up_time":1775159576,"pid_str":"","pid2":0,"pid2_str":"","ratio2":"0.000000","pid3":0,"pid3_str":"","ratio3":"0.000000","end_ratio":"0.000000","level2":0,"level3":0,"cat_name":"\u57fa\u7840\u91d1\u5c5e\u5217\u8868"},{"id":182,"cate_label_id":159,"name":"\u91d1\u5c5e\u94b4","cate_type":0,"pid":0,"ratio":"0.000000","price":"989.0000","last_futures_price":"0.0000","last_sync_ratio":"0.000000","last_sync_time":0,"status":1,"is_del":1,"level":0,"add_time":1775159588,"up_time":1775159588,"pid_str":"","pid2":0,"pid2_str":"","ratio2":"0.000000","pid3":0,"pid3_str":"","ratio3":"0.000000","end_ratio":"0.000000","level2":0,"level3":0,"cat_name":"\u57fa\u7840\u91d1\u5c5e\u5217\u8868"},{"id":183,"cate_label_id":159,"name":"\u5f85\u5b9a","cate_type":0,"pid":0,"ratio":"0.000000","price":"91.5000","last_futures_price":"0.0000","last_sync_ratio":"0.000000","last_sync_time":0,"status":1,"is_del":1,"level":0,"add_time":1775160000,"up_time":1775160000,"pid_str":"","pid2":0,"pid2_str":"","ratio2":"0.000000","pid3":0,"pid3_str":"","ratio3":"0.000000","end_ratio":"0.000000","level2":0,"level3":0,"cat_name":"\u57fa\u7840\u91d1\u5c5e\u5217\u8868"},{"id":190,"cate_label_id":159,"name":"\u5907\u75282","cate_type":0,"pid":0,"ratio":"0.000000","price":"2.0000","last_futures_price":"0.0000","last_sync_ratio":"0.000000","last_sync_time":0,"status":1,"is_del":1,"level":1,"add_time":1778617496,"up_time":1778617496,"pid_str":"","pid2":0,"pid2_str":"","ratio2":"0.000000","pid3":0,"pid3_str":"","ratio3":"0.000000","end_ratio":"0.000000","level2":1,"level3":1,"cat_name":"\u57fa\u7840\u91d1\u5c5e\u5217\u8868"},{"id":191,"cate_label_id":159,"name":"\u5907\u75283","cate_type":0,"pid":0,"ratio":"0.000000","price":"788.0000","last_futures_price":"788.0000","last_sync_ratio":"100.000000","last_sync_time":1780403285,"status":1,"is_del":1,"level":1,"add_time":1778617507,"up_time":1780403285,"pid_str":"","pid2":0,"pid2_str":"","ratio2":"0.000000","pid3":0,"pid3_str":"","ratio3":"0.000000","end_ratio":"0.000000","level2":1,"level3":1,"cat_name":"\u57fa\u7840\u91d1\u5c5e\u5217\u8868"},{"id":192,"cate_label_id":159,"name":"\u5907\u75284","cate_type":0,"pid":0,"ratio":"0.000000","price":"4.0000","last_futures_price":"0.0000","last_sync_ratio":"0.000000","last_sync_time":0,"status":1,"is_del":1,"level":1,"add_time":1778617516,"up_time":1778617516,"pid_str":"","pid2":0,"pid2_str":"","ratio2":"0.000000","pid3":0,"pid3_str":"","ratio3":"0.000000","end_ratio":"0.000000","level2":1,"level3":1,"cat_name":"\u57fa\u7840\u91d1\u5c5e\u5217\u8868"},{"id":193,"cate_label_id":159,"name":"\u5907\u75285","cate_type":0,"pid":0,"ratio":"0.000000","price":"5.0000","last_futures_price":"0.0000","last_sync_ratio":"0.000000","last_sync_time":0,"status":1,"is_del":1,"level":1,"add_time":1778617527,"up_time":1778617527,"pid_str":"","pid2":0,"pid2_str":"","ratio2":"0.000000","pid3":0,"pid3_str":"","ratio3":"0.000000","end_ratio":"0.000000","level2":1,"level3":1,"cat_name":"\u57fa\u7840\u91d1\u5c5e\u5217\u8868"},{"id":194,"cate_label_id":159,"name":"\u5907\u75286","cate_type":0,"pid":0,"ratio":"0.000000","price":"6.0000","last_futures_price":"0.0000","last_sync_ratio":"0.000000","last_sync_time":0,"status":1,"is_del":1,"level":1,"add_time":1778617537,"up_time":1778617537,"pid_str":"","pid2":0,"pid2_str":"","ratio2":"0.000000","pid3":0,"pid3_str":"","ratio3":"0.000000","end_ratio":"0.000000","level2":1,"level3":1,"cat_name":"\u57fa\u7840\u91d1\u5c5e\u5217\u8868"},{"id":185,"cate_label_id":184,"name":"\u57fa\u7840\u94dc\u4ef7","cate_type":0,"pid":0,"ratio":"0.000000","price":"96.5000","last_futures_price":"0.0000","last_sync_ratio":"0.000000","last_sync_time":0,"status":1,"is_del":1,"level":1,"add_time":1775216239,"up_time":1775216239,"pid_str":"","pid2":0,"pid2_str":"","ratio2":"0.000000","pid3":0,"pid3_str":"","ratio3":"0.000000","end_ratio":"0.000000","level2":1,"level3":1,"cat_name":"\u5bfc\u4f53\u5206\u7c7b"},{"id":186,"cate_label_id":184,"name":"\u57fa\u7840\u94dd\u4ef7","cate_type":0,"pid":0,"ratio":"0.000000","price":"24.0000","last_futures_price":"0.0000","last_sync_ratio":"0.000000","last_sync_time":0,"status":1,"is_del":1,"level":1,"add_time":1775216251,"up_time":1775216251,"pid_str":"","pid2":0,"pid2_str":"","ratio2":"0.000000","pid3":0,"pid3_str":"","ratio3":"0.000000","end_ratio":"0.000000","level2":1,"level3":1,"cat_name":"\u5bfc\u4f53\u5206\u7c7b"},{"id":187,"cate_label_id":184,"name":"\u57fa\u7840\u94a2\u4ef7","cate_type":0,"pid":0,"ratio":"0.000000","price":"4.5000","last_futures_price":"0.0000","last_sync_ratio":"0.000000","last_sync_time":0,"status":1,"is_del":1,"level":0,"add_time":1775216277,"up_time":1775216277,"pid_str":"","pid2":0,"pid2_str":"","ratio2":"0.000000","pid3":0,"pid3_str":"","ratio3":"0.000000","end_ratio":"0.000000","level2":0,"level3":0,"cat_name":"\u5bfc\u4f53\u5206\u7c7b"},{"id":188,"cate_label_id":184,"name":"\u57fa\u7840\u954d\u4ef7","cate_type":0,"pid":0,"ratio":"0.000000","price":"135.0000","last_futures_price":"0.0000","last_sync_ratio":"0.000000","last_sync_time":0,"status":1,"is_del":1,"level":1,"add_time":1775216322,"up_time":1775216322,"pid_str":"","pid2":0,"pid2_str":"","ratio2":"0.000000","pid3":0,"pid3_str":"","ratio3":"0.000000","end_ratio":"0.000000","level2":1,"level3":1,"cat_name":"\u5bfc\u4f53\u5206\u7c7b"}]}

[ 2026-06-04T20:36:13+08:00 ] ::1 /Home/PriceSync/getQuotes.html
INFO: [ app_init ] --START--
INFO: Run Behavior\BuildLiteBehavior [ RunTime:0.000006s ]
INFO: [ app_init ] --END-- [ RunTime:0.000052s ]
INFO: [ app_begin ] --START--
INFO: Run Behavior\ReadHtmlCacheBehavior [ RunTime:0.000016s ]
INFO: [ app_begin ] --END-- [ RunTime:0.000032s ]
ERR: {"status":1,"msg":"\u83b7\u53d6\u6210\u529f","data":[{"p":11965,"name":"\u751f\u732a\u4e3b\u8fde","dm":"lhm","zde":-90,"zdf":-0.75,"zjsj":12055},{"p":4363,"name":"\u9e21\u86cb\u4e3b\u8fde","dm":"jdm","zde":-27,"zdf":-0.62,"zjsj":4390},{"p":802.5,"name":"\u539f\u6728\u4e3b\u8fde","dm":"lgm","zde":9,"zdf":1.13,"zjsj":793.5},{"p":1280,"name":"\u7ea4\u7ef4\u677f\u4e3b\u8fde","dm":"fbm","zde":-2.5,"zdf":-0.19,"zjsj":1282.5}]}

[ 2026-06-04T20:36:17+08:00 ] ::1 /Home/PriceSync/index
INFO: [ app_init ] --START--
INFO: Run Behavior\BuildLiteBehavior [ RunTime:0.000010s ]
INFO: [ app_init ] --END-- [ RunTime:0.000089s ]
INFO: [ app_begin ] --START--
INFO: Run Behavior\ReadHtmlCacheBehavior [ RunTime:0.000030s ]
INFO: [ app_begin ] --END-- [ RunTime:0.000049s ]
INFO: [ view_parse ] --START--
INFO: [ template_filter ] --START--
INFO: Run Behavior\ContentReplaceBehavior [ RunTime:0.000139s ]
INFO: [ template_filter ] --END-- [ RunTime:0.000208s ]
INFO: Run Behavior\ParseTemplateBehavior [ RunTime:0.006841s ]
INFO: [ view_parse ] --END-- [ RunTime:0.006910s ]
INFO: [ view_filter ] --START--
INFO: Run Behavior\WriteHtmlCacheBehavior [ RunTime:0.000139s ]
INFO: [ view_filter ] --END-- [ RunTime:0.000157s ]
INFO: [ app_end ] --START--
INFO: Run Behavior\ShowPageTraceBehavior [ RunTime:0.000043s ]
INFO: [ app_end ] --END-- [ RunTime:0.000056s ]

[ 2026-06-04T20:36:17+08:00 ] ::1 /Home/PriceSync/getQuotes.html
INFO: [ app_init ] --START--
INFO: Run Behavior\BuildLiteBehavior [ RunTime:0.000004s ]
INFO: [ app_init ] --END-- [ RunTime:0.000042s ]
INFO: [ app_begin ] --START--
INFO: Run Behavior\ReadHtmlCacheBehavior [ RunTime:0.000016s ]
INFO: [ app_begin ] --END-- [ RunTime:0.000026s ]
ERR: {"status":1,"msg":"\u83b7\u53d6\u6210\u529f","data":[{"p":3348,"name":"\u7ebf\u6750\u4e3b\u8fde","dm":"wrm","zde":-19,"zdf":-0.56,"zjsj":3367}]}

[ 2026-06-04T20:36:17+08:00 ] ::1 /Home/PriceSync/getConfigList.html
INFO: [ app_init ] --START--
INFO: Run Behavior\BuildLiteBehavior [ RunTime:0.000006s ]
INFO: [ app_init ] --END-- [ RunTime:0.000055s ]
INFO: [ app_begin ] --START--
INFO: Run Behavior\ReadHtmlCacheBehavior [ RunTime:0.000021s ]
INFO: [ app_begin ] --END-- [ RunTime:0.000033s ]
SQL: SHOW COLUMNS FROM `price_sync_config` [ RunTime:0.0043s ]
SQL: SELECT * FROM `price_sync_config` WHERE `status` = 1 ORDER BY id asc  [ RunTime:0.0010s ]
SQL: SHOW COLUMNS FROM `price_sync_log` [ RunTime:0.0025s ]
SQL: SELECT `config_id`,MAX(add_time) as last_sync_at FROM `price_sync_log` WHERE `config_id` IN (1,2,3,6,7) GROUP BY config_id  [ RunTime:0.0008s ]
SQL: SHOW COLUMNS FROM `new_label` [ RunTime:0.0026s ]
SQL: SELECT `price` FROM `new_label` WHERE `id` = 160 LIMIT 1   [ RunTime:0.0007s ]
SQL: SELECT `price` FROM `new_label` WHERE `id` = 162 LIMIT 1   [ RunTime:0.0008s ]
SQL: SELECT `price` FROM `new_label` WHERE `id` = 163 LIMIT 1   [ RunTime:0.0002s ]
SQL: SELECT `price` FROM `new_label` WHERE `id` = 166 LIMIT 1   [ RunTime:0.0002s ]
SQL: SELECT `price` FROM `new_label` WHERE `id` = 191 LIMIT 1   [ RunTime:0.0003s ]
ERR: {"status":1,"msg":"\u83b7\u53d6\u6210\u529f","data":[{"id":1,"futures_code":"cum","futures_name":"\u6caa\u94dc\u4e3b\u8fde","exchange":"shfe","new_label_id":160,"label_name":"\u6caa\u94dc","ratio":"100.0000","auto_sync":1,"status":1,"add_time":1780239338,"up_time":1780240685,"current_price":"0.00","last_sync_at":"2026-06-04 20:35:39"},{"id":2,"futures_code":"nim","futures_name":"\u6caa\u954d\u4e3b\u8fde","exchange":"shfe","new_label_id":162,"label_name":"\u6caa\u954d","ratio":"1.0000","auto_sync":1,"status":1,"add_time":1780366433,"up_time":1780366443,"current_price":"0.00","last_sync_at":"2026-06-04 20:32:11"},{"id":3,"futures_code":"snm","futures_name":"\u6caa\u9521\u4e3b\u8fde","exchange":"shfe","new_label_id":163,"label_name":"\u6caa\u9521","ratio":"100.0000","auto_sync":0,"status":1,"add_time":1780366480,"up_time":1780366480,"current_price":"437040.00","last_sync_at":"-"},{"id":6,"futures_code":"agm","futures_name":"\u6caa\u94f6\u4e3b\u8fde","exchange":"shfe","new_label_id":166,"label_name":"\u6caa\u94f6","ratio":"100.0000","auto_sync":1,"status":1,"add_time":1780396428,"up_time":1780396428,"current_price":"18522.00","last_sync_at":"2026-06-02 18:33:56"},{"id":7,"futures_code":"lgm","futures_name":"\u539f\u6728\u4e3b\u8fde","exchange":"dce","new_label_id":191,"label_name":"\u5907\u75283","ratio":"100.0000","auto_sync":1,"status":1,"add_time":1780403277,"up_time":1780403277,"current_price":"788.00","last_sync_at":"2026-06-02 20:28:05"}]}

[ 2026-06-04T20:36:17+08:00 ] ::1 /Home/PriceSync/getMaterials.html
INFO: [ app_init ] --START--
INFO: Run Behavior\BuildLiteBehavior [ RunTime:0.000004s ]
INFO: [ app_init ] --END-- [ RunTime:0.000037s ]
INFO: [ app_begin ] --START--
INFO: Run Behavior\ReadHtmlCacheBehavior [ RunTime:0.000027s ]
INFO: [ app_begin ] --END-- [ RunTime:0.000044s ]
SQL: SHOW COLUMNS FROM `new_label` [ RunTime:0.0046s ]
SQL: SELECT `id`,`name` FROM `new_label` WHERE `cate_label_id` = 0 AND `cate_type` = 0  [ RunTime:0.0015s ]
SQL: SELECT * FROM `new_label` WHERE `cate_label_id` IN (3,4,26,30,133,159,184) AND `pid` = 0 ORDER BY cate_label_id asc, id asc  [ RunTime:0.0014s ]
ERR: {"status":1,"msg":"\u83b7\u53d6\u6210\u529f","data":[{"id":5,"cate_label_id":3,"name":"\u73b0\u8d27\u94dc\u4ef7\u57fa\u7840\u503c","cate_type":0,"pid":0,"ratio":"100.000000","price":"94.9000","last_futures_price":"0.0000","last_sync_ratio":"0.000000","last_sync_time":0,"status":1,"is_del":1,"level":0,"add_time":1731588218,"up_time":1731678051,"pid_str":"","pid2":0,"pid2_str":"","ratio2":"100.000000","pid3":0,"pid3_str":"","ratio3":"100.000000","end_ratio":"0.000000","level2":0,"level3":0,"cat_name":"\u5bfc\u4f53\u6750\u6599\u4ef7\u683c22"},{"id":51,"cate_label_id":3,"name":"\u73b0\u8d27\u94dd\u4ef7\u57fa\u7840\u503c","cate_type":0,"pid":0,"ratio":"100.000000","price":"23.0000","last_futures_price":"0.0000","last_sync_ratio":"0.000000","last_sync_time":0,"status":1,"is_del":1,"level":0,"add_time":1731682407,"up_time":1731682407,"pid_str":"","pid2":0,"pid2_str":"","ratio2":"100.000000","pid3":0,"pid3_str":"","ratio3":"100.000000","end_ratio":"0.000000","level2":0,"level3":0,"cat_name":"\u5bfc\u4f53\u6750\u6599\u4ef7\u683c22"},{"id":99,"cate_label_id":3,"name":"\u67b6\u7a7a\u5bfc\u7ebf\u94a2\u4e1d\u4ef7","cate_type":0,"pid":0,"ratio":"0.000000","price":"5.0000","last_futures_price":"0.0000","last_sync_ratio":"0.000000","last_sync_time":0,"status":1,"is_del":1,"level":1,"add_time":1735382759,"up_time":1735382759,"pid_str":"","pid2":0,"pid2_str":"","ratio2":"100.000000","pid3":0,"pid3_str":"","ratio3":"100.000000","end_ratio":"0.000000","level2":1,"level3":1,"cat_name":"\u5bfc\u4f53\u6750\u6599\u4ef7\u683c22"},{"id":94,"cate_label_id":4,"name":"\u9ed1\u4e91\u6bcd\u5e26","cate_type":0,"pid":0,"ratio":"0.000000","price":"38.0000","last_futures_price":"0.0000","last_sync_ratio":"0.000000","last_sync_time":0,"status":1,"is_del":1,"level":0,"add_time":1735321887,"up_time":1735321887,"pid_str":"","pid2":0,"pid2_str":"","ratio2":"100.000000","pid3":0,"pid3_str":"","ratio3":"100.000000","end_ratio":"0.000000","level2":0,"level3":0,"cat_name":"\u4e91\u6bcd\u6750\u6599\u4ef7\u683c"},{"id":27,"cate_label_id":26,"name":"\u4ea4\u8054\u805a\u4e59\u70ef\u4ef7\u683c","cate_type":0,"pid":0,"ratio":"0.000000","price":"12.0000","last_futures_price":"0.0000","last_sync_ratio":"0.000000","last_sync_time":0,"status":1,"is_del":1,"level":0,"add_time":1731673353,"up_time":1731673353,"pid_str":"","pid2":0,"pid2_str":"","ratio2":"100.000000","pid3":0,"pid3_str":"","ratio3":"100.000000","end_ratio":"0.000000","level2":0,"level3":0,"cat_name":"\u7edd\u7f18\u6750\u6599\u4ef7\u683c"},{"id":74,"cate_label_id":26,"name":"PVC\u805a\u6c2f\u4e59\u70ef\u4ef7","cate_type":0,"pid":0,"ratio":"100.000000","price":"7.5000","last_futures_price":"0.0000","last_sync_ratio":"0.000000","last_sync_time":0,"status":1,"is_del":1,"level":0,"add_time":1734582414,"up_time":1734582414,"pid_str":"","pid2":0,"pid2_str":"","ratio2":"100.000000","pid3":0,"pid3_str":"","ratio3":"100.000000","end_ratio":"0.000000","level2":0,"level3":0,"cat_name":"\u7edd\u7f18\u6750\u6599\u4ef7\u683c"},{"id":105,"cate_label_id":30,"name":"\u94a2\u5e26\u4ef7\u683c","cate_type":0,"pid":0,"ratio":"0.000000","price":"4.2000","last_futures_price":"0.0000","last_sync_ratio":"0.000000","last_sync_time":0,"status":1,"is_del":1,"level":0,"add_time":1735400959,"up_time":1735400959,"pid_str":"","pid2":0,"pid2_str":"","ratio2":"100.000000","pid3":0,"pid3_str":"","ratio3":"100.000000","end_ratio":"0.000000","level2":0,"level3":0,"cat_name":"\u91d1\u5c5e\u94e0\u88c5\u6750\u6599"},{"id":134,"cate_label_id":133,"name":"XH-03A-\u77ff\u7528\u62a4\u5957","cate_type":0,"pid":0,"ratio":"0.000000","price":"8.0000","last_futures_price":"0.0000","last_sync_ratio":"0.000000","last_sync_time":0,"status":1,"is_del":1,"level":0,"add_time":1744771398,"up_time":1744771398,"pid_str":"","pid2":0,"pid2_str":"","ratio2":"0.000000","pid3":0,"pid3_str":"","ratio3":"0.000000","end_ratio":"0.000000","level2":0,"level3":0,"cat_name":"\u6a61\u80f6\u7535\u7f06\u6750\u6599\u4ef7\u683c"},{"id":160,"cate_label_id":159,"name":"\u6caa\u94dc","cate_type":0,"pid":0,"ratio":"0.000000","price":"0.0000","last_futures_price":"0.0000","last_sync_ratio":"100.000000","last_sync_time":1780576539,"status":1,"is_del":1,"level":0,"add_time":1772791661,"up_time":1780576539,"pid_str":"","pid2":0,"pid2_str":"","ratio2":"0.000000","pid3":0,"pid3_str":"","ratio3":"0.000000","end_ratio":"0.000000","level2":0,"level3":0,"cat_name":"\u57fa\u7840\u91d1\u5c5e\u5217\u8868"},{"id":161,"cate_label_id":159,"name":"\u6caa\u94dd","cate_type":0,"pid":0,"ratio":"0.000000","price":"24640.0000","last_futures_price":"0.0000","last_sync_ratio":"0.000000","last_sync_time":0,"status":1,"is_del":1,"level":0,"add_time":1775158584,"up_time":1775158584,"pid_str":"","pid2":0,"pid2_str":"","ratio2":"0.000000","pid3":0,"pid3_str":"","ratio3":"0.000000","end_ratio":"0.000000","level2":0,"level3":0,"cat_name":"\u57fa\u7840\u91d1\u5c5e\u5217\u8868"},{"id":162,"cate_label_id":159,"name":"\u6caa\u954d","cate_type":0,"pid":0,"ratio":"0.000000","price":"0.0000","last_futures_price":"0.0000","last_sync_ratio":"1.000000","last_sync_time":1780576331,"status":1,"is_del":1,"level":0,"add_time":1775158650,"up_time":1780576331,"pid_str":"","pid2":0,"pid2_str":"","ratio2":"0.000000","pid3":0,"pid3_str":"","ratio3":"0.000000","end_ratio":"0.000000","level2":0,"level3":0,"cat_name":"\u57fa\u7840\u91d1\u5c5e\u5217\u8868"},{"id":163,"cate_label_id":159,"name":"\u6caa\u9521","cate_type":0,"pid":0,"ratio":"0.000000","price":"437040.0000","last_futures_price":"0.0000","last_sync_ratio":"0.000000","last_sync_time":0,"status":1,"is_del":1,"level":0,"add_time":1775158678,"up_time":1775158678,"pid_str":"","pid2":0,"pid2_str":"","ratio2":"0.000000","pid3":0,"pid3_str":"","ratio3":"0.000000","end_ratio":"0.000000","level2":0,"level3":0,"cat_name":"\u57fa\u7840\u91d1\u5c5e\u5217\u8868"},{"id":164,"cate_label_id":159,"name":"\u6caa\u950c","cate_type":0,"pid":0,"ratio":"0.000000","price":"24640.0000","last_futures_price":"0.0000","last_sync_ratio":"0.000000","last_sync_time":0,"status":1,"is_del":1,"level":0,"add_time":1775158807,"up_time":1775158807,"pid_str":"","pid2":0,"pid2_str":"","ratio2":"0.000000","pid3":0,"pid3_str":"","ratio3":"0.000000","end_ratio":"0.000000","level2":0,"level3":0,"cat_name":"\u57fa\u7840\u91d1\u5c5e\u5217\u8868"},{"id":165,"cate_label_id":159,"name":"\u4e0d\u9508\u94a2","cate_type":0,"pid":0,"ratio":"0.000000","price":"15065.0000","last_futures_price":"0.0000","last_sync_ratio":"0.000000","last_sync_time":0,"status":1,"is_del":1,"level":0,"add_time":1775158827,"up_time":1775158827,"pid_str":"","pid2":0,"pid2_str":"","ratio2":"0.000000","pid3":0,"pid3_str":"","ratio3":"0.000000","end_ratio":"0.000000","level2":0,"level3":0,"cat_name":"\u57fa\u7840\u91d1\u5c5e\u5217\u8868"},{"id":166,"cate_label_id":159,"name":"\u6caa\u94f6","cate_type":0,"pid":0,"ratio":"0.000000","price":"18522.0000","last_futures_price":"18522.0000","last_sync_ratio":"100.000000","last_sync_time":1780396436,"status":1,"is_del":1,"level":0,"add_time":1775158945,"up_time":1780396436,"pid_str":"","pid2":0,"pid2_str":"","ratio2":"0.000000","pid3":0,"pid3_str":"","ratio3":"0.000000","end_ratio":"0.000000","level2":0,"level3":0,"cat_name":"\u57fa\u7840\u91d1\u5c5e\u5217\u8868"},{"id":167,"cate_label_id":159,"name":"\u6caa\u91d1","cate_type":0,"pid":0,"ratio":"0.000000","price":"1027.1000","last_futures_price":"0.0000","last_sync_ratio":"0.000000","last_sync_time":0,"status":1,"is_del":1,"level":0,"add_time":1775159038,"up_time":1775159038,"pid_str":"","pid2":0,"pid2_str":"","ratio2":"0.000000","pid3":0,"pid3_str":"","ratio3":"0.000000","end_ratio":"0.000000","level2":0,"level3":0,"cat_name":"\u57fa\u7840\u91d1\u5c5e\u5217\u8868"},{"id":168,"cate_label_id":159,"name":"\u7845\u94c1","cate_type":0,"pid":0,"ratio":"0.000000","price":"5762.0000","last_futures_price":"0.0000","last_sync_ratio":"0.000000","last_sync_time":0,"status":1,"is_del":1,"level":0,"add_time":1775159058,"up_time":1775159058,"pid_str":"","pid2":0,"pid2_str":"","ratio2":"0.000000","pid3":0,"pid3_str":"","ratio3":"0.000000","end_ratio":"0.000000","level2":0,"level3":0,"cat_name":"\u57fa\u7840\u91d1\u5c5e\u5217\u8868"},{"id":169,"cate_label_id":159,"name":"\u94c1\u77ff\u77f3","cate_type":0,"pid":0,"ratio":"0.000000","price":"815.5000","last_futures_price":"0.0000","last_sync_ratio":"0.000000","last_sync_time":0,"status":1,"is_del":1,"level":0,"add_time":1775159155,"up_time":1775159155,"pid_str":"","pid2":0,"pid2_str":"","ratio2":"0.000000","pid3":0,"pid3_str":"","ratio3":"0.000000","end_ratio":"0.000000","level2":0,"level3":0,"cat_name":"\u57fa\u7840\u91d1\u5c5e\u5217\u8868"},{"id":170,"cate_label_id":159,"name":"\u87ba\u7eb9\u94a2","cate_type":0,"pid":0,"ratio":"0.000000","price":"3249.0000","last_futures_price":"0.0000","last_sync_ratio":"0.000000","last_sync_time":0,"status":1,"is_del":1,"level":0,"add_time":1775159188,"up_time":1775159188,"pid_str":"","pid2":0,"pid2_str":"","ratio2":"0.000000","pid3":0,"pid3_str":"","ratio3":"0.000000","end_ratio":"0.000000","level2":0,"level3":0,"cat_name":"\u57fa\u7840\u91d1\u5c5e\u5217\u8868"},{"id":171,"cate_label_id":159,"name":"\u70ed\u5377","cate_type":0,"pid":0,"ratio":"0.000000","price":"3468.0000","last_futures_price":"0.0000","last_sync_ratio":"0.000000","last_sync_time":0,"status":1,"is_del":1,"level":0,"add_time":1775159363,"up_time":1775159363,"pid_str":"","pid2":0,"pid2_str":"","ratio2":"0.000000","pid3":0,"pid3_str":"","ratio3":"0.000000","end_ratio":"0.000000","level2":0,"level3":0,"cat_name":"\u57fa\u7840\u91d1\u5c5e\u5217\u8868"},{"id":172,"cate_label_id":159,"name":"\u9530\u7845","cate_type":0,"pid":0,"ratio":"0.000000","price":"5878.0000","last_futures_price":"0.0000","last_sync_ratio":"0.000000","last_sync_time":0,"status":1,"is_del":1,"level":0,"add_time":1775159401,"up_time":1775159401,"pid_str":"","pid2":0,"pid2_str":"","ratio2":"0.000000","pid3":0,"pid3_str":"","ratio3":"0.000000","end_ratio":"0.000000","level2":0,"level3":0,"cat_name":"\u57fa\u7840\u91d1\u5c5e\u5217\u8868"},{"id":173,"cate_label_id":159,"name":"\u94c2\u91d1","cate_type":0,"pid":0,"ratio":"0.000000","price":"2141.4000","last_futures_price":"0.0000","last_sync_ratio":"0.000000","last_sync_time":0,"status":1,"is_del":1,"level":0,"add_time":1775159416,"up_time":1775159416,"pid_str":"","pid2":0,"pid2_str":"","ratio2":"0.000000","pid3":0,"pid3_str":"","ratio3":"0.000000","end_ratio":"0.000000","level2":0,"level3":0,"cat_name":"\u57fa\u7840\u91d1\u5c5e\u5217\u8868"},{"id":174,"cate_label_id":159,"name":"\u94af\u91d1","cate_type":0,"pid":0,"ratio":"0.000000","price":"1508.0000","last_futures_price":"0.0000","last_sync_ratio":"0.000000","last_sync_time":0,"status":1,"is_del":1,"level":0,"add_time":1775159431,"up_time":1775159431,"pid_str":"","pid2":0,"pid2_str":"","ratio2":"0.000000","pid3":0,"pid3_str":"","ratio3":"0.000000","end_ratio":"0.000000","level2":0,"level3":0,"cat_name":"\u57fa\u7840\u91d1\u5c5e\u5217\u8868"},{"id":175,"cate_label_id":159,"name":"\u5de5\u4e1a\u7845","cate_type":0,"pid":0,"ratio":"0.000000","price":"8795.0000","last_futures_price":"0.0000","last_sync_ratio":"0.000000","last_sync_time":0,"status":1,"is_del":1,"level":0,"add_time":1775159442,"up_time":1775159442,"pid_str":"","pid2":0,"pid2_str":"","ratio2":"0.000000","pid3":0,"pid3_str":"","ratio3":"0.000000","end_ratio":"0.000000","level2":0,"level3":0,"cat_name":"\u57fa\u7840\u91d1\u5c5e\u5217\u8868"},{"id":176,"cate_label_id":159,"name":"\u94dd\u5408\u91d1","cate_type":0,"pid":0,"ratio":"0.000000","price":"23255.0000","last_futures_price":"0.0000","last_sync_ratio":"0.000000","last_sync_time":0,"status":1,"is_del":1,"level":0,"add_time":1775159467,"up_time":1775159467,"pid_str":"","pid2":0,"pid2_str":"","ratio2":"0.000000","pid3":0,"pid3_str":"","ratio3":"0.000000","end_ratio":"0.000000","level2":0,"level3":0,"cat_name":"\u57fa\u7840\u91d1\u5c5e\u5217\u8868"},{"id":177,"cate_label_id":159,"name":"\u6c27\u5316\u94dd","cate_type":0,"pid":0,"ratio":"0.000000","price":"2776.0000","last_futures_price":"0.0000","last_sync_ratio":"0.000000","last_sync_time":0,"status":1,"is_del":1,"level":0,"add_time":1775159483,"up_time":1775159483,"pid_str":"","pid2":0,"pid2_str":"","ratio2":"0.000000","pid3":0,"pid3_str":"","ratio3":"0.000000","end_ratio":"0.000000","level2":0,"level3":0,"cat_name":"\u57fa\u7840\u91d1\u5c5e\u5217\u8868"},{"id":178,"cate_label_id":159,"name":"\u7ebf\u6750","cate_type":0,"pid":0,"ratio":"0.000000","price":"3395.0000","last_futures_price":"0.0000","last_sync_ratio":"0.000000","last_sync_time":0,"status":1,"is_del":1,"level":0,"add_time":1775159497,"up_time":1775159497,"pid_str":"","pid2":0,"pid2_str":"","ratio2":"0.000000","pid3":0,"pid3_str":"","ratio3":"0.000000","end_ratio":"0.000000","level2":0,"level3":0,"cat_name":"\u57fa\u7840\u91d1\u5c5e\u5217\u8868"},{"id":179,"cate_label_id":159,"name":"\u73bb\u7483","cate_type":0,"pid":0,"ratio":"0.000000","price":"1068.0000","last_futures_price":"0.0000","last_sync_ratio":"0.000000","last_sync_time":0,"status":1,"is_del":1,"level":0,"add_time":1775159539,"up_time":1775159539,"pid_str":"","pid2":0,"pid2_str":"","ratio2":"0.000000","pid3":0,"pid3_str":"","ratio3":"0.000000","end_ratio":"0.000000","level2":0,"level3":0,"cat_name":"\u57fa\u7840\u91d1\u5c5e\u5217\u8868"},{"id":180,"cate_label_id":159,"name":"\u91d1\u5c5e\u94ec","cate_type":0,"pid":0,"ratio":"0.000000","price":"91.5000","last_futures_price":"0.0000","last_sync_ratio":"0.000000","last_sync_time":0,"status":1,"is_del":1,"level":0,"add_time":1775159558,"up_time":1775159558,"pid_str":"","pid2":0,"pid2_str":"","ratio2":"0.000000","pid3":0,"pid3_str":"","ratio3":"0.000000","end_ratio":"0.000000","level2":0,"level3":0,"cat_name":"\u57fa\u7840\u91d1\u5c5e\u5217\u8868"},{"id":181,"cate_label_id":159,"name":"\u77f3\u58a8\u70ef","cate_type":0,"pid":0,"ratio":"0.000000","price":"555.0000","last_futures_price":"0.0000","last_sync_ratio":"0.000000","last_sync_time":0,"status":1,"is_del":1,"level":0,"add_time":1775159576,"up_time":1775159576,"pid_str":"","pid2":0,"pid2_str":"","ratio2":"0.000000","pid3":0,"pid3_str":"","ratio3":"0.000000","end_ratio":"0.000000","level2":0,"level3":0,"cat_name":"\u57fa\u7840\u91d1\u5c5e\u5217\u8868"},{"id":182,"cate_label_id":159,"name":"\u91d1\u5c5e\u94b4","cate_type":0,"pid":0,"ratio":"0.000000","price":"989.0000","last_futures_price":"0.0000","last_sync_ratio":"0.000000","last_sync_time":0,"status":1,"is_del":1,"level":0,"add_time":1775159588,"up_time":1775159588,"pid_str":"","pid2":0,"pid2_str":"","ratio2":"0.000000","pid3":0,"pid3_str":"","ratio3":"0.000000","end_ratio":"0.000000","level2":0,"level3":0,"cat_name":"\u57fa\u7840\u91d1\u5c5e\u5217\u8868"},{"id":183,"cate_label_id":159,"name":"\u5f85\u5b9a","cate_type":0,"pid":0,"ratio":"0.000000","price":"91.5000","last_futures_price":"0.0000","last_sync_ratio":"0.000000","last_sync_time":0,"status":1,"is_del":1,"level":0,"add_time":1775160000,"up_time":1775160000,"pid_str":"","pid2":0,"pid2_str":"","ratio2":"0.000000","pid3":0,"pid3_str":"","ratio3":"0.000000","end_ratio":"0.000000","level2":0,"level3":0,"cat_name":"\u57fa\u7840\u91d1\u5c5e\u5217\u8868"},{"id":190,"cate_label_id":159,"name":"\u5907\u75282","cate_type":0,"pid":0,"ratio":"0.000000","price":"2.0000","last_futures_price":"0.0000","last_sync_ratio":"0.000000","last_sync_time":0,"status":1,"is_del":1,"level":1,"add_time":1778617496,"up_time":1778617496,"pid_str":"","pid2":0,"pid2_str":"","ratio2":"0.000000","pid3":0,"pid3_str":"","ratio3":"0.000000","end_ratio":"0.000000","level2":1,"level3":1,"cat_name":"\u57fa\u7840\u91d1\u5c5e\u5217\u8868"},{"id":191,"cate_label_id":159,"name":"\u5907\u75283","cate_type":0,"pid":0,"ratio":"0.000000","price":"788.0000","last_futures_price":"788.0000","last_sync_ratio":"100.000000","last_sync_time":1780403285,"status":1,"is_del":1,"level":1,"add_time":1778617507,"up_time":1780403285,"pid_str":"","pid2":0,"pid2_str":"","ratio2":"0.000000","pid3":0,"pid3_str":"","ratio3":"0.000000","end_ratio":"0.000000","level2":1,"level3":1,"cat_name":"\u57fa\u7840\u91d1\u5c5e\u5217\u8868"},{"id":192,"cate_label_id":159,"name":"\u5907\u75284","cate_type":0,"pid":0,"ratio":"0.000000","price":"4.0000","last_futures_price":"0.0000","last_sync_ratio":"0.000000","last_sync_time":0,"status":1,"is_del":1,"level":1,"add_time":1778617516,"up_time":1778617516,"pid_str":"","pid2":0,"pid2_str":"","ratio2":"0.000000","pid3":0,"pid3_str":"","ratio3":"0.000000","end_ratio":"0.000000","level2":1,"level3":1,"cat_name":"\u57fa\u7840\u91d1\u5c5e\u5217\u8868"},{"id":193,"cate_label_id":159,"name":"\u5907\u75285","cate_type":0,"pid":0,"ratio":"0.000000","price":"5.0000","last_futures_price":"0.0000","last_sync_ratio":"0.000000","last_sync_time":0,"status":1,"is_del":1,"level":1,"add_time":1778617527,"up_time":1778617527,"pid_str":"","pid2":0,"pid2_str":"","ratio2":"0.000000","pid3":0,"pid3_str":"","ratio3":"0.000000","end_ratio":"0.000000","level2":1,"level3":1,"cat_name":"\u57fa\u7840\u91d1\u5c5e\u5217\u8868"},{"id":194,"cate_label_id":159,"name":"\u5907\u75286","cate_type":0,"pid":0,"ratio":"0.000000","price":"6.0000","last_futures_price":"0.0000","last_sync_ratio":"0.000000","last_sync_time":0,"status":1,"is_del":1,"level":1,"add_time":1778617537,"up_time":1778617537,"pid_str":"","pid2":0,"pid2_str":"","ratio2":"0.000000","pid3":0,"pid3_str":"","ratio3":"0.000000","end_ratio":"0.000000","level2":1,"level3":1,"cat_name":"\u57fa\u7840\u91d1\u5c5e\u5217\u8868"},{"id":185,"cate_label_id":184,"name":"\u57fa\u7840\u94dc\u4ef7","cate_type":0,"pid":0,"ratio":"0.000000","price":"96.5000","last_futures_price":"0.0000","last_sync_ratio":"0.000000","last_sync_time":0,"status":1,"is_del":1,"level":1,"add_time":1775216239,"up_time":1775216239,"pid_str":"","pid2":0,"pid2_str":"","ratio2":"0.000000","pid3":0,"pid3_str":"","ratio3":"0.000000","end_ratio":"0.000000","level2":1,"level3":1,"cat_name":"\u5bfc\u4f53\u5206\u7c7b"},{"id":186,"cate_label_id":184,"name":"\u57fa\u7840\u94dd\u4ef7","cate_type":0,"pid":0,"ratio":"0.000000","price":"24.0000","last_futures_price":"0.0000","last_sync_ratio":"0.000000","last_sync_time":0,"status":1,"is_del":1,"level":1,"add_time":1775216251,"up_time":1775216251,"pid_str":"","pid2":0,"pid2_str":"","ratio2":"0.000000","pid3":0,"pid3_str":"","ratio3":"0.000000","end_ratio":"0.000000","level2":1,"level3":1,"cat_name":"\u5bfc\u4f53\u5206\u7c7b"},{"id":187,"cate_label_id":184,"name":"\u57fa\u7840\u94a2\u4ef7","cate_type":0,"pid":0,"ratio":"0.000000","price":"4.5000","last_futures_price":"0.0000","last_sync_ratio":"0.000000","last_sync_time":0,"status":1,"is_del":1,"level":0,"add_time":1775216277,"up_time":1775216277,"pid_str":"","pid2":0,"pid2_str":"","ratio2":"0.000000","pid3":0,"pid3_str":"","ratio3":"0.000000","end_ratio":"0.000000","level2":0,"level3":0,"cat_name":"\u5bfc\u4f53\u5206\u7c7b"},{"id":188,"cate_label_id":184,"name":"\u57fa\u7840\u954d\u4ef7","cate_type":0,"pid":0,"ratio":"0.000000","price":"135.0000","last_futures_price":"0.0000","last_sync_ratio":"0.000000","last_sync_time":0,"status":1,"is_del":1,"level":1,"add_time":1775216322,"up_time":1775216322,"pid_str":"","pid2":0,"pid2_str":"","ratio2":"0.000000","pid3":0,"pid3_str":"","ratio3":"0.000000","end_ratio":"0.000000","level2":1,"level3":1,"cat_name":"\u5bfc\u4f53\u5206\u7c7b"}]}

[ 2026-06-04T20:36:17+08:00 ] ::1 /Home/PriceSync/getQuotes.html
INFO: [ app_init ] --START--
INFO: Run Behavior\BuildLiteBehavior [ RunTime:0.000006s ]
INFO: [ app_init ] --END-- [ RunTime:0.000056s ]
INFO: [ app_begin ] --START--
INFO: Run Behavior\ReadHtmlCacheBehavior [ RunTime:0.000025s ]
INFO: [ app_begin ] --END-- [ RunTime:0.000043s ]
ERR: {"status":1,"msg":"\u83b7\u53d6\u6210\u529f","data":[{"p":11965,"name":"\u751f\u732a\u4e3b\u8fde","dm":"lhm","zde":-90,"zdf":-0.75,"zjsj":12055},{"p":4363,"name":"\u9e21\u86cb\u4e3b\u8fde","dm":"jdm","zde":-27,"zdf":-0.62,"zjsj":4390},{"p":802.5,"name":"\u539f\u6728\u4e3b\u8fde","dm":"lgm","zde":9,"zdf":1.13,"zjsj":793.5},{"p":1280,"name":"\u7ea4\u7ef4\u677f\u4e3b\u8fde","dm":"fbm","zde":-2.5,"zdf":-0.19,"zjsj":1282.5}]}

[ 2026-06-04T20:36:18+08:00 ] ::1 /Home/PriceSync/index
INFO: [ app_init ] --START--
INFO: Run Behavior\BuildLiteBehavior [ RunTime:0.000005s ]
INFO: [ app_init ] --END-- [ RunTime:0.000046s ]
INFO: [ app_begin ] --START--
INFO: Run Behavior\ReadHtmlCacheBehavior [ RunTime:0.000020s ]
INFO: [ app_begin ] --END-- [ RunTime:0.000035s ]
INFO: [ view_parse ] --START--
INFO: [ template_filter ] --START--
INFO: Run Behavior\ContentReplaceBehavior [ RunTime:0.000226s ]
INFO: [ template_filter ] --END-- [ RunTime:0.000348s ]
INFO: Run Behavior\ParseTemplateBehavior [ RunTime:0.006205s ]
INFO: [ view_parse ] --END-- [ RunTime:0.006287s ]
INFO: [ view_filter ] --START--
INFO: Run Behavior\WriteHtmlCacheBehavior [ RunTime:0.000138s ]
INFO: [ view_filter ] --END-- [ RunTime:0.000150s ]
INFO: [ app_end ] --START--
INFO: Run Behavior\ShowPageTraceBehavior [ RunTime:0.000065s ]
INFO: [ app_end ] --END-- [ RunTime:0.000101s ]

[ 2026-06-04T20:36:18+08:00 ] ::1 /Home/PriceSync/getQuotes.html
INFO: [ app_init ] --START--
INFO: Run Behavior\BuildLiteBehavior [ RunTime:0.000003s ]
INFO: [ app_init ] --END-- [ RunTime:0.000031s ]
INFO: [ app_begin ] --START--
INFO: Run Behavior\ReadHtmlCacheBehavior [ RunTime:0.000011s ]
INFO: [ app_begin ] --END-- [ RunTime:0.000018s ]
ERR: {"status":1,"msg":"\u83b7\u53d6\u6210\u529f","data":[{"p":3348,"name":"\u7ebf\u6750\u4e3b\u8fde","dm":"wrm","zde":-19,"zdf":-0.56,"zjsj":3367}]}

[ 2026-06-04T20:36:18+08:00 ] ::1 /Home/PriceSync/getConfigList.html
INFO: [ app_init ] --START--
INFO: Run Behavior\BuildLiteBehavior [ RunTime:0.000005s ]
INFO: [ app_init ] --END-- [ RunTime:0.000040s ]
INFO: [ app_begin ] --START--
INFO: Run Behavior\ReadHtmlCacheBehavior [ RunTime:0.000021s ]
INFO: [ app_begin ] --END-- [ RunTime:0.000038s ]
SQL: SHOW COLUMNS FROM `price_sync_config` [ RunTime:0.0017s ]
SQL: SELECT * FROM `price_sync_config` WHERE `status` = 1 ORDER BY id asc  [ RunTime:0.0007s ]
SQL: SHOW COLUMNS FROM `price_sync_log` [ RunTime:0.0025s ]
SQL: SELECT `config_id`,MAX(add_time) as last_sync_at FROM `price_sync_log` WHERE `config_id` IN (1,2,3,6,7) GROUP BY config_id  [ RunTime:0.0006s ]
SQL: SHOW COLUMNS FROM `new_label` [ RunTime:0.0017s ]
SQL: SELECT `price` FROM `new_label` WHERE `id` = 160 LIMIT 1   [ RunTime:0.0004s ]
SQL: SELECT `price` FROM `new_label` WHERE `id` = 162 LIMIT 1   [ RunTime:0.0003s ]
SQL: SELECT `price` FROM `new_label` WHERE `id` = 163 LIMIT 1   [ RunTime:0.0002s ]
SQL: SELECT `price` FROM `new_label` WHERE `id` = 166 LIMIT 1   [ RunTime:0.0002s ]
SQL: SELECT `price` FROM `new_label` WHERE `id` = 191 LIMIT 1   [ RunTime:0.0002s ]
ERR: {"status":1,"msg":"\u83b7\u53d6\u6210\u529f","data":[{"id":1,"futures_code":"cum","futures_name":"\u6caa\u94dc\u4e3b\u8fde","exchange":"shfe","new_label_id":160,"label_name":"\u6caa\u94dc","ratio":"100.0000","auto_sync":1,"status":1,"add_time":1780239338,"up_time":1780240685,"current_price":"0.00","last_sync_at":"2026-06-04 20:35:39"},{"id":2,"futures_code":"nim","futures_name":"\u6caa\u954d\u4e3b\u8fde","exchange":"shfe","new_label_id":162,"label_name":"\u6caa\u954d","ratio":"1.0000","auto_sync":1,"status":1,"add_time":1780366433,"up_time":1780366443,"current_price":"0.00","last_sync_at":"2026-06-04 20:32:11"},{"id":3,"futures_code":"snm","futures_name":"\u6caa\u9521\u4e3b\u8fde","exchange":"shfe","new_label_id":163,"label_name":"\u6caa\u9521","ratio":"100.0000","auto_sync":0,"status":1,"add_time":1780366480,"up_time":1780366480,"current_price":"437040.00","last_sync_at":"-"},{"id":6,"futures_code":"agm","futures_name":"\u6caa\u94f6\u4e3b\u8fde","exchange":"shfe","new_label_id":166,"label_name":"\u6caa\u94f6","ratio":"100.0000","auto_sync":1,"status":1,"add_time":1780396428,"up_time":1780396428,"current_price":"18522.00","last_sync_at":"2026-06-02 18:33:56"},{"id":7,"futures_code":"lgm","futures_name":"\u539f\u6728\u4e3b\u8fde","exchange":"dce","new_label_id":191,"label_name":"\u5907\u75283","ratio":"100.0000","auto_sync":1,"status":1,"add_time":1780403277,"up_time":1780403277,"current_price":"788.00","last_sync_at":"2026-06-02 20:28:05"}]}

[ 2026-06-04T20:36:18+08:00 ] ::1 /Home/PriceSync/getMaterials.html
INFO: [ app_init ] --START--
INFO: Run Behavior\BuildLiteBehavior [ RunTime:0.000006s ]
INFO: [ app_init ] --END-- [ RunTime:0.000059s ]
INFO: [ app_begin ] --START--
INFO: Run Behavior\ReadHtmlCacheBehavior [ RunTime:0.000039s ]
INFO: [ app_begin ] --END-- [ RunTime:0.000072s ]
SQL: SHOW COLUMNS FROM `new_label` [ RunTime:0.0020s ]
SQL: SELECT `id`,`name` FROM `new_label` WHERE `cate_label_id` = 0 AND `cate_type` = 0  [ RunTime:0.0004s ]
SQL: SELECT * FROM `new_label` WHERE `cate_label_id` IN (3,4,26,30,133,159,184) AND `pid` = 0 ORDER BY cate_label_id asc, id asc  [ RunTime:0.0008s ]
ERR: {"status":1,"msg":"\u83b7\u53d6\u6210\u529f","data":[{"id":5,"cate_label_id":3,"name":"\u73b0\u8d27\u94dc\u4ef7\u57fa\u7840\u503c","cate_type":0,"pid":0,"ratio":"100.000000","price":"94.9000","last_futures_price":"0.0000","last_sync_ratio":"0.000000","last_sync_time":0,"status":1,"is_del":1,"level":0,"add_time":1731588218,"up_time":1731678051,"pid_str":"","pid2":0,"pid2_str":"","ratio2":"100.000000","pid3":0,"pid3_str":"","ratio3":"100.000000","end_ratio":"0.000000","level2":0,"level3":0,"cat_name":"\u5bfc\u4f53\u6750\u6599\u4ef7\u683c22"},{"id":51,"cate_label_id":3,"name":"\u73b0\u8d27\u94dd\u4ef7\u57fa\u7840\u503c","cate_type":0,"pid":0,"ratio":"100.000000","price":"23.0000","last_futures_price":"0.0000","last_sync_ratio":"0.000000","last_sync_time":0,"status":1,"is_del":1,"level":0,"add_time":1731682407,"up_time":1731682407,"pid_str":"","pid2":0,"pid2_str":"","ratio2":"100.000000","pid3":0,"pid3_str":"","ratio3":"100.000000","end_ratio":"0.000000","level2":0,"level3":0,"cat_name":"\u5bfc\u4f53\u6750\u6599\u4ef7\u683c22"},{"id":99,"cate_label_id":3,"name":"\u67b6\u7a7a\u5bfc\u7ebf\u94a2\u4e1d\u4ef7","cate_type":0,"pid":0,"ratio":"0.000000","price":"5.0000","last_futures_price":"0.0000","last_sync_ratio":"0.000000","last_sync_time":0,"status":1,"is_del":1,"level":1,"add_time":1735382759,"up_time":1735382759,"pid_str":"","pid2":0,"pid2_str":"","ratio2":"100.000000","pid3":0,"pid3_str":"","ratio3":"100.000000","end_ratio":"0.000000","level2":1,"level3":1,"cat_name":"\u5bfc\u4f53\u6750\u6599\u4ef7\u683c22"},{"id":94,"cate_label_id":4,"name":"\u9ed1\u4e91\u6bcd\u5e26","cate_type":0,"pid":0,"ratio":"0.000000","price":"38.0000","last_futures_price":"0.0000","last_sync_ratio":"0.000000","last_sync_time":0,"status":1,"is_del":1,"level":0,"add_time":1735321887,"up_time":1735321887,"pid_str":"","pid2":0,"pid2_str":"","ratio2":"100.000000","pid3":0,"pid3_str":"","ratio3":"100.000000","end_ratio":"0.000000","level2":0,"level3":0,"cat_name":"\u4e91\u6bcd\u6750\u6599\u4ef7\u683c"},{"id":27,"cate_label_id":26,"name":"\u4ea4\u8054\u805a\u4e59\u70ef\u4ef7\u683c","cate_type":0,"pid":0,"ratio":"0.000000","price":"12.0000","last_futures_price":"0.0000","last_sync_ratio":"0.000000","last_sync_time":0,"status":1,"is_del":1,"level":0,"add_time":1731673353,"up_time":1731673353,"pid_str":"","pid2":0,"pid2_str":"","ratio2":"100.000000","pid3":0,"pid3_str":"","ratio3":"100.000000","end_ratio":"0.000000","level2":0,"level3":0,"cat_name":"\u7edd\u7f18\u6750\u6599\u4ef7\u683c"},{"id":74,"cate_label_id":26,"name":"PVC\u805a\u6c2f\u4e59\u70ef\u4ef7","cate_type":0,"pid":0,"ratio":"100.000000","price":"7.5000","last_futures_price":"0.0000","last_sync_ratio":"0.000000","last_sync_time":0,"status":1,"is_del":1,"level":0,"add_time":1734582414,"up_time":1734582414,"pid_str":"","pid2":0,"pid2_str":"","ratio2":"100.000000","pid3":0,"pid3_str":"","ratio3":"100.000000","end_ratio":"0.000000","level2":0,"level3":0,"cat_name":"\u7edd\u7f18\u6750\u6599\u4ef7\u683c"},{"id":105,"cate_label_id":30,"name":"\u94a2\u5e26\u4ef7\u683c","cate_type":0,"pid":0,"ratio":"0.000000","price":"4.2000","last_futures_price":"0.0000","last_sync_ratio":"0.000000","last_sync_time":0,"status":1,"is_del":1,"level":0,"add_time":1735400959,"up_time":1735400959,"pid_str":"","pid2":0,"pid2_str":"","ratio2":"100.000000","pid3":0,"pid3_str":"","ratio3":"100.000000","end_ratio":"0.000000","level2":0,"level3":0,"cat_name":"\u91d1\u5c5e\u94e0\u88c5\u6750\u6599"},{"id":134,"cate_label_id":133,"name":"XH-03A-\u77ff\u7528\u62a4\u5957","cate_type":0,"pid":0,"ratio":"0.000000","price":"8.0000","last_futures_price":"0.0000","last_sync_ratio":"0.000000","last_sync_time":0,"status":1,"is_del":1,"level":0,"add_time":1744771398,"up_time":1744771398,"pid_str":"","pid2":0,"pid2_str":"","ratio2":"0.000000","pid3":0,"pid3_str":"","ratio3":"0.000000","end_ratio":"0.000000","level2":0,"level3":0,"cat_name":"\u6a61\u80f6\u7535\u7f06\u6750\u6599\u4ef7\u683c"},{"id":160,"cate_label_id":159,"name":"\u6caa\u94dc","cate_type":0,"pid":0,"ratio":"0.000000","price":"0.0000","last_futures_price":"0.0000","last_sync_ratio":"100.000000","last_sync_time":1780576539,"status":1,"is_del":1,"level":0,"add_time":1772791661,"up_time":1780576539,"pid_str":"","pid2":0,"pid2_str":"","ratio2":"0.000000","pid3":0,"pid3_str":"","ratio3":"0.000000","end_ratio":"0.000000","level2":0,"level3":0,"cat_name":"\u57fa\u7840\u91d1\u5c5e\u5217\u8868"},{"id":161,"cate_label_id":159,"name":"\u6caa\u94dd","cate_type":0,"pid":0,"ratio":"0.000000","price":"24640.0000","last_futures_price":"0.0000","last_sync_ratio":"0.000000","last_sync_time":0,"status":1,"is_del":1,"level":0,"add_time":1775158584,"up_time":1775158584,"pid_str":"","pid2":0,"pid2_str":"","ratio2":"0.000000","pid3":0,"pid3_str":"","ratio3":"0.000000","end_ratio":"0.000000","level2":0,"level3":0,"cat_name":"\u57fa\u7840\u91d1\u5c5e\u5217\u8868"},{"id":162,"cate_label_id":159,"name":"\u6caa\u954d","cate_type":0,"pid":0,"ratio":"0.000000","price":"0.0000","last_futures_price":"0.0000","last_sync_ratio":"1.000000","last_sync_time":1780576331,"status":1,"is_del":1,"level":0,"add_time":1775158650,"up_time":1780576331,"pid_str":"","pid2":0,"pid2_str":"","ratio2":"0.000000","pid3":0,"pid3_str":"","ratio3":"0.000000","end_ratio":"0.000000","level2":0,"level3":0,"cat_name":"\u57fa\u7840\u91d1\u5c5e\u5217\u8868"},{"id":163,"cate_label_id":159,"name":"\u6caa\u9521","cate_type":0,"pid":0,"ratio":"0.000000","price":"437040.0000","last_futures_price":"0.0000","last_sync_ratio":"0.000000","last_sync_time":0,"status":1,"is_del":1,"level":0,"add_time":1775158678,"up_time":1775158678,"pid_str":"","pid2":0,"pid2_str":"","ratio2":"0.000000","pid3":0,"pid3_str":"","ratio3":"0.000000","end_ratio":"0.000000","level2":0,"level3":0,"cat_name":"\u57fa\u7840\u91d1\u5c5e\u5217\u8868"},{"id":164,"cate_label_id":159,"name":"\u6caa\u950c","cate_type":0,"pid":0,"ratio":"0.000000","price":"24640.0000","last_futures_price":"0.0000","last_sync_ratio":"0.000000","last_sync_time":0,"status":1,"is_del":1,"level":0,"add_time":1775158807,"up_time":1775158807,"pid_str":"","pid2":0,"pid2_str":"","ratio2":"0.000000","pid3":0,"pid3_str":"","ratio3":"0.000000","end_ratio":"0.000000","level2":0,"level3":0,"cat_name":"\u57fa\u7840\u91d1\u5c5e\u5217\u8868"},{"id":165,"cate_label_id":159,"name":"\u4e0d\u9508\u94a2","cate_type":0,"pid":0,"ratio":"0.000000","price":"15065.0000","last_futures_price":"0.0000","last_sync_ratio":"0.000000","last_sync_time":0,"status":1,"is_del":1,"level":0,"add_time":1775158827,"up_time":1775158827,"pid_str":"","pid2":0,"pid2_str":"","ratio2":"0.000000","pid3":0,"pid3_str":"","ratio3":"0.000000","end_ratio":"0.000000","level2":0,"level3":0,"cat_name":"\u57fa\u7840\u91d1\u5c5e\u5217\u8868"},{"id":166,"cate_label_id":159,"name":"\u6caa\u94f6","cate_type":0,"pid":0,"ratio":"0.000000","price":"18522.0000","last_futures_price":"18522.0000","last_sync_ratio":"100.000000","last_sync_time":1780396436,"status":1,"is_del":1,"level":0,"add_time":1775158945,"up_time":1780396436,"pid_str":"","pid2":0,"pid2_str":"","ratio2":"0.000000","pid3":0,"pid3_str":"","ratio3":"0.000000","end_ratio":"0.000000","level2":0,"level3":0,"cat_name":"\u57fa\u7840\u91d1\u5c5e\u5217\u8868"},{"id":167,"cate_label_id":159,"name":"\u6caa\u91d1","cate_type":0,"pid":0,"ratio":"0.000000","price":"1027.1000","last_futures_price":"0.0000","last_sync_ratio":"0.000000","last_sync_time":0,"status":1,"is_del":1,"level":0,"add_time":1775159038,"up_time":1775159038,"pid_str":"","pid2":0,"pid2_str":"","ratio2":"0.000000","pid3":0,"pid3_str":"","ratio3":"0.000000","end_ratio":"0.000000","level2":0,"level3":0,"cat_name":"\u57fa\u7840\u91d1\u5c5e\u5217\u8868"},{"id":168,"cate_label_id":159,"name":"\u7845\u94c1","cate_type":0,"pid":0,"ratio":"0.000000","price":"5762.0000","last_futures_price":"0.0000","last_sync_ratio":"0.000000","last_sync_time":0,"status":1,"is_del":1,"level":0,"add_time":1775159058,"up_time":1775159058,"pid_str":"","pid2":0,"pid2_str":"","ratio2":"0.000000","pid3":0,"pid3_str":"","ratio3":"0.000000","end_ratio":"0.000000","level2":0,"level3":0,"cat_name":"\u57fa\u7840\u91d1\u5c5e\u5217\u8868"},{"id":169,"cate_label_id":159,"name":"\u94c1\u77ff\u77f3","cate_type":0,"pid":0,"ratio":"0.000000","price":"815.5000","last_futures_price":"0.0000","last_sync_ratio":"0.000000","last_sync_time":0,"status":1,"is_del":1,"level":0,"add_time":1775159155,"up_time":1775159155,"pid_str":"","pid2":0,"pid2_str":"","ratio2":"0.000000","pid3":0,"pid3_str":"","ratio3":"0.000000","end_ratio":"0.000000","level2":0,"level3":0,"cat_name":"\u57fa\u7840\u91d1\u5c5e\u5217\u8868"},{"id":170,"cate_label_id":159,"name":"\u87ba\u7eb9\u94a2","cate_type":0,"pid":0,"ratio":"0.000000","price":"3249.0000","last_futures_price":"0.0000","last_sync_ratio":"0.000000","last_sync_time":0,"status":1,"is_del":1,"level":0,"add_time":1775159188,"up_time":1775159188,"pid_str":"","pid2":0,"pid2_str":"","ratio2":"0.000000","pid3":0,"pid3_str":"","ratio3":"0.000000","end_ratio":"0.000000","level2":0,"level3":0,"cat_name":"\u57fa\u7840\u91d1\u5c5e\u5217\u8868"},{"id":171,"cate_label_id":159,"name":"\u70ed\u5377","cate_type":0,"pid":0,"ratio":"0.000000","price":"3468.0000","last_futures_price":"0.0000","last_sync_ratio":"0.000000","last_sync_time":0,"status":1,"is_del":1,"level":0,"add_time":1775159363,"up_time":1775159363,"pid_str":"","pid2":0,"pid2_str":"","ratio2":"0.000000","pid3":0,"pid3_str":"","ratio3":"0.000000","end_ratio":"0.000000","level2":0,"level3":0,"cat_name":"\u57fa\u7840\u91d1\u5c5e\u5217\u8868"},{"id":172,"cate_label_id":159,"name":"\u9530\u7845","cate_type":0,"pid":0,"ratio":"0.000000","price":"5878.0000","last_futures_price":"0.0000","last_sync_ratio":"0.000000","last_sync_time":0,"status":1,"is_del":1,"level":0,"add_time":1775159401,"up_time":1775159401,"pid_str":"","pid2":0,"pid2_str":"","ratio2":"0.000000","pid3":0,"pid3_str":"","ratio3":"0.000000","end_ratio":"0.000000","level2":0,"level3":0,"cat_name":"\u57fa\u7840\u91d1\u5c5e\u5217\u8868"},{"id":173,"cate_label_id":159,"name":"\u94c2\u91d1","cate_type":0,"pid":0,"ratio":"0.000000","price":"2141.4000","last_futures_price":"0.0000","last_sync_ratio":"0.000000","last_sync_time":0,"status":1,"is_del":1,"level":0,"add_time":1775159416,"up_time":1775159416,"pid_str":"","pid2":0,"pid2_str":"","ratio2":"0.000000","pid3":0,"pid3_str":"","ratio3":"0.000000","end_ratio":"0.000000","level2":0,"level3":0,"cat_name":"\u57fa\u7840\u91d1\u5c5e\u5217\u8868"},{"id":174,"cate_label_id":159,"name":"\u94af\u91d1","cate_type":0,"pid":0,"ratio":"0.000000","price":"1508.0000","last_futures_price":"0.0000","last_sync_ratio":"0.000000","last_sync_time":0,"status":1,"is_del":1,"level":0,"add_time":1775159431,"up_time":1775159431,"pid_str":"","pid2":0,"pid2_str":"","ratio2":"0.000000","pid3":0,"pid3_str":"","ratio3":"0.000000","end_ratio":"0.000000","level2":0,"level3":0,"cat_name":"\u57fa\u7840\u91d1\u5c5e\u5217\u8868"},{"id":175,"cate_label_id":159,"name":"\u5de5\u4e1a\u7845","cate_type":0,"pid":0,"ratio":"0.000000","price":"8795.0000","last_futures_price":"0.0000","last_sync_ratio":"0.000000","last_sync_time":0,"status":1,"is_del":1,"level":0,"add_time":1775159442,"up_time":1775159442,"pid_str":"","pid2":0,"pid2_str":"","ratio2":"0.000000","pid3":0,"pid3_str":"","ratio3":"0.000000","end_ratio":"0.000000","level2":0,"level3":0,"cat_name":"\u57fa\u7840\u91d1\u5c5e\u5217\u8868"},{"id":176,"cate_label_id":159,"name":"\u94dd\u5408\u91d1","cate_type":0,"pid":0,"ratio":"0.000000","price":"23255.0000","last_futures_price":"0.0000","last_sync_ratio":"0.000000","last_sync_time":0,"status":1,"is_del":1,"level":0,"add_time":1775159467,"up_time":1775159467,"pid_str":"","pid2":0,"pid2_str":"","ratio2":"0.000000","pid3":0,"pid3_str":"","ratio3":"0.000000","end_ratio":"0.000000","level2":0,"level3":0,"cat_name":"\u57fa\u7840\u91d1\u5c5e\u5217\u8868"},{"id":177,"cate_label_id":159,"name":"\u6c27\u5316\u94dd","cate_type":0,"pid":0,"ratio":"0.000000","price":"2776.0000","last_futures_price":"0.0000","last_sync_ratio":"0.000000","last_sync_time":0,"status":1,"is_del":1,"level":0,"add_time":1775159483,"up_time":1775159483,"pid_str":"","pid2":0,"pid2_str":"","ratio2":"0.000000","pid3":0,"pid3_str":"","ratio3":"0.000000","end_ratio":"0.000000","level2":0,"level3":0,"cat_name":"\u57fa\u7840\u91d1\u5c5e\u5217\u8868"},{"id":178,"cate_label_id":159,"name":"\u7ebf\u6750","cate_type":0,"pid":0,"ratio":"0.000000","price":"3395.0000","last_futures_price":"0.0000","last_sync_ratio":"0.000000","last_sync_time":0,"status":1,"is_del":1,"level":0,"add_time":1775159497,"up_time":1775159497,"pid_str":"","pid2":0,"pid2_str":"","ratio2":"0.000000","pid3":0,"pid3_str":"","ratio3":"0.000000","end_ratio":"0.000000","level2":0,"level3":0,"cat_name":"\u57fa\u7840\u91d1\u5c5e\u5217\u8868"},{"id":179,"cate_label_id":159,"name":"\u73bb\u7483","cate_type":0,"pid":0,"ratio":"0.000000","price":"1068.0000","last_futures_price":"0.0000","last_sync_ratio":"0.000000","last_sync_time":0,"status":1,"is_del":1,"level":0,"add_time":1775159539,"up_time":1775159539,"pid_str":"","pid2":0,"pid2_str":"","ratio2":"0.000000","pid3":0,"pid3_str":"","ratio3":"0.000000","end_ratio":"0.000000","level2":0,"level3":0,"cat_name":"\u57fa\u7840\u91d1\u5c5e\u5217\u8868"},{"id":180,"cate_label_id":159,"name":"\u91d1\u5c5e\u94ec","cate_type":0,"pid":0,"ratio":"0.000000","price":"91.5000","last_futures_price":"0.0000","last_sync_ratio":"0.000000","last_sync_time":0,"status":1,"is_del":1,"level":0,"add_time":1775159558,"up_time":1775159558,"pid_str":"","pid2":0,"pid2_str":"","ratio2":"0.000000","pid3":0,"pid3_str":"","ratio3":"0.000000","end_ratio":"0.000000","level2":0,"level3":0,"cat_name":"\u57fa\u7840\u91d1\u5c5e\u5217\u8868"},{"id":181,"cate_label_id":159,"name":"\u77f3\u58a8\u70ef","cate_type":0,"pid":0,"ratio":"0.000000","price":"555.0000","last_futures_price":"0.0000","last_sync_ratio":"0.000000","last_sync_time":0,"status":1,"is_del":1,"level":0,"add_time":1775159576,"up_time":1775159576,"pid_str":"","pid2":0,"pid2_str":"","ratio2":"0.000000","pid3":0,"pid3_str":"","ratio3":"0.000000","end_ratio":"0.000000","level2":0,"level3":0,"cat_name":"\u57fa\u7840\u91d1\u5c5e\u5217\u8868"},{"id":182,"cate_label_id":159,"name":"\u91d1\u5c5e\u94b4","cate_type":0,"pid":0,"ratio":"0.000000","price":"989.0000","last_futures_price":"0.0000","last_sync_ratio":"0.000000","last_sync_time":0,"status":1,"is_del":1,"level":0,"add_time":1775159588,"up_time":1775159588,"pid_str":"","pid2":0,"pid2_str":"","ratio2":"0.000000","pid3":0,"pid3_str":"","ratio3":"0.000000","end_ratio":"0.000000","level2":0,"level3":0,"cat_name":"\u57fa\u7840\u91d1\u5c5e\u5217\u8868"},{"id":183,"cate_label_id":159,"name":"\u5f85\u5b9a","cate_type":0,"pid":0,"ratio":"0.000000","price":"91.5000","last_futures_price":"0.0000","last_sync_ratio":"0.000000","last_sync_time":0,"status":1,"is_del":1,"level":0,"add_time":1775160000,"up_time":1775160000,"pid_str":"","pid2":0,"pid2_str":"","ratio2":"0.000000","pid3":0,"pid3_str":"","ratio3":"0.000000","end_ratio":"0.000000","level2":0,"level3":0,"cat_name":"\u57fa\u7840\u91d1\u5c5e\u5217\u8868"},{"id":190,"cate_label_id":159,"name":"\u5907\u75282","cate_type":0,"pid":0,"ratio":"0.000000","price":"2.0000","last_futures_price":"0.0000","last_sync_ratio":"0.000000","last_sync_time":0,"status":1,"is_del":1,"level":1,"add_time":1778617496,"up_time":1778617496,"pid_str":"","pid2":0,"pid2_str":"","ratio2":"0.000000","pid3":0,"pid3_str":"","ratio3":"0.000000","end_ratio":"0.000000","level2":1,"level3":1,"cat_name":"\u57fa\u7840\u91d1\u5c5e\u5217\u8868"},{"id":191,"cate_label_id":159,"name":"\u5907\u75283","cate_type":0,"pid":0,"ratio":"0.000000","price":"788.0000","last_futures_price":"788.0000","last_sync_ratio":"100.000000","last_sync_time":1780403285,"status":1,"is_del":1,"level":1,"add_time":1778617507,"up_time":1780403285,"pid_str":"","pid2":0,"pid2_str":"","ratio2":"0.000000","pid3":0,"pid3_str":"","ratio3":"0.000000","end_ratio":"0.000000","level2":1,"level3":1,"cat_name":"\u57fa\u7840\u91d1\u5c5e\u5217\u8868"},{"id":192,"cate_label_id":159,"name":"\u5907\u75284","cate_type":0,"pid":0,"ratio":"0.000000","price":"4.0000","last_futures_price":"0.0000","last_sync_ratio":"0.000000","last_sync_time":0,"status":1,"is_del":1,"level":1,"add_time":1778617516,"up_time":1778617516,"pid_str":"","pid2":0,"pid2_str":"","ratio2":"0.000000","pid3":0,"pid3_str":"","ratio3":"0.000000","end_ratio":"0.000000","level2":1,"level3":1,"cat_name":"\u57fa\u7840\u91d1\u5c5e\u5217\u8868"},{"id":193,"cate_label_id":159,"name":"\u5907\u75285","cate_type":0,"pid":0,"ratio":"0.000000","price":"5.0000","last_futures_price":"0.0000","last_sync_ratio":"0.000000","last_sync_time":0,"status":1,"is_del":1,"level":1,"add_time":1778617527,"up_time":1778617527,"pid_str":"","pid2":0,"pid2_str":"","ratio2":"0.000000","pid3":0,"pid3_str":"","ratio3":"0.000000","end_ratio":"0.000000","level2":1,"level3":1,"cat_name":"\u57fa\u7840\u91d1\u5c5e\u5217\u8868"},{"id":194,"cate_label_id":159,"name":"\u5907\u75286","cate_type":0,"pid":0,"ratio":"0.000000","price":"6.0000","last_futures_price":"0.0000","last_sync_ratio":"0.000000","last_sync_time":0,"status":1,"is_del":1,"level":1,"add_time":1778617537,"up_time":1778617537,"pid_str":"","pid2":0,"pid2_str":"","ratio2":"0.000000","pid3":0,"pid3_str":"","ratio3":"0.000000","end_ratio":"0.000000","level2":1,"level3":1,"cat_name":"\u57fa\u7840\u91d1\u5c5e\u5217\u8868"},{"id":185,"cate_label_id":184,"name":"\u57fa\u7840\u94dc\u4ef7","cate_type":0,"pid":0,"ratio":"0.000000","price":"96.5000","last_futures_price":"0.0000","last_sync_ratio":"0.000000","last_sync_time":0,"status":1,"is_del":1,"level":1,"add_time":1775216239,"up_time":1775216239,"pid_str":"","pid2":0,"pid2_str":"","ratio2":"0.000000","pid3":0,"pid3_str":"","ratio3":"0.000000","end_ratio":"0.000000","level2":1,"level3":1,"cat_name":"\u5bfc\u4f53\u5206\u7c7b"},{"id":186,"cate_label_id":184,"name":"\u57fa\u7840\u94dd\u4ef7","cate_type":0,"pid":0,"ratio":"0.000000","price":"24.0000","last_futures_price":"0.0000","last_sync_ratio":"0.000000","last_sync_time":0,"status":1,"is_del":1,"level":1,"add_time":1775216251,"up_time":1775216251,"pid_str":"","pid2":0,"pid2_str":"","ratio2":"0.000000","pid3":0,"pid3_str":"","ratio3":"0.000000","end_ratio":"0.000000","level2":1,"level3":1,"cat_name":"\u5bfc\u4f53\u5206\u7c7b"},{"id":187,"cate_label_id":184,"name":"\u57fa\u7840\u94a2\u4ef7","cate_type":0,"pid":0,"ratio":"0.000000","price":"4.5000","last_futures_price":"0.0000","last_sync_ratio":"0.000000","last_sync_time":0,"status":1,"is_del":1,"level":0,"add_time":1775216277,"up_time":1775216277,"pid_str":"","pid2":0,"pid2_str":"","ratio2":"0.000000","pid3":0,"pid3_str":"","ratio3":"0.000000","end_ratio":"0.000000","level2":0,"level3":0,"cat_name":"\u5bfc\u4f53\u5206\u7c7b"},{"id":188,"cate_label_id":184,"name":"\u57fa\u7840\u954d\u4ef7","cate_type":0,"pid":0,"ratio":"0.000000","price":"135.0000","last_futures_price":"0.0000","last_sync_ratio":"0.000000","last_sync_time":0,"status":1,"is_del":1,"level":1,"add_time":1775216322,"up_time":1775216322,"pid_str":"","pid2":0,"pid2_str":"","ratio2":"0.000000","pid3":0,"pid3_str":"","ratio3":"0.000000","end_ratio":"0.000000","level2":1,"level3":1,"cat_name":"\u5bfc\u4f53\u5206\u7c7b"}]}

[ 2026-06-04T20:36:18+08:00 ] ::1 /Home/PriceSync/getQuotes.html
INFO: [ app_init ] --START--
INFO: Run Behavior\BuildLiteBehavior [ RunTime:0.000005s ]
INFO: [ app_init ] --END-- [ RunTime:0.000057s ]
INFO: [ app_begin ] --START--
INFO: Run Behavior\ReadHtmlCacheBehavior [ RunTime:0.000026s ]
INFO: [ app_begin ] --END-- [ RunTime:0.000046s ]
ERR: {"status":1,"msg":"\u83b7\u53d6\u6210\u529f","data":[{"p":11965,"name":"\u751f\u732a\u4e3b\u8fde","dm":"lhm","zde":-90,"zdf":-0.75,"zjsj":12055},{"p":4363,"name":"\u9e21\u86cb\u4e3b\u8fde","dm":"jdm","zde":-27,"zdf":-0.62,"zjsj":4390},{"p":802.5,"name":"\u539f\u6728\u4e3b\u8fde","dm":"lgm","zde":9,"zdf":1.13,"zjsj":793.5},{"p":1280,"name":"\u7ea4\u7ef4\u677f\u4e3b\u8fde","dm":"fbm","zde":-2.5,"zdf":-0.19,"zjsj":1282.5}]}

[ 2026-06-04T20:36:20+08:00 ] ::1 /Home/PriceSync/getQuotes.html
INFO: [ app_init ] --START--
INFO: Run Behavior\BuildLiteBehavior [ RunTime:0.000013s ]
INFO: [ app_init ] --END-- [ RunTime:0.000100s ]
INFO: [ app_begin ] --START--
INFO: Run Behavior\ReadHtmlCacheBehavior [ RunTime:0.000070s ]
INFO: [ app_begin ] --END-- [ RunTime:0.000126s ]
ERR: {"status":1,"msg":"\u83b7\u53d6\u6210\u529f","data":[{"p":3348,"name":"\u7ebf\u6750\u4e3b\u8fde","dm":"wrm","zde":-19,"zdf":-0.56,"zjsj":3367}]}

[ 2026-06-04T20:36:21+08:00 ] ::1 /Home/PriceSync/getQuotes.html
INFO: [ app_init ] --START--
INFO: Run Behavior\BuildLiteBehavior [ RunTime:0.000007s ]
INFO: [ app_init ] --END-- [ RunTime:0.000061s ]
INFO: [ app_begin ] --START--
INFO: Run Behavior\ReadHtmlCacheBehavior [ RunTime:0.000032s ]
INFO: [ app_begin ] --END-- [ RunTime:0.000058s ]
ERR: {"status":1,"msg":"\u83b7\u53d6\u6210\u529f","data":[{"p":3348,"name":"\u7ebf\u6750\u4e3b\u8fde","dm":"wrm","zde":-19,"zdf":-0.56,"zjsj":3367}]}

[ 2026-06-04T20:36:22+08:00 ] ::1 /Home/PriceSync/getQuotes.html
INFO: [ app_init ] --START--
INFO: Run Behavior\BuildLiteBehavior [ RunTime:0.000005s ]
INFO: [ app_init ] --END-- [ RunTime:0.000046s ]
INFO: [ app_begin ] --START--
INFO: Run Behavior\ReadHtmlCacheBehavior [ RunTime:0.000030s ]
INFO: [ app_begin ] --END-- [ RunTime:0.000053s ]
ERR: {"status":1,"msg":"\u83b7\u53d6\u6210\u529f","data":[{"p":3348,"name":"\u7ebf\u6750\u4e3b\u8fde","dm":"wrm","zde":-19,"zdf":-0.56,"zjsj":3367}]}

[ 2026-06-04T20:36:23+08:00 ] ::1 /Home/PriceSync/getQuotes.html
INFO: [ app_init ] --START--
INFO: Run Behavior\BuildLiteBehavior [ RunTime:0.000004s ]
INFO: [ app_init ] --END-- [ RunTime:0.000037s ]
INFO: [ app_begin ] --START--
INFO: Run Behavior\ReadHtmlCacheBehavior [ RunTime:0.000023s ]
INFO: [ app_begin ] --END-- [ RunTime:0.000042s ]
ERR: {"status":1,"msg":"\u83b7\u53d6\u6210\u529f","data":[{"p":3348,"name":"\u7ebf\u6750\u4e3b\u8fde","dm":"wrm","zde":-19,"zdf":-0.56,"zjsj":3367}]}

[ 2026-06-04T20:36:24+08:00 ] ::1 /Home/PriceSync/index
INFO: [ app_init ] --START--
INFO: Run Behavior\BuildLiteBehavior [ RunTime:0.000009s ]
INFO: [ app_init ] --END-- [ RunTime:0.000111s ]
INFO: [ app_begin ] --START--
INFO: Run Behavior\ReadHtmlCacheBehavior [ RunTime:0.000043s ]
INFO: [ app_begin ] --END-- [ RunTime:0.000076s ]
INFO: [ view_parse ] --START--
INFO: [ template_filter ] --START--
INFO: Run Behavior\ContentReplaceBehavior [ RunTime:0.000140s ]
INFO: [ template_filter ] --END-- [ RunTime:0.000164s ]
INFO: Run Behavior\ParseTemplateBehavior [ RunTime:0.004838s ]
INFO: [ view_parse ] --END-- [ RunTime:0.004877s ]
INFO: [ view_filter ] --START--
INFO: Run Behavior\WriteHtmlCacheBehavior [ RunTime:0.000066s ]
INFO: [ view_filter ] --END-- [ RunTime:0.000074s ]
INFO: [ app_end ] --START--
INFO: Run Behavior\ShowPageTraceBehavior [ RunTime:0.000023s ]
INFO: [ app_end ] --END-- [ RunTime:0.000031s ]

[ 2026-06-04T20:36:25+08:00 ] ::1 /Home/PriceSync/getQuotes.html
INFO: [ app_init ] --START--
INFO: Run Behavior\BuildLiteBehavior [ RunTime:0.000005s ]
INFO: [ app_init ] --END-- [ RunTime:0.000043s ]
INFO: [ app_begin ] --START--
INFO: Run Behavior\ReadHtmlCacheBehavior [ RunTime:0.000028s ]
INFO: [ app_begin ] --END-- [ RunTime:0.000047s ]
ERR: {"status":1,"msg":"\u83b7\u53d6\u6210\u529f","data":[{"p":3348,"name":"\u7ebf\u6750\u4e3b\u8fde","dm":"wrm","zde":-19,"zdf":-0.56,"zjsj":3367}]}

[ 2026-06-04T20:36:25+08:00 ] ::1 /Home/PriceSync/getConfigList.html
INFO: [ app_init ] --START--
INFO: Run Behavior\BuildLiteBehavior [ RunTime:0.000020s ]
INFO: [ app_init ] --END-- [ RunTime:0.000137s ]
INFO: [ app_begin ] --START--
INFO: Run Behavior\ReadHtmlCacheBehavior [ RunTime:0.000036s ]
INFO: [ app_begin ] --END-- [ RunTime:0.000069s ]
SQL: SHOW COLUMNS FROM `price_sync_config` [ RunTime:0.0063s ]
SQL: SELECT * FROM `price_sync_config` WHERE `status` = 1 ORDER BY id asc  [ RunTime:0.0008s ]
SQL: SHOW COLUMNS FROM `price_sync_log` [ RunTime:0.0024s ]
SQL: SELECT `config_id`,MAX(add_time) as last_sync_at FROM `price_sync_log` WHERE `config_id` IN (1,2,3,6,7) GROUP BY config_id  [ RunTime:0.0008s ]
SQL: SHOW COLUMNS FROM `new_label` [ RunTime:0.0053s ]
SQL: SELECT `price` FROM `new_label` WHERE `id` = 160 LIMIT 1   [ RunTime:0.0005s ]
SQL: SELECT `price` FROM `new_label` WHERE `id` = 162 LIMIT 1   [ RunTime:0.0004s ]
SQL: SELECT `price` FROM `new_label` WHERE `id` = 163 LIMIT 1   [ RunTime:0.0003s ]
SQL: SELECT `price` FROM `new_label` WHERE `id` = 166 LIMIT 1   [ RunTime:0.0004s ]
SQL: SELECT `price` FROM `new_label` WHERE `id` = 191 LIMIT 1   [ RunTime:0.0003s ]
ERR: {"status":1,"msg":"\u83b7\u53d6\u6210\u529f","data":[{"id":1,"futures_code":"cum","futures_name":"\u6caa\u94dc\u4e3b\u8fde","exchange":"shfe","new_label_id":160,"label_name":"\u6caa\u94dc","ratio":"100.0000","auto_sync":1,"status":1,"add_time":1780239338,"up_time":1780240685,"current_price":"0.00","last_sync_at":"2026-06-04 20:35:39"},{"id":2,"futures_code":"nim","futures_name":"\u6caa\u954d\u4e3b\u8fde","exchange":"shfe","new_label_id":162,"label_name":"\u6caa\u954d","ratio":"1.0000","auto_sync":1,"status":1,"add_time":1780366433,"up_time":1780366443,"current_price":"0.00","last_sync_at":"2026-06-04 20:32:11"},{"id":3,"futures_code":"snm","futures_name":"\u6caa\u9521\u4e3b\u8fde","exchange":"shfe","new_label_id":163,"label_name":"\u6caa\u9521","ratio":"100.0000","auto_sync":0,"status":1,"add_time":1780366480,"up_time":1780366480,"current_price":"437040.00","last_sync_at":"-"},{"id":6,"futures_code":"agm","futures_name":"\u6caa\u94f6\u4e3b\u8fde","exchange":"shfe","new_label_id":166,"label_name":"\u6caa\u94f6","ratio":"100.0000","auto_sync":1,"status":1,"add_time":1780396428,"up_time":1780396428,"current_price":"18522.00","last_sync_at":"2026-06-02 18:33:56"},{"id":7,"futures_code":"lgm","futures_name":"\u539f\u6728\u4e3b\u8fde","exchange":"dce","new_label_id":191,"label_name":"\u5907\u75283","ratio":"100.0000","auto_sync":1,"status":1,"add_time":1780403277,"up_time":1780403277,"current_price":"788.00","last_sync_at":"2026-06-02 20:28:05"}]}

[ 2026-06-04T20:36:25+08:00 ] ::1 /Home/PriceSync/getMaterials.html
INFO: [ app_init ] --START--
INFO: Run Behavior\BuildLiteBehavior [ RunTime:0.000010s ]
INFO: [ app_init ] --END-- [ RunTime:0.000256s ]
INFO: [ app_begin ] --START--
INFO: Run Behavior\ReadHtmlCacheBehavior [ RunTime:0.000091s ]
INFO: [ app_begin ] --END-- [ RunTime:0.000129s ]
SQL: SHOW COLUMNS FROM `new_label` [ RunTime:0.0028s ]
SQL: SELECT `id`,`name` FROM `new_label` WHERE `cate_label_id` = 0 AND `cate_type` = 0  [ RunTime:0.0012s ]
SQL: SELECT * FROM `new_label` WHERE `cate_label_id` IN (3,4,26,30,133,159,184) AND `pid` = 0 ORDER BY cate_label_id asc, id asc  [ RunTime:0.0019s ]
ERR: {"status":1,"msg":"\u83b7\u53d6\u6210\u529f","data":[{"id":5,"cate_label_id":3,"name":"\u73b0\u8d27\u94dc\u4ef7\u57fa\u7840\u503c","cate_type":0,"pid":0,"ratio":"100.000000","price":"94.9000","last_futures_price":"0.0000","last_sync_ratio":"0.000000","last_sync_time":0,"status":1,"is_del":1,"level":0,"add_time":1731588218,"up_time":1731678051,"pid_str":"","pid2":0,"pid2_str":"","ratio2":"100.000000","pid3":0,"pid3_str":"","ratio3":"100.000000","end_ratio":"0.000000","level2":0,"level3":0,"cat_name":"\u5bfc\u4f53\u6750\u6599\u4ef7\u683c22"},{"id":51,"cate_label_id":3,"name":"\u73b0\u8d27\u94dd\u4ef7\u57fa\u7840\u503c","cate_type":0,"pid":0,"ratio":"100.000000","price":"23.0000","last_futures_price":"0.0000","last_sync_ratio":"0.000000","last_sync_time":0,"status":1,"is_del":1,"level":0,"add_time":1731682407,"up_time":1731682407,"pid_str":"","pid2":0,"pid2_str":"","ratio2":"100.000000","pid3":0,"pid3_str":"","ratio3":"100.000000","end_ratio":"0.000000","level2":0,"level3":0,"cat_name":"\u5bfc\u4f53\u6750\u6599\u4ef7\u683c22"},{"id":99,"cate_label_id":3,"name":"\u67b6\u7a7a\u5bfc\u7ebf\u94a2\u4e1d\u4ef7","cate_type":0,"pid":0,"ratio":"0.000000","price":"5.0000","last_futures_price":"0.0000","last_sync_ratio":"0.000000","last_sync_time":0,"status":1,"is_del":1,"level":1,"add_time":1735382759,"up_time":1735382759,"pid_str":"","pid2":0,"pid2_str":"","ratio2":"100.000000","pid3":0,"pid3_str":"","ratio3":"100.000000","end_ratio":"0.000000","level2":1,"level3":1,"cat_name":"\u5bfc\u4f53\u6750\u6599\u4ef7\u683c22"},{"id":94,"cate_label_id":4,"name":"\u9ed1\u4e91\u6bcd\u5e26","cate_type":0,"pid":0,"ratio":"0.000000","price":"38.0000","last_futures_price":"0.0000","last_sync_ratio":"0.000000","last_sync_time":0,"status":1,"is_del":1,"level":0,"add_time":1735321887,"up_time":1735321887,"pid_str":"","pid2":0,"pid2_str":"","ratio2":"100.000000","pid3":0,"pid3_str":"","ratio3":"100.000000","end_ratio":"0.000000","level2":0,"level3":0,"cat_name":"\u4e91\u6bcd\u6750\u6599\u4ef7\u683c"},{"id":27,"cate_label_id":26,"name":"\u4ea4\u8054\u805a\u4e59\u70ef\u4ef7\u683c","cate_type":0,"pid":0,"ratio":"0.000000","price":"12.0000","last_futures_price":"0.0000","last_sync_ratio":"0.000000","last_sync_time":0,"status":1,"is_del":1,"level":0,"add_time":1731673353,"up_time":1731673353,"pid_str":"","pid2":0,"pid2_str":"","ratio2":"100.000000","pid3":0,"pid3_str":"","ratio3":"100.000000","end_ratio":"0.000000","level2":0,"level3":0,"cat_name":"\u7edd\u7f18\u6750\u6599\u4ef7\u683c"},{"id":74,"cate_label_id":26,"name":"PVC\u805a\u6c2f\u4e59\u70ef\u4ef7","cate_type":0,"pid":0,"ratio":"100.000000","price":"7.5000","last_futures_price":"0.0000","last_sync_ratio":"0.000000","last_sync_time":0,"status":1,"is_del":1,"level":0,"add_time":1734582414,"up_time":1734582414,"pid_str":"","pid2":0,"pid2_str":"","ratio2":"100.000000","pid3":0,"pid3_str":"","ratio3":"100.000000","end_ratio":"0.000000","level2":0,"level3":0,"cat_name":"\u7edd\u7f18\u6750\u6599\u4ef7\u683c"},{"id":105,"cate_label_id":30,"name":"\u94a2\u5e26\u4ef7\u683c","cate_type":0,"pid":0,"ratio":"0.000000","price":"4.2000","last_futures_price":"0.0000","last_sync_ratio":"0.000000","last_sync_time":0,"status":1,"is_del":1,"level":0,"add_time":1735400959,"up_time":1735400959,"pid_str":"","pid2":0,"pid2_str":"","ratio2":"100.000000","pid3":0,"pid3_str":"","ratio3":"100.000000","end_ratio":"0.000000","level2":0,"level3":0,"cat_name":"\u91d1\u5c5e\u94e0\u88c5\u6750\u6599"},{"id":134,"cate_label_id":133,"name":"XH-03A-\u77ff\u7528\u62a4\u5957","cate_type":0,"pid":0,"ratio":"0.000000","price":"8.0000","last_futures_price":"0.0000","last_sync_ratio":"0.000000","last_sync_time":0,"status":1,"is_del":1,"level":0,"add_time":1744771398,"up_time":1744771398,"pid_str":"","pid2":0,"pid2_str":"","ratio2":"0.000000","pid3":0,"pid3_str":"","ratio3":"0.000000","end_ratio":"0.000000","level2":0,"level3":0,"cat_name":"\u6a61\u80f6\u7535\u7f06\u6750\u6599\u4ef7\u683c"},{"id":160,"cate_label_id":159,"name":"\u6caa\u94dc","cate_type":0,"pid":0,"ratio":"0.000000","price":"0.0000","last_futures_price":"0.0000","last_sync_ratio":"100.000000","last_sync_time":1780576539,"status":1,"is_del":1,"level":0,"add_time":1772791661,"up_time":1780576539,"pid_str":"","pid2":0,"pid2_str":"","ratio2":"0.000000","pid3":0,"pid3_str":"","ratio3":"0.000000","end_ratio":"0.000000","level2":0,"level3":0,"cat_name":"\u57fa\u7840\u91d1\u5c5e\u5217\u8868"},{"id":161,"cate_label_id":159,"name":"\u6caa\u94dd","cate_type":0,"pid":0,"ratio":"0.000000","price":"24640.0000","last_futures_price":"0.0000","last_sync_ratio":"0.000000","last_sync_time":0,"status":1,"is_del":1,"level":0,"add_time":1775158584,"up_time":1775158584,"pid_str":"","pid2":0,"pid2_str":"","ratio2":"0.000000","pid3":0,"pid3_str":"","ratio3":"0.000000","end_ratio":"0.000000","level2":0,"level3":0,"cat_name":"\u57fa\u7840\u91d1\u5c5e\u5217\u8868"},{"id":162,"cate_label_id":159,"name":"\u6caa\u954d","cate_type":0,"pid":0,"ratio":"0.000000","price":"0.0000","last_futures_price":"0.0000","last_sync_ratio":"1.000000","last_sync_time":1780576331,"status":1,"is_del":1,"level":0,"add_time":1775158650,"up_time":1780576331,"pid_str":"","pid2":0,"pid2_str":"","ratio2":"0.000000","pid3":0,"pid3_str":"","ratio3":"0.000000","end_ratio":"0.000000","level2":0,"level3":0,"cat_name":"\u57fa\u7840\u91d1\u5c5e\u5217\u8868"},{"id":163,"cate_label_id":159,"name":"\u6caa\u9521","cate_type":0,"pid":0,"ratio":"0.000000","price":"437040.0000","last_futures_price":"0.0000","last_sync_ratio":"0.000000","last_sync_time":0,"status":1,"is_del":1,"level":0,"add_time":1775158678,"up_time":1775158678,"pid_str":"","pid2":0,"pid2_str":"","ratio2":"0.000000","pid3":0,"pid3_str":"","ratio3":"0.000000","end_ratio":"0.000000","level2":0,"level3":0,"cat_name":"\u57fa\u7840\u91d1\u5c5e\u5217\u8868"},{"id":164,"cate_label_id":159,"name":"\u6caa\u950c","cate_type":0,"pid":0,"ratio":"0.000000","price":"24640.0000","last_futures_price":"0.0000","last_sync_ratio":"0.000000","last_sync_time":0,"status":1,"is_del":1,"level":0,"add_time":1775158807,"up_time":1775158807,"pid_str":"","pid2":0,"pid2_str":"","ratio2":"0.000000","pid3":0,"pid3_str":"","ratio3":"0.000000","end_ratio":"0.000000","level2":0,"level3":0,"cat_name":"\u57fa\u7840\u91d1\u5c5e\u5217\u8868"},{"id":165,"cate_label_id":159,"name":"\u4e0d\u9508\u94a2","cate_type":0,"pid":0,"ratio":"0.000000","price":"15065.0000","last_futures_price":"0.0000","last_sync_ratio":"0.000000","last_sync_time":0,"status":1,"is_del":1,"level":0,"add_time":1775158827,"up_time":1775158827,"pid_str":"","pid2":0,"pid2_str":"","ratio2":"0.000000","pid3":0,"pid3_str":"","ratio3":"0.000000","end_ratio":"0.000000","level2":0,"level3":0,"cat_name":"\u57fa\u7840\u91d1\u5c5e\u5217\u8868"},{"id":166,"cate_label_id":159,"name":"\u6caa\u94f6","cate_type":0,"pid":0,"ratio":"0.000000","price":"18522.0000","last_futures_price":"18522.0000","last_sync_ratio":"100.000000","last_sync_time":1780396436,"status":1,"is_del":1,"level":0,"add_time":1775158945,"up_time":1780396436,"pid_str":"","pid2":0,"pid2_str":"","ratio2":"0.000000","pid3":0,"pid3_str":"","ratio3":"0.000000","end_ratio":"0.000000","level2":0,"level3":0,"cat_name":"\u57fa\u7840\u91d1\u5c5e\u5217\u8868"},{"id":167,"cate_label_id":159,"name":"\u6caa\u91d1","cate_type":0,"pid":0,"ratio":"0.000000","price":"1027.1000","last_futures_price":"0.0000","last_sync_ratio":"0.000000","last_sync_time":0,"status":1,"is_del":1,"level":0,"add_time":1775159038,"up_time":1775159038,"pid_str":"","pid2":0,"pid2_str":"","ratio2":"0.000000","pid3":0,"pid3_str":"","ratio3":"0.000000","end_ratio":"0.000000","level2":0,"level3":0,"cat_name":"\u57fa\u7840\u91d1\u5c5e\u5217\u8868"},{"id":168,"cate_label_id":159,"name":"\u7845\u94c1","cate_type":0,"pid":0,"ratio":"0.000000","price":"5762.0000","last_futures_price":"0.0000","last_sync_ratio":"0.000000","last_sync_time":0,"status":1,"is_del":1,"level":0,"add_time":1775159058,"up_time":1775159058,"pid_str":"","pid2":0,"pid2_str":"","ratio2":"0.000000","pid3":0,"pid3_str":"","ratio3":"0.000000","end_ratio":"0.000000","level2":0,"level3":0,"cat_name":"\u57fa\u7840\u91d1\u5c5e\u5217\u8868"},{"id":169,"cate_label_id":159,"name":"\u94c1\u77ff\u77f3","cate_type":0,"pid":0,"ratio":"0.000000","price":"815.5000","last_futures_price":"0.0000","last_sync_ratio":"0.000000","last_sync_time":0,"status":1,"is_del":1,"level":0,"add_time":1775159155,"up_time":1775159155,"pid_str":"","pid2":0,"pid2_str":"","ratio2":"0.000000","pid3":0,"pid3_str":"","ratio3":"0.000000","end_ratio":"0.000000","level2":0,"level3":0,"cat_name":"\u57fa\u7840\u91d1\u5c5e\u5217\u8868"},{"id":170,"cate_label_id":159,"name":"\u87ba\u7eb9\u94a2","cate_type":0,"pid":0,"ratio":"0.000000","price":"3249.0000","last_futures_price":"0.0000","last_sync_ratio":"0.000000","last_sync_time":0,"status":1,"is_del":1,"level":0,"add_time":1775159188,"up_time":1775159188,"pid_str":"","pid2":0,"pid2_str":"","ratio2":"0.000000","pid3":0,"pid3_str":"","ratio3":"0.000000","end_ratio":"0.000000","level2":0,"level3":0,"cat_name":"\u57fa\u7840\u91d1\u5c5e\u5217\u8868"},{"id":171,"cate_label_id":159,"name":"\u70ed\u5377","cate_type":0,"pid":0,"ratio":"0.000000","price":"3468.0000","last_futures_price":"0.0000","last_sync_ratio":"0.000000","last_sync_time":0,"status":1,"is_del":1,"level":0,"add_time":1775159363,"up_time":1775159363,"pid_str":"","pid2":0,"pid2_str":"","ratio2":"0.000000","pid3":0,"pid3_str":"","ratio3":"0.000000","end_ratio":"0.000000","level2":0,"level3":0,"cat_name":"\u57fa\u7840\u91d1\u5c5e\u5217\u8868"},{"id":172,"cate_label_id":159,"name":"\u9530\u7845","cate_type":0,"pid":0,"ratio":"0.000000","price":"5878.0000","last_futures_price":"0.0000","last_sync_ratio":"0.000000","last_sync_time":0,"status":1,"is_del":1,"level":0,"add_time":1775159401,"up_time":1775159401,"pid_str":"","pid2":0,"pid2_str":"","ratio2":"0.000000","pid3":0,"pid3_str":"","ratio3":"0.000000","end_ratio":"0.000000","level2":0,"level3":0,"cat_name":"\u57fa\u7840\u91d1\u5c5e\u5217\u8868"},{"id":173,"cate_label_id":159,"name":"\u94c2\u91d1","cate_type":0,"pid":0,"ratio":"0.000000","price":"2141.4000","last_futures_price":"0.0000","last_sync_ratio":"0.000000","last_sync_time":0,"status":1,"is_del":1,"level":0,"add_time":1775159416,"up_time":1775159416,"pid_str":"","pid2":0,"pid2_str":"","ratio2":"0.000000","pid3":0,"pid3_str":"","ratio3":"0.000000","end_ratio":"0.000000","level2":0,"level3":0,"cat_name":"\u57fa\u7840\u91d1\u5c5e\u5217\u8868"},{"id":174,"cate_label_id":159,"name":"\u94af\u91d1","cate_type":0,"pid":0,"ratio":"0.000000","price":"1508.0000","last_futures_price":"0.0000","last_sync_ratio":"0.000000","last_sync_time":0,"status":1,"is_del":1,"level":0,"add_time":1775159431,"up_time":1775159431,"pid_str":"","pid2":0,"pid2_str":"","ratio2":"0.000000","pid3":0,"pid3_str":"","ratio3":"0.000000","end_ratio":"0.000000","level2":0,"level3":0,"cat_name":"\u57fa\u7840\u91d1\u5c5e\u5217\u8868"},{"id":175,"cate_label_id":159,"name":"\u5de5\u4e1a\u7845","cate_type":0,"pid":0,"ratio":"0.000000","price":"8795.0000","last_futures_price":"0.0000","last_sync_ratio":"0.000000","last_sync_time":0,"status":1,"is_del":1,"level":0,"add_time":1775159442,"up_time":1775159442,"pid_str":"","pid2":0,"pid2_str":"","ratio2":"0.000000","pid3":0,"pid3_str":"","ratio3":"0.000000","end_ratio":"0.000000","level2":0,"level3":0,"cat_name":"\u57fa\u7840\u91d1\u5c5e\u5217\u8868"},{"id":176,"cate_label_id":159,"name":"\u94dd\u5408\u91d1","cate_type":0,"pid":0,"ratio":"0.000000","price":"23255.0000","last_futures_price":"0.0000","last_sync_ratio":"0.000000","last_sync_time":0,"status":1,"is_del":1,"level":0,"add_time":1775159467,"up_time":1775159467,"pid_str":"","pid2":0,"pid2_str":"","ratio2":"0.000000","pid3":0,"pid3_str":"","ratio3":"0.000000","end_ratio":"0.000000","level2":0,"level3":0,"cat_name":"\u57fa\u7840\u91d1\u5c5e\u5217\u8868"},{"id":177,"cate_label_id":159,"name":"\u6c27\u5316\u94dd","cate_type":0,"pid":0,"ratio":"0.000000","price":"2776.0000","last_futures_price":"0.0000","last_sync_ratio":"0.000000","last_sync_time":0,"status":1,"is_del":1,"level":0,"add_time":1775159483,"up_time":1775159483,"pid_str":"","pid2":0,"pid2_str":"","ratio2":"0.000000","pid3":0,"pid3_str":"","ratio3":"0.000000","end_ratio":"0.000000","level2":0,"level3":0,"cat_name":"\u57fa\u7840\u91d1\u5c5e\u5217\u8868"},{"id":178,"cate_label_id":159,"name":"\u7ebf\u6750","cate_type":0,"pid":0,"ratio":"0.000000","price":"3395.0000","last_futures_price":"0.0000","last_sync_ratio":"0.000000","last_sync_time":0,"status":1,"is_del":1,"level":0,"add_time":1775159497,"up_time":1775159497,"pid_str":"","pid2":0,"pid2_str":"","ratio2":"0.000000","pid3":0,"pid3_str":"","ratio3":"0.000000","end_ratio":"0.000000","level2":0,"level3":0,"cat_name":"\u57fa\u7840\u91d1\u5c5e\u5217\u8868"},{"id":179,"cate_label_id":159,"name":"\u73bb\u7483","cate_type":0,"pid":0,"ratio":"0.000000","price":"1068.0000","last_futures_price":"0.0000","last_sync_ratio":"0.000000","last_sync_time":0,"status":1,"is_del":1,"level":0,"add_time":1775159539,"up_time":1775159539,"pid_str":"","pid2":0,"pid2_str":"","ratio2":"0.000000","pid3":0,"pid3_str":"","ratio3":"0.000000","end_ratio":"0.000000","level2":0,"level3":0,"cat_name":"\u57fa\u7840\u91d1\u5c5e\u5217\u8868"},{"id":180,"cate_label_id":159,"name":"\u91d1\u5c5e\u94ec","cate_type":0,"pid":0,"ratio":"0.000000","price":"91.5000","last_futures_price":"0.0000","last_sync_ratio":"0.000000","last_sync_time":0,"status":1,"is_del":1,"level":0,"add_time":1775159558,"up_time":1775159558,"pid_str":"","pid2":0,"pid2_str":"","ratio2":"0.000000","pid3":0,"pid3_str":"","ratio3":"0.000000","end_ratio":"0.000000","level2":0,"level3":0,"cat_name":"\u57fa\u7840\u91d1\u5c5e\u5217\u8868"},{"id":181,"cate_label_id":159,"name":"\u77f3\u58a8\u70ef","cate_type":0,"pid":0,"ratio":"0.000000","price":"555.0000","last_futures_price":"0.0000","last_sync_ratio":"0.000000","last_sync_time":0,"status":1,"is_del":1,"level":0,"add_time":1775159576,"up_time":1775159576,"pid_str":"","pid2":0,"pid2_str":"","ratio2":"0.000000","pid3":0,"pid3_str":"","ratio3":"0.000000","end_ratio":"0.000000","level2":0,"level3":0,"cat_name":"\u57fa\u7840\u91d1\u5c5e\u5217\u8868"},{"id":182,"cate_label_id":159,"name":"\u91d1\u5c5e\u94b4","cate_type":0,"pid":0,"ratio":"0.000000","price":"989.0000","last_futures_price":"0.0000","last_sync_ratio":"0.000000","last_sync_time":0,"status":1,"is_del":1,"level":0,"add_time":1775159588,"up_time":1775159588,"pid_str":"","pid2":0,"pid2_str":"","ratio2":"0.000000","pid3":0,"pid3_str":"","ratio3":"0.000000","end_ratio":"0.000000","level2":0,"level3":0,"cat_name":"\u57fa\u7840\u91d1\u5c5e\u5217\u8868"},{"id":183,"cate_label_id":159,"name":"\u5f85\u5b9a","cate_type":0,"pid":0,"ratio":"0.000000","price":"91.5000","last_futures_price":"0.0000","last_sync_ratio":"0.000000","last_sync_time":0,"status":1,"is_del":1,"level":0,"add_time":1775160000,"up_time":1775160000,"pid_str":"","pid2":0,"pid2_str":"","ratio2":"0.000000","pid3":0,"pid3_str":"","ratio3":"0.000000","end_ratio":"0.000000","level2":0,"level3":0,"cat_name":"\u57fa\u7840\u91d1\u5c5e\u5217\u8868"},{"id":190,"cate_label_id":159,"name":"\u5907\u75282","cate_type":0,"pid":0,"ratio":"0.000000","price":"2.0000","last_futures_price":"0.0000","last_sync_ratio":"0.000000","last_sync_time":0,"status":1,"is_del":1,"level":1,"add_time":1778617496,"up_time":1778617496,"pid_str":"","pid2":0,"pid2_str":"","ratio2":"0.000000","pid3":0,"pid3_str":"","ratio3":"0.000000","end_ratio":"0.000000","level2":1,"level3":1,"cat_name":"\u57fa\u7840\u91d1\u5c5e\u5217\u8868"},{"id":191,"cate_label_id":159,"name":"\u5907\u75283","cate_type":0,"pid":0,"ratio":"0.000000","price":"788.0000","last_futures_price":"788.0000","last_sync_ratio":"100.000000","last_sync_time":1780403285,"status":1,"is_del":1,"level":1,"add_time":1778617507,"up_time":1780403285,"pid_str":"","pid2":0,"pid2_str":"","ratio2":"0.000000","pid3":0,"pid3_str":"","ratio3":"0.000000","end_ratio":"0.000000","level2":1,"level3":1,"cat_name":"\u57fa\u7840\u91d1\u5c5e\u5217\u8868"},{"id":192,"cate_label_id":159,"name":"\u5907\u75284","cate_type":0,"pid":0,"ratio":"0.000000","price":"4.0000","last_futures_price":"0.0000","last_sync_ratio":"0.000000","last_sync_time":0,"status":1,"is_del":1,"level":1,"add_time":1778617516,"up_time":1778617516,"pid_str":"","pid2":0,"pid2_str":"","ratio2":"0.000000","pid3":0,"pid3_str":"","ratio3":"0.000000","end_ratio":"0.000000","level2":1,"level3":1,"cat_name":"\u57fa\u7840\u91d1\u5c5e\u5217\u8868"},{"id":193,"cate_label_id":159,"name":"\u5907\u75285","cate_type":0,"pid":0,"ratio":"0.000000","price":"5.0000","last_futures_price":"0.0000","last_sync_ratio":"0.000000","last_sync_time":0,"status":1,"is_del":1,"level":1,"add_time":1778617527,"up_time":1778617527,"pid_str":"","pid2":0,"pid2_str":"","ratio2":"0.000000","pid3":0,"pid3_str":"","ratio3":"0.000000","end_ratio":"0.000000","level2":1,"level3":1,"cat_name":"\u57fa\u7840\u91d1\u5c5e\u5217\u8868"},{"id":194,"cate_label_id":159,"name":"\u5907\u75286","cate_type":0,"pid":0,"ratio":"0.000000","price":"6.0000","last_futures_price":"0.0000","last_sync_ratio":"0.000000","last_sync_time":0,"status":1,"is_del":1,"level":1,"add_time":1778617537,"up_time":1778617537,"pid_str":"","pid2":0,"pid2_str":"","ratio2":"0.000000","pid3":0,"pid3_str":"","ratio3":"0.000000","end_ratio":"0.000000","level2":1,"level3":1,"cat_name":"\u57fa\u7840\u91d1\u5c5e\u5217\u8868"},{"id":185,"cate_label_id":184,"name":"\u57fa\u7840\u94dc\u4ef7","cate_type":0,"pid":0,"ratio":"0.000000","price":"96.5000","last_futures_price":"0.0000","last_sync_ratio":"0.000000","last_sync_time":0,"status":1,"is_del":1,"level":1,"add_time":1775216239,"up_time":1775216239,"pid_str":"","pid2":0,"pid2_str":"","ratio2":"0.000000","pid3":0,"pid3_str":"","ratio3":"0.000000","end_ratio":"0.000000","level2":1,"level3":1,"cat_name":"\u5bfc\u4f53\u5206\u7c7b"},{"id":186,"cate_label_id":184,"name":"\u57fa\u7840\u94dd\u4ef7","cate_type":0,"pid":0,"ratio":"0.000000","price":"24.0000","last_futures_price":"0.0000","last_sync_ratio":"0.000000","last_sync_time":0,"status":1,"is_del":1,"level":1,"add_time":1775216251,"up_time":1775216251,"pid_str":"","pid2":0,"pid2_str":"","ratio2":"0.000000","pid3":0,"pid3_str":"","ratio3":"0.000000","end_ratio":"0.000000","level2":1,"level3":1,"cat_name":"\u5bfc\u4f53\u5206\u7c7b"},{"id":187,"cate_label_id":184,"name":"\u57fa\u7840\u94a2\u4ef7","cate_type":0,"pid":0,"ratio":"0.000000","price":"4.5000","last_futures_price":"0.0000","last_sync_ratio":"0.000000","last_sync_time":0,"status":1,"is_del":1,"level":0,"add_time":1775216277,"up_time":1775216277,"pid_str":"","pid2":0,"pid2_str":"","ratio2":"0.000000","pid3":0,"pid3_str":"","ratio3":"0.000000","end_ratio":"0.000000","level2":0,"level3":0,"cat_name":"\u5bfc\u4f53\u5206\u7c7b"},{"id":188,"cate_label_id":184,"name":"\u57fa\u7840\u954d\u4ef7","cate_type":0,"pid":0,"ratio":"0.000000","price":"135.0000","last_futures_price":"0.0000","last_sync_ratio":"0.000000","last_sync_time":0,"status":1,"is_del":1,"level":1,"add_time":1775216322,"up_time":1775216322,"pid_str":"","pid2":0,"pid2_str":"","ratio2":"0.000000","pid3":0,"pid3_str":"","ratio3":"0.000000","end_ratio":"0.000000","level2":1,"level3":1,"cat_name":"\u5bfc\u4f53\u5206\u7c7b"}]}

[ 2026-06-04T20:36:25+08:00 ] ::1 /Home/PriceSync/getQuotes.html
INFO: [ app_init ] --START--
INFO: Run Behavior\BuildLiteBehavior [ RunTime:0.000008s ]
INFO: [ app_init ] --END-- [ RunTime:0.000138s ]
INFO: [ app_begin ] --START--
INFO: Run Behavior\ReadHtmlCacheBehavior [ RunTime:0.000062s ]
INFO: [ app_begin ] --END-- [ RunTime:0.000105s ]
ERR: {"status":1,"msg":"\u83b7\u53d6\u6210\u529f","data":[{"p":11965,"name":"\u751f\u732a\u4e3b\u8fde","dm":"lhm","zde":-90,"zdf":-0.75,"zjsj":12055},{"p":4363,"name":"\u9e21\u86cb\u4e3b\u8fde","dm":"jdm","zde":-27,"zdf":-0.62,"zjsj":4390},{"p":802.5,"name":"\u539f\u6728\u4e3b\u8fde","dm":"lgm","zde":9,"zdf":1.13,"zjsj":793.5},{"p":1280,"name":"\u7ea4\u7ef4\u677f\u4e3b\u8fde","dm":"fbm","zde":-2.5,"zdf":-0.19,"zjsj":1282.5}]}

[ 2026-06-04T20:36:33+08:00 ] ::1 /Home/PriceSync/index
INFO: [ app_init ] --START--
INFO: Run Behavior\BuildLiteBehavior [ RunTime:0.000005s ]
INFO: [ app_init ] --END-- [ RunTime:0.000075s ]
INFO: [ app_begin ] --START--
INFO: Run Behavior\ReadHtmlCacheBehavior [ RunTime:0.000017s ]
INFO: [ app_begin ] --END-- [ RunTime:0.000024s ]

[ 2026-06-04T20:36:33+08:00 ] ::1 /Home/Index/index.html
INFO: [ app_init ] --START--
INFO: Run Behavior\BuildLiteBehavior [ RunTime:0.000003s ]
INFO: [ app_init ] --END-- [ RunTime:0.000020s ]
INFO: [ app_begin ] --START--
INFO: Run Behavior\ReadHtmlCacheBehavior [ RunTime:0.000027s ]
INFO: [ app_begin ] --END-- [ RunTime:0.000077s ]
INFO: [ view_parse ] --START--
INFO: [ template_filter ] --START--
INFO: Run Behavior\ContentReplaceBehavior [ RunTime:0.000016s ]
INFO: [ template_filter ] --END-- [ RunTime:0.000082s ]
INFO: Run Behavior\ParseTemplateBehavior [ RunTime:0.003412s ]
INFO: [ view_parse ] --END-- [ RunTime:0.003435s ]
INFO: [ view_filter ] --START--
INFO: Run Behavior\WriteHtmlCacheBehavior [ RunTime:0.000063s ]
INFO: [ view_filter ] --END-- [ RunTime:0.000069s ]
INFO: [ app_end ] --START--
INFO: Run Behavior\ShowPageTraceBehavior [ RunTime:0.000033s ]
INFO: [ app_end ] --END-- [ RunTime:0.000075s ]

[ 2026-06-04T20:36:39+08:00 ] ::1 /Home/Login/auths.html
INFO: [ app_init ] --START--
INFO: Run Behavior\BuildLiteBehavior [ RunTime:0.000008s ]
INFO: [ app_init ] --END-- [ RunTime:0.000110s ]
INFO: [ app_begin ] --START--
INFO: Run Behavior\ReadHtmlCacheBehavior [ RunTime:0.000045s ]
INFO: [ app_begin ] --END-- [ RunTime:0.000081s ]
SQL: SHOW COLUMNS FROM `sysmanag` [ RunTime:0.0096s ]
SQL: SELECT * FROM `sysmanag` WHERE `name` = 'admin' AND `passwd` = 'e10adc3949ba59abbe56e057f20f883e' LIMIT 1   [ RunTime:0.0019s ]
ERR: {"status":1,"msg":{"id":1,"name":"admin","passwd":"e10adc3949ba59abbe56e057f20f883e","phone":"00000000000","tags":null,"status":1,"times":1601712088},"data":"\/Home\/Users\/index.html"}

[ 2026-06-04T20:36:40+08:00 ] ::1 /Home/Users/index.html
INFO: [ app_init ] --START--
INFO: Run Behavior\BuildLiteBehavior [ RunTime:0.000008s ]
INFO: [ app_init ] --END-- [ RunTime:0.000075s ]
INFO: [ app_begin ] --START--
INFO: Run Behavior\ReadHtmlCacheBehavior [ RunTime:0.000034s ]
INFO: [ app_begin ] --END-- [ RunTime:0.000071s ]
SQL: SHOW COLUMNS FROM `users` [ RunTime:0.0034s ]
SQL: SHOW COLUMNS FROM `users_level` [ RunTime:0.0019s ]
NOTIC: [2] Undefined array key "phone" /Users/gangliu/data/catdesk_workspace/yilan/App/Home/Controller/UsersController.class.php 第 14 行.
NOTIC: [2] Undefined variable $where /Users/gangliu/data/catdesk_workspace/yilan/App/Home/Controller/UsersController.class.php 第 16 行.
SQL: SELECT COUNT(*) AS tp_count FROM `users` LIMIT 1   [ RunTime:0.0362s ]
SQL: SELECT * FROM `users` ORDER BY id desc LIMIT 0,10   [ RunTime:0.0010s ]
SQL: SELECT * FROM `users_level`  [ RunTime:0.0009s ]
INFO: [ view_parse ] --START--
INFO: [ template_filter ] --START--
INFO: Run Behavior\ContentReplaceBehavior [ RunTime:0.000110s ]
INFO: [ template_filter ] --END-- [ RunTime:0.000149s ]
NOTIC: [2] Undefined variable $ac_level /Users/gangliu/data/catdesk_workspace/yilan/App/Runtime/Cache/Home/36f46715bb8856d504e4d62142cd25ea.php 第 215 行.
SQL: SELECT * FROM `users_level` WHERE `id` = 1 LIMIT 1   [ RunTime:0.0006s ]
NOTIC: [2] Undefined variable $ac_level /Users/gangliu/data/catdesk_workspace/yilan/App/Runtime/Cache/Home/36f46715bb8856d504e4d62142cd25ea.php 第 215 行.
SQL: SELECT * FROM `users_level` WHERE `id` = 1 LIMIT 1   [ RunTime:0.0004s ]
NOTIC: [2] Undefined variable $ac_level /Users/gangliu/data/catdesk_workspace/yilan/App/Runtime/Cache/Home/36f46715bb8856d504e4d62142cd25ea.php 第 215 行.
SQL: SELECT * FROM `users_level` WHERE `id` = 1 LIMIT 1   [ RunTime:0.0004s ]
NOTIC: [2] Undefined variable $ac_level /Users/gangliu/data/catdesk_workspace/yilan/App/Runtime/Cache/Home/36f46715bb8856d504e4d62142cd25ea.php 第 215 行.
SQL: SELECT * FROM `users_level` WHERE `id` = 1 LIMIT 1   [ RunTime:0.0005s ]
NOTIC: [2] Undefined variable $ac_level /Users/gangliu/data/catdesk_workspace/yilan/App/Runtime/Cache/Home/36f46715bb8856d504e4d62142cd25ea.php 第 215 行.
SQL: SELECT * FROM `users_level` WHERE `id` = 1 LIMIT 1   [ RunTime:0.0004s ]
NOTIC: [2] Undefined variable $ac_level /Users/gangliu/data/catdesk_workspace/yilan/App/Runtime/Cache/Home/36f46715bb8856d504e4d62142cd25ea.php 第 215 行.
SQL: SELECT * FROM `users_level` WHERE `id` = 1 LIMIT 1   [ RunTime:0.0003s ]
NOTIC: [2] Undefined variable $ac_level /Users/gangliu/data/catdesk_workspace/yilan/App/Runtime/Cache/Home/36f46715bb8856d504e4d62142cd25ea.php 第 215 行.
SQL: SELECT * FROM `users_level` WHERE `id` = 1 LIMIT 1   [ RunTime:0.0006s ]
NOTIC: [2] Undefined variable $ac_level /Users/gangliu/data/catdesk_workspace/yilan/App/Runtime/Cache/Home/36f46715bb8856d504e4d62142cd25ea.php 第 215 行.
SQL: SELECT * FROM `users_level` WHERE `id` = 1 LIMIT 1   [ RunTime:0.0006s ]
NOTIC: [2] Undefined variable $ac_level /Users/gangliu/data/catdesk_workspace/yilan/App/Runtime/Cache/Home/36f46715bb8856d504e4d62142cd25ea.php 第 215 行.
SQL: SELECT * FROM `users_level` WHERE `id` = 1 LIMIT 1   [ RunTime:0.0004s ]
NOTIC: [2] Undefined variable $ac_level /Users/gangliu/data/catdesk_workspace/yilan/App/Runtime/Cache/Home/36f46715bb8856d504e4d62142cd25ea.php 第 215 行.
SQL: SELECT * FROM `users_level` WHERE `id` = 1 LIMIT 1   [ RunTime:0.0003s ]
INFO: Run Behavior\ParseTemplateBehavior [ RunTime:0.022073s ]
INFO: [ view_parse ] --END-- [ RunTime:0.022108s ]
INFO: [ view_filter ] --START--
INFO: Run Behavior\WriteHtmlCacheBehavior [ RunTime:0.000164s ]
INFO: [ view_filter ] --END-- [ RunTime:0.000176s ]
INFO: [ app_end ] --START--
INFO: Run Behavior\ShowPageTraceBehavior [ RunTime:0.000039s ]
INFO: [ app_end ] --END-- [ RunTime:0.000056s ]

[ 2026-06-04T20:36:44+08:00 ] ::1 /Home/NewLabel/index.html
INFO: [ app_init ] --START--
INFO: Run Behavior\BuildLiteBehavior [ RunTime:0.000009s ]
INFO: [ app_init ] --END-- [ RunTime:0.000081s ]
INFO: [ app_begin ] --START--
INFO: Run Behavior\ReadHtmlCacheBehavior [ RunTime:0.000044s ]
INFO: [ app_begin ] --END-- [ RunTime:0.000076s ]
SQL: SHOW COLUMNS FROM `new_label` [ RunTime:0.0044s ]
SQL: SELECT * FROM `new_label` ORDER BY id asc  [ RunTime:0.0017s ]
INFO: [ view_parse ] --START--
INFO: [ template_filter ] --START--
INFO: Run Behavior\ContentReplaceBehavior [ RunTime:0.000333s ]
INFO: [ template_filter ] --END-- [ RunTime:0.000396s ]
INFO: Run Behavior\ParseTemplateBehavior [ RunTime:0.012780s ]
INFO: [ view_parse ] --END-- [ RunTime:0.012834s ]
INFO: [ view_filter ] --START--
INFO: Run Behavior\WriteHtmlCacheBehavior [ RunTime:0.000109s ]
INFO: [ view_filter ] --END-- [ RunTime:0.000136s ]
INFO: [ app_end ] --START--
INFO: Run Behavior\ShowPageTraceBehavior [ RunTime:0.000058s ]
INFO: [ app_end ] --END-- [ RunTime:0.000083s ]

[ 2026-06-04T20:36:46+08:00 ] ::1 /Home/PriceSync/index
INFO: [ app_init ] --START--
INFO: Run Behavior\BuildLiteBehavior [ RunTime:0.000008s ]
INFO: [ app_init ] --END-- [ RunTime:0.000070s ]
INFO: [ app_begin ] --START--
INFO: Run Behavior\ReadHtmlCacheBehavior [ RunTime:0.000060s ]
INFO: [ app_begin ] --END-- [ RunTime:0.000096s ]
INFO: [ view_parse ] --START--
INFO: [ template_filter ] --START--
INFO: Run Behavior\ContentReplaceBehavior [ RunTime:0.000173s ]
INFO: [ template_filter ] --END-- [ RunTime:0.000218s ]
INFO: Run Behavior\ParseTemplateBehavior [ RunTime:0.007072s ]
INFO: [ view_parse ] --END-- [ RunTime:0.007142s ]
INFO: [ view_filter ] --START--
INFO: Run Behavior\WriteHtmlCacheBehavior [ RunTime:0.000071s ]
INFO: [ view_filter ] --END-- [ RunTime:0.000082s ]
INFO: [ app_end ] --START--
INFO: Run Behavior\ShowPageTraceBehavior [ RunTime:0.000057s ]
INFO: [ app_end ] --END-- [ RunTime:0.000099s ]

[ 2026-06-04T20:36:46+08:00 ] ::1 /Home/PriceSync/getQuotes.html
INFO: [ app_init ] --START--
INFO: Run Behavior\BuildLiteBehavior [ RunTime:0.000006s ]
INFO: [ app_init ] --END-- [ RunTime:0.000051s ]
INFO: [ app_begin ] --START--
INFO: Run Behavior\ReadHtmlCacheBehavior [ RunTime:0.000039s ]
INFO: [ app_begin ] --END-- [ RunTime:0.000073s ]
ERR: {"status":1,"msg":"\u83b7\u53d6\u6210\u529f","data":[{"p":3348,"name":"\u7ebf\u6750\u4e3b\u8fde","dm":"wrm","zde":-19,"zdf":-0.56,"zjsj":3367}]}

[ 2026-06-04T20:36:46+08:00 ] ::1 /Home/PriceSync/getConfigList.html
INFO: [ app_init ] --START--
INFO: Run Behavior\BuildLiteBehavior [ RunTime:0.000003s ]
INFO: [ app_init ] --END-- [ RunTime:0.000037s ]
INFO: [ app_begin ] --START--
INFO: Run Behavior\ReadHtmlCacheBehavior [ RunTime:0.000033s ]
INFO: [ app_begin ] --END-- [ RunTime:0.000066s ]
SQL: SHOW COLUMNS FROM `price_sync_config` [ RunTime:0.0039s ]
SQL: SELECT * FROM `price_sync_config` WHERE `status` = 1 ORDER BY id asc  [ RunTime:0.0008s ]
SQL: SHOW COLUMNS FROM `price_sync_log` [ RunTime:0.0043s ]
SQL: SELECT `config_id`,MAX(add_time) as last_sync_at FROM `price_sync_log` WHERE `config_id` IN (1,2,3,6,7) GROUP BY config_id  [ RunTime:0.0023s ]
SQL: SHOW COLUMNS FROM `new_label` [ RunTime:0.0026s ]
SQL: SELECT `price` FROM `new_label` WHERE `id` = 160 LIMIT 1   [ RunTime:0.0014s ]
SQL: SELECT `price` FROM `new_label` WHERE `id` = 162 LIMIT 1   [ RunTime:0.0007s ]
SQL: SELECT `price` FROM `new_label` WHERE `id` = 163 LIMIT 1   [ RunTime:0.0004s ]
SQL: SELECT `price` FROM `new_label` WHERE `id` = 166 LIMIT 1   [ RunTime:0.0002s ]
SQL: SELECT `price` FROM `new_label` WHERE `id` = 191 LIMIT 1   [ RunTime:0.0003s ]
ERR: {"status":1,"msg":"\u83b7\u53d6\u6210\u529f","data":[{"id":1,"futures_code":"cum","futures_name":"\u6caa\u94dc\u4e3b\u8fde","exchange":"shfe","new_label_id":160,"label_name":"\u6caa\u94dc","ratio":"100.0000","auto_sync":1,"status":1,"add_time":1780239338,"up_time":1780240685,"current_price":"0.00","last_sync_at":"2026-06-04 20:35:39"},{"id":2,"futures_code":"nim","futures_name":"\u6caa\u954d\u4e3b\u8fde","exchange":"shfe","new_label_id":162,"label_name":"\u6caa\u954d","ratio":"1.0000","auto_sync":1,"status":1,"add_time":1780366433,"up_time":1780366443,"current_price":"0.00","last_sync_at":"2026-06-04 20:32:11"},{"id":3,"futures_code":"snm","futures_name":"\u6caa\u9521\u4e3b\u8fde","exchange":"shfe","new_label_id":163,"label_name":"\u6caa\u9521","ratio":"100.0000","auto_sync":0,"status":1,"add_time":1780366480,"up_time":1780366480,"current_price":"437040.00","last_sync_at":"-"},{"id":6,"futures_code":"agm","futures_name":"\u6caa\u94f6\u4e3b\u8fde","exchange":"shfe","new_label_id":166,"label_name":"\u6caa\u94f6","ratio":"100.0000","auto_sync":1,"status":1,"add_time":1780396428,"up_time":1780396428,"current_price":"18522.00","last_sync_at":"2026-06-02 18:33:56"},{"id":7,"futures_code":"lgm","futures_name":"\u539f\u6728\u4e3b\u8fde","exchange":"dce","new_label_id":191,"label_name":"\u5907\u75283","ratio":"100.0000","auto_sync":1,"status":1,"add_time":1780403277,"up_time":1780403277,"current_price":"788.00","last_sync_at":"2026-06-02 20:28:05"}]}

[ 2026-06-04T20:36:46+08:00 ] ::1 /Home/PriceSync/getMaterials.html
INFO: [ app_init ] --START--
INFO: Run Behavior\BuildLiteBehavior [ RunTime:0.000004s ]
INFO: [ app_init ] --END-- [ RunTime:0.000038s ]
INFO: [ app_begin ] --START--
INFO: Run Behavior\ReadHtmlCacheBehavior [ RunTime:0.000024s ]
INFO: [ app_begin ] --END-- [ RunTime:0.000043s ]
SQL: SHOW COLUMNS FROM `new_label` [ RunTime:0.0040s ]
SQL: SELECT `id`,`name` FROM `new_label` WHERE `cate_label_id` = 0 AND `cate_type` = 0  [ RunTime:0.0008s ]
SQL: SELECT * FROM `new_label` WHERE `cate_label_id` IN (3,4,26,30,133,159,184) AND `pid` = 0 ORDER BY cate_label_id asc, id asc  [ RunTime:0.0009s ]
ERR: {"status":1,"msg":"\u83b7\u53d6\u6210\u529f","data":[{"id":5,"cate_label_id":3,"name":"\u73b0\u8d27\u94dc\u4ef7\u57fa\u7840\u503c","cate_type":0,"pid":0,"ratio":"100.000000","price":"94.9000","last_futures_price":"0.0000","last_sync_ratio":"0.000000","last_sync_time":0,"status":1,"is_del":1,"level":0,"add_time":1731588218,"up_time":1731678051,"pid_str":"","pid2":0,"pid2_str":"","ratio2":"100.000000","pid3":0,"pid3_str":"","ratio3":"100.000000","end_ratio":"0.000000","level2":0,"level3":0,"cat_name":"\u5bfc\u4f53\u6750\u6599\u4ef7\u683c22"},{"id":51,"cate_label_id":3,"name":"\u73b0\u8d27\u94dd\u4ef7\u57fa\u7840\u503c","cate_type":0,"pid":0,"ratio":"100.000000","price":"23.0000","last_futures_price":"0.0000","last_sync_ratio":"0.000000","last_sync_time":0,"status":1,"is_del":1,"level":0,"add_time":1731682407,"up_time":1731682407,"pid_str":"","pid2":0,"pid2_str":"","ratio2":"100.000000","pid3":0,"pid3_str":"","ratio3":"100.000000","end_ratio":"0.000000","level2":0,"level3":0,"cat_name":"\u5bfc\u4f53\u6750\u6599\u4ef7\u683c22"},{"id":99,"cate_label_id":3,"name":"\u67b6\u7a7a\u5bfc\u7ebf\u94a2\u4e1d\u4ef7","cate_type":0,"pid":0,"ratio":"0.000000","price":"5.0000","last_futures_price":"0.0000","last_sync_ratio":"0.000000","last_sync_time":0,"status":1,"is_del":1,"level":1,"add_time":1735382759,"up_time":1735382759,"pid_str":"","pid2":0,"pid2_str":"","ratio2":"100.000000","pid3":0,"pid3_str":"","ratio3":"100.000000","end_ratio":"0.000000","level2":1,"level3":1,"cat_name":"\u5bfc\u4f53\u6750\u6599\u4ef7\u683c22"},{"id":94,"cate_label_id":4,"name":"\u9ed1\u4e91\u6bcd\u5e26","cate_type":0,"pid":0,"ratio":"0.000000","price":"38.0000","last_futures_price":"0.0000","last_sync_ratio":"0.000000","last_sync_time":0,"status":1,"is_del":1,"level":0,"add_time":1735321887,"up_time":1735321887,"pid_str":"","pid2":0,"pid2_str":"","ratio2":"100.000000","pid3":0,"pid3_str":"","ratio3":"100.000000","end_ratio":"0.000000","level2":0,"level3":0,"cat_name":"\u4e91\u6bcd\u6750\u6599\u4ef7\u683c"},{"id":27,"cate_label_id":26,"name":"\u4ea4\u8054\u805a\u4e59\u70ef\u4ef7\u683c","cate_type":0,"pid":0,"ratio":"0.000000","price":"12.0000","last_futures_price":"0.0000","last_sync_ratio":"0.000000","last_sync_time":0,"status":1,"is_del":1,"level":0,"add_time":1731673353,"up_time":1731673353,"pid_str":"","pid2":0,"pid2_str":"","ratio2":"100.000000","pid3":0,"pid3_str":"","ratio3":"100.000000","end_ratio":"0.000000","level2":0,"level3":0,"cat_name":"\u7edd\u7f18\u6750\u6599\u4ef7\u683c"},{"id":74,"cate_label_id":26,"name":"PVC\u805a\u6c2f\u4e59\u70ef\u4ef7","cate_type":0,"pid":0,"ratio":"100.000000","price":"7.5000","last_futures_price":"0.0000","last_sync_ratio":"0.000000","last_sync_time":0,"status":1,"is_del":1,"level":0,"add_time":1734582414,"up_time":1734582414,"pid_str":"","pid2":0,"pid2_str":"","ratio2":"100.000000","pid3":0,"pid3_str":"","ratio3":"100.000000","end_ratio":"0.000000","level2":0,"level3":0,"cat_name":"\u7edd\u7f18\u6750\u6599\u4ef7\u683c"},{"id":105,"cate_label_id":30,"name":"\u94a2\u5e26\u4ef7\u683c","cate_type":0,"pid":0,"ratio":"0.000000","price":"4.2000","last_futures_price":"0.0000","last_sync_ratio":"0.000000","last_sync_time":0,"status":1,"is_del":1,"level":0,"add_time":1735400959,"up_time":1735400959,"pid_str":"","pid2":0,"pid2_str":"","ratio2":"100.000000","pid3":0,"pid3_str":"","ratio3":"100.000000","end_ratio":"0.000000","level2":0,"level3":0,"cat_name":"\u91d1\u5c5e\u94e0\u88c5\u6750\u6599"},{"id":134,"cate_label_id":133,"name":"XH-03A-\u77ff\u7528\u62a4\u5957","cate_type":0,"pid":0,"ratio":"0.000000","price":"8.0000","last_futures_price":"0.0000","last_sync_ratio":"0.000000","last_sync_time":0,"status":1,"is_del":1,"level":0,"add_time":1744771398,"up_time":1744771398,"pid_str":"","pid2":0,"pid2_str":"","ratio2":"0.000000","pid3":0,"pid3_str":"","ratio3":"0.000000","end_ratio":"0.000000","level2":0,"level3":0,"cat_name":"\u6a61\u80f6\u7535\u7f06\u6750\u6599\u4ef7\u683c"},{"id":160,"cate_label_id":159,"name":"\u6caa\u94dc","cate_type":0,"pid":0,"ratio":"0.000000","price":"0.0000","last_futures_price":"0.0000","last_sync_ratio":"100.000000","last_sync_time":1780576539,"status":1,"is_del":1,"level":0,"add_time":1772791661,"up_time":1780576539,"pid_str":"","pid2":0,"pid2_str":"","ratio2":"0.000000","pid3":0,"pid3_str":"","ratio3":"0.000000","end_ratio":"0.000000","level2":0,"level3":0,"cat_name":"\u57fa\u7840\u91d1\u5c5e\u5217\u8868"},{"id":161,"cate_label_id":159,"name":"\u6caa\u94dd","cate_type":0,"pid":0,"ratio":"0.000000","price":"24640.0000","last_futures_price":"0.0000","last_sync_ratio":"0.000000","last_sync_time":0,"status":1,"is_del":1,"level":0,"add_time":1775158584,"up_time":1775158584,"pid_str":"","pid2":0,"pid2_str":"","ratio2":"0.000000","pid3":0,"pid3_str":"","ratio3":"0.000000","end_ratio":"0.000000","level2":0,"level3":0,"cat_name":"\u57fa\u7840\u91d1\u5c5e\u5217\u8868"},{"id":162,"cate_label_id":159,"name":"\u6caa\u954d","cate_type":0,"pid":0,"ratio":"0.000000","price":"0.0000","last_futures_price":"0.0000","last_sync_ratio":"1.000000","last_sync_time":1780576331,"status":1,"is_del":1,"level":0,"add_time":1775158650,"up_time":1780576331,"pid_str":"","pid2":0,"pid2_str":"","ratio2":"0.000000","pid3":0,"pid3_str":"","ratio3":"0.000000","end_ratio":"0.000000","level2":0,"level3":0,"cat_name":"\u57fa\u7840\u91d1\u5c5e\u5217\u8868"},{"id":163,"cate_label_id":159,"name":"\u6caa\u9521","cate_type":0,"pid":0,"ratio":"0.000000","price":"437040.0000","last_futures_price":"0.0000","last_sync_ratio":"0.000000","last_sync_time":0,"status":1,"is_del":1,"level":0,"add_time":1775158678,"up_time":1775158678,"pid_str":"","pid2":0,"pid2_str":"","ratio2":"0.000000","pid3":0,"pid3_str":"","ratio3":"0.000000","end_ratio":"0.000000","level2":0,"level3":0,"cat_name":"\u57fa\u7840\u91d1\u5c5e\u5217\u8868"},{"id":164,"cate_label_id":159,"name":"\u6caa\u950c","cate_type":0,"pid":0,"ratio":"0.000000","price":"24640.0000","last_futures_price":"0.0000","last_sync_ratio":"0.000000","last_sync_time":0,"status":1,"is_del":1,"level":0,"add_time":1775158807,"up_time":1775158807,"pid_str":"","pid2":0,"pid2_str":"","ratio2":"0.000000","pid3":0,"pid3_str":"","ratio3":"0.000000","end_ratio":"0.000000","level2":0,"level3":0,"cat_name":"\u57fa\u7840\u91d1\u5c5e\u5217\u8868"},{"id":165,"cate_label_id":159,"name":"\u4e0d\u9508\u94a2","cate_type":0,"pid":0,"ratio":"0.000000","price":"15065.0000","last_futures_price":"0.0000","last_sync_ratio":"0.000000","last_sync_time":0,"status":1,"is_del":1,"level":0,"add_time":1775158827,"up_time":1775158827,"pid_str":"","pid2":0,"pid2_str":"","ratio2":"0.000000","pid3":0,"pid3_str":"","ratio3":"0.000000","end_ratio":"0.000000","level2":0,"level3":0,"cat_name":"\u57fa\u7840\u91d1\u5c5e\u5217\u8868"},{"id":166,"cate_label_id":159,"name":"\u6caa\u94f6","cate_type":0,"pid":0,"ratio":"0.000000","price":"18522.0000","last_futures_price":"18522.0000","last_sync_ratio":"100.000000","last_sync_time":1780396436,"status":1,"is_del":1,"level":0,"add_time":1775158945,"up_time":1780396436,"pid_str":"","pid2":0,"pid2_str":"","ratio2":"0.000000","pid3":0,"pid3_str":"","ratio3":"0.000000","end_ratio":"0.000000","level2":0,"level3":0,"cat_name":"\u57fa\u7840\u91d1\u5c5e\u5217\u8868"},{"id":167,"cate_label_id":159,"name":"\u6caa\u91d1","cate_type":0,"pid":0,"ratio":"0.000000","price":"1027.1000","last_futures_price":"0.0000","last_sync_ratio":"0.000000","last_sync_time":0,"status":1,"is_del":1,"level":0,"add_time":1775159038,"up_time":1775159038,"pid_str":"","pid2":0,"pid2_str":"","ratio2":"0.000000","pid3":0,"pid3_str":"","ratio3":"0.000000","end_ratio":"0.000000","level2":0,"level3":0,"cat_name":"\u57fa\u7840\u91d1\u5c5e\u5217\u8868"},{"id":168,"cate_label_id":159,"name":"\u7845\u94c1","cate_type":0,"pid":0,"ratio":"0.000000","price":"5762.0000","last_futures_price":"0.0000","last_sync_ratio":"0.000000","last_sync_time":0,"status":1,"is_del":1,"level":0,"add_time":1775159058,"up_time":1775159058,"pid_str":"","pid2":0,"pid2_str":"","ratio2":"0.000000","pid3":0,"pid3_str":"","ratio3":"0.000000","end_ratio":"0.000000","level2":0,"level3":0,"cat_name":"\u57fa\u7840\u91d1\u5c5e\u5217\u8868"},{"id":169,"cate_label_id":159,"name":"\u94c1\u77ff\u77f3","cate_type":0,"pid":0,"ratio":"0.000000","price":"815.5000","last_futures_price":"0.0000","last_sync_ratio":"0.000000","last_sync_time":0,"status":1,"is_del":1,"level":0,"add_time":1775159155,"up_time":1775159155,"pid_str":"","pid2":0,"pid2_str":"","ratio2":"0.000000","pid3":0,"pid3_str":"","ratio3":"0.000000","end_ratio":"0.000000","level2":0,"level3":0,"cat_name":"\u57fa\u7840\u91d1\u5c5e\u5217\u8868"},{"id":170,"cate_label_id":159,"name":"\u87ba\u7eb9\u94a2","cate_type":0,"pid":0,"ratio":"0.000000","price":"3249.0000","last_futures_price":"0.0000","last_sync_ratio":"0.000000","last_sync_time":0,"status":1,"is_del":1,"level":0,"add_time":1775159188,"up_time":1775159188,"pid_str":"","pid2":0,"pid2_str":"","ratio2":"0.000000","pid3":0,"pid3_str":"","ratio3":"0.000000","end_ratio":"0.000000","level2":0,"level3":0,"cat_name":"\u57fa\u7840\u91d1\u5c5e\u5217\u8868"},{"id":171,"cate_label_id":159,"name":"\u70ed\u5377","cate_type":0,"pid":0,"ratio":"0.000000","price":"3468.0000","last_futures_price":"0.0000","last_sync_ratio":"0.000000","last_sync_time":0,"status":1,"is_del":1,"level":0,"add_time":1775159363,"up_time":1775159363,"pid_str":"","pid2":0,"pid2_str":"","ratio2":"0.000000","pid3":0,"pid3_str":"","ratio3":"0.000000","end_ratio":"0.000000","level2":0,"level3":0,"cat_name":"\u57fa\u7840\u91d1\u5c5e\u5217\u8868"},{"id":172,"cate_label_id":159,"name":"\u9530\u7845","cate_type":0,"pid":0,"ratio":"0.000000","price":"5878.0000","last_futures_price":"0.0000","last_sync_ratio":"0.000000","last_sync_time":0,"status":1,"is_del":1,"level":0,"add_time":1775159401,"up_time":1775159401,"pid_str":"","pid2":0,"pid2_str":"","ratio2":"0.000000","pid3":0,"pid3_str":"","ratio3":"0.000000","end_ratio":"0.000000","level2":0,"level3":0,"cat_name":"\u57fa\u7840\u91d1\u5c5e\u5217\u8868"},{"id":173,"cate_label_id":159,"name":"\u94c2\u91d1","cate_type":0,"pid":0,"ratio":"0.000000","price":"2141.4000","last_futures_price":"0.0000","last_sync_ratio":"0.000000","last_sync_time":0,"status":1,"is_del":1,"level":0,"add_time":1775159416,"up_time":1775159416,"pid_str":"","pid2":0,"pid2_str":"","ratio2":"0.000000","pid3":0,"pid3_str":"","ratio3":"0.000000","end_ratio":"0.000000","level2":0,"level3":0,"cat_name":"\u57fa\u7840\u91d1\u5c5e\u5217\u8868"},{"id":174,"cate_label_id":159,"name":"\u94af\u91d1","cate_type":0,"pid":0,"ratio":"0.000000","price":"1508.0000","last_futures_price":"0.0000","last_sync_ratio":"0.000000","last_sync_time":0,"status":1,"is_del":1,"level":0,"add_time":1775159431,"up_time":1775159431,"pid_str":"","pid2":0,"pid2_str":"","ratio2":"0.000000","pid3":0,"pid3_str":"","ratio3":"0.000000","end_ratio":"0.000000","level2":0,"level3":0,"cat_name":"\u57fa\u7840\u91d1\u5c5e\u5217\u8868"},{"id":175,"cate_label_id":159,"name":"\u5de5\u4e1a\u7845","cate_type":0,"pid":0,"ratio":"0.000000","price":"8795.0000","last_futures_price":"0.0000","last_sync_ratio":"0.000000","last_sync_time":0,"status":1,"is_del":1,"level":0,"add_time":1775159442,"up_time":1775159442,"pid_str":"","pid2":0,"pid2_str":"","ratio2":"0.000000","pid3":0,"pid3_str":"","ratio3":"0.000000","end_ratio":"0.000000","level2":0,"level3":0,"cat_name":"\u57fa\u7840\u91d1\u5c5e\u5217\u8868"},{"id":176,"cate_label_id":159,"name":"\u94dd\u5408\u91d1","cate_type":0,"pid":0,"ratio":"0.000000","price":"23255.0000","last_futures_price":"0.0000","last_sync_ratio":"0.000000","last_sync_time":0,"status":1,"is_del":1,"level":0,"add_time":1775159467,"up_time":1775159467,"pid_str":"","pid2":0,"pid2_str":"","ratio2":"0.000000","pid3":0,"pid3_str":"","ratio3":"0.000000","end_ratio":"0.000000","level2":0,"level3":0,"cat_name":"\u57fa\u7840\u91d1\u5c5e\u5217\u8868"},{"id":177,"cate_label_id":159,"name":"\u6c27\u5316\u94dd","cate_type":0,"pid":0,"ratio":"0.000000","price":"2776.0000","last_futures_price":"0.0000","last_sync_ratio":"0.000000","last_sync_time":0,"status":1,"is_del":1,"level":0,"add_time":1775159483,"up_time":1775159483,"pid_str":"","pid2":0,"pid2_str":"","ratio2":"0.000000","pid3":0,"pid3_str":"","ratio3":"0.000000","end_ratio":"0.000000","level2":0,"level3":0,"cat_name":"\u57fa\u7840\u91d1\u5c5e\u5217\u8868"},{"id":178,"cate_label_id":159,"name":"\u7ebf\u6750","cate_type":0,"pid":0,"ratio":"0.000000","price":"3395.0000","last_futures_price":"0.0000","last_sync_ratio":"0.000000","last_sync_time":0,"status":1,"is_del":1,"level":0,"add_time":1775159497,"up_time":1775159497,"pid_str":"","pid2":0,"pid2_str":"","ratio2":"0.000000","pid3":0,"pid3_str":"","ratio3":"0.000000","end_ratio":"0.000000","level2":0,"level3":0,"cat_name":"\u57fa\u7840\u91d1\u5c5e\u5217\u8868"},{"id":179,"cate_label_id":159,"name":"\u73bb\u7483","cate_type":0,"pid":0,"ratio":"0.000000","price":"1068.0000","last_futures_price":"0.0000","last_sync_ratio":"0.000000","last_sync_time":0,"status":1,"is_del":1,"level":0,"add_time":1775159539,"up_time":1775159539,"pid_str":"","pid2":0,"pid2_str":"","ratio2":"0.000000","pid3":0,"pid3_str":"","ratio3":"0.000000","end_ratio":"0.000000","level2":0,"level3":0,"cat_name":"\u57fa\u7840\u91d1\u5c5e\u5217\u8868"},{"id":180,"cate_label_id":159,"name":"\u91d1\u5c5e\u94ec","cate_type":0,"pid":0,"ratio":"0.000000","price":"91.5000","last_futures_price":"0.0000","last_sync_ratio":"0.000000","last_sync_time":0,"status":1,"is_del":1,"level":0,"add_time":1775159558,"up_time":1775159558,"pid_str":"","pid2":0,"pid2_str":"","ratio2":"0.000000","pid3":0,"pid3_str":"","ratio3":"0.000000","end_ratio":"0.000000","level2":0,"level3":0,"cat_name":"\u57fa\u7840\u91d1\u5c5e\u5217\u8868"},{"id":181,"cate_label_id":159,"name":"\u77f3\u58a8\u70ef","cate_type":0,"pid":0,"ratio":"0.000000","price":"555.0000","last_futures_price":"0.0000","last_sync_ratio":"0.000000","last_sync_time":0,"status":1,"is_del":1,"level":0,"add_time":1775159576,"up_time":1775159576,"pid_str":"","pid2":0,"pid2_str":"","ratio2":"0.000000","pid3":0,"pid3_str":"","ratio3":"0.000000","end_ratio":"0.000000","level2":0,"level3":0,"cat_name":"\u57fa\u7840\u91d1\u5c5e\u5217\u8868"},{"id":182,"cate_label_id":159,"name":"\u91d1\u5c5e\u94b4","cate_type":0,"pid":0,"ratio":"0.000000","price":"989.0000","last_futures_price":"0.0000","last_sync_ratio":"0.000000","last_sync_time":0,"status":1,"is_del":1,"level":0,"add_time":1775159588,"up_time":1775159588,"pid_str":"","pid2":0,"pid2_str":"","ratio2":"0.000000","pid3":0,"pid3_str":"","ratio3":"0.000000","end_ratio":"0.000000","level2":0,"level3":0,"cat_name":"\u57fa\u7840\u91d1\u5c5e\u5217\u8868"},{"id":183,"cate_label_id":159,"name":"\u5f85\u5b9a","cate_type":0,"pid":0,"ratio":"0.000000","price":"91.5000","last_futures_price":"0.0000","last_sync_ratio":"0.000000","last_sync_time":0,"status":1,"is_del":1,"level":0,"add_time":1775160000,"up_time":1775160000,"pid_str":"","pid2":0,"pid2_str":"","ratio2":"0.000000","pid3":0,"pid3_str":"","ratio3":"0.000000","end_ratio":"0.000000","level2":0,"level3":0,"cat_name":"\u57fa\u7840\u91d1\u5c5e\u5217\u8868"},{"id":190,"cate_label_id":159,"name":"\u5907\u75282","cate_type":0,"pid":0,"ratio":"0.000000","price":"2.0000","last_futures_price":"0.0000","last_sync_ratio":"0.000000","last_sync_time":0,"status":1,"is_del":1,"level":1,"add_time":1778617496,"up_time":1778617496,"pid_str":"","pid2":0,"pid2_str":"","ratio2":"0.000000","pid3":0,"pid3_str":"","ratio3":"0.000000","end_ratio":"0.000000","level2":1,"level3":1,"cat_name":"\u57fa\u7840\u91d1\u5c5e\u5217\u8868"},{"id":191,"cate_label_id":159,"name":"\u5907\u75283","cate_type":0,"pid":0,"ratio":"0.000000","price":"788.0000","last_futures_price":"788.0000","last_sync_ratio":"100.000000","last_sync_time":1780403285,"status":1,"is_del":1,"level":1,"add_time":1778617507,"up_time":1780403285,"pid_str":"","pid2":0,"pid2_str":"","ratio2":"0.000000","pid3":0,"pid3_str":"","ratio3":"0.000000","end_ratio":"0.000000","level2":1,"level3":1,"cat_name":"\u57fa\u7840\u91d1\u5c5e\u5217\u8868"},{"id":192,"cate_label_id":159,"name":"\u5907\u75284","cate_type":0,"pid":0,"ratio":"0.000000","price":"4.0000","last_futures_price":"0.0000","last_sync_ratio":"0.000000","last_sync_time":0,"status":1,"is_del":1,"level":1,"add_time":1778617516,"up_time":1778617516,"pid_str":"","pid2":0,"pid2_str":"","ratio2":"0.000000","pid3":0,"pid3_str":"","ratio3":"0.000000","end_ratio":"0.000000","level2":1,"level3":1,"cat_name":"\u57fa\u7840\u91d1\u5c5e\u5217\u8868"},{"id":193,"cate_label_id":159,"name":"\u5907\u75285","cate_type":0,"pid":0,"ratio":"0.000000","price":"5.0000","last_futures_price":"0.0000","last_sync_ratio":"0.000000","last_sync_time":0,"status":1,"is_del":1,"level":1,"add_time":1778617527,"up_time":1778617527,"pid_str":"","pid2":0,"pid2_str":"","ratio2":"0.000000","pid3":0,"pid3_str":"","ratio3":"0.000000","end_ratio":"0.000000","level2":1,"level3":1,"cat_name":"\u57fa\u7840\u91d1\u5c5e\u5217\u8868"},{"id":194,"cate_label_id":159,"name":"\u5907\u75286","cate_type":0,"pid":0,"ratio":"0.000000","price":"6.0000","last_futures_price":"0.0000","last_sync_ratio":"0.000000","last_sync_time":0,"status":1,"is_del":1,"level":1,"add_time":1778617537,"up_time":1778617537,"pid_str":"","pid2":0,"pid2_str":"","ratio2":"0.000000","pid3":0,"pid3_str":"","ratio3":"0.000000","end_ratio":"0.000000","level2":1,"level3":1,"cat_name":"\u57fa\u7840\u91d1\u5c5e\u5217\u8868"},{"id":185,"cate_label_id":184,"name":"\u57fa\u7840\u94dc\u4ef7","cate_type":0,"pid":0,"ratio":"0.000000","price":"96.5000","last_futures_price":"0.0000","last_sync_ratio":"0.000000","last_sync_time":0,"status":1,"is_del":1,"level":1,"add_time":1775216239,"up_time":1775216239,"pid_str":"","pid2":0,"pid2_str":"","ratio2":"0.000000","pid3":0,"pid3_str":"","ratio3":"0.000000","end_ratio":"0.000000","level2":1,"level3":1,"cat_name":"\u5bfc\u4f53\u5206\u7c7b"},{"id":186,"cate_label_id":184,"name":"\u57fa\u7840\u94dd\u4ef7","cate_type":0,"pid":0,"ratio":"0.000000","price":"24.0000","last_futures_price":"0.0000","last_sync_ratio":"0.000000","last_sync_time":0,"status":1,"is_del":1,"level":1,"add_time":1775216251,"up_time":1775216251,"pid_str":"","pid2":0,"pid2_str":"","ratio2":"0.000000","pid3":0,"pid3_str":"","ratio3":"0.000000","end_ratio":"0.000000","level2":1,"level3":1,"cat_name":"\u5bfc\u4f53\u5206\u7c7b"},{"id":187,"cate_label_id":184,"name":"\u57fa\u7840\u94a2\u4ef7","cate_type":0,"pid":0,"ratio":"0.000000","price":"4.5000","last_futures_price":"0.0000","last_sync_ratio":"0.000000","last_sync_time":0,"status":1,"is_del":1,"level":0,"add_time":1775216277,"up_time":1775216277,"pid_str":"","pid2":0,"pid2_str":"","ratio2":"0.000000","pid3":0,"pid3_str":"","ratio3":"0.000000","end_ratio":"0.000000","level2":0,"level3":0,"cat_name":"\u5bfc\u4f53\u5206\u7c7b"},{"id":188,"cate_label_id":184,"name":"\u57fa\u7840\u954d\u4ef7","cate_type":0,"pid":0,"ratio":"0.000000","price":"135.0000","last_futures_price":"0.0000","last_sync_ratio":"0.000000","last_sync_time":0,"status":1,"is_del":1,"level":1,"add_time":1775216322,"up_time":1775216322,"pid_str":"","pid2":0,"pid2_str":"","ratio2":"0.000000","pid3":0,"pid3_str":"","ratio3":"0.000000","end_ratio":"0.000000","level2":1,"level3":1,"cat_name":"\u5bfc\u4f53\u5206\u7c7b"}]}

[ 2026-06-04T20:36:46+08:00 ] ::1 /Home/PriceSync/getQuotes.html
INFO: [ app_init ] --START--
INFO: Run Behavior\BuildLiteBehavior [ RunTime:0.000004s ]
INFO: [ app_init ] --END-- [ RunTime:0.000043s ]
INFO: [ app_begin ] --START--
INFO: Run Behavior\ReadHtmlCacheBehavior [ RunTime:0.000017s ]
INFO: [ app_begin ] --END-- [ RunTime:0.000032s ]
ERR: {"status":1,"msg":"\u83b7\u53d6\u6210\u529f","data":[{"p":11965,"name":"\u751f\u732a\u4e3b\u8fde","dm":"lhm","zde":-90,"zdf":-0.75,"zjsj":12055},{"p":4363,"name":"\u9e21\u86cb\u4e3b\u8fde","dm":"jdm","zde":-27,"zdf":-0.62,"zjsj":4390},{"p":802.5,"name":"\u539f\u6728\u4e3b\u8fde","dm":"lgm","zde":9,"zdf":1.13,"zjsj":793.5},{"p":1280,"name":"\u7ea4\u7ef4\u677f\u4e3b\u8fde","dm":"fbm","zde":-2.5,"zdf":-0.19,"zjsj":1282.5}]}

[ 2026-06-04T20:36:51+08:00 ] ::1 /Home/PriceSync/getQuotes.html
INFO: [ app_init ] --START--
INFO: Run Behavior\BuildLiteBehavior [ RunTime:0.000014s ]
INFO: [ app_init ] --END-- [ RunTime:0.000140s ]
INFO: [ app_begin ] --START--
INFO: Run Behavior\ReadHtmlCacheBehavior [ RunTime:0.000071s ]
INFO: [ app_begin ] --END-- [ RunTime:0.000125s ]
ERR: {"status":1,"msg":"\u83b7\u53d6\u6210\u529f","data":[{"p":6068,"name":"\u9530\u7845\u4e3b\u8fde","dm":"SMM","zde":20,"zdf":0.33,"zjsj":6048},{"p":9295,"name":"\u7ea2\u67a3\u4e3b\u8fde","dm":"CJM","zde":-235,"zdf":-2.47,"zjsj":9530},{"p":5946,"name":"\u7845\u94c1\u4e3b\u8fde","dm":"SFM","zde":14,"zdf":0.24,"zjsj":5932},{"p":5984,"name":"\u83dc\u7c7d\u4e3b\u8fde","dm":"RSM","zde":141,"zdf":2.41,"zjsj":5843},{"p":7632,"name":"\u82f9\u679c\u4e3b\u8fde","dm":"APM","zde":-52,"zdf":-0.68,"zjsj":7684},{"p":8196,"name":"\u82b1\u751f\u4e3b\u8fde","dm":"PKM","zde":-10,"zdf":-0.12,"zjsj":8206},{"p":1773,"name":"\u5c3f\u7d20\u4e3b\u8fde","dm":"URM","zde":-32,"zdf":-1.77,"zjsj":1805}]}

[ 2026-06-04T20:36:52+08:00 ] ::1 /Home/PriceSync/getQuotes.html
INFO: [ app_init ] --START--
INFO: Run Behavior\BuildLiteBehavior [ RunTime:0.000007s ]
INFO: [ app_init ] --END-- [ RunTime:0.000066s ]
INFO: [ app_begin ] --START--
INFO: Run Behavior\ReadHtmlCacheBehavior [ RunTime:0.000027s ]
INFO: [ app_begin ] --END-- [ RunTime:0.000046s ]
ERR: {"status":1,"msg":"\u83b7\u53d6\u6210\u529f","data":[{"p":466.85,"name":"\u94c2\u4e3b\u8fde","dm":"ptm","zde":-9.3,"zdf":-1.95,"zjsj":476.15},{"p":313.55,"name":"\u94af\u4e3b\u8fde","dm":"pdm","zde":-12.85,"zdf":-3.94,"zjsj":326.4},{"p":160740,"name":"\u78b3\u9178\u9502\u4e3b\u8fde","dm":"lcm","zde":-7780,"zdf":-4.62,"zjsj":168520},{"p":35515,"name":"\u591a\u6676\u7845\u4e3b\u8fde","dm":"psm","zde":-1430,"zdf":-3.87,"zjsj":36945},{"p":8715,"name":"\u5de5\u4e1a\u7845\u4e3b\u8fde","dm":"sim","zde":-15,"zdf":-0.17,"zjsj":8730}]}

[ 2026-06-04T20:36:53+08:00 ] ::1 /Home/PriceSync/getQuotes.html
INFO: [ app_init ] --START--
INFO: Run Behavior\BuildLiteBehavior [ RunTime:0.000005s ]
INFO: [ app_init ] --END-- [ RunTime:0.000056s ]
INFO: [ app_begin ] --START--
INFO: Run Behavior\ReadHtmlCacheBehavior [ RunTime:0.000025s ]
INFO: [ app_begin ] --END-- [ RunTime:0.000041s ]
ERR: {"status":1,"msg":"\u83b7\u53d6\u6210\u529f","data":[{"p":3679.5,"name":"\u6b27\u7ebf\u96c6\u8fd0\u4e3b\u8fde","dm":"ecm","zde":-46,"zdf":-1.23,"zjsj":3725.5}]}

[ 2026-06-04T20:36:54+08:00 ] ::1 /Home/PriceSync/getQuotes.html
INFO: [ app_init ] --START--
INFO: Run Behavior\BuildLiteBehavior [ RunTime:0.000011s ]
INFO: [ app_init ] --END-- [ RunTime:0.000087s ]
INFO: [ app_begin ] --START--
INFO: Run Behavior\ReadHtmlCacheBehavior [ RunTime:0.000025s ]
INFO: [ app_begin ] --END-- [ RunTime:0.000043s ]
ERR: {"status":1,"msg":"\u83b7\u53d6\u6210\u529f","data":[{"p":106.47,"name":"\u4e94\u503a\u4e3b\u8fde","dm":"TFM","zde":0.055,"zdf":0.05,"zjsj":106.415},{"p":2871.8,"name":"\u4e0a\u8bc1\u4e3b\u8fde","dm":"IHM","zde":-34.8,"zdf":-1.2,"zjsj":2906.6},{"p":8354.8,"name":"\u4e2d\u8bc11000\u80a1\u6307\u4e3b\u8fde","dm":"IMM","zde":-4.6,"zdf":-0.06,"zjsj":8359.4},{"p":8300.2,"name":"\u4e2d\u8bc1500\u80a1\u6307\u4e3b\u8fde","dm":"ICM","zde":-1.6,"zdf":-0.02,"zjsj":8301.8},{"p":109.29,"name":"\u5341\u503a\u4e3b\u8fde","dm":"TM","zde":0.08,"zdf":0.07,"zjsj":109.21},{"p":114.33,"name":"\u4e09\u5341\u503a\u4e3b\u8fde","dm":"TLM","zde":0.31,"zdf":0.27,"zjsj":114.02},{"p":4871,"name":"\u6caa\u6df1\u4e3b\u8fde","dm":"IFM","zde":-32.4,"zdf":-0.66,"zjsj":4903.4},{"p":102.648,"name":"\u4e8c\u503a\u4e3b\u8fde","dm":"TSM","zde":0.01,"zdf":0.01,"zjsj":102.638}]}

[ 2026-06-04T20:36:55+08:00 ] ::1 /Home/PriceSync/getQuotes.html
INFO: [ app_init ] --START--
INFO: Run Behavior\BuildLiteBehavior [ RunTime:0.000008s ]
INFO: [ app_init ] --END-- [ RunTime:0.000072s ]
INFO: [ app_begin ] --START--
INFO: Run Behavior\ReadHtmlCacheBehavior [ RunTime:0.000053s ]
INFO: [ app_begin ] --END-- [ RunTime:0.000089s ]
ERR: {"status":1,"msg":"\u83b7\u53d6\u6210\u529f","data":[{"p":1148,"name":"\u5927\u8c46\u5f53\u6708\u8fde\u7eed","dm":"ZS00Y","zde":-6,"zdf":-0.52,"zjsj":1154},{"p":428.25,"name":"\u7389\u7c73\u5f53\u6708\u8fde\u7eed","dm":"ZC00Y","zde":-3.25,"zdf":-0.75,"zjsj":431.5},{"p":320.7,"name":"\u8c46\u7c95\u5f53\u6708\u8fde\u7eed","dm":"ZM00Y","zde":-0.1,"zdf":-0.03,"zjsj":320.8},{"p":78.26,"name":"\u8c46\u6cb9\u5f53\u6708\u8fde\u7eed","dm":"ZL00Y","zde":-0.45,"zdf":-0.57,"zjsj":78.71},{"p":589.25,"name":"\u5c0f\u9ea6\u5f53\u6708\u8fde\u7eed","dm":"ZW00Y","zde":2,"zdf":0.34,"zjsj":587.25},{"p":325,"name":"\u71d5\u9ea6\u5f53\u6708\u8fde\u7eed","dm":"ZO00Y","zde":-1.5,"zdf":-0.46,"zjsj":326.5},{"p":12.53,"name":"\u7a3b\u8c37\u5f53\u6708\u8fde\u7eed","dm":"ZR00Y","zde":0,"zdf":0,"zjsj":12.53},{"p":1162,"name":"\u8ff7\u4f60\u5927\u8c46\u5f53\u6708\u8fde\u7eed","dm":"XK00Y","zde":-5.25,"zdf":-0.45,"zjsj":1167.25},{"p":453.88,"name":"\u8ff7\u4f60\u7389\u7c73\u5f53\u6708\u8fde\u7eed","dm":"XC00Y","zde":-5.87,"zdf":-1.28,"zjsj":459.75},{"p":589.38,"name":"\u8ff7\u4f60\u5c0f\u9ea6\u5f53\u6708\u8fde\u7eed","dm":"XW00Y","zde":2.13,"zdf":0.36,"zjsj":587.25},{"p":51253,"name":"\u5c0f\u578b\u9053\u6307\u5f53\u6708\u8fde\u7eed","dm":"YM00Y","zde":450,"zdf":0.89,"zjsj":50803},{"p":103.2344,"name":"2\u5e74\u7f8e\u56fd\u503a\u5f53\u6708\u8fde\u7eed","dm":"TU00Y","zde":0.1016,"zdf":0.1,"zjsj":103.1328},{"p":107.1328,"name":"5\u5e74\u7f8e\u56fd\u503a\u5f53\u6708\u8fde\u7eed","dm":"FV00Y","zde":0.2187,"zdf":0.2,"zjsj":106.9141},{"p":109.7188,"name":"10\u5e74\u7f8e\u56fd\u503a\u5f53\u6708\u8fde\u7eed","dm":"TY00Y","zde":0.2657,"zdf":0.24,"zjsj":109.4531},{"p":112.5938,"name":"30\u5e74\u7f8e\u56fd\u503a\u5f53\u6708\u8fde\u7eed","dm":"US00Y","zde":0.5,"zdf":0.45,"zjsj":112.0938},{"p":114.9688,"name":"\u8d85\u56fd\u503a\u5f53\u6708\u8fde\u7eed","dm":"UL00Y","zde":0.5313,"zdf":0.46,"zjsj":114.4375},{"p":92.7,"name":"NYMEX\u539f\u6cb9","dm":"CL00Y","zde":-3.32,"zdf":-3.46,"zjsj":96.02},{"p":3.042,"name":"NYMEX\u6c7d\u6cb9","dm":"RB00Y","zde":-0.0896,"zdf":-2.86,"zjsj":3.1316},{"p":3.28,"name":"\u5929\u7136\u6c14","dm":"NG00Y","zde":0.066,"zdf":2.05,"zjsj":3.214},{"p":3.7507,"name":"NYMEX\u71c3\u6cb9","dm":"HO00Y","zde":-0.0974,"zdf":-2.53,"zjsj":3.8481},{"p":1342.5,"name":"NYMEX\u94af\u91d1","dm":"PA00Y","zde":4.8,"zdf":0.36,"zjsj":1337.7},{"p":1906.6,"name":"NYMEX\u94c2\u91d1","dm":"PL00Y","zde":32,"zdf":1.71,"zjsj":1874.6},{"p":92.675,"name":"\u8ff7\u4f60\u539f\u6cb9","dm":"QM00Y","zde":-3.35,"zdf":-3.49,"zjsj":96.025},{"p":4526.3,"name":"COMEX\u9ec4\u91d1","dm":"GC00Y","zde":59.4,"zdf":1.33,"zjsj":4466.9},{"p":4524.5,"name":"\u8ff7\u4f60\u9ec4\u91d1","dm":"QO00Y","zde":57.5,"zdf":1.29,"zjsj":4467},{"p":4526.3,"name":"\u5fae\u578b\u9ec4\u91d1","dm":"MGC00Y","zde":59.4,"zdf":1.33,"zjsj":4466.9},{"p":6.5315,"name":"COMEX\u94dc","dm":"HG00Y","zde":0.024,"zdf":0.37,"zjsj":6.5075},{"p":74.645,"name":"COMEX\u767d\u94f6","dm":"SI00Y","zde":0.951,"zdf":1.29,"zjsj":73.694},{"p":74.6375,"name":"\u8ff7\u4f60\u767d\u94f6","dm":"QI00Y","zde":0.9375,"zdf":1.27,"zjsj":73.7},{"p":14.28,"name":"\u7cd611\u53f7\u5f53\u6708\u8fde\u7eed","dm":"SB00Y","zde":0.04,"zdf":0.28,"zjsj":14.24},{"p":"-","name":"\u7cd616\u53f7\u5f53\u6708\u8fde\u7eed","dm":"SF00Y","zde":"-","zdf":"-","zjsj":37.5},{"p":80.04,"name":"\u68c9\u82b1\u5f53\u6708\u8fde\u7eed","dm":"CT00Y","zde":-0.47,"zdf":-0.58,"zjsj":80.51},{"p":1069.5,"name":"\u91cd\u67f4\u6cb9\u5f53\u6708\u8fde\u7eed","dm":"G00Y","zde":-36.75,"zdf":-3.32,"zjsj":1106.25},{"p":94.71,"name":"\u5e03\u4f26\u7279\u539f\u6cb9\u5f53\u6708\u8fde\u7eed","dm":"B00Y","zde":-3.1,"zdf":-3.17,"zjsj":97.81},{"p":116.95,"name":"\u5929\u7136\u6c14\u5f53\u6708\u8fde\u7eed","dm":"M00Y","zde":-0.95,"zdf":-0.81,"zjsj":117.9},{"p":431.5,"name":"\u65e5\u6a61\u80f6\u5f53\u6708\u8fde\u7eed","dm":"JRU00Y","zde":3,"zdf":0.7,"zjsj":428.5},{"p":23767,"name":"\u65e5\u9ec4\u91d1\u5f53\u6708\u8fde\u7eed","dm":"JAU00Y","zde":132,"zdf":0.56,"zjsj":23635},{"p":"-","name":"\u65e5\u767d\u94f6\u5f53\u6708\u8fde\u7eed","dm":"JAG00Y","zde":"-","zdf":"-","zjsj":387},{"p":"-","name":"\u65e5\u94af\u91d1\u5f53\u6708\u8fde\u7eed","dm":"JPA00Y","zde":"-","zdf":"-","zjsj":7000},{"p":9650,"name":"\u65e5\u94c2\u91d1\u5f53\u6708\u8fde\u7eed","dm":"JPL00Y","zde":127,"zdf":1.33,"zjsj":9523},{"p":82810,"name":"\u65e5\u539f\u6cb9\u5f53\u6708\u8fde\u7eed","dm":"JCO00Y","zde":-1550,"zdf":-1.84,"zjsj":84360},{"p":"-","name":"\u65e5\u7164\u6cb9\u5f53\u6708\u8fde\u7eed","dm":"JKE00Y","zde":"-","zdf":"-","zjsj":110000},{"p":"-","name":"\u65e5\u6c7d\u6cb9\u5f53\u6708\u8fde\u7eed","dm":"JGL00Y","zde":"-","zdf":"-","zjsj":100000},{"p":15714,"name":"A50\u671f\u6307\u5f53\u6708\u8fde\u7eed","dm":"CN00Y","zde":5,"zdf":0.03,"zjsj":15709},{"p":271,"name":"3\u53f7\u70df\u7247\u80f6\u5f53\u6708\u8fde\u7eed","dm":"RT00Y","zde":-2.7,"zdf":-0.99,"zjsj":273.7},{"p":230,"name":"20\u53f7\u5408\u6210\u80f6\u5f53\u6708\u8fde\u7eed","dm":"TF00Y","zde":-3.7,"zdf":-1.58,"zjsj":233.7},{"p":4602,"name":"\u68d5\u6988\u6cb9\u5f53\u6708\u8fde\u7eed","dm":"MPM00Y","zde":-75,"zdf":-1.6,"zjsj":4677},{"p":13909,"name":"\u7efc\u5408\u94dc03","dm":"LCPT","zde":123.5,"zdf":0.9,"zjsj":13785.5},{"p":3588,"name":"\u7efc\u5408\u950c03","dm":"LZNT","zde":-15.5,"zdf":-0.43,"zjsj":3603.5},{"p":3655,"name":"\u7efc\u5408\u94dd03","dm":"LALT","zde":-42.5,"zdf":-1.15,"zjsj":3697.5},{"p":18585,"name":"\u7efc\u5408\u954d03","dm":"LNKT","zde":-235,"zdf":-1.25,"zjsj":18820},{"p":56000,"name":"\u7efc\u5408\u952103","dm":"LTNT","zde":-1230,"zdf":-2.15,"zjsj":57230},{"p":2018.5,"name":"\u7efc\u5408\u94c503","dm":"LLDT","zde":-2,"zdf":-0.1,"zjsj":2020.5}]}

[ 2026-06-04T20:37:02+08:00 ] ::1 /Home/PriceSync/index
INFO: [ app_init ] --START--
INFO: Run Behavior\BuildLiteBehavior [ RunTime:0.000008s ]
INFO: [ app_init ] --END-- [ RunTime:0.000064s ]
INFO: [ app_begin ] --START--
INFO: Run Behavior\ReadHtmlCacheBehavior [ RunTime:0.000031s ]
INFO: [ app_begin ] --END-- [ RunTime:0.000054s ]
INFO: [ view_parse ] --START--
INFO: [ template_filter ] --START--
INFO: Run Behavior\ContentReplaceBehavior [ RunTime:0.000121s ]
INFO: [ template_filter ] --END-- [ RunTime:0.000152s ]
INFO: Run Behavior\ParseTemplateBehavior [ RunTime:0.004627s ]
INFO: [ view_parse ] --END-- [ RunTime:0.004669s ]
INFO: [ view_filter ] --START--
INFO: Run Behavior\WriteHtmlCacheBehavior [ RunTime:0.000085s ]
INFO: [ view_filter ] --END-- [ RunTime:0.000099s ]
INFO: [ app_end ] --START--
INFO: Run Behavior\ShowPageTraceBehavior [ RunTime:0.000047s ]
INFO: [ app_end ] --END-- [ RunTime:0.000064s ]

[ 2026-06-04T20:37:02+08:00 ] ::1 /Home/PriceSync/getQuotes.html
INFO: [ app_init ] --START--
INFO: Run Behavior\BuildLiteBehavior [ RunTime:0.000004s ]
INFO: [ app_init ] --END-- [ RunTime:0.000042s ]
INFO: [ app_begin ] --START--
INFO: Run Behavior\ReadHtmlCacheBehavior [ RunTime:0.000014s ]
INFO: [ app_begin ] --END-- [ RunTime:0.000031s ]
ERR: {"status":1,"msg":"\u83b7\u53d6\u6210\u529f","data":[{"p":3348,"name":"\u7ebf\u6750\u4e3b\u8fde","dm":"wrm","zde":-19,"zdf":-0.56,"zjsj":3367}]}

[ 2026-06-04T20:37:02+08:00 ] ::1 /Home/PriceSync/getConfigList.html
INFO: [ app_init ] --START--
INFO: Run Behavior\BuildLiteBehavior [ RunTime:0.000005s ]
INFO: [ app_init ] --END-- [ RunTime:0.000041s ]
INFO: [ app_begin ] --START--
INFO: Run Behavior\ReadHtmlCacheBehavior [ RunTime:0.000019s ]
INFO: [ app_begin ] --END-- [ RunTime:0.000033s ]
SQL: SHOW COLUMNS FROM `price_sync_config` [ RunTime:0.0062s ]
SQL: SELECT * FROM `price_sync_config` WHERE `status` = 1 ORDER BY id asc  [ RunTime:0.0009s ]
SQL: SHOW COLUMNS FROM `price_sync_log` [ RunTime:0.0065s ]
SQL: SELECT `config_id`,MAX(add_time) as last_sync_at FROM `price_sync_log` WHERE `config_id` IN (1,2,3,6,7) GROUP BY config_id  [ RunTime:0.0014s ]
SQL: SHOW COLUMNS FROM `new_label` [ RunTime:0.0040s ]
SQL: SELECT `price` FROM `new_label` WHERE `id` = 160 LIMIT 1   [ RunTime:0.0008s ]
SQL: SELECT `price` FROM `new_label` WHERE `id` = 162 LIMIT 1   [ RunTime:0.0008s ]
SQL: SELECT `price` FROM `new_label` WHERE `id` = 163 LIMIT 1   [ RunTime:0.0006s ]
SQL: SELECT `price` FROM `new_label` WHERE `id` = 166 LIMIT 1   [ RunTime:0.0004s ]
SQL: SELECT `price` FROM `new_label` WHERE `id` = 191 LIMIT 1   [ RunTime:0.0005s ]
ERR: {"status":1,"msg":"\u83b7\u53d6\u6210\u529f","data":[{"id":1,"futures_code":"cum","futures_name":"\u6caa\u94dc\u4e3b\u8fde","exchange":"shfe","new_label_id":160,"label_name":"\u6caa\u94dc","ratio":"100.0000","auto_sync":1,"status":1,"add_time":1780239338,"up_time":1780240685,"current_price":"0.00","last_sync_at":"2026-06-04 20:35:39"},{"id":2,"futures_code":"nim","futures_name":"\u6caa\u954d\u4e3b\u8fde","exchange":"shfe","new_label_id":162,"label_name":"\u6caa\u954d","ratio":"1.0000","auto_sync":1,"status":1,"add_time":1780366433,"up_time":1780366443,"current_price":"0.00","last_sync_at":"2026-06-04 20:32:11"},{"id":3,"futures_code":"snm","futures_name":"\u6caa\u9521\u4e3b\u8fde","exchange":"shfe","new_label_id":163,"label_name":"\u6caa\u9521","ratio":"100.0000","auto_sync":0,"status":1,"add_time":1780366480,"up_time":1780366480,"current_price":"437040.00","last_sync_at":"-"},{"id":6,"futures_code":"agm","futures_name":"\u6caa\u94f6\u4e3b\u8fde","exchange":"shfe","new_label_id":166,"label_name":"\u6caa\u94f6","ratio":"100.0000","auto_sync":1,"status":1,"add_time":1780396428,"up_time":1780396428,"current_price":"18522.00","last_sync_at":"2026-06-02 18:33:56"},{"id":7,"futures_code":"lgm","futures_name":"\u539f\u6728\u4e3b\u8fde","exchange":"dce","new_label_id":191,"label_name":"\u5907\u75283","ratio":"100.0000","auto_sync":1,"status":1,"add_time":1780403277,"up_time":1780403277,"current_price":"788.00","last_sync_at":"2026-06-02 20:28:05"}]}

[ 2026-06-04T20:37:02+08:00 ] ::1 /Home/PriceSync/getMaterials.html
INFO: [ app_init ] --START--
INFO: Run Behavior\BuildLiteBehavior [ RunTime:0.000007s ]
INFO: [ app_init ] --END-- [ RunTime:0.000049s ]
INFO: [ app_begin ] --START--
INFO: Run Behavior\ReadHtmlCacheBehavior [ RunTime:0.000049s ]
INFO: [ app_begin ] --END-- [ RunTime:0.000085s ]
SQL: SHOW COLUMNS FROM `new_label` [ RunTime:0.0025s ]
SQL: SELECT `id`,`name` FROM `new_label` WHERE `cate_label_id` = 0 AND `cate_type` = 0  [ RunTime:0.0014s ]
SQL: SELECT * FROM `new_label` WHERE `cate_label_id` IN (3,4,26,30,133,159,184) AND `pid` = 0 ORDER BY cate_label_id asc, id asc  [ RunTime:0.0026s ]
ERR: {"status":1,"msg":"\u83b7\u53d6\u6210\u529f","data":[{"id":5,"cate_label_id":3,"name":"\u73b0\u8d27\u94dc\u4ef7\u57fa\u7840\u503c","cate_type":0,"pid":0,"ratio":"100.000000","price":"94.9000","last_futures_price":"0.0000","last_sync_ratio":"0.000000","last_sync_time":0,"status":1,"is_del":1,"level":0,"add_time":1731588218,"up_time":1731678051,"pid_str":"","pid2":0,"pid2_str":"","ratio2":"100.000000","pid3":0,"pid3_str":"","ratio3":"100.000000","end_ratio":"0.000000","level2":0,"level3":0,"cat_name":"\u5bfc\u4f53\u6750\u6599\u4ef7\u683c22"},{"id":51,"cate_label_id":3,"name":"\u73b0\u8d27\u94dd\u4ef7\u57fa\u7840\u503c","cate_type":0,"pid":0,"ratio":"100.000000","price":"23.0000","last_futures_price":"0.0000","last_sync_ratio":"0.000000","last_sync_time":0,"status":1,"is_del":1,"level":0,"add_time":1731682407,"up_time":1731682407,"pid_str":"","pid2":0,"pid2_str":"","ratio2":"100.000000","pid3":0,"pid3_str":"","ratio3":"100.000000","end_ratio":"0.000000","level2":0,"level3":0,"cat_name":"\u5bfc\u4f53\u6750\u6599\u4ef7\u683c22"},{"id":99,"cate_label_id":3,"name":"\u67b6\u7a7a\u5bfc\u7ebf\u94a2\u4e1d\u4ef7","cate_type":0,"pid":0,"ratio":"0.000000","price":"5.0000","last_futures_price":"0.0000","last_sync_ratio":"0.000000","last_sync_time":0,"status":1,"is_del":1,"level":1,"add_time":1735382759,"up_time":1735382759,"pid_str":"","pid2":0,"pid2_str":"","ratio2":"100.000000","pid3":0,"pid3_str":"","ratio3":"100.000000","end_ratio":"0.000000","level2":1,"level3":1,"cat_name":"\u5bfc\u4f53\u6750\u6599\u4ef7\u683c22"},{"id":94,"cate_label_id":4,"name":"\u9ed1\u4e91\u6bcd\u5e26","cate_type":0,"pid":0,"ratio":"0.000000","price":"38.0000","last_futures_price":"0.0000","last_sync_ratio":"0.000000","last_sync_time":0,"status":1,"is_del":1,"level":0,"add_time":1735321887,"up_time":1735321887,"pid_str":"","pid2":0,"pid2_str":"","ratio2":"100.000000","pid3":0,"pid3_str":"","ratio3":"100.000000","end_ratio":"0.000000","level2":0,"level3":0,"cat_name":"\u4e91\u6bcd\u6750\u6599\u4ef7\u683c"},{"id":27,"cate_label_id":26,"name":"\u4ea4\u8054\u805a\u4e59\u70ef\u4ef7\u683c","cate_type":0,"pid":0,"ratio":"0.000000","price":"12.0000","last_futures_price":"0.0000","last_sync_ratio":"0.000000","last_sync_time":0,"status":1,"is_del":1,"level":0,"add_time":1731673353,"up_time":1731673353,"pid_str":"","pid2":0,"pid2_str":"","ratio2":"100.000000","pid3":0,"pid3_str":"","ratio3":"100.000000","end_ratio":"0.000000","level2":0,"level3":0,"cat_name":"\u7edd\u7f18\u6750\u6599\u4ef7\u683c"},{"id":74,"cate_label_id":26,"name":"PVC\u805a\u6c2f\u4e59\u70ef\u4ef7","cate_type":0,"pid":0,"ratio":"100.000000","price":"7.5000","last_futures_price":"0.0000","last_sync_ratio":"0.000000","last_sync_time":0,"status":1,"is_del":1,"level":0,"add_time":1734582414,"up_time":1734582414,"pid_str":"","pid2":0,"pid2_str":"","ratio2":"100.000000","pid3":0,"pid3_str":"","ratio3":"100.000000","end_ratio":"0.000000","level2":0,"level3":0,"cat_name":"\u7edd\u7f18\u6750\u6599\u4ef7\u683c"},{"id":105,"cate_label_id":30,"name":"\u94a2\u5e26\u4ef7\u683c","cate_type":0,"pid":0,"ratio":"0.000000","price":"4.2000","last_futures_price":"0.0000","last_sync_ratio":"0.000000","last_sync_time":0,"status":1,"is_del":1,"level":0,"add_time":1735400959,"up_time":1735400959,"pid_str":"","pid2":0,"pid2_str":"","ratio2":"100.000000","pid3":0,"pid3_str":"","ratio3":"100.000000","end_ratio":"0.000000","level2":0,"level3":0,"cat_name":"\u91d1\u5c5e\u94e0\u88c5\u6750\u6599"},{"id":134,"cate_label_id":133,"name":"XH-03A-\u77ff\u7528\u62a4\u5957","cate_type":0,"pid":0,"ratio":"0.000000","price":"8.0000","last_futures_price":"0.0000","last_sync_ratio":"0.000000","last_sync_time":0,"status":1,"is_del":1,"level":0,"add_time":1744771398,"up_time":1744771398,"pid_str":"","pid2":0,"pid2_str":"","ratio2":"0.000000","pid3":0,"pid3_str":"","ratio3":"0.000000","end_ratio":"0.000000","level2":0,"level3":0,"cat_name":"\u6a61\u80f6\u7535\u7f06\u6750\u6599\u4ef7\u683c"},{"id":160,"cate_label_id":159,"name":"\u6caa\u94dc","cate_type":0,"pid":0,"ratio":"0.000000","price":"0.0000","last_futures_price":"0.0000","last_sync_ratio":"100.000000","last_sync_time":1780576539,"status":1,"is_del":1,"level":0,"add_time":1772791661,"up_time":1780576539,"pid_str":"","pid2":0,"pid2_str":"","ratio2":"0.000000","pid3":0,"pid3_str":"","ratio3":"0.000000","end_ratio":"0.000000","level2":0,"level3":0,"cat_name":"\u57fa\u7840\u91d1\u5c5e\u5217\u8868"},{"id":161,"cate_label_id":159,"name":"\u6caa\u94dd","cate_type":0,"pid":0,"ratio":"0.000000","price":"24640.0000","last_futures_price":"0.0000","last_sync_ratio":"0.000000","last_sync_time":0,"status":1,"is_del":1,"level":0,"add_time":1775158584,"up_time":1775158584,"pid_str":"","pid2":0,"pid2_str":"","ratio2":"0.000000","pid3":0,"pid3_str":"","ratio3":"0.000000","end_ratio":"0.000000","level2":0,"level3":0,"cat_name":"\u57fa\u7840\u91d1\u5c5e\u5217\u8868"},{"id":162,"cate_label_id":159,"name":"\u6caa\u954d","cate_type":0,"pid":0,"ratio":"0.000000","price":"0.0000","last_futures_price":"0.0000","last_sync_ratio":"1.000000","last_sync_time":1780576331,"status":1,"is_del":1,"level":0,"add_time":1775158650,"up_time":1780576331,"pid_str":"","pid2":0,"pid2_str":"","ratio2":"0.000000","pid3":0,"pid3_str":"","ratio3":"0.000000","end_ratio":"0.000000","level2":0,"level3":0,"cat_name":"\u57fa\u7840\u91d1\u5c5e\u5217\u8868"},{"id":163,"cate_label_id":159,"name":"\u6caa\u9521","cate_type":0,"pid":0,"ratio":"0.000000","price":"437040.0000","last_futures_price":"0.0000","last_sync_ratio":"0.000000","last_sync_time":0,"status":1,"is_del":1,"level":0,"add_time":1775158678,"up_time":1775158678,"pid_str":"","pid2":0,"pid2_str":"","ratio2":"0.000000","pid3":0,"pid3_str":"","ratio3":"0.000000","end_ratio":"0.000000","level2":0,"level3":0,"cat_name":"\u57fa\u7840\u91d1\u5c5e\u5217\u8868"},{"id":164,"cate_label_id":159,"name":"\u6caa\u950c","cate_type":0,"pid":0,"ratio":"0.000000","price":"24640.0000","last_futures_price":"0.0000","last_sync_ratio":"0.000000","last_sync_time":0,"status":1,"is_del":1,"level":0,"add_time":1775158807,"up_time":1775158807,"pid_str":"","pid2":0,"pid2_str":"","ratio2":"0.000000","pid3":0,"pid3_str":"","ratio3":"0.000000","end_ratio":"0.000000","level2":0,"level3":0,"cat_name":"\u57fa\u7840\u91d1\u5c5e\u5217\u8868"},{"id":165,"cate_label_id":159,"name":"\u4e0d\u9508\u94a2","cate_type":0,"pid":0,"ratio":"0.000000","price":"15065.0000","last_futures_price":"0.0000","last_sync_ratio":"0.000000","last_sync_time":0,"status":1,"is_del":1,"level":0,"add_time":1775158827,"up_time":1775158827,"pid_str":"","pid2":0,"pid2_str":"","ratio2":"0.000000","pid3":0,"pid3_str":"","ratio3":"0.000000","end_ratio":"0.000000","level2":0,"level3":0,"cat_name":"\u57fa\u7840\u91d1\u5c5e\u5217\u8868"},{"id":166,"cate_label_id":159,"name":"\u6caa\u94f6","cate_type":0,"pid":0,"ratio":"0.000000","price":"18522.0000","last_futures_price":"18522.0000","last_sync_ratio":"100.000000","last_sync_time":1780396436,"status":1,"is_del":1,"level":0,"add_time":1775158945,"up_time":1780396436,"pid_str":"","pid2":0,"pid2_str":"","ratio2":"0.000000","pid3":0,"pid3_str":"","ratio3":"0.000000","end_ratio":"0.000000","level2":0,"level3":0,"cat_name":"\u57fa\u7840\u91d1\u5c5e\u5217\u8868"},{"id":167,"cate_label_id":159,"name":"\u6caa\u91d1","cate_type":0,"pid":0,"ratio":"0.000000","price":"1027.1000","last_futures_price":"0.0000","last_sync_ratio":"0.000000","last_sync_time":0,"status":1,"is_del":1,"level":0,"add_time":1775159038,"up_time":1775159038,"pid_str":"","pid2":0,"pid2_str":"","ratio2":"0.000000","pid3":0,"pid3_str":"","ratio3":"0.000000","end_ratio":"0.000000","level2":0,"level3":0,"cat_name":"\u57fa\u7840\u91d1\u5c5e\u5217\u8868"},{"id":168,"cate_label_id":159,"name":"\u7845\u94c1","cate_type":0,"pid":0,"ratio":"0.000000","price":"5762.0000","last_futures_price":"0.0000","last_sync_ratio":"0.000000","last_sync_time":0,"status":1,"is_del":1,"level":0,"add_time":1775159058,"up_time":1775159058,"pid_str":"","pid2":0,"pid2_str":"","ratio2":"0.000000","pid3":0,"pid3_str":"","ratio3":"0.000000","end_ratio":"0.000000","level2":0,"level3":0,"cat_name":"\u57fa\u7840\u91d1\u5c5e\u5217\u8868"},{"id":169,"cate_label_id":159,"name":"\u94c1\u77ff\u77f3","cate_type":0,"pid":0,"ratio":"0.000000","price":"815.5000","last_futures_price":"0.0000","last_sync_ratio":"0.000000","last_sync_time":0,"status":1,"is_del":1,"level":0,"add_time":1775159155,"up_time":1775159155,"pid_str":"","pid2":0,"pid2_str":"","ratio2":"0.000000","pid3":0,"pid3_str":"","ratio3":"0.000000","end_ratio":"0.000000","level2":0,"level3":0,"cat_name":"\u57fa\u7840\u91d1\u5c5e\u5217\u8868"},{"id":170,"cate_label_id":159,"name":"\u87ba\u7eb9\u94a2","cate_type":0,"pid":0,"ratio":"0.000000","price":"3249.0000","last_futures_price":"0.0000","last_sync_ratio":"0.000000","last_sync_time":0,"status":1,"is_del":1,"level":0,"add_time":1775159188,"up_time":1775159188,"pid_str":"","pid2":0,"pid2_str":"","ratio2":"0.000000","pid3":0,"pid3_str":"","ratio3":"0.000000","end_ratio":"0.000000","level2":0,"level3":0,"cat_name":"\u57fa\u7840\u91d1\u5c5e\u5217\u8868"},{"id":171,"cate_label_id":159,"name":"\u70ed\u5377","cate_type":0,"pid":0,"ratio":"0.000000","price":"3468.0000","last_futures_price":"0.0000","last_sync_ratio":"0.000000","last_sync_time":0,"status":1,"is_del":1,"level":0,"add_time":1775159363,"up_time":1775159363,"pid_str":"","pid2":0,"pid2_str":"","ratio2":"0.000000","pid3":0,"pid3_str":"","ratio3":"0.000000","end_ratio":"0.000000","level2":0,"level3":0,"cat_name":"\u57fa\u7840\u91d1\u5c5e\u5217\u8868"},{"id":172,"cate_label_id":159,"name":"\u9530\u7845","cate_type":0,"pid":0,"ratio":"0.000000","price":"5878.0000","last_futures_price":"0.0000","last_sync_ratio":"0.000000","last_sync_time":0,"status":1,"is_del":1,"level":0,"add_time":1775159401,"up_time":1775159401,"pid_str":"","pid2":0,"pid2_str":"","ratio2":"0.000000","pid3":0,"pid3_str":"","ratio3":"0.000000","end_ratio":"0.000000","level2":0,"level3":0,"cat_name":"\u57fa\u7840\u91d1\u5c5e\u5217\u8868"},{"id":173,"cate_label_id":159,"name":"\u94c2\u91d1","cate_type":0,"pid":0,"ratio":"0.000000","price":"2141.4000","last_futures_price":"0.0000","last_sync_ratio":"0.000000","last_sync_time":0,"status":1,"is_del":1,"level":0,"add_time":1775159416,"up_time":1775159416,"pid_str":"","pid2":0,"pid2_str":"","ratio2":"0.000000","pid3":0,"pid3_str":"","ratio3":"0.000000","end_ratio":"0.000000","level2":0,"level3":0,"cat_name":"\u57fa\u7840\u91d1\u5c5e\u5217\u8868"},{"id":174,"cate_label_id":159,"name":"\u94af\u91d1","cate_type":0,"pid":0,"ratio":"0.000000","price":"1508.0000","last_futures_price":"0.0000","last_sync_ratio":"0.000000","last_sync_time":0,"status":1,"is_del":1,"level":0,"add_time":1775159431,"up_time":1775159431,"pid_str":"","pid2":0,"pid2_str":"","ratio2":"0.000000","pid3":0,"pid3_str":"","ratio3":"0.000000","end_ratio":"0.000000","level2":0,"level3":0,"cat_name":"\u57fa\u7840\u91d1\u5c5e\u5217\u8868"},{"id":175,"cate_label_id":159,"name":"\u5de5\u4e1a\u7845","cate_type":0,"pid":0,"ratio":"0.000000","price":"8795.0000","last_futures_price":"0.0000","last_sync_ratio":"0.000000","last_sync_time":0,"status":1,"is_del":1,"level":0,"add_time":1775159442,"up_time":1775159442,"pid_str":"","pid2":0,"pid2_str":"","ratio2":"0.000000","pid3":0,"pid3_str":"","ratio3":"0.000000","end_ratio":"0.000000","level2":0,"level3":0,"cat_name":"\u57fa\u7840\u91d1\u5c5e\u5217\u8868"},{"id":176,"cate_label_id":159,"name":"\u94dd\u5408\u91d1","cate_type":0,"pid":0,"ratio":"0.000000","price":"23255.0000","last_futures_price":"0.0000","last_sync_ratio":"0.000000","last_sync_time":0,"status":1,"is_del":1,"level":0,"add_time":1775159467,"up_time":1775159467,"pid_str":"","pid2":0,"pid2_str":"","ratio2":"0.000000","pid3":0,"pid3_str":"","ratio3":"0.000000","end_ratio":"0.000000","level2":0,"level3":0,"cat_name":"\u57fa\u7840\u91d1\u5c5e\u5217\u8868"},{"id":177,"cate_label_id":159,"name":"\u6c27\u5316\u94dd","cate_type":0,"pid":0,"ratio":"0.000000","price":"2776.0000","last_futures_price":"0.0000","last_sync_ratio":"0.000000","last_sync_time":0,"status":1,"is_del":1,"level":0,"add_time":1775159483,"up_time":1775159483,"pid_str":"","pid2":0,"pid2_str":"","ratio2":"0.000000","pid3":0,"pid3_str":"","ratio3":"0.000000","end_ratio":"0.000000","level2":0,"level3":0,"cat_name":"\u57fa\u7840\u91d1\u5c5e\u5217\u8868"},{"id":178,"cate_label_id":159,"name":"\u7ebf\u6750","cate_type":0,"pid":0,"ratio":"0.000000","price":"3395.0000","last_futures_price":"0.0000","last_sync_ratio":"0.000000","last_sync_time":0,"status":1,"is_del":1,"level":0,"add_time":1775159497,"up_time":1775159497,"pid_str":"","pid2":0,"pid2_str":"","ratio2":"0.000000","pid3":0,"pid3_str":"","ratio3":"0.000000","end_ratio":"0.000000","level2":0,"level3":0,"cat_name":"\u57fa\u7840\u91d1\u5c5e\u5217\u8868"},{"id":179,"cate_label_id":159,"name":"\u73bb\u7483","cate_type":0,"pid":0,"ratio":"0.000000","price":"1068.0000","last_futures_price":"0.0000","last_sync_ratio":"0.000000","last_sync_time":0,"status":1,"is_del":1,"level":0,"add_time":1775159539,"up_time":1775159539,"pid_str":"","pid2":0,"pid2_str":"","ratio2":"0.000000","pid3":0,"pid3_str":"","ratio3":"0.000000","end_ratio":"0.000000","level2":0,"level3":0,"cat_name":"\u57fa\u7840\u91d1\u5c5e\u5217\u8868"},{"id":180,"cate_label_id":159,"name":"\u91d1\u5c5e\u94ec","cate_type":0,"pid":0,"ratio":"0.000000","price":"91.5000","last_futures_price":"0.0000","last_sync_ratio":"0.000000","last_sync_time":0,"status":1,"is_del":1,"level":0,"add_time":1775159558,"up_time":1775159558,"pid_str":"","pid2":0,"pid2_str":"","ratio2":"0.000000","pid3":0,"pid3_str":"","ratio3":"0.000000","end_ratio":"0.000000","level2":0,"level3":0,"cat_name":"\u57fa\u7840\u91d1\u5c5e\u5217\u8868"},{"id":181,"cate_label_id":159,"name":"\u77f3\u58a8\u70ef","cate_type":0,"pid":0,"ratio":"0.000000","price":"555.0000","last_futures_price":"0.0000","last_sync_ratio":"0.000000","last_sync_time":0,"status":1,"is_del":1,"level":0,"add_time":1775159576,"up_time":1775159576,"pid_str":"","pid2":0,"pid2_str":"","ratio2":"0.000000","pid3":0,"pid3_str":"","ratio3":"0.000000","end_ratio":"0.000000","level2":0,"level3":0,"cat_name":"\u57fa\u7840\u91d1\u5c5e\u5217\u8868"},{"id":182,"cate_label_id":159,"name":"\u91d1\u5c5e\u94b4","cate_type":0,"pid":0,"ratio":"0.000000","price":"989.0000","last_futures_price":"0.0000","last_sync_ratio":"0.000000","last_sync_time":0,"status":1,"is_del":1,"level":0,"add_time":1775159588,"up_time":1775159588,"pid_str":"","pid2":0,"pid2_str":"","ratio2":"0.000000","pid3":0,"pid3_str":"","ratio3":"0.000000","end_ratio":"0.000000","level2":0,"level3":0,"cat_name":"\u57fa\u7840\u91d1\u5c5e\u5217\u8868"},{"id":183,"cate_label_id":159,"name":"\u5f85\u5b9a","cate_type":0,"pid":0,"ratio":"0.000000","price":"91.5000","last_futures_price":"0.0000","last_sync_ratio":"0.000000","last_sync_time":0,"status":1,"is_del":1,"level":0,"add_time":1775160000,"up_time":1775160000,"pid_str":"","pid2":0,"pid2_str":"","ratio2":"0.000000","pid3":0,"pid3_str":"","ratio3":"0.000000","end_ratio":"0.000000","level2":0,"level3":0,"cat_name":"\u57fa\u7840\u91d1\u5c5e\u5217\u8868"},{"id":190,"cate_label_id":159,"name":"\u5907\u75282","cate_type":0,"pid":0,"ratio":"0.000000","price":"2.0000","last_futures_price":"0.0000","last_sync_ratio":"0.000000","last_sync_time":0,"status":1,"is_del":1,"level":1,"add_time":1778617496,"up_time":1778617496,"pid_str":"","pid2":0,"pid2_str":"","ratio2":"0.000000","pid3":0,"pid3_str":"","ratio3":"0.000000","end_ratio":"0.000000","level2":1,"level3":1,"cat_name":"\u57fa\u7840\u91d1\u5c5e\u5217\u8868"},{"id":191,"cate_label_id":159,"name":"\u5907\u75283","cate_type":0,"pid":0,"ratio":"0.000000","price":"788.0000","last_futures_price":"788.0000","last_sync_ratio":"100.000000","last_sync_time":1780403285,"status":1,"is_del":1,"level":1,"add_time":1778617507,"up_time":1780403285,"pid_str":"","pid2":0,"pid2_str":"","ratio2":"0.000000","pid3":0,"pid3_str":"","ratio3":"0.000000","end_ratio":"0.000000","level2":1,"level3":1,"cat_name":"\u57fa\u7840\u91d1\u5c5e\u5217\u8868"},{"id":192,"cate_label_id":159,"name":"\u5907\u75284","cate_type":0,"pid":0,"ratio":"0.000000","price":"4.0000","last_futures_price":"0.0000","last_sync_ratio":"0.000000","last_sync_time":0,"status":1,"is_del":1,"level":1,"add_time":1778617516,"up_time":1778617516,"pid_str":"","pid2":0,"pid2_str":"","ratio2":"0.000000","pid3":0,"pid3_str":"","ratio3":"0.000000","end_ratio":"0.000000","level2":1,"level3":1,"cat_name":"\u57fa\u7840\u91d1\u5c5e\u5217\u8868"},{"id":193,"cate_label_id":159,"name":"\u5907\u75285","cate_type":0,"pid":0,"ratio":"0.000000","price":"5.0000","last_futures_price":"0.0000","last_sync_ratio":"0.000000","last_sync_time":0,"status":1,"is_del":1,"level":1,"add_time":1778617527,"up_time":1778617527,"pid_str":"","pid2":0,"pid2_str":"","ratio2":"0.000000","pid3":0,"pid3_str":"","ratio3":"0.000000","end_ratio":"0.000000","level2":1,"level3":1,"cat_name":"\u57fa\u7840\u91d1\u5c5e\u5217\u8868"},{"id":194,"cate_label_id":159,"name":"\u5907\u75286","cate_type":0,"pid":0,"ratio":"0.000000","price":"6.0000","last_futures_price":"0.0000","last_sync_ratio":"0.000000","last_sync_time":0,"status":1,"is_del":1,"level":1,"add_time":1778617537,"up_time":1778617537,"pid_str":"","pid2":0,"pid2_str":"","ratio2":"0.000000","pid3":0,"pid3_str":"","ratio3":"0.000000","end_ratio":"0.000000","level2":1,"level3":1,"cat_name":"\u57fa\u7840\u91d1\u5c5e\u5217\u8868"},{"id":185,"cate_label_id":184,"name":"\u57fa\u7840\u94dc\u4ef7","cate_type":0,"pid":0,"ratio":"0.000000","price":"96.5000","last_futures_price":"0.0000","last_sync_ratio":"0.000000","last_sync_time":0,"status":1,"is_del":1,"level":1,"add_time":1775216239,"up_time":1775216239,"pid_str":"","pid2":0,"pid2_str":"","ratio2":"0.000000","pid3":0,"pid3_str":"","ratio3":"0.000000","end_ratio":"0.000000","level2":1,"level3":1,"cat_name":"\u5bfc\u4f53\u5206\u7c7b"},{"id":186,"cate_label_id":184,"name":"\u57fa\u7840\u94dd\u4ef7","cate_type":0,"pid":0,"ratio":"0.000000","price":"24.0000","last_futures_price":"0.0000","last_sync_ratio":"0.000000","last_sync_time":0,"status":1,"is_del":1,"level":1,"add_time":1775216251,"up_time":1775216251,"pid_str":"","pid2":0,"pid2_str":"","ratio2":"0.000000","pid3":0,"pid3_str":"","ratio3":"0.000000","end_ratio":"0.000000","level2":1,"level3":1,"cat_name":"\u5bfc\u4f53\u5206\u7c7b"},{"id":187,"cate_label_id":184,"name":"\u57fa\u7840\u94a2\u4ef7","cate_type":0,"pid":0,"ratio":"0.000000","price":"4.5000","last_futures_price":"0.0000","last_sync_ratio":"0.000000","last_sync_time":0,"status":1,"is_del":1,"level":0,"add_time":1775216277,"up_time":1775216277,"pid_str":"","pid2":0,"pid2_str":"","ratio2":"0.000000","pid3":0,"pid3_str":"","ratio3":"0.000000","end_ratio":"0.000000","level2":0,"level3":0,"cat_name":"\u5bfc\u4f53\u5206\u7c7b"},{"id":188,"cate_label_id":184,"name":"\u57fa\u7840\u954d\u4ef7","cate_type":0,"pid":0,"ratio":"0.000000","price":"135.0000","last_futures_price":"0.0000","last_sync_ratio":"0.000000","last_sync_time":0,"status":1,"is_del":1,"level":1,"add_time":1775216322,"up_time":1775216322,"pid_str":"","pid2":0,"pid2_str":"","ratio2":"0.000000","pid3":0,"pid3_str":"","ratio3":"0.000000","end_ratio":"0.000000","level2":1,"level3":1,"cat_name":"\u5bfc\u4f53\u5206\u7c7b"}]}

[ 2026-06-04T20:37:03+08:00 ] ::1 /Home/PriceSync/getQuotes.html
INFO: [ app_init ] --START--
INFO: Run Behavior\BuildLiteBehavior [ RunTime:0.000004s ]
INFO: [ app_init ] --END-- [ RunTime:0.000038s ]
INFO: [ app_begin ] --START--
INFO: Run Behavior\ReadHtmlCacheBehavior [ RunTime:0.000020s ]
INFO: [ app_begin ] --END-- [ RunTime:0.000036s ]
ERR: {"status":1,"msg":"\u83b7\u53d6\u6210\u529f","data":[{"p":11965,"name":"\u751f\u732a\u4e3b\u8fde","dm":"lhm","zde":-90,"zdf":-0.75,"zjsj":12055},{"p":4363,"name":"\u9e21\u86cb\u4e3b\u8fde","dm":"jdm","zde":-27,"zdf":-0.62,"zjsj":4390},{"p":802.5,"name":"\u539f\u6728\u4e3b\u8fde","dm":"lgm","zde":9,"zdf":1.13,"zjsj":793.5},{"p":1280,"name":"\u7ea4\u7ef4\u677f\u4e3b\u8fde","dm":"fbm","zde":-2.5,"zdf":-0.19,"zjsj":1282.5}]}

[ 2026-06-04T20:37:03+08:00 ] ::1 /Home/PriceSync/index
INFO: [ app_init ] --START--
INFO: Run Behavior\BuildLiteBehavior [ RunTime:0.000005s ]
INFO: [ app_init ] --END-- [ RunTime:0.000045s ]
INFO: [ app_begin ] --START--
INFO: Run Behavior\ReadHtmlCacheBehavior [ RunTime:0.000053s ]
INFO: [ app_begin ] --END-- [ RunTime:0.000101s ]
INFO: [ view_parse ] --START--
INFO: [ template_filter ] --START--
INFO: Run Behavior\ContentReplaceBehavior [ RunTime:0.000223s ]
INFO: [ template_filter ] --END-- [ RunTime:0.000296s ]
INFO: Run Behavior\ParseTemplateBehavior [ RunTime:0.007426s ]
INFO: [ view_parse ] --END-- [ RunTime:0.007489s ]
INFO: [ view_filter ] --START--
INFO: Run Behavior\WriteHtmlCacheBehavior [ RunTime:0.000102s ]
INFO: [ view_filter ] --END-- [ RunTime:0.000114s ]
INFO: [ app_end ] --START--
INFO: Run Behavior\ShowPageTraceBehavior [ RunTime:0.000021s ]
INFO: [ app_end ] --END-- [ RunTime:0.000029s ]

[ 2026-06-04T20:37:03+08:00 ] ::1 /Home/PriceSync/getQuotes.html
INFO: [ app_init ] --START--
INFO: Run Behavior\BuildLiteBehavior [ RunTime:0.000005s ]
INFO: [ app_init ] --END-- [ RunTime:0.000046s ]
INFO: [ app_begin ] --START--
INFO: Run Behavior\ReadHtmlCacheBehavior [ RunTime:0.000023s ]
INFO: [ app_begin ] --END-- [ RunTime:0.000041s ]
ERR: {"status":1,"msg":"\u83b7\u53d6\u6210\u529f","data":[{"p":3348,"name":"\u7ebf\u6750\u4e3b\u8fde","dm":"wrm","zde":-19,"zdf":-0.56,"zjsj":3367}]}

[ 2026-06-04T20:37:03+08:00 ] ::1 /Home/PriceSync/getConfigList.html
INFO: [ app_init ] --START--
INFO: Run Behavior\BuildLiteBehavior [ RunTime:0.000006s ]
INFO: [ app_init ] --END-- [ RunTime:0.000052s ]
INFO: [ app_begin ] --START--
INFO: Run Behavior\ReadHtmlCacheBehavior [ RunTime:0.000023s ]
INFO: [ app_begin ] --END-- [ RunTime:0.000044s ]
SQL: SHOW COLUMNS FROM `price_sync_config` [ RunTime:0.0028s ]
SQL: SELECT * FROM `price_sync_config` WHERE `status` = 1 ORDER BY id asc  [ RunTime:0.0007s ]
SQL: SHOW COLUMNS FROM `price_sync_log` [ RunTime:0.0021s ]
SQL: SELECT `config_id`,MAX(add_time) as last_sync_at FROM `price_sync_log` WHERE `config_id` IN (1,2,3,6,7) GROUP BY config_id  [ RunTime:0.0014s ]
SQL: SHOW COLUMNS FROM `new_label` [ RunTime:0.0027s ]
SQL: SELECT `price` FROM `new_label` WHERE `id` = 160 LIMIT 1   [ RunTime:0.0005s ]
SQL: SELECT `price` FROM `new_label` WHERE `id` = 162 LIMIT 1   [ RunTime:0.0002s ]
SQL: SELECT `price` FROM `new_label` WHERE `id` = 163 LIMIT 1   [ RunTime:0.0002s ]
SQL: SELECT `price` FROM `new_label` WHERE `id` = 166 LIMIT 1   [ RunTime:0.0002s ]
SQL: SELECT `price` FROM `new_label` WHERE `id` = 191 LIMIT 1   [ RunTime:0.0002s ]
ERR: {"status":1,"msg":"\u83b7\u53d6\u6210\u529f","data":[{"id":1,"futures_code":"cum","futures_name":"\u6caa\u94dc\u4e3b\u8fde","exchange":"shfe","new_label_id":160,"label_name":"\u6caa\u94dc","ratio":"100.0000","auto_sync":1,"status":1,"add_time":1780239338,"up_time":1780240685,"current_price":"0.00","last_sync_at":"2026-06-04 20:35:39"},{"id":2,"futures_code":"nim","futures_name":"\u6caa\u954d\u4e3b\u8fde","exchange":"shfe","new_label_id":162,"label_name":"\u6caa\u954d","ratio":"1.0000","auto_sync":1,"status":1,"add_time":1780366433,"up_time":1780366443,"current_price":"0.00","last_sync_at":"2026-06-04 20:32:11"},{"id":3,"futures_code":"snm","futures_name":"\u6caa\u9521\u4e3b\u8fde","exchange":"shfe","new_label_id":163,"label_name":"\u6caa\u9521","ratio":"100.0000","auto_sync":0,"status":1,"add_time":1780366480,"up_time":1780366480,"current_price":"437040.00","last_sync_at":"-"},{"id":6,"futures_code":"agm","futures_name":"\u6caa\u94f6\u4e3b\u8fde","exchange":"shfe","new_label_id":166,"label_name":"\u6caa\u94f6","ratio":"100.0000","auto_sync":1,"status":1,"add_time":1780396428,"up_time":1780396428,"current_price":"18522.00","last_sync_at":"2026-06-02 18:33:56"},{"id":7,"futures_code":"lgm","futures_name":"\u539f\u6728\u4e3b\u8fde","exchange":"dce","new_label_id":191,"label_name":"\u5907\u75283","ratio":"100.0000","auto_sync":1,"status":1,"add_time":1780403277,"up_time":1780403277,"current_price":"788.00","last_sync_at":"2026-06-02 20:28:05"}]}

[ 2026-06-04T20:37:03+08:00 ] ::1 /Home/PriceSync/getMaterials.html
INFO: [ app_init ] --START--
INFO: Run Behavior\BuildLiteBehavior [ RunTime:0.000005s ]
INFO: [ app_init ] --END-- [ RunTime:0.000043s ]
INFO: [ app_begin ] --START--
INFO: Run Behavior\ReadHtmlCacheBehavior [ RunTime:0.000017s ]
INFO: [ app_begin ] --END-- [ RunTime:0.000031s ]
SQL: SHOW COLUMNS FROM `new_label` [ RunTime:0.0077s ]
SQL: SELECT `id`,`name` FROM `new_label` WHERE `cate_label_id` = 0 AND `cate_type` = 0  [ RunTime:0.0010s ]
SQL: SELECT * FROM `new_label` WHERE `cate_label_id` IN (3,4,26,30,133,159,184) AND `pid` = 0 ORDER BY cate_label_id asc, id asc  [ RunTime:0.0014s ]
ERR: {"status":1,"msg":"\u83b7\u53d6\u6210\u529f","data":[{"id":5,"cate_label_id":3,"name":"\u73b0\u8d27\u94dc\u4ef7\u57fa\u7840\u503c","cate_type":0,"pid":0,"ratio":"100.000000","price":"94.9000","last_futures_price":"0.0000","last_sync_ratio":"0.000000","last_sync_time":0,"status":1,"is_del":1,"level":0,"add_time":1731588218,"up_time":1731678051,"pid_str":"","pid2":0,"pid2_str":"","ratio2":"100.000000","pid3":0,"pid3_str":"","ratio3":"100.000000","end_ratio":"0.000000","level2":0,"level3":0,"cat_name":"\u5bfc\u4f53\u6750\u6599\u4ef7\u683c22"},{"id":51,"cate_label_id":3,"name":"\u73b0\u8d27\u94dd\u4ef7\u57fa\u7840\u503c","cate_type":0,"pid":0,"ratio":"100.000000","price":"23.0000","last_futures_price":"0.0000","last_sync_ratio":"0.000000","last_sync_time":0,"status":1,"is_del":1,"level":0,"add_time":1731682407,"up_time":1731682407,"pid_str":"","pid2":0,"pid2_str":"","ratio2":"100.000000","pid3":0,"pid3_str":"","ratio3":"100.000000","end_ratio":"0.000000","level2":0,"level3":0,"cat_name":"\u5bfc\u4f53\u6750\u6599\u4ef7\u683c22"},{"id":99,"cate_label_id":3,"name":"\u67b6\u7a7a\u5bfc\u7ebf\u94a2\u4e1d\u4ef7","cate_type":0,"pid":0,"ratio":"0.000000","price":"5.0000","last_futures_price":"0.0000","last_sync_ratio":"0.000000","last_sync_time":0,"status":1,"is_del":1,"level":1,"add_time":1735382759,"up_time":1735382759,"pid_str":"","pid2":0,"pid2_str":"","ratio2":"100.000000","pid3":0,"pid3_str":"","ratio3":"100.000000","end_ratio":"0.000000","level2":1,"level3":1,"cat_name":"\u5bfc\u4f53\u6750\u6599\u4ef7\u683c22"},{"id":94,"cate_label_id":4,"name":"\u9ed1\u4e91\u6bcd\u5e26","cate_type":0,"pid":0,"ratio":"0.000000","price":"38.0000","last_futures_price":"0.0000","last_sync_ratio":"0.000000","last_sync_time":0,"status":1,"is_del":1,"level":0,"add_time":1735321887,"up_time":1735321887,"pid_str":"","pid2":0,"pid2_str":"","ratio2":"100.000000","pid3":0,"pid3_str":"","ratio3":"100.000000","end_ratio":"0.000000","level2":0,"level3":0,"cat_name":"\u4e91\u6bcd\u6750\u6599\u4ef7\u683c"},{"id":27,"cate_label_id":26,"name":"\u4ea4\u8054\u805a\u4e59\u70ef\u4ef7\u683c","cate_type":0,"pid":0,"ratio":"0.000000","price":"12.0000","last_futures_price":"0.0000","last_sync_ratio":"0.000000","last_sync_time":0,"status":1,"is_del":1,"level":0,"add_time":1731673353,"up_time":1731673353,"pid_str":"","pid2":0,"pid2_str":"","ratio2":"100.000000","pid3":0,"pid3_str":"","ratio3":"100.000000","end_ratio":"0.000000","level2":0,"level3":0,"cat_name":"\u7edd\u7f18\u6750\u6599\u4ef7\u683c"},{"id":74,"cate_label_id":26,"name":"PVC\u805a\u6c2f\u4e59\u70ef\u4ef7","cate_type":0,"pid":0,"ratio":"100.000000","price":"7.5000","last_futures_price":"0.0000","last_sync_ratio":"0.000000","last_sync_time":0,"status":1,"is_del":1,"level":0,"add_time":1734582414,"up_time":1734582414,"pid_str":"","pid2":0,"pid2_str":"","ratio2":"100.000000","pid3":0,"pid3_str":"","ratio3":"100.000000","end_ratio":"0.000000","level2":0,"level3":0,"cat_name":"\u7edd\u7f18\u6750\u6599\u4ef7\u683c"},{"id":105,"cate_label_id":30,"name":"\u94a2\u5e26\u4ef7\u683c","cate_type":0,"pid":0,"ratio":"0.000000","price":"4.2000","last_futures_price":"0.0000","last_sync_ratio":"0.000000","last_sync_time":0,"status":1,"is_del":1,"level":0,"add_time":1735400959,"up_time":1735400959,"pid_str":"","pid2":0,"pid2_str":"","ratio2":"100.000000","pid3":0,"pid3_str":"","ratio3":"100.000000","end_ratio":"0.000000","level2":0,"level3":0,"cat_name":"\u91d1\u5c5e\u94e0\u88c5\u6750\u6599"},{"id":134,"cate_label_id":133,"name":"XH-03A-\u77ff\u7528\u62a4\u5957","cate_type":0,"pid":0,"ratio":"0.000000","price":"8.0000","last_futures_price":"0.0000","last_sync_ratio":"0.000000","last_sync_time":0,"status":1,"is_del":1,"level":0,"add_time":1744771398,"up_time":1744771398,"pid_str":"","pid2":0,"pid2_str":"","ratio2":"0.000000","pid3":0,"pid3_str":"","ratio3":"0.000000","end_ratio":"0.000000","level2":0,"level3":0,"cat_name":"\u6a61\u80f6\u7535\u7f06\u6750\u6599\u4ef7\u683c"},{"id":160,"cate_label_id":159,"name":"\u6caa\u94dc","cate_type":0,"pid":0,"ratio":"0.000000","price":"0.0000","last_futures_price":"0.0000","last_sync_ratio":"100.000000","last_sync_time":1780576539,"status":1,"is_del":1,"level":0,"add_time":1772791661,"up_time":1780576539,"pid_str":"","pid2":0,"pid2_str":"","ratio2":"0.000000","pid3":0,"pid3_str":"","ratio3":"0.000000","end_ratio":"0.000000","level2":0,"level3":0,"cat_name":"\u57fa\u7840\u91d1\u5c5e\u5217\u8868"},{"id":161,"cate_label_id":159,"name":"\u6caa\u94dd","cate_type":0,"pid":0,"ratio":"0.000000","price":"24640.0000","last_futures_price":"0.0000","last_sync_ratio":"0.000000","last_sync_time":0,"status":1,"is_del":1,"level":0,"add_time":1775158584,"up_time":1775158584,"pid_str":"","pid2":0,"pid2_str":"","ratio2":"0.000000","pid3":0,"pid3_str":"","ratio3":"0.000000","end_ratio":"0.000000","level2":0,"level3":0,"cat_name":"\u57fa\u7840\u91d1\u5c5e\u5217\u8868"},{"id":162,"cate_label_id":159,"name":"\u6caa\u954d","cate_type":0,"pid":0,"ratio":"0.000000","price":"0.0000","last_futures_price":"0.0000","last_sync_ratio":"1.000000","last_sync_time":1780576331,"status":1,"is_del":1,"level":0,"add_time":1775158650,"up_time":1780576331,"pid_str":"","pid2":0,"pid2_str":"","ratio2":"0.000000","pid3":0,"pid3_str":"","ratio3":"0.000000","end_ratio":"0.000000","level2":0,"level3":0,"cat_name":"\u57fa\u7840\u91d1\u5c5e\u5217\u8868"},{"id":163,"cate_label_id":159,"name":"\u6caa\u9521","cate_type":0,"pid":0,"ratio":"0.000000","price":"437040.0000","last_futures_price":"0.0000","last_sync_ratio":"0.000000","last_sync_time":0,"status":1,"is_del":1,"level":0,"add_time":1775158678,"up_time":1775158678,"pid_str":"","pid2":0,"pid2_str":"","ratio2":"0.000000","pid3":0,"pid3_str":"","ratio3":"0.000000","end_ratio":"0.000000","level2":0,"level3":0,"cat_name":"\u57fa\u7840\u91d1\u5c5e\u5217\u8868"},{"id":164,"cate_label_id":159,"name":"\u6caa\u950c","cate_type":0,"pid":0,"ratio":"0.000000","price":"24640.0000","last_futures_price":"0.0000","last_sync_ratio":"0.000000","last_sync_time":0,"status":1,"is_del":1,"level":0,"add_time":1775158807,"up_time":1775158807,"pid_str":"","pid2":0,"pid2_str":"","ratio2":"0.000000","pid3":0,"pid3_str":"","ratio3":"0.000000","end_ratio":"0.000000","level2":0,"level3":0,"cat_name":"\u57fa\u7840\u91d1\u5c5e\u5217\u8868"},{"id":165,"cate_label_id":159,"name":"\u4e0d\u9508\u94a2","cate_type":0,"pid":0,"ratio":"0.000000","price":"15065.0000","last_futures_price":"0.0000","last_sync_ratio":"0.000000","last_sync_time":0,"status":1,"is_del":1,"level":0,"add_time":1775158827,"up_time":1775158827,"pid_str":"","pid2":0,"pid2_str":"","ratio2":"0.000000","pid3":0,"pid3_str":"","ratio3":"0.000000","end_ratio":"0.000000","level2":0,"level3":0,"cat_name":"\u57fa\u7840\u91d1\u5c5e\u5217\u8868"},{"id":166,"cate_label_id":159,"name":"\u6caa\u94f6","cate_type":0,"pid":0,"ratio":"0.000000","price":"18522.0000","last_futures_price":"18522.0000","last_sync_ratio":"100.000000","last_sync_time":1780396436,"status":1,"is_del":1,"level":0,"add_time":1775158945,"up_time":1780396436,"pid_str":"","pid2":0,"pid2_str":"","ratio2":"0.000000","pid3":0,"pid3_str":"","ratio3":"0.000000","end_ratio":"0.000000","level2":0,"level3":0,"cat_name":"\u57fa\u7840\u91d1\u5c5e\u5217\u8868"},{"id":167,"cate_label_id":159,"name":"\u6caa\u91d1","cate_type":0,"pid":0,"ratio":"0.000000","price":"1027.1000","last_futures_price":"0.0000","last_sync_ratio":"0.000000","last_sync_time":0,"status":1,"is_del":1,"level":0,"add_time":1775159038,"up_time":1775159038,"pid_str":"","pid2":0,"pid2_str":"","ratio2":"0.000000","pid3":0,"pid3_str":"","ratio3":"0.000000","end_ratio":"0.000000","level2":0,"level3":0,"cat_name":"\u57fa\u7840\u91d1\u5c5e\u5217\u8868"},{"id":168,"cate_label_id":159,"name":"\u7845\u94c1","cate_type":0,"pid":0,"ratio":"0.000000","price":"5762.0000","last_futures_price":"0.0000","last_sync_ratio":"0.000000","last_sync_time":0,"status":1,"is_del":1,"level":0,"add_time":1775159058,"up_time":1775159058,"pid_str":"","pid2":0,"pid2_str":"","ratio2":"0.000000","pid3":0,"pid3_str":"","ratio3":"0.000000","end_ratio":"0.000000","level2":0,"level3":0,"cat_name":"\u57fa\u7840\u91d1\u5c5e\u5217\u8868"},{"id":169,"cate_label_id":159,"name":"\u94c1\u77ff\u77f3","cate_type":0,"pid":0,"ratio":"0.000000","price":"815.5000","last_futures_price":"0.0000","last_sync_ratio":"0.000000","last_sync_time":0,"status":1,"is_del":1,"level":0,"add_time":1775159155,"up_time":1775159155,"pid_str":"","pid2":0,"pid2_str":"","ratio2":"0.000000","pid3":0,"pid3_str":"","ratio3":"0.000000","end_ratio":"0.000000","level2":0,"level3":0,"cat_name":"\u57fa\u7840\u91d1\u5c5e\u5217\u8868"},{"id":170,"cate_label_id":159,"name":"\u87ba\u7eb9\u94a2","cate_type":0,"pid":0,"ratio":"0.000000","price":"3249.0000","last_futures_price":"0.0000","last_sync_ratio":"0.000000","last_sync_time":0,"status":1,"is_del":1,"level":0,"add_time":1775159188,"up_time":1775159188,"pid_str":"","pid2":0,"pid2_str":"","ratio2":"0.000000","pid3":0,"pid3_str":"","ratio3":"0.000000","end_ratio":"0.000000","level2":0,"level3":0,"cat_name":"\u57fa\u7840\u91d1\u5c5e\u5217\u8868"},{"id":171,"cate_label_id":159,"name":"\u70ed\u5377","cate_type":0,"pid":0,"ratio":"0.000000","price":"3468.0000","last_futures_price":"0.0000","last_sync_ratio":"0.000000","last_sync_time":0,"status":1,"is_del":1,"level":0,"add_time":1775159363,"up_time":1775159363,"pid_str":"","pid2":0,"pid2_str":"","ratio2":"0.000000","pid3":0,"pid3_str":"","ratio3":"0.000000","end_ratio":"0.000000","level2":0,"level3":0,"cat_name":"\u57fa\u7840\u91d1\u5c5e\u5217\u8868"},{"id":172,"cate_label_id":159,"name":"\u9530\u7845","cate_type":0,"pid":0,"ratio":"0.000000","price":"5878.0000","last_futures_price":"0.0000","last_sync_ratio":"0.000000","last_sync_time":0,"status":1,"is_del":1,"level":0,"add_time":1775159401,"up_time":1775159401,"pid_str":"","pid2":0,"pid2_str":"","ratio2":"0.000000","pid3":0,"pid3_str":"","ratio3":"0.000000","end_ratio":"0.000000","level2":0,"level3":0,"cat_name":"\u57fa\u7840\u91d1\u5c5e\u5217\u8868"},{"id":173,"cate_label_id":159,"name":"\u94c2\u91d1","cate_type":0,"pid":0,"ratio":"0.000000","price":"2141.4000","last_futures_price":"0.0000","last_sync_ratio":"0.000000","last_sync_time":0,"status":1,"is_del":1,"level":0,"add_time":1775159416,"up_time":1775159416,"pid_str":"","pid2":0,"pid2_str":"","ratio2":"0.000000","pid3":0,"pid3_str":"","ratio3":"0.000000","end_ratio":"0.000000","level2":0,"level3":0,"cat_name":"\u57fa\u7840\u91d1\u5c5e\u5217\u8868"},{"id":174,"cate_label_id":159,"name":"\u94af\u91d1","cate_type":0,"pid":0,"ratio":"0.000000","price":"1508.0000","last_futures_price":"0.0000","last_sync_ratio":"0.000000","last_sync_time":0,"status":1,"is_del":1,"level":0,"add_time":1775159431,"up_time":1775159431,"pid_str":"","pid2":0,"pid2_str":"","ratio2":"0.000000","pid3":0,"pid3_str":"","ratio3":"0.000000","end_ratio":"0.000000","level2":0,"level3":0,"cat_name":"\u57fa\u7840\u91d1\u5c5e\u5217\u8868"},{"id":175,"cate_label_id":159,"name":"\u5de5\u4e1a\u7845","cate_type":0,"pid":0,"ratio":"0.000000","price":"8795.0000","last_futures_price":"0.0000","last_sync_ratio":"0.000000","last_sync_time":0,"status":1,"is_del":1,"level":0,"add_time":1775159442,"up_time":1775159442,"pid_str":"","pid2":0,"pid2_str":"","ratio2":"0.000000","pid3":0,"pid3_str":"","ratio3":"0.000000","end_ratio":"0.000000","level2":0,"level3":0,"cat_name":"\u57fa\u7840\u91d1\u5c5e\u5217\u8868"},{"id":176,"cate_label_id":159,"name":"\u94dd\u5408\u91d1","cate_type":0,"pid":0,"ratio":"0.000000","price":"23255.0000","last_futures_price":"0.0000","last_sync_ratio":"0.000000","last_sync_time":0,"status":1,"is_del":1,"level":0,"add_time":1775159467,"up_time":1775159467,"pid_str":"","pid2":0,"pid2_str":"","ratio2":"0.000000","pid3":0,"pid3_str":"","ratio3":"0.000000","end_ratio":"0.000000","level2":0,"level3":0,"cat_name":"\u57fa\u7840\u91d1\u5c5e\u5217\u8868"},{"id":177,"cate_label_id":159,"name":"\u6c27\u5316\u94dd","cate_type":0,"pid":0,"ratio":"0.000000","price":"2776.0000","last_futures_price":"0.0000","last_sync_ratio":"0.000000","last_sync_time":0,"status":1,"is_del":1,"level":0,"add_time":1775159483,"up_time":1775159483,"pid_str":"","pid2":0,"pid2_str":"","ratio2":"0.000000","pid3":0,"pid3_str":"","ratio3":"0.000000","end_ratio":"0.000000","level2":0,"level3":0,"cat_name":"\u57fa\u7840\u91d1\u5c5e\u5217\u8868"},{"id":178,"cate_label_id":159,"name":"\u7ebf\u6750","cate_type":0,"pid":0,"ratio":"0.000000","price":"3395.0000","last_futures_price":"0.0000","last_sync_ratio":"0.000000","last_sync_time":0,"status":1,"is_del":1,"level":0,"add_time":1775159497,"up_time":1775159497,"pid_str":"","pid2":0,"pid2_str":"","ratio2":"0.000000","pid3":0,"pid3_str":"","ratio3":"0.000000","end_ratio":"0.000000","level2":0,"level3":0,"cat_name":"\u57fa\u7840\u91d1\u5c5e\u5217\u8868"},{"id":179,"cate_label_id":159,"name":"\u73bb\u7483","cate_type":0,"pid":0,"ratio":"0.000000","price":"1068.0000","last_futures_price":"0.0000","last_sync_ratio":"0.000000","last_sync_time":0,"status":1,"is_del":1,"level":0,"add_time":1775159539,"up_time":1775159539,"pid_str":"","pid2":0,"pid2_str":"","ratio2":"0.000000","pid3":0,"pid3_str":"","ratio3":"0.000000","end_ratio":"0.000000","level2":0,"level3":0,"cat_name":"\u57fa\u7840\u91d1\u5c5e\u5217\u8868"},{"id":180,"cate_label_id":159,"name":"\u91d1\u5c5e\u94ec","cate_type":0,"pid":0,"ratio":"0.000000","price":"91.5000","last_futures_price":"0.0000","last_sync_ratio":"0.000000","last_sync_time":0,"status":1,"is_del":1,"level":0,"add_time":1775159558,"up_time":1775159558,"pid_str":"","pid2":0,"pid2_str":"","ratio2":"0.000000","pid3":0,"pid3_str":"","ratio3":"0.000000","end_ratio":"0.000000","level2":0,"level3":0,"cat_name":"\u57fa\u7840\u91d1\u5c5e\u5217\u8868"},{"id":181,"cate_label_id":159,"name":"\u77f3\u58a8\u70ef","cate_type":0,"pid":0,"ratio":"0.000000","price":"555.0000","last_futures_price":"0.0000","last_sync_ratio":"0.000000","last_sync_time":0,"status":1,"is_del":1,"level":0,"add_time":1775159576,"up_time":1775159576,"pid_str":"","pid2":0,"pid2_str":"","ratio2":"0.000000","pid3":0,"pid3_str":"","ratio3":"0.000000","end_ratio":"0.000000","level2":0,"level3":0,"cat_name":"\u57fa\u7840\u91d1\u5c5e\u5217\u8868"},{"id":182,"cate_label_id":159,"name":"\u91d1\u5c5e\u94b4","cate_type":0,"pid":0,"ratio":"0.000000","price":"989.0000","last_futures_price":"0.0000","last_sync_ratio":"0.000000","last_sync_time":0,"status":1,"is_del":1,"level":0,"add_time":1775159588,"up_time":1775159588,"pid_str":"","pid2":0,"pid2_str":"","ratio2":"0.000000","pid3":0,"pid3_str":"","ratio3":"0.000000","end_ratio":"0.000000","level2":0,"level3":0,"cat_name":"\u57fa\u7840\u91d1\u5c5e\u5217\u8868"},{"id":183,"cate_label_id":159,"name":"\u5f85\u5b9a","cate_type":0,"pid":0,"ratio":"0.000000","price":"91.5000","last_futures_price":"0.0000","last_sync_ratio":"0.000000","last_sync_time":0,"status":1,"is_del":1,"level":0,"add_time":1775160000,"up_time":1775160000,"pid_str":"","pid2":0,"pid2_str":"","ratio2":"0.000000","pid3":0,"pid3_str":"","ratio3":"0.000000","end_ratio":"0.000000","level2":0,"level3":0,"cat_name":"\u57fa\u7840\u91d1\u5c5e\u5217\u8868"},{"id":190,"cate_label_id":159,"name":"\u5907\u75282","cate_type":0,"pid":0,"ratio":"0.000000","price":"2.0000","last_futures_price":"0.0000","last_sync_ratio":"0.000000","last_sync_time":0,"status":1,"is_del":1,"level":1,"add_time":1778617496,"up_time":1778617496,"pid_str":"","pid2":0,"pid2_str":"","ratio2":"0.000000","pid3":0,"pid3_str":"","ratio3":"0.000000","end_ratio":"0.000000","level2":1,"level3":1,"cat_name":"\u57fa\u7840\u91d1\u5c5e\u5217\u8868"},{"id":191,"cate_label_id":159,"name":"\u5907\u75283","cate_type":0,"pid":0,"ratio":"0.000000","price":"788.0000","last_futures_price":"788.0000","last_sync_ratio":"100.000000","last_sync_time":1780403285,"status":1,"is_del":1,"level":1,"add_time":1778617507,"up_time":1780403285,"pid_str":"","pid2":0,"pid2_str":"","ratio2":"0.000000","pid3":0,"pid3_str":"","ratio3":"0.000000","end_ratio":"0.000000","level2":1,"level3":1,"cat_name":"\u57fa\u7840\u91d1\u5c5e\u5217\u8868"},{"id":192,"cate_label_id":159,"name":"\u5907\u75284","cate_type":0,"pid":0,"ratio":"0.000000","price":"4.0000","last_futures_price":"0.0000","last_sync_ratio":"0.000000","last_sync_time":0,"status":1,"is_del":1,"level":1,"add_time":1778617516,"up_time":1778617516,"pid_str":"","pid2":0,"pid2_str":"","ratio2":"0.000000","pid3":0,"pid3_str":"","ratio3":"0.000000","end_ratio":"0.000000","level2":1,"level3":1,"cat_name":"\u57fa\u7840\u91d1\u5c5e\u5217\u8868"},{"id":193,"cate_label_id":159,"name":"\u5907\u75285","cate_type":0,"pid":0,"ratio":"0.000000","price":"5.0000","last_futures_price":"0.0000","last_sync_ratio":"0.000000","last_sync_time":0,"status":1,"is_del":1,"level":1,"add_time":1778617527,"up_time":1778617527,"pid_str":"","pid2":0,"pid2_str":"","ratio2":"0.000000","pid3":0,"pid3_str":"","ratio3":"0.000000","end_ratio":"0.000000","level2":1,"level3":1,"cat_name":"\u57fa\u7840\u91d1\u5c5e\u5217\u8868"},{"id":194,"cate_label_id":159,"name":"\u5907\u75286","cate_type":0,"pid":0,"ratio":"0.000000","price":"6.0000","last_futures_price":"0.0000","last_sync_ratio":"0.000000","last_sync_time":0,"status":1,"is_del":1,"level":1,"add_time":1778617537,"up_time":1778617537,"pid_str":"","pid2":0,"pid2_str":"","ratio2":"0.000000","pid3":0,"pid3_str":"","ratio3":"0.000000","end_ratio":"0.000000","level2":1,"level3":1,"cat_name":"\u57fa\u7840\u91d1\u5c5e\u5217\u8868"},{"id":185,"cate_label_id":184,"name":"\u57fa\u7840\u94dc\u4ef7","cate_type":0,"pid":0,"ratio":"0.000000","price":"96.5000","last_futures_price":"0.0000","last_sync_ratio":"0.000000","last_sync_time":0,"status":1,"is_del":1,"level":1,"add_time":1775216239,"up_time":1775216239,"pid_str":"","pid2":0,"pid2_str":"","ratio2":"0.000000","pid3":0,"pid3_str":"","ratio3":"0.000000","end_ratio":"0.000000","level2":1,"level3":1,"cat_name":"\u5bfc\u4f53\u5206\u7c7b"},{"id":186,"cate_label_id":184,"name":"\u57fa\u7840\u94dd\u4ef7","cate_type":0,"pid":0,"ratio":"0.000000","price":"24.0000","last_futures_price":"0.0000","last_sync_ratio":"0.000000","last_sync_time":0,"status":1,"is_del":1,"level":1,"add_time":1775216251,"up_time":1775216251,"pid_str":"","pid2":0,"pid2_str":"","ratio2":"0.000000","pid3":0,"pid3_str":"","ratio3":"0.000000","end_ratio":"0.000000","level2":1,"level3":1,"cat_name":"\u5bfc\u4f53\u5206\u7c7b"},{"id":187,"cate_label_id":184,"name":"\u57fa\u7840\u94a2\u4ef7","cate_type":0,"pid":0,"ratio":"0.000000","price":"4.5000","last_futures_price":"0.0000","last_sync_ratio":"0.000000","last_sync_time":0,"status":1,"is_del":1,"level":0,"add_time":1775216277,"up_time":1775216277,"pid_str":"","pid2":0,"pid2_str":"","ratio2":"0.000000","pid3":0,"pid3_str":"","ratio3":"0.000000","end_ratio":"0.000000","level2":0,"level3":0,"cat_name":"\u5bfc\u4f53\u5206\u7c7b"},{"id":188,"cate_label_id":184,"name":"\u57fa\u7840\u954d\u4ef7","cate_type":0,"pid":0,"ratio":"0.000000","price":"135.0000","last_futures_price":"0.0000","last_sync_ratio":"0.000000","last_sync_time":0,"status":1,"is_del":1,"level":1,"add_time":1775216322,"up_time":1775216322,"pid_str":"","pid2":0,"pid2_str":"","ratio2":"0.000000","pid3":0,"pid3_str":"","ratio3":"0.000000","end_ratio":"0.000000","level2":1,"level3":1,"cat_name":"\u5bfc\u4f53\u5206\u7c7b"}]}

[ 2026-06-04T20:37:04+08:00 ] ::1 /Home/PriceSync/getQuotes.html
INFO: [ app_init ] --START--
INFO: Run Behavior\BuildLiteBehavior [ RunTime:0.000004s ]
INFO: [ app_init ] --END-- [ RunTime:0.000041s ]
INFO: [ app_begin ] --START--
INFO: Run Behavior\ReadHtmlCacheBehavior [ RunTime:0.000048s ]
INFO: [ app_begin ] --END-- [ RunTime:0.000088s ]
ERR: {"status":1,"msg":"\u83b7\u53d6\u6210\u529f","data":[{"p":11965,"name":"\u751f\u732a\u4e3b\u8fde","dm":"lhm","zde":-90,"zdf":-0.75,"zjsj":12055},{"p":4363,"name":"\u9e21\u86cb\u4e3b\u8fde","dm":"jdm","zde":-27,"zdf":-0.62,"zjsj":4390},{"p":802.5,"name":"\u539f\u6728\u4e3b\u8fde","dm":"lgm","zde":9,"zdf":1.13,"zjsj":793.5},{"p":1280,"name":"\u7ea4\u7ef4\u677f\u4e3b\u8fde","dm":"fbm","zde":-2.5,"zdf":-0.19,"zjsj":1282.5}]}

[ 2026-06-04T20:37:05+08:00 ] ::1 /Home/PriceSync/index
INFO: [ app_init ] --START--
INFO: Run Behavior\BuildLiteBehavior [ RunTime:0.000030s ]
INFO: [ app_init ] --END-- [ RunTime:0.000181s ]
INFO: [ app_begin ] --START--
INFO: Run Behavior\ReadHtmlCacheBehavior [ RunTime:0.000036s ]
INFO: [ app_begin ] --END-- [ RunTime:0.000059s ]
INFO: [ view_parse ] --START--
INFO: [ template_filter ] --START--
INFO: Run Behavior\ContentReplaceBehavior [ RunTime:0.000132s ]
INFO: [ template_filter ] --END-- [ RunTime:0.000175s ]
INFO: Run Behavior\ParseTemplateBehavior [ RunTime:0.005581s ]
INFO: [ view_parse ] --END-- [ RunTime:0.005627s ]
INFO: [ view_filter ] --START--
INFO: Run Behavior\WriteHtmlCacheBehavior [ RunTime:0.000083s ]
INFO: [ view_filter ] --END-- [ RunTime:0.000096s ]
INFO: [ app_end ] --START--
INFO: Run Behavior\ShowPageTraceBehavior [ RunTime:0.000037s ]
INFO: [ app_end ] --END-- [ RunTime:0.000054s ]

[ 2026-06-04T20:37:05+08:00 ] ::1 /Home/PriceSync/getQuotes.html
INFO: [ app_init ] --START--
INFO: Run Behavior\BuildLiteBehavior [ RunTime:0.000012s ]
INFO: [ app_init ] --END-- [ RunTime:0.000085s ]
INFO: [ app_begin ] --START--
INFO: Run Behavior\ReadHtmlCacheBehavior [ RunTime:0.000044s ]
INFO: [ app_begin ] --END-- [ RunTime:0.000094s ]
ERR: {"status":1,"msg":"\u83b7\u53d6\u6210\u529f","data":[{"p":3348,"name":"\u7ebf\u6750\u4e3b\u8fde","dm":"wrm","zde":-19,"zdf":-0.56,"zjsj":3367}]}

[ 2026-06-04T20:37:05+08:00 ] ::1 /Home/PriceSync/getConfigList.html
INFO: [ app_init ] --START--
INFO: Run Behavior\BuildLiteBehavior [ RunTime:0.000007s ]
INFO: [ app_init ] --END-- [ RunTime:0.000058s ]
INFO: [ app_begin ] --START--
INFO: Run Behavior\ReadHtmlCacheBehavior [ RunTime:0.000019s ]
INFO: [ app_begin ] --END-- [ RunTime:0.000038s ]
SQL: SHOW COLUMNS FROM `price_sync_config` [ RunTime:0.0069s ]
SQL: SELECT * FROM `price_sync_config` WHERE `status` = 1 ORDER BY id asc  [ RunTime:0.0016s ]
SQL: SHOW COLUMNS FROM `price_sync_log` [ RunTime:0.0079s ]
SQL: SELECT `config_id`,MAX(add_time) as last_sync_at FROM `price_sync_log` WHERE `config_id` IN (1,2,3,6,7) GROUP BY config_id  [ RunTime:0.0020s ]
SQL: SHOW COLUMNS FROM `new_label` [ RunTime:0.0065s ]
SQL: SELECT `price` FROM `new_label` WHERE `id` = 160 LIMIT 1   [ RunTime:0.0015s ]
SQL: SELECT `price` FROM `new_label` WHERE `id` = 162 LIMIT 1   [ RunTime:0.0008s ]
SQL: SELECT `price` FROM `new_label` WHERE `id` = 163 LIMIT 1   [ RunTime:0.0009s ]
SQL: SELECT `price` FROM `new_label` WHERE `id` = 166 LIMIT 1   [ RunTime:0.0005s ]
SQL: SELECT `price` FROM `new_label` WHERE `id` = 191 LIMIT 1   [ RunTime:0.0003s ]
ERR: {"status":1,"msg":"\u83b7\u53d6\u6210\u529f","data":[{"id":1,"futures_code":"cum","futures_name":"\u6caa\u94dc\u4e3b\u8fde","exchange":"shfe","new_label_id":160,"label_name":"\u6caa\u94dc","ratio":"100.0000","auto_sync":1,"status":1,"add_time":1780239338,"up_time":1780240685,"current_price":"0.00","last_sync_at":"2026-06-04 20:35:39"},{"id":2,"futures_code":"nim","futures_name":"\u6caa\u954d\u4e3b\u8fde","exchange":"shfe","new_label_id":162,"label_name":"\u6caa\u954d","ratio":"1.0000","auto_sync":1,"status":1,"add_time":1780366433,"up_time":1780366443,"current_price":"0.00","last_sync_at":"2026-06-04 20:32:11"},{"id":3,"futures_code":"snm","futures_name":"\u6caa\u9521\u4e3b\u8fde","exchange":"shfe","new_label_id":163,"label_name":"\u6caa\u9521","ratio":"100.0000","auto_sync":0,"status":1,"add_time":1780366480,"up_time":1780366480,"current_price":"437040.00","last_sync_at":"-"},{"id":6,"futures_code":"agm","futures_name":"\u6caa\u94f6\u4e3b\u8fde","exchange":"shfe","new_label_id":166,"label_name":"\u6caa\u94f6","ratio":"100.0000","auto_sync":1,"status":1,"add_time":1780396428,"up_time":1780396428,"current_price":"18522.00","last_sync_at":"2026-06-02 18:33:56"},{"id":7,"futures_code":"lgm","futures_name":"\u539f\u6728\u4e3b\u8fde","exchange":"dce","new_label_id":191,"label_name":"\u5907\u75283","ratio":"100.0000","auto_sync":1,"status":1,"add_time":1780403277,"up_time":1780403277,"current_price":"788.00","last_sync_at":"2026-06-02 20:28:05"}]}

[ 2026-06-04T20:37:05+08:00 ] ::1 /Home/PriceSync/getMaterials.html
INFO: [ app_init ] --START--
INFO: Run Behavior\BuildLiteBehavior [ RunTime:0.000005s ]
INFO: [ app_init ] --END-- [ RunTime:0.000053s ]
INFO: [ app_begin ] --START--
INFO: Run Behavior\ReadHtmlCacheBehavior [ RunTime:0.000117s ]
INFO: [ app_begin ] --END-- [ RunTime:0.000132s ]
SQL: SHOW COLUMNS FROM `new_label` [ RunTime:0.0031s ]
SQL: SELECT `id`,`name` FROM `new_label` WHERE `cate_label_id` = 0 AND `cate_type` = 0  [ RunTime:0.0011s ]
SQL: SELECT * FROM `new_label` WHERE `cate_label_id` IN (3,4,26,30,133,159,184) AND `pid` = 0 ORDER BY cate_label_id asc, id asc  [ RunTime:0.0012s ]
ERR: {"status":1,"msg":"\u83b7\u53d6\u6210\u529f","data":[{"id":5,"cate_label_id":3,"name":"\u73b0\u8d27\u94dc\u4ef7\u57fa\u7840\u503c","cate_type":0,"pid":0,"ratio":"100.000000","price":"94.9000","last_futures_price":"0.0000","last_sync_ratio":"0.000000","last_sync_time":0,"status":1,"is_del":1,"level":0,"add_time":1731588218,"up_time":1731678051,"pid_str":"","pid2":0,"pid2_str":"","ratio2":"100.000000","pid3":0,"pid3_str":"","ratio3":"100.000000","end_ratio":"0.000000","level2":0,"level3":0,"cat_name":"\u5bfc\u4f53\u6750\u6599\u4ef7\u683c22"},{"id":51,"cate_label_id":3,"name":"\u73b0\u8d27\u94dd\u4ef7\u57fa\u7840\u503c","cate_type":0,"pid":0,"ratio":"100.000000","price":"23.0000","last_futures_price":"0.0000","last_sync_ratio":"0.000000","last_sync_time":0,"status":1,"is_del":1,"level":0,"add_time":1731682407,"up_time":1731682407,"pid_str":"","pid2":0,"pid2_str":"","ratio2":"100.000000","pid3":0,"pid3_str":"","ratio3":"100.000000","end_ratio":"0.000000","level2":0,"level3":0,"cat_name":"\u5bfc\u4f53\u6750\u6599\u4ef7\u683c22"},{"id":99,"cate_label_id":3,"name":"\u67b6\u7a7a\u5bfc\u7ebf\u94a2\u4e1d\u4ef7","cate_type":0,"pid":0,"ratio":"0.000000","price":"5.0000","last_futures_price":"0.0000","last_sync_ratio":"0.000000","last_sync_time":0,"status":1,"is_del":1,"level":1,"add_time":1735382759,"up_time":1735382759,"pid_str":"","pid2":0,"pid2_str":"","ratio2":"100.000000","pid3":0,"pid3_str":"","ratio3":"100.000000","end_ratio":"0.000000","level2":1,"level3":1,"cat_name":"\u5bfc\u4f53\u6750\u6599\u4ef7\u683c22"},{"id":94,"cate_label_id":4,"name":"\u9ed1\u4e91\u6bcd\u5e26","cate_type":0,"pid":0,"ratio":"0.000000","price":"38.0000","last_futures_price":"0.0000","last_sync_ratio":"0.000000","last_sync_time":0,"status":1,"is_del":1,"level":0,"add_time":1735321887,"up_time":1735321887,"pid_str":"","pid2":0,"pid2_str":"","ratio2":"100.000000","pid3":0,"pid3_str":"","ratio3":"100.000000","end_ratio":"0.000000","level2":0,"level3":0,"cat_name":"\u4e91\u6bcd\u6750\u6599\u4ef7\u683c"},{"id":27,"cate_label_id":26,"name":"\u4ea4\u8054\u805a\u4e59\u70ef\u4ef7\u683c","cate_type":0,"pid":0,"ratio":"0.000000","price":"12.0000","last_futures_price":"0.0000","last_sync_ratio":"0.000000","last_sync_time":0,"status":1,"is_del":1,"level":0,"add_time":1731673353,"up_time":1731673353,"pid_str":"","pid2":0,"pid2_str":"","ratio2":"100.000000","pid3":0,"pid3_str":"","ratio3":"100.000000","end_ratio":"0.000000","level2":0,"level3":0,"cat_name":"\u7edd\u7f18\u6750\u6599\u4ef7\u683c"},{"id":74,"cate_label_id":26,"name":"PVC\u805a\u6c2f\u4e59\u70ef\u4ef7","cate_type":0,"pid":0,"ratio":"100.000000","price":"7.5000","last_futures_price":"0.0000","last_sync_ratio":"0.000000","last_sync_time":0,"status":1,"is_del":1,"level":0,"add_time":1734582414,"up_time":1734582414,"pid_str":"","pid2":0,"pid2_str":"","ratio2":"100.000000","pid3":0,"pid3_str":"","ratio3":"100.000000","end_ratio":"0.000000","level2":0,"level3":0,"cat_name":"\u7edd\u7f18\u6750\u6599\u4ef7\u683c"},{"id":105,"cate_label_id":30,"name":"\u94a2\u5e26\u4ef7\u683c","cate_type":0,"pid":0,"ratio":"0.000000","price":"4.2000","last_futures_price":"0.0000","last_sync_ratio":"0.000000","last_sync_time":0,"status":1,"is_del":1,"level":0,"add_time":1735400959,"up_time":1735400959,"pid_str":"","pid2":0,"pid2_str":"","ratio2":"100.000000","pid3":0,"pid3_str":"","ratio3":"100.000000","end_ratio":"0.000000","level2":0,"level3":0,"cat_name":"\u91d1\u5c5e\u94e0\u88c5\u6750\u6599"},{"id":134,"cate_label_id":133,"name":"XH-03A-\u77ff\u7528\u62a4\u5957","cate_type":0,"pid":0,"ratio":"0.000000","price":"8.0000","last_futures_price":"0.0000","last_sync_ratio":"0.000000","last_sync_time":0,"status":1,"is_del":1,"level":0,"add_time":1744771398,"up_time":1744771398,"pid_str":"","pid2":0,"pid2_str":"","ratio2":"0.000000","pid3":0,"pid3_str":"","ratio3":"0.000000","end_ratio":"0.000000","level2":0,"level3":0,"cat_name":"\u6a61\u80f6\u7535\u7f06\u6750\u6599\u4ef7\u683c"},{"id":160,"cate_label_id":159,"name":"\u6caa\u94dc","cate_type":0,"pid":0,"ratio":"0.000000","price":"0.0000","last_futures_price":"0.0000","last_sync_ratio":"100.000000","last_sync_time":1780576539,"status":1,"is_del":1,"level":0,"add_time":1772791661,"up_time":1780576539,"pid_str":"","pid2":0,"pid2_str":"","ratio2":"0.000000","pid3":0,"pid3_str":"","ratio3":"0.000000","end_ratio":"0.000000","level2":0,"level3":0,"cat_name":"\u57fa\u7840\u91d1\u5c5e\u5217\u8868"},{"id":161,"cate_label_id":159,"name":"\u6caa\u94dd","cate_type":0,"pid":0,"ratio":"0.000000","price":"24640.0000","last_futures_price":"0.0000","last_sync_ratio":"0.000000","last_sync_time":0,"status":1,"is_del":1,"level":0,"add_time":1775158584,"up_time":1775158584,"pid_str":"","pid2":0,"pid2_str":"","ratio2":"0.000000","pid3":0,"pid3_str":"","ratio3":"0.000000","end_ratio":"0.000000","level2":0,"level3":0,"cat_name":"\u57fa\u7840\u91d1\u5c5e\u5217\u8868"},{"id":162,"cate_label_id":159,"name":"\u6caa\u954d","cate_type":0,"pid":0,"ratio":"0.000000","price":"0.0000","last_futures_price":"0.0000","last_sync_ratio":"1.000000","last_sync_time":1780576331,"status":1,"is_del":1,"level":0,"add_time":1775158650,"up_time":1780576331,"pid_str":"","pid2":0,"pid2_str":"","ratio2":"0.000000","pid3":0,"pid3_str":"","ratio3":"0.000000","end_ratio":"0.000000","level2":0,"level3":0,"cat_name":"\u57fa\u7840\u91d1\u5c5e\u5217\u8868"},{"id":163,"cate_label_id":159,"name":"\u6caa\u9521","cate_type":0,"pid":0,"ratio":"0.000000","price":"437040.0000","last_futures_price":"0.0000","last_sync_ratio":"0.000000","last_sync_time":0,"status":1,"is_del":1,"level":0,"add_time":1775158678,"up_time":1775158678,"pid_str":"","pid2":0,"pid2_str":"","ratio2":"0.000000","pid3":0,"pid3_str":"","ratio3":"0.000000","end_ratio":"0.000000","level2":0,"level3":0,"cat_name":"\u57fa\u7840\u91d1\u5c5e\u5217\u8868"},{"id":164,"cate_label_id":159,"name":"\u6caa\u950c","cate_type":0,"pid":0,"ratio":"0.000000","price":"24640.0000","last_futures_price":"0.0000","last_sync_ratio":"0.000000","last_sync_time":0,"status":1,"is_del":1,"level":0,"add_time":1775158807,"up_time":1775158807,"pid_str":"","pid2":0,"pid2_str":"","ratio2":"0.000000","pid3":0,"pid3_str":"","ratio3":"0.000000","end_ratio":"0.000000","level2":0,"level3":0,"cat_name":"\u57fa\u7840\u91d1\u5c5e\u5217\u8868"},{"id":165,"cate_label_id":159,"name":"\u4e0d\u9508\u94a2","cate_type":0,"pid":0,"ratio":"0.000000","price":"15065.0000","last_futures_price":"0.0000","last_sync_ratio":"0.000000","last_sync_time":0,"status":1,"is_del":1,"level":0,"add_time":1775158827,"up_time":1775158827,"pid_str":"","pid2":0,"pid2_str":"","ratio2":"0.000000","pid3":0,"pid3_str":"","ratio3":"0.000000","end_ratio":"0.000000","level2":0,"level3":0,"cat_name":"\u57fa\u7840\u91d1\u5c5e\u5217\u8868"},{"id":166,"cate_label_id":159,"name":"\u6caa\u94f6","cate_type":0,"pid":0,"ratio":"0.000000","price":"18522.0000","last_futures_price":"18522.0000","last_sync_ratio":"100.000000","last_sync_time":1780396436,"status":1,"is_del":1,"level":0,"add_time":1775158945,"up_time":1780396436,"pid_str":"","pid2":0,"pid2_str":"","ratio2":"0.000000","pid3":0,"pid3_str":"","ratio3":"0.000000","end_ratio":"0.000000","level2":0,"level3":0,"cat_name":"\u57fa\u7840\u91d1\u5c5e\u5217\u8868"},{"id":167,"cate_label_id":159,"name":"\u6caa\u91d1","cate_type":0,"pid":0,"ratio":"0.000000","price":"1027.1000","last_futures_price":"0.0000","last_sync_ratio":"0.000000","last_sync_time":0,"status":1,"is_del":1,"level":0,"add_time":1775159038,"up_time":1775159038,"pid_str":"","pid2":0,"pid2_str":"","ratio2":"0.000000","pid3":0,"pid3_str":"","ratio3":"0.000000","end_ratio":"0.000000","level2":0,"level3":0,"cat_name":"\u57fa\u7840\u91d1\u5c5e\u5217\u8868"},{"id":168,"cate_label_id":159,"name":"\u7845\u94c1","cate_type":0,"pid":0,"ratio":"0.000000","price":"5762.0000","last_futures_price":"0.0000","last_sync_ratio":"0.000000","last_sync_time":0,"status":1,"is_del":1,"level":0,"add_time":1775159058,"up_time":1775159058,"pid_str":"","pid2":0,"pid2_str":"","ratio2":"0.000000","pid3":0,"pid3_str":"","ratio3":"0.000000","end_ratio":"0.000000","level2":0,"level3":0,"cat_name":"\u57fa\u7840\u91d1\u5c5e\u5217\u8868"},{"id":169,"cate_label_id":159,"name":"\u94c1\u77ff\u77f3","cate_type":0,"pid":0,"ratio":"0.000000","price":"815.5000","last_futures_price":"0.0000","last_sync_ratio":"0.000000","last_sync_time":0,"status":1,"is_del":1,"level":0,"add_time":1775159155,"up_time":1775159155,"pid_str":"","pid2":0,"pid2_str":"","ratio2":"0.000000","pid3":0,"pid3_str":"","ratio3":"0.000000","end_ratio":"0.000000","level2":0,"level3":0,"cat_name":"\u57fa\u7840\u91d1\u5c5e\u5217\u8868"},{"id":170,"cate_label_id":159,"name":"\u87ba\u7eb9\u94a2","cate_type":0,"pid":0,"ratio":"0.000000","price":"3249.0000","last_futures_price":"0.0000","last_sync_ratio":"0.000000","last_sync_time":0,"status":1,"is_del":1,"level":0,"add_time":1775159188,"up_time":1775159188,"pid_str":"","pid2":0,"pid2_str":"","ratio2":"0.000000","pid3":0,"pid3_str":"","ratio3":"0.000000","end_ratio":"0.000000","level2":0,"level3":0,"cat_name":"\u57fa\u7840\u91d1\u5c5e\u5217\u8868"},{"id":171,"cate_label_id":159,"name":"\u70ed\u5377","cate_type":0,"pid":0,"ratio":"0.000000","price":"3468.0000","last_futures_price":"0.0000","last_sync_ratio":"0.000000","last_sync_time":0,"status":1,"is_del":1,"level":0,"add_time":1775159363,"up_time":1775159363,"pid_str":"","pid2":0,"pid2_str":"","ratio2":"0.000000","pid3":0,"pid3_str":"","ratio3":"0.000000","end_ratio":"0.000000","level2":0,"level3":0,"cat_name":"\u57fa\u7840\u91d1\u5c5e\u5217\u8868"},{"id":172,"cate_label_id":159,"name":"\u9530\u7845","cate_type":0,"pid":0,"ratio":"0.000000","price":"5878.0000","last_futures_price":"0.0000","last_sync_ratio":"0.000000","last_sync_time":0,"status":1,"is_del":1,"level":0,"add_time":1775159401,"up_time":1775159401,"pid_str":"","pid2":0,"pid2_str":"","ratio2":"0.000000","pid3":0,"pid3_str":"","ratio3":"0.000000","end_ratio":"0.000000","level2":0,"level3":0,"cat_name":"\u57fa\u7840\u91d1\u5c5e\u5217\u8868"},{"id":173,"cate_label_id":159,"name":"\u94c2\u91d1","cate_type":0,"pid":0,"ratio":"0.000000","price":"2141.4000","last_futures_price":"0.0000","last_sync_ratio":"0.000000","last_sync_time":0,"status":1,"is_del":1,"level":0,"add_time":1775159416,"up_time":1775159416,"pid_str":"","pid2":0,"pid2_str":"","ratio2":"0.000000","pid3":0,"pid3_str":"","ratio3":"0.000000","end_ratio":"0.000000","level2":0,"level3":0,"cat_name":"\u57fa\u7840\u91d1\u5c5e\u5217\u8868"},{"id":174,"cate_label_id":159,"name":"\u94af\u91d1","cate_type":0,"pid":0,"ratio":"0.000000","price":"1508.0000","last_futures_price":"0.0000","last_sync_ratio":"0.000000","last_sync_time":0,"status":1,"is_del":1,"level":0,"add_time":1775159431,"up_time":1775159431,"pid_str":"","pid2":0,"pid2_str":"","ratio2":"0.000000","pid3":0,"pid3_str":"","ratio3":"0.000000","end_ratio":"0.000000","level2":0,"level3":0,"cat_name":"\u57fa\u7840\u91d1\u5c5e\u5217\u8868"},{"id":175,"cate_label_id":159,"name":"\u5de5\u4e1a\u7845","cate_type":0,"pid":0,"ratio":"0.000000","price":"8795.0000","last_futures_price":"0.0000","last_sync_ratio":"0.000000","last_sync_time":0,"status":1,"is_del":1,"level":0,"add_time":1775159442,"up_time":1775159442,"pid_str":"","pid2":0,"pid2_str":"","ratio2":"0.000000","pid3":0,"pid3_str":"","ratio3":"0.000000","end_ratio":"0.000000","level2":0,"level3":0,"cat_name":"\u57fa\u7840\u91d1\u5c5e\u5217\u8868"},{"id":176,"cate_label_id":159,"name":"\u94dd\u5408\u91d1","cate_type":0,"pid":0,"ratio":"0.000000","price":"23255.0000","last_futures_price":"0.0000","last_sync_ratio":"0.000000","last_sync_time":0,"status":1,"is_del":1,"level":0,"add_time":1775159467,"up_time":1775159467,"pid_str":"","pid2":0,"pid2_str":"","ratio2":"0.000000","pid3":0,"pid3_str":"","ratio3":"0.000000","end_ratio":"0.000000","level2":0,"level3":0,"cat_name":"\u57fa\u7840\u91d1\u5c5e\u5217\u8868"},{"id":177,"cate_label_id":159,"name":"\u6c27\u5316\u94dd","cate_type":0,"pid":0,"ratio":"0.000000","price":"2776.0000","last_futures_price":"0.0000","last_sync_ratio":"0.000000","last_sync_time":0,"status":1,"is_del":1,"level":0,"add_time":1775159483,"up_time":1775159483,"pid_str":"","pid2":0,"pid2_str":"","ratio2":"0.000000","pid3":0,"pid3_str":"","ratio3":"0.000000","end_ratio":"0.000000","level2":0,"level3":0,"cat_name":"\u57fa\u7840\u91d1\u5c5e\u5217\u8868"},{"id":178,"cate_label_id":159,"name":"\u7ebf\u6750","cate_type":0,"pid":0,"ratio":"0.000000","price":"3395.0000","last_futures_price":"0.0000","last_sync_ratio":"0.000000","last_sync_time":0,"status":1,"is_del":1,"level":0,"add_time":1775159497,"up_time":1775159497,"pid_str":"","pid2":0,"pid2_str":"","ratio2":"0.000000","pid3":0,"pid3_str":"","ratio3":"0.000000","end_ratio":"0.000000","level2":0,"level3":0,"cat_name":"\u57fa\u7840\u91d1\u5c5e\u5217\u8868"},{"id":179,"cate_label_id":159,"name":"\u73bb\u7483","cate_type":0,"pid":0,"ratio":"0.000000","price":"1068.0000","last_futures_price":"0.0000","last_sync_ratio":"0.000000","last_sync_time":0,"status":1,"is_del":1,"level":0,"add_time":1775159539,"up_time":1775159539,"pid_str":"","pid2":0,"pid2_str":"","ratio2":"0.000000","pid3":0,"pid3_str":"","ratio3":"0.000000","end_ratio":"0.000000","level2":0,"level3":0,"cat_name":"\u57fa\u7840\u91d1\u5c5e\u5217\u8868"},{"id":180,"cate_label_id":159,"name":"\u91d1\u5c5e\u94ec","cate_type":0,"pid":0,"ratio":"0.000000","price":"91.5000","last_futures_price":"0.0000","last_sync_ratio":"0.000000","last_sync_time":0,"status":1,"is_del":1,"level":0,"add_time":1775159558,"up_time":1775159558,"pid_str":"","pid2":0,"pid2_str":"","ratio2":"0.000000","pid3":0,"pid3_str":"","ratio3":"0.000000","end_ratio":"0.000000","level2":0,"level3":0,"cat_name":"\u57fa\u7840\u91d1\u5c5e\u5217\u8868"},{"id":181,"cate_label_id":159,"name":"\u77f3\u58a8\u70ef","cate_type":0,"pid":0,"ratio":"0.000000","price":"555.0000","last_futures_price":"0.0000","last_sync_ratio":"0.000000","last_sync_time":0,"status":1,"is_del":1,"level":0,"add_time":1775159576,"up_time":1775159576,"pid_str":"","pid2":0,"pid2_str":"","ratio2":"0.000000","pid3":0,"pid3_str":"","ratio3":"0.000000","end_ratio":"0.000000","level2":0,"level3":0,"cat_name":"\u57fa\u7840\u91d1\u5c5e\u5217\u8868"},{"id":182,"cate_label_id":159,"name":"\u91d1\u5c5e\u94b4","cate_type":0,"pid":0,"ratio":"0.000000","price":"989.0000","last_futures_price":"0.0000","last_sync_ratio":"0.000000","last_sync_time":0,"status":1,"is_del":1,"level":0,"add_time":1775159588,"up_time":1775159588,"pid_str":"","pid2":0,"pid2_str":"","ratio2":"0.000000","pid3":0,"pid3_str":"","ratio3":"0.000000","end_ratio":"0.000000","level2":0,"level3":0,"cat_name":"\u57fa\u7840\u91d1\u5c5e\u5217\u8868"},{"id":183,"cate_label_id":159,"name":"\u5f85\u5b9a","cate_type":0,"pid":0,"ratio":"0.000000","price":"91.5000","last_futures_price":"0.0000","last_sync_ratio":"0.000000","last_sync_time":0,"status":1,"is_del":1,"level":0,"add_time":1775160000,"up_time":1775160000,"pid_str":"","pid2":0,"pid2_str":"","ratio2":"0.000000","pid3":0,"pid3_str":"","ratio3":"0.000000","end_ratio":"0.000000","level2":0,"level3":0,"cat_name":"\u57fa\u7840\u91d1\u5c5e\u5217\u8868"},{"id":190,"cate_label_id":159,"name":"\u5907\u75282","cate_type":0,"pid":0,"ratio":"0.000000","price":"2.0000","last_futures_price":"0.0000","last_sync_ratio":"0.000000","last_sync_time":0,"status":1,"is_del":1,"level":1,"add_time":1778617496,"up_time":1778617496,"pid_str":"","pid2":0,"pid2_str":"","ratio2":"0.000000","pid3":0,"pid3_str":"","ratio3":"0.000000","end_ratio":"0.000000","level2":1,"level3":1,"cat_name":"\u57fa\u7840\u91d1\u5c5e\u5217\u8868"},{"id":191,"cate_label_id":159,"name":"\u5907\u75283","cate_type":0,"pid":0,"ratio":"0.000000","price":"788.0000","last_futures_price":"788.0000","last_sync_ratio":"100.000000","last_sync_time":1780403285,"status":1,"is_del":1,"level":1,"add_time":1778617507,"up_time":1780403285,"pid_str":"","pid2":0,"pid2_str":"","ratio2":"0.000000","pid3":0,"pid3_str":"","ratio3":"0.000000","end_ratio":"0.000000","level2":1,"level3":1,"cat_name":"\u57fa\u7840\u91d1\u5c5e\u5217\u8868"},{"id":192,"cate_label_id":159,"name":"\u5907\u75284","cate_type":0,"pid":0,"ratio":"0.000000","price":"4.0000","last_futures_price":"0.0000","last_sync_ratio":"0.000000","last_sync_time":0,"status":1,"is_del":1,"level":1,"add_time":1778617516,"up_time":1778617516,"pid_str":"","pid2":0,"pid2_str":"","ratio2":"0.000000","pid3":0,"pid3_str":"","ratio3":"0.000000","end_ratio":"0.000000","level2":1,"level3":1,"cat_name":"\u57fa\u7840\u91d1\u5c5e\u5217\u8868"},{"id":193,"cate_label_id":159,"name":"\u5907\u75285","cate_type":0,"pid":0,"ratio":"0.000000","price":"5.0000","last_futures_price":"0.0000","last_sync_ratio":"0.000000","last_sync_time":0,"status":1,"is_del":1,"level":1,"add_time":1778617527,"up_time":1778617527,"pid_str":"","pid2":0,"pid2_str":"","ratio2":"0.000000","pid3":0,"pid3_str":"","ratio3":"0.000000","end_ratio":"0.000000","level2":1,"level3":1,"cat_name":"\u57fa\u7840\u91d1\u5c5e\u5217\u8868"},{"id":194,"cate_label_id":159,"name":"\u5907\u75286","cate_type":0,"pid":0,"ratio":"0.000000","price":"6.0000","last_futures_price":"0.0000","last_sync_ratio":"0.000000","last_sync_time":0,"status":1,"is_del":1,"level":1,"add_time":1778617537,"up_time":1778617537,"pid_str":"","pid2":0,"pid2_str":"","ratio2":"0.000000","pid3":0,"pid3_str":"","ratio3":"0.000000","end_ratio":"0.000000","level2":1,"level3":1,"cat_name":"\u57fa\u7840\u91d1\u5c5e\u5217\u8868"},{"id":185,"cate_label_id":184,"name":"\u57fa\u7840\u94dc\u4ef7","cate_type":0,"pid":0,"ratio":"0.000000","price":"96.5000","last_futures_price":"0.0000","last_sync_ratio":"0.000000","last_sync_time":0,"status":1,"is_del":1,"level":1,"add_time":1775216239,"up_time":1775216239,"pid_str":"","pid2":0,"pid2_str":"","ratio2":"0.000000","pid3":0,"pid3_str":"","ratio3":"0.000000","end_ratio":"0.000000","level2":1,"level3":1,"cat_name":"\u5bfc\u4f53\u5206\u7c7b"},{"id":186,"cate_label_id":184,"name":"\u57fa\u7840\u94dd\u4ef7","cate_type":0,"pid":0,"ratio":"0.000000","price":"24.0000","last_futures_price":"0.0000","last_sync_ratio":"0.000000","last_sync_time":0,"status":1,"is_del":1,"level":1,"add_time":1775216251,"up_time":1775216251,"pid_str":"","pid2":0,"pid2_str":"","ratio2":"0.000000","pid3":0,"pid3_str":"","ratio3":"0.000000","end_ratio":"0.000000","level2":1,"level3":1,"cat_name":"\u5bfc\u4f53\u5206\u7c7b"},{"id":187,"cate_label_id":184,"name":"\u57fa\u7840\u94a2\u4ef7","cate_type":0,"pid":0,"ratio":"0.000000","price":"4.5000","last_futures_price":"0.0000","last_sync_ratio":"0.000000","last_sync_time":0,"status":1,"is_del":1,"level":0,"add_time":1775216277,"up_time":1775216277,"pid_str":"","pid2":0,"pid2_str":"","ratio2":"0.000000","pid3":0,"pid3_str":"","ratio3":"0.000000","end_ratio":"0.000000","level2":0,"level3":0,"cat_name":"\u5bfc\u4f53\u5206\u7c7b"},{"id":188,"cate_label_id":184,"name":"\u57fa\u7840\u954d\u4ef7","cate_type":0,"pid":0,"ratio":"0.000000","price":"135.0000","last_futures_price":"0.0000","last_sync_ratio":"0.000000","last_sync_time":0,"status":1,"is_del":1,"level":1,"add_time":1775216322,"up_time":1775216322,"pid_str":"","pid2":0,"pid2_str":"","ratio2":"0.000000","pid3":0,"pid3_str":"","ratio3":"0.000000","end_ratio":"0.000000","level2":1,"level3":1,"cat_name":"\u5bfc\u4f53\u5206\u7c7b"}]}

[ 2026-06-04T20:37:05+08:00 ] ::1 /Home/PriceSync/getQuotes.html
INFO: [ app_init ] --START--
INFO: Run Behavior\BuildLiteBehavior [ RunTime:0.000006s ]
INFO: [ app_init ] --END-- [ RunTime:0.000072s ]
INFO: [ app_begin ] --START--
INFO: Run Behavior\ReadHtmlCacheBehavior [ RunTime:0.000050s ]
INFO: [ app_begin ] --END-- [ RunTime:0.000078s ]
ERR: {"status":1,"msg":"\u83b7\u53d6\u6210\u529f","data":[{"p":11965,"name":"\u751f\u732a\u4e3b\u8fde","dm":"lhm","zde":-90,"zdf":-0.75,"zjsj":12055},{"p":4363,"name":"\u9e21\u86cb\u4e3b\u8fde","dm":"jdm","zde":-27,"zdf":-0.62,"zjsj":4390},{"p":802.5,"name":"\u539f\u6728\u4e3b\u8fde","dm":"lgm","zde":9,"zdf":1.13,"zjsj":793.5},{"p":1280,"name":"\u7ea4\u7ef4\u677f\u4e3b\u8fde","dm":"fbm","zde":-2.5,"zdf":-0.19,"zjsj":1282.5}]}

[ 2026-06-04T20:37:06+08:00 ] ::1 /Home/PriceSync/index
INFO: [ app_init ] --START--
INFO: Run Behavior\BuildLiteBehavior [ RunTime:0.000008s ]
INFO: [ app_init ] --END-- [ RunTime:0.000087s ]
INFO: [ app_begin ] --START--
INFO: Run Behavior\ReadHtmlCacheBehavior [ RunTime:0.000062s ]
INFO: [ app_begin ] --END-- [ RunTime:0.000112s ]
INFO: [ view_parse ] --START--
INFO: [ template_filter ] --START--
INFO: Run Behavior\ContentReplaceBehavior [ RunTime:0.000183s ]
INFO: [ template_filter ] --END-- [ RunTime:0.000245s ]
INFO: Run Behavior\ParseTemplateBehavior [ RunTime:0.005150s ]
INFO: [ view_parse ] --END-- [ RunTime:0.005205s ]
INFO: [ view_filter ] --START--
INFO: Run Behavior\WriteHtmlCacheBehavior [ RunTime:0.000051s ]
INFO: [ view_filter ] --END-- [ RunTime:0.000059s ]
INFO: [ app_end ] --START--
INFO: Run Behavior\ShowPageTraceBehavior [ RunTime:0.000021s ]
INFO: [ app_end ] --END-- [ RunTime:0.000029s ]

[ 2026-06-04T20:37:06+08:00 ] ::1 /Home/PriceSync/getQuotes.html
INFO: [ app_init ] --START--
INFO: Run Behavior\BuildLiteBehavior [ RunTime:0.000002s ]
INFO: [ app_init ] --END-- [ RunTime:0.000026s ]
INFO: [ app_begin ] --START--
INFO: Run Behavior\ReadHtmlCacheBehavior [ RunTime:0.000012s ]
INFO: [ app_begin ] --END-- [ RunTime:0.000022s ]
ERR: {"status":1,"msg":"\u83b7\u53d6\u6210\u529f","data":[{"p":3348,"name":"\u7ebf\u6750\u4e3b\u8fde","dm":"wrm","zde":-19,"zdf":-0.56,"zjsj":3367}]}

[ 2026-06-04T20:37:06+08:00 ] ::1 /Home/PriceSync/getConfigList.html
INFO: [ app_init ] --START--
INFO: Run Behavior\BuildLiteBehavior [ RunTime:0.000004s ]
INFO: [ app_init ] --END-- [ RunTime:0.000049s ]
INFO: [ app_begin ] --START--
INFO: Run Behavior\ReadHtmlCacheBehavior [ RunTime:0.000015s ]
INFO: [ app_begin ] --END-- [ RunTime:0.000025s ]
SQL: SHOW COLUMNS FROM `price_sync_config` [ RunTime:0.0032s ]
SQL: SELECT * FROM `price_sync_config` WHERE `status` = 1 ORDER BY id asc  [ RunTime:0.0005s ]
SQL: SHOW COLUMNS FROM `price_sync_log` [ RunTime:0.0027s ]
SQL: SELECT `config_id`,MAX(add_time) as last_sync_at FROM `price_sync_log` WHERE `config_id` IN (1,2,3,6,7) GROUP BY config_id  [ RunTime:0.0006s ]
SQL: SHOW COLUMNS FROM `new_label` [ RunTime:0.0016s ]
SQL: SELECT `price` FROM `new_label` WHERE `id` = 160 LIMIT 1   [ RunTime:0.0003s ]
SQL: SELECT `price` FROM `new_label` WHERE `id` = 162 LIMIT 1   [ RunTime:0.0001s ]
SQL: SELECT `price` FROM `new_label` WHERE `id` = 163 LIMIT 1   [ RunTime:0.0001s ]
SQL: SELECT `price` FROM `new_label` WHERE `id` = 166 LIMIT 1   [ RunTime:0.0001s ]
SQL: SELECT `price` FROM `new_label` WHERE `id` = 191 LIMIT 1   [ RunTime:0.0001s ]
ERR: {"status":1,"msg":"\u83b7\u53d6\u6210\u529f","data":[{"id":1,"futures_code":"cum","futures_name":"\u6caa\u94dc\u4e3b\u8fde","exchange":"shfe","new_label_id":160,"label_name":"\u6caa\u94dc","ratio":"100.0000","auto_sync":1,"status":1,"add_time":1780239338,"up_time":1780240685,"current_price":"0.00","last_sync_at":"2026-06-04 20:35:39"},{"id":2,"futures_code":"nim","futures_name":"\u6caa\u954d\u4e3b\u8fde","exchange":"shfe","new_label_id":162,"label_name":"\u6caa\u954d","ratio":"1.0000","auto_sync":1,"status":1,"add_time":1780366433,"up_time":1780366443,"current_price":"0.00","last_sync_at":"2026-06-04 20:32:11"},{"id":3,"futures_code":"snm","futures_name":"\u6caa\u9521\u4e3b\u8fde","exchange":"shfe","new_label_id":163,"label_name":"\u6caa\u9521","ratio":"100.0000","auto_sync":0,"status":1,"add_time":1780366480,"up_time":1780366480,"current_price":"437040.00","last_sync_at":"-"},{"id":6,"futures_code":"agm","futures_name":"\u6caa\u94f6\u4e3b\u8fde","exchange":"shfe","new_label_id":166,"label_name":"\u6caa\u94f6","ratio":"100.0000","auto_sync":1,"status":1,"add_time":1780396428,"up_time":1780396428,"current_price":"18522.00","last_sync_at":"2026-06-02 18:33:56"},{"id":7,"futures_code":"lgm","futures_name":"\u539f\u6728\u4e3b\u8fde","exchange":"dce","new_label_id":191,"label_name":"\u5907\u75283","ratio":"100.0000","auto_sync":1,"status":1,"add_time":1780403277,"up_time":1780403277,"current_price":"788.00","last_sync_at":"2026-06-02 20:28:05"}]}

[ 2026-06-04T20:37:06+08:00 ] ::1 /Home/PriceSync/getMaterials.html
INFO: [ app_init ] --START--
INFO: Run Behavior\BuildLiteBehavior [ RunTime:0.000005s ]
INFO: [ app_init ] --END-- [ RunTime:0.000042s ]
INFO: [ app_begin ] --START--
INFO: Run Behavior\ReadHtmlCacheBehavior [ RunTime:0.000025s ]
INFO: [ app_begin ] --END-- [ RunTime:0.000046s ]
SQL: SHOW COLUMNS FROM `new_label` [ RunTime:0.0026s ]
SQL: SELECT `id`,`name` FROM `new_label` WHERE `cate_label_id` = 0 AND `cate_type` = 0  [ RunTime:0.0005s ]
SQL: SELECT * FROM `new_label` WHERE `cate_label_id` IN (3,4,26,30,133,159,184) AND `pid` = 0 ORDER BY cate_label_id asc, id asc  [ RunTime:0.0009s ]
ERR: {"status":1,"msg":"\u83b7\u53d6\u6210\u529f","data":[{"id":5,"cate_label_id":3,"name":"\u73b0\u8d27\u94dc\u4ef7\u57fa\u7840\u503c","cate_type":0,"pid":0,"ratio":"100.000000","price":"94.9000","last_futures_price":"0.0000","last_sync_ratio":"0.000000","last_sync_time":0,"status":1,"is_del":1,"level":0,"add_time":1731588218,"up_time":1731678051,"pid_str":"","pid2":0,"pid2_str":"","ratio2":"100.000000","pid3":0,"pid3_str":"","ratio3":"100.000000","end_ratio":"0.000000","level2":0,"level3":0,"cat_name":"\u5bfc\u4f53\u6750\u6599\u4ef7\u683c22"},{"id":51,"cate_label_id":3,"name":"\u73b0\u8d27\u94dd\u4ef7\u57fa\u7840\u503c","cate_type":0,"pid":0,"ratio":"100.000000","price":"23.0000","last_futures_price":"0.0000","last_sync_ratio":"0.000000","last_sync_time":0,"status":1,"is_del":1,"level":0,"add_time":1731682407,"up_time":1731682407,"pid_str":"","pid2":0,"pid2_str":"","ratio2":"100.000000","pid3":0,"pid3_str":"","ratio3":"100.000000","end_ratio":"0.000000","level2":0,"level3":0,"cat_name":"\u5bfc\u4f53\u6750\u6599\u4ef7\u683c22"},{"id":99,"cate_label_id":3,"name":"\u67b6\u7a7a\u5bfc\u7ebf\u94a2\u4e1d\u4ef7","cate_type":0,"pid":0,"ratio":"0.000000","price":"5.0000","last_futures_price":"0.0000","last_sync_ratio":"0.000000","last_sync_time":0,"status":1,"is_del":1,"level":1,"add_time":1735382759,"up_time":1735382759,"pid_str":"","pid2":0,"pid2_str":"","ratio2":"100.000000","pid3":0,"pid3_str":"","ratio3":"100.000000","end_ratio":"0.000000","level2":1,"level3":1,"cat_name":"\u5bfc\u4f53\u6750\u6599\u4ef7\u683c22"},{"id":94,"cate_label_id":4,"name":"\u9ed1\u4e91\u6bcd\u5e26","cate_type":0,"pid":0,"ratio":"0.000000","price":"38.0000","last_futures_price":"0.0000","last_sync_ratio":"0.000000","last_sync_time":0,"status":1,"is_del":1,"level":0,"add_time":1735321887,"up_time":1735321887,"pid_str":"","pid2":0,"pid2_str":"","ratio2":"100.000000","pid3":0,"pid3_str":"","ratio3":"100.000000","end_ratio":"0.000000","level2":0,"level3":0,"cat_name":"\u4e91\u6bcd\u6750\u6599\u4ef7\u683c"},{"id":27,"cate_label_id":26,"name":"\u4ea4\u8054\u805a\u4e59\u70ef\u4ef7\u683c","cate_type":0,"pid":0,"ratio":"0.000000","price":"12.0000","last_futures_price":"0.0000","last_sync_ratio":"0.000000","last_sync_time":0,"status":1,"is_del":1,"level":0,"add_time":1731673353,"up_time":1731673353,"pid_str":"","pid2":0,"pid2_str":"","ratio2":"100.000000","pid3":0,"pid3_str":"","ratio3":"100.000000","end_ratio":"0.000000","level2":0,"level3":0,"cat_name":"\u7edd\u7f18\u6750\u6599\u4ef7\u683c"},{"id":74,"cate_label_id":26,"name":"PVC\u805a\u6c2f\u4e59\u70ef\u4ef7","cate_type":0,"pid":0,"ratio":"100.000000","price":"7.5000","last_futures_price":"0.0000","last_sync_ratio":"0.000000","last_sync_time":0,"status":1,"is_del":1,"level":0,"add_time":1734582414,"up_time":1734582414,"pid_str":"","pid2":0,"pid2_str":"","ratio2":"100.000000","pid3":0,"pid3_str":"","ratio3":"100.000000","end_ratio":"0.000000","level2":0,"level3":0,"cat_name":"\u7edd\u7f18\u6750\u6599\u4ef7\u683c"},{"id":105,"cate_label_id":30,"name":"\u94a2\u5e26\u4ef7\u683c","cate_type":0,"pid":0,"ratio":"0.000000","price":"4.2000","last_futures_price":"0.0000","last_sync_ratio":"0.000000","last_sync_time":0,"status":1,"is_del":1,"level":0,"add_time":1735400959,"up_time":1735400959,"pid_str":"","pid2":0,"pid2_str":"","ratio2":"100.000000","pid3":0,"pid3_str":"","ratio3":"100.000000","end_ratio":"0.000000","level2":0,"level3":0,"cat_name":"\u91d1\u5c5e\u94e0\u88c5\u6750\u6599"},{"id":134,"cate_label_id":133,"name":"XH-03A-\u77ff\u7528\u62a4\u5957","cate_type":0,"pid":0,"ratio":"0.000000","price":"8.0000","last_futures_price":"0.0000","last_sync_ratio":"0.000000","last_sync_time":0,"status":1,"is_del":1,"level":0,"add_time":1744771398,"up_time":1744771398,"pid_str":"","pid2":0,"pid2_str":"","ratio2":"0.000000","pid3":0,"pid3_str":"","ratio3":"0.000000","end_ratio":"0.000000","level2":0,"level3":0,"cat_name":"\u6a61\u80f6\u7535\u7f06\u6750\u6599\u4ef7\u683c"},{"id":160,"cate_label_id":159,"name":"\u6caa\u94dc","cate_type":0,"pid":0,"ratio":"0.000000","price":"0.0000","last_futures_price":"0.0000","last_sync_ratio":"100.000000","last_sync_time":1780576539,"status":1,"is_del":1,"level":0,"add_time":1772791661,"up_time":1780576539,"pid_str":"","pid2":0,"pid2_str":"","ratio2":"0.000000","pid3":0,"pid3_str":"","ratio3":"0.000000","end_ratio":"0.000000","level2":0,"level3":0,"cat_name":"\u57fa\u7840\u91d1\u5c5e\u5217\u8868"},{"id":161,"cate_label_id":159,"name":"\u6caa\u94dd","cate_type":0,"pid":0,"ratio":"0.000000","price":"24640.0000","last_futures_price":"0.0000","last_sync_ratio":"0.000000","last_sync_time":0,"status":1,"is_del":1,"level":0,"add_time":1775158584,"up_time":1775158584,"pid_str":"","pid2":0,"pid2_str":"","ratio2":"0.000000","pid3":0,"pid3_str":"","ratio3":"0.000000","end_ratio":"0.000000","level2":0,"level3":0,"cat_name":"\u57fa\u7840\u91d1\u5c5e\u5217\u8868"},{"id":162,"cate_label_id":159,"name":"\u6caa\u954d","cate_type":0,"pid":0,"ratio":"0.000000","price":"0.0000","last_futures_price":"0.0000","last_sync_ratio":"1.000000","last_sync_time":1780576331,"status":1,"is_del":1,"level":0,"add_time":1775158650,"up_time":1780576331,"pid_str":"","pid2":0,"pid2_str":"","ratio2":"0.000000","pid3":0,"pid3_str":"","ratio3":"0.000000","end_ratio":"0.000000","level2":0,"level3":0,"cat_name":"\u57fa\u7840\u91d1\u5c5e\u5217\u8868"},{"id":163,"cate_label_id":159,"name":"\u6caa\u9521","cate_type":0,"pid":0,"ratio":"0.000000","price":"437040.0000","last_futures_price":"0.0000","last_sync_ratio":"0.000000","last_sync_time":0,"status":1,"is_del":1,"level":0,"add_time":1775158678,"up_time":1775158678,"pid_str":"","pid2":0,"pid2_str":"","ratio2":"0.000000","pid3":0,"pid3_str":"","ratio3":"0.000000","end_ratio":"0.000000","level2":0,"level3":0,"cat_name":"\u57fa\u7840\u91d1\u5c5e\u5217\u8868"},{"id":164,"cate_label_id":159,"name":"\u6caa\u950c","cate_type":0,"pid":0,"ratio":"0.000000","price":"24640.0000","last_futures_price":"0.0000","last_sync_ratio":"0.000000","last_sync_time":0,"status":1,"is_del":1,"level":0,"add_time":1775158807,"up_time":1775158807,"pid_str":"","pid2":0,"pid2_str":"","ratio2":"0.000000","pid3":0,"pid3_str":"","ratio3":"0.000000","end_ratio":"0.000000","level2":0,"level3":0,"cat_name":"\u57fa\u7840\u91d1\u5c5e\u5217\u8868"},{"id":165,"cate_label_id":159,"name":"\u4e0d\u9508\u94a2","cate_type":0,"pid":0,"ratio":"0.000000","price":"15065.0000","last_futures_price":"0.0000","last_sync_ratio":"0.000000","last_sync_time":0,"status":1,"is_del":1,"level":0,"add_time":1775158827,"up_time":1775158827,"pid_str":"","pid2":0,"pid2_str":"","ratio2":"0.000000","pid3":0,"pid3_str":"","ratio3":"0.000000","end_ratio":"0.000000","level2":0,"level3":0,"cat_name":"\u57fa\u7840\u91d1\u5c5e\u5217\u8868"},{"id":166,"cate_label_id":159,"name":"\u6caa\u94f6","cate_type":0,"pid":0,"ratio":"0.000000","price":"18522.0000","last_futures_price":"18522.0000","last_sync_ratio":"100.000000","last_sync_time":1780396436,"status":1,"is_del":1,"level":0,"add_time":1775158945,"up_time":1780396436,"pid_str":"","pid2":0,"pid2_str":"","ratio2":"0.000000","pid3":0,"pid3_str":"","ratio3":"0.000000","end_ratio":"0.000000","level2":0,"level3":0,"cat_name":"\u57fa\u7840\u91d1\u5c5e\u5217\u8868"},{"id":167,"cate_label_id":159,"name":"\u6caa\u91d1","cate_type":0,"pid":0,"ratio":"0.000000","price":"1027.1000","last_futures_price":"0.0000","last_sync_ratio":"0.000000","last_sync_time":0,"status":1,"is_del":1,"level":0,"add_time":1775159038,"up_time":1775159038,"pid_str":"","pid2":0,"pid2_str":"","ratio2":"0.000000","pid3":0,"pid3_str":"","ratio3":"0.000000","end_ratio":"0.000000","level2":0,"level3":0,"cat_name":"\u57fa\u7840\u91d1\u5c5e\u5217\u8868"},{"id":168,"cate_label_id":159,"name":"\u7845\u94c1","cate_type":0,"pid":0,"ratio":"0.000000","price":"5762.0000","last_futures_price":"0.0000","last_sync_ratio":"0.000000","last_sync_time":0,"status":1,"is_del":1,"level":0,"add_time":1775159058,"up_time":1775159058,"pid_str":"","pid2":0,"pid2_str":"","ratio2":"0.000000","pid3":0,"pid3_str":"","ratio3":"0.000000","end_ratio":"0.000000","level2":0,"level3":0,"cat_name":"\u57fa\u7840\u91d1\u5c5e\u5217\u8868"},{"id":169,"cate_label_id":159,"name":"\u94c1\u77ff\u77f3","cate_type":0,"pid":0,"ratio":"0.000000","price":"815.5000","last_futures_price":"0.0000","last_sync_ratio":"0.000000","last_sync_time":0,"status":1,"is_del":1,"level":0,"add_time":1775159155,"up_time":1775159155,"pid_str":"","pid2":0,"pid2_str":"","ratio2":"0.000000","pid3":0,"pid3_str":"","ratio3":"0.000000","end_ratio":"0.000000","level2":0,"level3":0,"cat_name":"\u57fa\u7840\u91d1\u5c5e\u5217\u8868"},{"id":170,"cate_label_id":159,"name":"\u87ba\u7eb9\u94a2","cate_type":0,"pid":0,"ratio":"0.000000","price":"3249.0000","last_futures_price":"0.0000","last_sync_ratio":"0.000000","last_sync_time":0,"status":1,"is_del":1,"level":0,"add_time":1775159188,"up_time":1775159188,"pid_str":"","pid2":0,"pid2_str":"","ratio2":"0.000000","pid3":0,"pid3_str":"","ratio3":"0.000000","end_ratio":"0.000000","level2":0,"level3":0,"cat_name":"\u57fa\u7840\u91d1\u5c5e\u5217\u8868"},{"id":171,"cate_label_id":159,"name":"\u70ed\u5377","cate_type":0,"pid":0,"ratio":"0.000000","price":"3468.0000","last_futures_price":"0.0000","last_sync_ratio":"0.000000","last_sync_time":0,"status":1,"is_del":1,"level":0,"add_time":1775159363,"up_time":1775159363,"pid_str":"","pid2":0,"pid2_str":"","ratio2":"0.000000","pid3":0,"pid3_str":"","ratio3":"0.000000","end_ratio":"0.000000","level2":0,"level3":0,"cat_name":"\u57fa\u7840\u91d1\u5c5e\u5217\u8868"},{"id":172,"cate_label_id":159,"name":"\u9530\u7845","cate_type":0,"pid":0,"ratio":"0.000000","price":"5878.0000","last_futures_price":"0.0000","last_sync_ratio":"0.000000","last_sync_time":0,"status":1,"is_del":1,"level":0,"add_time":1775159401,"up_time":1775159401,"pid_str":"","pid2":0,"pid2_str":"","ratio2":"0.000000","pid3":0,"pid3_str":"","ratio3":"0.000000","end_ratio":"0.000000","level2":0,"level3":0,"cat_name":"\u57fa\u7840\u91d1\u5c5e\u5217\u8868"},{"id":173,"cate_label_id":159,"name":"\u94c2\u91d1","cate_type":0,"pid":0,"ratio":"0.000000","price":"2141.4000","last_futures_price":"0.0000","last_sync_ratio":"0.000000","last_sync_time":0,"status":1,"is_del":1,"level":0,"add_time":1775159416,"up_time":1775159416,"pid_str":"","pid2":0,"pid2_str":"","ratio2":"0.000000","pid3":0,"pid3_str":"","ratio3":"0.000000","end_ratio":"0.000000","level2":0,"level3":0,"cat_name":"\u57fa\u7840\u91d1\u5c5e\u5217\u8868"},{"id":174,"cate_label_id":159,"name":"\u94af\u91d1","cate_type":0,"pid":0,"ratio":"0.000000","price":"1508.0000","last_futures_price":"0.0000","last_sync_ratio":"0.000000","last_sync_time":0,"status":1,"is_del":1,"level":0,"add_time":1775159431,"up_time":1775159431,"pid_str":"","pid2":0,"pid2_str":"","ratio2":"0.000000","pid3":0,"pid3_str":"","ratio3":"0.000000","end_ratio":"0.000000","level2":0,"level3":0,"cat_name":"\u57fa\u7840\u91d1\u5c5e\u5217\u8868"},{"id":175,"cate_label_id":159,"name":"\u5de5\u4e1a\u7845","cate_type":0,"pid":0,"ratio":"0.000000","price":"8795.0000","last_futures_price":"0.0000","last_sync_ratio":"0.000000","last_sync_time":0,"status":1,"is_del":1,"level":0,"add_time":1775159442,"up_time":1775159442,"pid_str":"","pid2":0,"pid2_str":"","ratio2":"0.000000","pid3":0,"pid3_str":"","ratio3":"0.000000","end_ratio":"0.000000","level2":0,"level3":0,"cat_name":"\u57fa\u7840\u91d1\u5c5e\u5217\u8868"},{"id":176,"cate_label_id":159,"name":"\u94dd\u5408\u91d1","cate_type":0,"pid":0,"ratio":"0.000000","price":"23255.0000","last_futures_price":"0.0000","last_sync_ratio":"0.000000","last_sync_time":0,"status":1,"is_del":1,"level":0,"add_time":1775159467,"up_time":1775159467,"pid_str":"","pid2":0,"pid2_str":"","ratio2":"0.000000","pid3":0,"pid3_str":"","ratio3":"0.000000","end_ratio":"0.000000","level2":0,"level3":0,"cat_name":"\u57fa\u7840\u91d1\u5c5e\u5217\u8868"},{"id":177,"cate_label_id":159,"name":"\u6c27\u5316\u94dd","cate_type":0,"pid":0,"ratio":"0.000000","price":"2776.0000","last_futures_price":"0.0000","last_sync_ratio":"0.000000","last_sync_time":0,"status":1,"is_del":1,"level":0,"add_time":1775159483,"up_time":1775159483,"pid_str":"","pid2":0,"pid2_str":"","ratio2":"0.000000","pid3":0,"pid3_str":"","ratio3":"0.000000","end_ratio":"0.000000","level2":0,"level3":0,"cat_name":"\u57fa\u7840\u91d1\u5c5e\u5217\u8868"},{"id":178,"cate_label_id":159,"name":"\u7ebf\u6750","cate_type":0,"pid":0,"ratio":"0.000000","price":"3395.0000","last_futures_price":"0.0000","last_sync_ratio":"0.000000","last_sync_time":0,"status":1,"is_del":1,"level":0,"add_time":1775159497,"up_time":1775159497,"pid_str":"","pid2":0,"pid2_str":"","ratio2":"0.000000","pid3":0,"pid3_str":"","ratio3":"0.000000","end_ratio":"0.000000","level2":0,"level3":0,"cat_name":"\u57fa\u7840\u91d1\u5c5e\u5217\u8868"},{"id":179,"cate_label_id":159,"name":"\u73bb\u7483","cate_type":0,"pid":0,"ratio":"0.000000","price":"1068.0000","last_futures_price":"0.0000","last_sync_ratio":"0.000000","last_sync_time":0,"status":1,"is_del":1,"level":0,"add_time":1775159539,"up_time":1775159539,"pid_str":"","pid2":0,"pid2_str":"","ratio2":"0.000000","pid3":0,"pid3_str":"","ratio3":"0.000000","end_ratio":"0.000000","level2":0,"level3":0,"cat_name":"\u57fa\u7840\u91d1\u5c5e\u5217\u8868"},{"id":180,"cate_label_id":159,"name":"\u91d1\u5c5e\u94ec","cate_type":0,"pid":0,"ratio":"0.000000","price":"91.5000","last_futures_price":"0.0000","last_sync_ratio":"0.000000","last_sync_time":0,"status":1,"is_del":1,"level":0,"add_time":1775159558,"up_time":1775159558,"pid_str":"","pid2":0,"pid2_str":"","ratio2":"0.000000","pid3":0,"pid3_str":"","ratio3":"0.000000","end_ratio":"0.000000","level2":0,"level3":0,"cat_name":"\u57fa\u7840\u91d1\u5c5e\u5217\u8868"},{"id":181,"cate_label_id":159,"name":"\u77f3\u58a8\u70ef","cate_type":0,"pid":0,"ratio":"0.000000","price":"555.0000","last_futures_price":"0.0000","last_sync_ratio":"0.000000","last_sync_time":0,"status":1,"is_del":1,"level":0,"add_time":1775159576,"up_time":1775159576,"pid_str":"","pid2":0,"pid2_str":"","ratio2":"0.000000","pid3":0,"pid3_str":"","ratio3":"0.000000","end_ratio":"0.000000","level2":0,"level3":0,"cat_name":"\u57fa\u7840\u91d1\u5c5e\u5217\u8868"},{"id":182,"cate_label_id":159,"name":"\u91d1\u5c5e\u94b4","cate_type":0,"pid":0,"ratio":"0.000000","price":"989.0000","last_futures_price":"0.0000","last_sync_ratio":"0.000000","last_sync_time":0,"status":1,"is_del":1,"level":0,"add_time":1775159588,"up_time":1775159588,"pid_str":"","pid2":0,"pid2_str":"","ratio2":"0.000000","pid3":0,"pid3_str":"","ratio3":"0.000000","end_ratio":"0.000000","level2":0,"level3":0,"cat_name":"\u57fa\u7840\u91d1\u5c5e\u5217\u8868"},{"id":183,"cate_label_id":159,"name":"\u5f85\u5b9a","cate_type":0,"pid":0,"ratio":"0.000000","price":"91.5000","last_futures_price":"0.0000","last_sync_ratio":"0.000000","last_sync_time":0,"status":1,"is_del":1,"level":0,"add_time":1775160000,"up_time":1775160000,"pid_str":"","pid2":0,"pid2_str":"","ratio2":"0.000000","pid3":0,"pid3_str":"","ratio3":"0.000000","end_ratio":"0.000000","level2":0,"level3":0,"cat_name":"\u57fa\u7840\u91d1\u5c5e\u5217\u8868"},{"id":190,"cate_label_id":159,"name":"\u5907\u75282","cate_type":0,"pid":0,"ratio":"0.000000","price":"2.0000","last_futures_price":"0.0000","last_sync_ratio":"0.000000","last_sync_time":0,"status":1,"is_del":1,"level":1,"add_time":1778617496,"up_time":1778617496,"pid_str":"","pid2":0,"pid2_str":"","ratio2":"0.000000","pid3":0,"pid3_str":"","ratio3":"0.000000","end_ratio":"0.000000","level2":1,"level3":1,"cat_name":"\u57fa\u7840\u91d1\u5c5e\u5217\u8868"},{"id":191,"cate_label_id":159,"name":"\u5907\u75283","cate_type":0,"pid":0,"ratio":"0.000000","price":"788.0000","last_futures_price":"788.0000","last_sync_ratio":"100.000000","last_sync_time":1780403285,"status":1,"is_del":1,"level":1,"add_time":1778617507,"up_time":1780403285,"pid_str":"","pid2":0,"pid2_str":"","ratio2":"0.000000","pid3":0,"pid3_str":"","ratio3":"0.000000","end_ratio":"0.000000","level2":1,"level3":1,"cat_name":"\u57fa\u7840\u91d1\u5c5e\u5217\u8868"},{"id":192,"cate_label_id":159,"name":"\u5907\u75284","cate_type":0,"pid":0,"ratio":"0.000000","price":"4.0000","last_futures_price":"0.0000","last_sync_ratio":"0.000000","last_sync_time":0,"status":1,"is_del":1,"level":1,"add_time":1778617516,"up_time":1778617516,"pid_str":"","pid2":0,"pid2_str":"","ratio2":"0.000000","pid3":0,"pid3_str":"","ratio3":"0.000000","end_ratio":"0.000000","level2":1,"level3":1,"cat_name":"\u57fa\u7840\u91d1\u5c5e\u5217\u8868"},{"id":193,"cate_label_id":159,"name":"\u5907\u75285","cate_type":0,"pid":0,"ratio":"0.000000","price":"5.0000","last_futures_price":"0.0000","last_sync_ratio":"0.000000","last_sync_time":0,"status":1,"is_del":1,"level":1,"add_time":1778617527,"up_time":1778617527,"pid_str":"","pid2":0,"pid2_str":"","ratio2":"0.000000","pid3":0,"pid3_str":"","ratio3":"0.000000","end_ratio":"0.000000","level2":1,"level3":1,"cat_name":"\u57fa\u7840\u91d1\u5c5e\u5217\u8868"},{"id":194,"cate_label_id":159,"name":"\u5907\u75286","cate_type":0,"pid":0,"ratio":"0.000000","price":"6.0000","last_futures_price":"0.0000","last_sync_ratio":"0.000000","last_sync_time":0,"status":1,"is_del":1,"level":1,"add_time":1778617537,"up_time":1778617537,"pid_str":"","pid2":0,"pid2_str":"","ratio2":"0.000000","pid3":0,"pid3_str":"","ratio3":"0.000000","end_ratio":"0.000000","level2":1,"level3":1,"cat_name":"\u57fa\u7840\u91d1\u5c5e\u5217\u8868"},{"id":185,"cate_label_id":184,"name":"\u57fa\u7840\u94dc\u4ef7","cate_type":0,"pid":0,"ratio":"0.000000","price":"96.5000","last_futures_price":"0.0000","last_sync_ratio":"0.000000","last_sync_time":0,"status":1,"is_del":1,"level":1,"add_time":1775216239,"up_time":1775216239,"pid_str":"","pid2":0,"pid2_str":"","ratio2":"0.000000","pid3":0,"pid3_str":"","ratio3":"0.000000","end_ratio":"0.000000","level2":1,"level3":1,"cat_name":"\u5bfc\u4f53\u5206\u7c7b"},{"id":186,"cate_label_id":184,"name":"\u57fa\u7840\u94dd\u4ef7","cate_type":0,"pid":0,"ratio":"0.000000","price":"24.0000","last_futures_price":"0.0000","last_sync_ratio":"0.000000","last_sync_time":0,"status":1,"is_del":1,"level":1,"add_time":1775216251,"up_time":1775216251,"pid_str":"","pid2":0,"pid2_str":"","ratio2":"0.000000","pid3":0,"pid3_str":"","ratio3":"0.000000","end_ratio":"0.000000","level2":1,"level3":1,"cat_name":"\u5bfc\u4f53\u5206\u7c7b"},{"id":187,"cate_label_id":184,"name":"\u57fa\u7840\u94a2\u4ef7","cate_type":0,"pid":0,"ratio":"0.000000","price":"4.5000","last_futures_price":"0.0000","last_sync_ratio":"0.000000","last_sync_time":0,"status":1,"is_del":1,"level":0,"add_time":1775216277,"up_time":1775216277,"pid_str":"","pid2":0,"pid2_str":"","ratio2":"0.000000","pid3":0,"pid3_str":"","ratio3":"0.000000","end_ratio":"0.000000","level2":0,"level3":0,"cat_name":"\u5bfc\u4f53\u5206\u7c7b"},{"id":188,"cate_label_id":184,"name":"\u57fa\u7840\u954d\u4ef7","cate_type":0,"pid":0,"ratio":"0.000000","price":"135.0000","last_futures_price":"0.0000","last_sync_ratio":"0.000000","last_sync_time":0,"status":1,"is_del":1,"level":1,"add_time":1775216322,"up_time":1775216322,"pid_str":"","pid2":0,"pid2_str":"","ratio2":"0.000000","pid3":0,"pid3_str":"","ratio3":"0.000000","end_ratio":"0.000000","level2":1,"level3":1,"cat_name":"\u5bfc\u4f53\u5206\u7c7b"}]}

[ 2026-06-04T20:37:06+08:00 ] ::1 /Home/PriceSync/getQuotes.html
INFO: [ app_init ] --START--
INFO: Run Behavior\BuildLiteBehavior [ RunTime:0.000005s ]
INFO: [ app_init ] --END-- [ RunTime:0.000039s ]
INFO: [ app_begin ] --START--
INFO: Run Behavior\ReadHtmlCacheBehavior [ RunTime:0.000022s ]
INFO: [ app_begin ] --END-- [ RunTime:0.000040s ]
ERR: {"status":1,"msg":"\u83b7\u53d6\u6210\u529f","data":[{"p":11965,"name":"\u751f\u732a\u4e3b\u8fde","dm":"lhm","zde":-90,"zdf":-0.75,"zjsj":12055},{"p":4363,"name":"\u9e21\u86cb\u4e3b\u8fde","dm":"jdm","zde":-27,"zdf":-0.62,"zjsj":4390},{"p":802.5,"name":"\u539f\u6728\u4e3b\u8fde","dm":"lgm","zde":9,"zdf":1.13,"zjsj":793.5},{"p":1280,"name":"\u7ea4\u7ef4\u677f\u4e3b\u8fde","dm":"fbm","zde":-2.5,"zdf":-0.19,"zjsj":1282.5}]}

[ 2026-06-04T20:37:09+08:00 ] ::1 /Home/PriceSync/getQuotes.html
INFO: [ app_init ] --START--
INFO: Run Behavior\BuildLiteBehavior [ RunTime:0.000009s ]
INFO: [ app_init ] --END-- [ RunTime:0.000093s ]
INFO: [ app_begin ] --START--
INFO: Run Behavior\ReadHtmlCacheBehavior [ RunTime:0.000041s ]
INFO: [ app_begin ] --END-- [ RunTime:0.000071s ]
ERR: {"status":1,"msg":"\u83b7\u53d6\u6210\u529f","data":[{"p":6068,"name":"\u9530\u7845\u4e3b\u8fde","dm":"SMM","zde":20,"zdf":0.33,"zjsj":6048},{"p":9295,"name":"\u7ea2\u67a3\u4e3b\u8fde","dm":"CJM","zde":-235,"zdf":-2.47,"zjsj":9530},{"p":5946,"name":"\u7845\u94c1\u4e3b\u8fde","dm":"SFM","zde":14,"zdf":0.24,"zjsj":5932},{"p":5984,"name":"\u83dc\u7c7d\u4e3b\u8fde","dm":"RSM","zde":141,"zdf":2.41,"zjsj":5843},{"p":7632,"name":"\u82f9\u679c\u4e3b\u8fde","dm":"APM","zde":-52,"zdf":-0.68,"zjsj":7684},{"p":8196,"name":"\u82b1\u751f\u4e3b\u8fde","dm":"PKM","zde":-10,"zdf":-0.12,"zjsj":8206},{"p":1773,"name":"\u5c3f\u7d20\u4e3b\u8fde","dm":"URM","zde":-32,"zdf":-1.77,"zjsj":1805}]}

[ 2026-06-04T20:37:09+08:00 ] ::1 /Home/PriceSync/getQuotes.html
INFO: [ app_init ] --START--
INFO: Run Behavior\BuildLiteBehavior [ RunTime:0.000006s ]
INFO: [ app_init ] --END-- [ RunTime:0.000053s ]
INFO: [ app_begin ] --START--
INFO: Run Behavior\ReadHtmlCacheBehavior [ RunTime:0.000033s ]
INFO: [ app_begin ] --END-- [ RunTime:0.000062s ]
ERR: {"status":1,"msg":"\u83b7\u53d6\u6210\u529f","data":[{"p":466.85,"name":"\u94c2\u4e3b\u8fde","dm":"ptm","zde":-9.3,"zdf":-1.95,"zjsj":476.15},{"p":313.55,"name":"\u94af\u4e3b\u8fde","dm":"pdm","zde":-12.85,"zdf":-3.94,"zjsj":326.4},{"p":160740,"name":"\u78b3\u9178\u9502\u4e3b\u8fde","dm":"lcm","zde":-7780,"zdf":-4.62,"zjsj":168520},{"p":35515,"name":"\u591a\u6676\u7845\u4e3b\u8fde","dm":"psm","zde":-1430,"zdf":-3.87,"zjsj":36945},{"p":8715,"name":"\u5de5\u4e1a\u7845\u4e3b\u8fde","dm":"sim","zde":-15,"zdf":-0.17,"zjsj":8730}]}

[ 2026-06-04T20:37:10+08:00 ] ::1 /Home/PriceSync/getQuotes.html
INFO: [ app_init ] --START--
INFO: Run Behavior\BuildLiteBehavior [ RunTime:0.000006s ]
INFO: [ app_init ] --END-- [ RunTime:0.000056s ]
INFO: [ app_begin ] --START--
INFO: Run Behavior\ReadHtmlCacheBehavior [ RunTime:0.000017s ]
INFO: [ app_begin ] --END-- [ RunTime:0.000030s ]
ERR: {"status":1,"msg":"\u83b7\u53d6\u6210\u529f","data":[{"p":3679.5,"name":"\u6b27\u7ebf\u96c6\u8fd0\u4e3b\u8fde","dm":"ecm","zde":-46,"zdf":-1.23,"zjsj":3725.5}]}

[ 2026-06-04T20:37:11+08:00 ] ::1 /Home/PriceSync/getQuotes.html
INFO: [ app_init ] --START--
INFO: Run Behavior\BuildLiteBehavior [ RunTime:0.000005s ]
INFO: [ app_init ] --END-- [ RunTime:0.000048s ]
INFO: [ app_begin ] --START--
INFO: Run Behavior\ReadHtmlCacheBehavior [ RunTime:0.000044s ]
INFO: [ app_begin ] --END-- [ RunTime:0.000084s ]
ERR: {"status":1,"msg":"\u83b7\u53d6\u6210\u529f","data":[{"p":106.47,"name":"\u4e94\u503a\u4e3b\u8fde","dm":"TFM","zde":0.055,"zdf":0.05,"zjsj":106.415},{"p":2871.8,"name":"\u4e0a\u8bc1\u4e3b\u8fde","dm":"IHM","zde":-34.8,"zdf":-1.2,"zjsj":2906.6},{"p":8354.8,"name":"\u4e2d\u8bc11000\u80a1\u6307\u4e3b\u8fde","dm":"IMM","zde":-4.6,"zdf":-0.06,"zjsj":8359.4},{"p":8300.2,"name":"\u4e2d\u8bc1500\u80a1\u6307\u4e3b\u8fde","dm":"ICM","zde":-1.6,"zdf":-0.02,"zjsj":8301.8},{"p":109.29,"name":"\u5341\u503a\u4e3b\u8fde","dm":"TM","zde":0.08,"zdf":0.07,"zjsj":109.21},{"p":114.33,"name":"\u4e09\u5341\u503a\u4e3b\u8fde","dm":"TLM","zde":0.31,"zdf":0.27,"zjsj":114.02},{"p":4871,"name":"\u6caa\u6df1\u4e3b\u8fde","dm":"IFM","zde":-32.4,"zdf":-0.66,"zjsj":4903.4},{"p":102.648,"name":"\u4e8c\u503a\u4e3b\u8fde","dm":"TSM","zde":0.01,"zdf":0.01,"zjsj":102.638}]}

[ 2026-06-04T20:37:12+08:00 ] ::1 /Home/PriceSync/getQuotes.html
INFO: [ app_init ] --START--
INFO: Run Behavior\BuildLiteBehavior [ RunTime:0.000007s ]
INFO: [ app_init ] --END-- [ RunTime:0.000067s ]
INFO: [ app_begin ] --START--
INFO: Run Behavior\ReadHtmlCacheBehavior [ RunTime:0.000026s ]
INFO: [ app_begin ] --END-- [ RunTime:0.000038s ]
ERR: {"status":1,"msg":"\u83b7\u53d6\u6210\u529f","data":[{"p":1148,"name":"\u5927\u8c46\u5f53\u6708\u8fde\u7eed","dm":"ZS00Y","zde":-6,"zdf":-0.52,"zjsj":1154},{"p":428.25,"name":"\u7389\u7c73\u5f53\u6708\u8fde\u7eed","dm":"ZC00Y","zde":-3.25,"zdf":-0.75,"zjsj":431.5},{"p":320.7,"name":"\u8c46\u7c95\u5f53\u6708\u8fde\u7eed","dm":"ZM00Y","zde":-0.1,"zdf":-0.03,"zjsj":320.8},{"p":78.3,"name":"\u8c46\u6cb9\u5f53\u6708\u8fde\u7eed","dm":"ZL00Y","zde":-0.41,"zdf":-0.52,"zjsj":78.71},{"p":589.5,"name":"\u5c0f\u9ea6\u5f53\u6708\u8fde\u7eed","dm":"ZW00Y","zde":2.25,"zdf":0.38,"zjsj":587.25},{"p":325,"name":"\u71d5\u9ea6\u5f53\u6708\u8fde\u7eed","dm":"ZO00Y","zde":-1.5,"zdf":-0.46,"zjsj":326.5},{"p":12.53,"name":"\u7a3b\u8c37\u5f53\u6708\u8fde\u7eed","dm":"ZR00Y","zde":0,"zdf":0,"zjsj":12.53},{"p":1162,"name":"\u8ff7\u4f60\u5927\u8c46\u5f53\u6708\u8fde\u7eed","dm":"XK00Y","zde":-5.25,"zdf":-0.45,"zjsj":1167.25},{"p":453.88,"name":"\u8ff7\u4f60\u7389\u7c73\u5f53\u6708\u8fde\u7eed","dm":"XC00Y","zde":-5.87,"zdf":-1.28,"zjsj":459.75},{"p":589.38,"name":"\u8ff7\u4f60\u5c0f\u9ea6\u5f53\u6708\u8fde\u7eed","dm":"XW00Y","zde":2.13,"zdf":0.36,"zjsj":587.25},{"p":51249,"name":"\u5c0f\u578b\u9053\u6307\u5f53\u6708\u8fde\u7eed","dm":"YM00Y","zde":446,"zdf":0.88,"zjsj":50803},{"p":103.2305,"name":"2\u5e74\u7f8e\u56fd\u503a\u5f53\u6708\u8fde\u7eed","dm":"TU00Y","zde":0.0977,"zdf":0.09,"zjsj":103.1328},{"p":107.125,"name":"5\u5e74\u7f8e\u56fd\u503a\u5f53\u6708\u8fde\u7eed","dm":"FV00Y","zde":0.2109,"zdf":0.2,"zjsj":106.9141},{"p":109.7344,"name":"10\u5e74\u7f8e\u56fd\u503a\u5f53\u6708\u8fde\u7eed","dm":"TY00Y","zde":0.2813,"zdf":0.26,"zjsj":109.4531},{"p":112.5625,"name":"30\u5e74\u7f8e\u56fd\u503a\u5f53\u6708\u8fde\u7eed","dm":"US00Y","zde":0.4687,"zdf":0.42,"zjsj":112.0938},{"p":114.9688,"name":"\u8d85\u56fd\u503a\u5f53\u6708\u8fde\u7eed","dm":"UL00Y","zde":0.5313,"zdf":0.46,"zjsj":114.4375},{"p":92.84,"name":"NYMEX\u539f\u6cb9","dm":"CL00Y","zde":-3.18,"zdf":-3.31,"zjsj":96.02},{"p":3.0457,"name":"NYMEX\u6c7d\u6cb9","dm":"RB00Y","zde":-0.0859,"zdf":-2.74,"zjsj":3.1316},{"p":3.279,"name":"\u5929\u7136\u6c14","dm":"NG00Y","zde":0.065,"zdf":2.02,"zjsj":3.214},{"p":3.7581,"name":"NYMEX\u71c3\u6cb9","dm":"HO00Y","zde":-0.09,"zdf":-2.34,"zjsj":3.8481},{"p":1340.5,"name":"NYMEX\u94af\u91d1","dm":"PA00Y","zde":2.8,"zdf":0.21,"zjsj":1337.7},{"p":1907,"name":"NYMEX\u94c2\u91d1","dm":"PL00Y","zde":32.4,"zdf":1.73,"zjsj":1874.6},{"p":92.85,"name":"\u8ff7\u4f60\u539f\u6cb9","dm":"QM00Y","zde":-3.175,"zdf":-3.31,"zjsj":96.025},{"p":4526.5,"name":"COMEX\u9ec4\u91d1","dm":"GC00Y","zde":59.6,"zdf":1.33,"zjsj":4466.9},{"p":4524.5,"name":"\u8ff7\u4f60\u9ec4\u91d1","dm":"QO00Y","zde":57.5,"zdf":1.29,"zjsj":4467},{"p":4526.8,"name":"\u5fae\u578b\u9ec4\u91d1","dm":"MGC00Y","zde":59.9,"zdf":1.34,"zjsj":4466.9},{"p":6.5325,"name":"COMEX\u94dc","dm":"HG00Y","zde":0.025,"zdf":0.38,"zjsj":6.5075},{"p":74.73,"name":"COMEX\u767d\u94f6","dm":"SI00Y","zde":1.036,"zdf":1.41,"zjsj":73.694},{"p":74.6375,"name":"\u8ff7\u4f60\u767d\u94f6","dm":"QI00Y","zde":0.9375,"zdf":1.27,"zjsj":73.7},{"p":14.27,"name":"\u7cd611\u53f7\u5f53\u6708\u8fde\u7eed","dm":"SB00Y","zde":0.03,"zdf":0.21,"zjsj":14.24},{"p":"-","name":"\u7cd616\u53f7\u5f53\u6708\u8fde\u7eed","dm":"SF00Y","zde":"-","zdf":"-","zjsj":37.5},{"p":80.04,"name":"\u68c9\u82b1\u5f53\u6708\u8fde\u7eed","dm":"CT00Y","zde":-0.47,"zdf":-0.58,"zjsj":80.51},{"p":1071.25,"name":"\u91cd\u67f4\u6cb9\u5f53\u6708\u8fde\u7eed","dm":"G00Y","zde":-35,"zdf":-3.16,"zjsj":1106.25},{"p":94.86,"name":"\u5e03\u4f26\u7279\u539f\u6cb9\u5f53\u6708\u8fde\u7eed","dm":"B00Y","zde":-2.95,"zdf":-3.02,"zjsj":97.81},{"p":116.92,"name":"\u5929\u7136\u6c14\u5f53\u6708\u8fde\u7eed","dm":"M00Y","zde":-0.98,"zdf":-0.83,"zjsj":117.9},{"p":431.5,"name":"\u65e5\u6a61\u80f6\u5f53\u6708\u8fde\u7eed","dm":"JRU00Y","zde":3,"zdf":0.7,"zjsj":428.5},{"p":23762,"name":"\u65e5\u9ec4\u91d1\u5f53\u6708\u8fde\u7eed","dm":"JAU00Y","zde":127,"zdf":0.54,"zjsj":23635},{"p":"-","name":"\u65e5\u767d\u94f6\u5f53\u6708\u8fde\u7eed","dm":"JAG00Y","zde":"-","zdf":"-","zjsj":387},{"p":"-","name":"\u65e5\u94af\u91d1\u5f53\u6708\u8fde\u7eed","dm":"JPA00Y","zde":"-","zdf":"-","zjsj":7000},{"p":9650,"name":"\u65e5\u94c2\u91d1\u5f53\u6708\u8fde\u7eed","dm":"JPL00Y","zde":127,"zdf":1.33,"zjsj":9523},{"p":82810,"name":"\u65e5\u539f\u6cb9\u5f53\u6708\u8fde\u7eed","dm":"JCO00Y","zde":-1550,"zdf":-1.84,"zjsj":84360},{"p":"-","name":"\u65e5\u7164\u6cb9\u5f53\u6708\u8fde\u7eed","dm":"JKE00Y","zde":"-","zdf":"-","zjsj":110000},{"p":"-","name":"\u65e5\u6c7d\u6cb9\u5f53\u6708\u8fde\u7eed","dm":"JGL00Y","zde":"-","zdf":"-","zjsj":100000},{"p":15714,"name":"A50\u671f\u6307\u5f53\u6708\u8fde\u7eed","dm":"CN00Y","zde":5,"zdf":0.03,"zjsj":15709},{"p":271,"name":"3\u53f7\u70df\u7247\u80f6\u5f53\u6708\u8fde\u7eed","dm":"RT00Y","zde":-2.7,"zdf":-0.99,"zjsj":273.7},{"p":230,"name":"20\u53f7\u5408\u6210\u80f6\u5f53\u6708\u8fde\u7eed","dm":"TF00Y","zde":-3.7,"zdf":-1.58,"zjsj":233.7},{"p":4602,"name":"\u68d5\u6988\u6cb9\u5f53\u6708\u8fde\u7eed","dm":"MPM00Y","zde":-75,"zdf":-1.6,"zjsj":4677},{"p":13910,"name":"\u7efc\u5408\u94dc03","dm":"LCPT","zde":124.5,"zdf":0.9,"zjsj":13785.5},{"p":3587,"name":"\u7efc\u5408\u950c03","dm":"LZNT","zde":-16.5,"zdf":-0.46,"zjsj":3603.5},{"p":3655.5,"name":"\u7efc\u5408\u94dd03","dm":"LALT","zde":-42,"zdf":-1.14,"zjsj":3697.5},{"p":18585,"name":"\u7efc\u5408\u954d03","dm":"LNKT","zde":-235,"zdf":-1.25,"zjsj":18820},{"p":56000,"name":"\u7efc\u5408\u952103","dm":"LTNT","zde":-1230,"zdf":-2.15,"zjsj":57230},{"p":2018.5,"name":"\u7efc\u5408\u94c503","dm":"LLDT","zde":-2,"zdf":-0.1,"zjsj":2020.5}]}

[ 2026-06-04T20:37:17+08:00 ] ::1 /Home/PriceSync/index
INFO: [ app_init ] --START--
INFO: Run Behavior\BuildLiteBehavior [ RunTime:0.000007s ]
INFO: [ app_init ] --END-- [ RunTime:0.000075s ]
INFO: [ app_begin ] --START--
INFO: Run Behavior\ReadHtmlCacheBehavior [ RunTime:0.000092s ]
INFO: [ app_begin ] --END-- [ RunTime:0.000141s ]
INFO: [ view_parse ] --START--
INFO: [ template_filter ] --START--
INFO: Run Behavior\ContentReplaceBehavior [ RunTime:0.000159s ]
INFO: [ template_filter ] --END-- [ RunTime:0.000196s ]
INFO: Run Behavior\ParseTemplateBehavior [ RunTime:0.009531s ]
INFO: [ view_parse ] --END-- [ RunTime:0.009580s ]
INFO: [ view_filter ] --START--
INFO: Run Behavior\WriteHtmlCacheBehavior [ RunTime:0.000080s ]
INFO: [ view_filter ] --END-- [ RunTime:0.000091s ]
INFO: [ app_end ] --START--
INFO: Run Behavior\ShowPageTraceBehavior [ RunTime:0.000094s ]
INFO: [ app_end ] --END-- [ RunTime:0.000117s ]

[ 2026-06-04T20:37:17+08:00 ] ::1 /Home/PriceSync/getQuotes.html
INFO: [ app_init ] --START--
INFO: Run Behavior\BuildLiteBehavior [ RunTime:0.000003s ]
INFO: [ app_init ] --END-- [ RunTime:0.000023s ]
INFO: [ app_begin ] --START--
INFO: Run Behavior\ReadHtmlCacheBehavior [ RunTime:0.000013s ]
INFO: [ app_begin ] --END-- [ RunTime:0.000025s ]
ERR: {"status":1,"msg":"\u83b7\u53d6\u6210\u529f","data":[{"p":3348,"name":"\u7ebf\u6750\u4e3b\u8fde","dm":"wrm","zde":-19,"zdf":-0.56,"zjsj":3367}]}

[ 2026-06-04T20:37:17+08:00 ] ::1 /Home/PriceSync/getConfigList.html
INFO: [ app_init ] --START--
INFO: Run Behavior\BuildLiteBehavior [ RunTime:0.000006s ]
INFO: [ app_init ] --END-- [ RunTime:0.000099s ]
INFO: [ app_begin ] --START--
INFO: Run Behavior\ReadHtmlCacheBehavior [ RunTime:0.000033s ]
INFO: [ app_begin ] --END-- [ RunTime:0.000060s ]
SQL: SHOW COLUMNS FROM `price_sync_config` [ RunTime:0.0042s ]
SQL: SELECT * FROM `price_sync_config` WHERE `status` = 1 ORDER BY id asc  [ RunTime:0.0012s ]
SQL: SHOW COLUMNS FROM `price_sync_log` [ RunTime:0.0038s ]
SQL: SELECT `config_id`,MAX(add_time) as last_sync_at FROM `price_sync_log` WHERE `config_id` IN (1,2,3,6,7) GROUP BY config_id  [ RunTime:0.0012s ]
SQL: SHOW COLUMNS FROM `new_label` [ RunTime:0.0041s ]
SQL: SELECT `price` FROM `new_label` WHERE `id` = 160 LIMIT 1   [ RunTime:0.0010s ]
SQL: SELECT `price` FROM `new_label` WHERE `id` = 162 LIMIT 1   [ RunTime:0.0005s ]
SQL: SELECT `price` FROM `new_label` WHERE `id` = 163 LIMIT 1   [ RunTime:0.0002s ]
SQL: SELECT `price` FROM `new_label` WHERE `id` = 166 LIMIT 1   [ RunTime:0.0002s ]
SQL: SELECT `price` FROM `new_label` WHERE `id` = 191 LIMIT 1   [ RunTime:0.0002s ]
ERR: {"status":1,"msg":"\u83b7\u53d6\u6210\u529f","data":[{"id":1,"futures_code":"cum","futures_name":"\u6caa\u94dc\u4e3b\u8fde","exchange":"shfe","new_label_id":160,"label_name":"\u6caa\u94dc","ratio":"100.0000","auto_sync":1,"status":1,"add_time":1780239338,"up_time":1780240685,"current_price":"0.00","last_sync_at":"2026-06-04 20:35:39"},{"id":2,"futures_code":"nim","futures_name":"\u6caa\u954d\u4e3b\u8fde","exchange":"shfe","new_label_id":162,"label_name":"\u6caa\u954d","ratio":"1.0000","auto_sync":1,"status":1,"add_time":1780366433,"up_time":1780366443,"current_price":"0.00","last_sync_at":"2026-06-04 20:32:11"},{"id":3,"futures_code":"snm","futures_name":"\u6caa\u9521\u4e3b\u8fde","exchange":"shfe","new_label_id":163,"label_name":"\u6caa\u9521","ratio":"100.0000","auto_sync":0,"status":1,"add_time":1780366480,"up_time":1780366480,"current_price":"437040.00","last_sync_at":"-"},{"id":6,"futures_code":"agm","futures_name":"\u6caa\u94f6\u4e3b\u8fde","exchange":"shfe","new_label_id":166,"label_name":"\u6caa\u94f6","ratio":"100.0000","auto_sync":1,"status":1,"add_time":1780396428,"up_time":1780396428,"current_price":"18522.00","last_sync_at":"2026-06-02 18:33:56"},{"id":7,"futures_code":"lgm","futures_name":"\u539f\u6728\u4e3b\u8fde","exchange":"dce","new_label_id":191,"label_name":"\u5907\u75283","ratio":"100.0000","auto_sync":1,"status":1,"add_time":1780403277,"up_time":1780403277,"current_price":"788.00","last_sync_at":"2026-06-02 20:28:05"}]}

[ 2026-06-04T20:37:17+08:00 ] ::1 /Home/PriceSync/getMaterials.html
INFO: [ app_init ] --START--
INFO: Run Behavior\BuildLiteBehavior [ RunTime:0.000008s ]
INFO: [ app_init ] --END-- [ RunTime:0.000186s ]
INFO: [ app_begin ] --START--
INFO: Run Behavior\ReadHtmlCacheBehavior [ RunTime:0.000072s ]
INFO: [ app_begin ] --END-- [ RunTime:0.000138s ]
SQL: SHOW COLUMNS FROM `new_label` [ RunTime:0.0035s ]
SQL: SELECT `id`,`name` FROM `new_label` WHERE `cate_label_id` = 0 AND `cate_type` = 0  [ RunTime:0.0023s ]
SQL: SELECT * FROM `new_label` WHERE `cate_label_id` IN (3,4,26,30,133,159,184) AND `pid` = 0 ORDER BY cate_label_id asc, id asc  [ RunTime:0.0021s ]
ERR: {"status":1,"msg":"\u83b7\u53d6\u6210\u529f","data":[{"id":5,"cate_label_id":3,"name":"\u73b0\u8d27\u94dc\u4ef7\u57fa\u7840\u503c","cate_type":0,"pid":0,"ratio":"100.000000","price":"94.9000","last_futures_price":"0.0000","last_sync_ratio":"0.000000","last_sync_time":0,"status":1,"is_del":1,"level":0,"add_time":1731588218,"up_time":1731678051,"pid_str":"","pid2":0,"pid2_str":"","ratio2":"100.000000","pid3":0,"pid3_str":"","ratio3":"100.000000","end_ratio":"0.000000","level2":0,"level3":0,"cat_name":"\u5bfc\u4f53\u6750\u6599\u4ef7\u683c22"},{"id":51,"cate_label_id":3,"name":"\u73b0\u8d27\u94dd\u4ef7\u57fa\u7840\u503c","cate_type":0,"pid":0,"ratio":"100.000000","price":"23.0000","last_futures_price":"0.0000","last_sync_ratio":"0.000000","last_sync_time":0,"status":1,"is_del":1,"level":0,"add_time":1731682407,"up_time":1731682407,"pid_str":"","pid2":0,"pid2_str":"","ratio2":"100.000000","pid3":0,"pid3_str":"","ratio3":"100.000000","end_ratio":"0.000000","level2":0,"level3":0,"cat_name":"\u5bfc\u4f53\u6750\u6599\u4ef7\u683c22"},{"id":99,"cate_label_id":3,"name":"\u67b6\u7a7a\u5bfc\u7ebf\u94a2\u4e1d\u4ef7","cate_type":0,"pid":0,"ratio":"0.000000","price":"5.0000","last_futures_price":"0.0000","last_sync_ratio":"0.000000","last_sync_time":0,"status":1,"is_del":1,"level":1,"add_time":1735382759,"up_time":1735382759,"pid_str":"","pid2":0,"pid2_str":"","ratio2":"100.000000","pid3":0,"pid3_str":"","ratio3":"100.000000","end_ratio":"0.000000","level2":1,"level3":1,"cat_name":"\u5bfc\u4f53\u6750\u6599\u4ef7\u683c22"},{"id":94,"cate_label_id":4,"name":"\u9ed1\u4e91\u6bcd\u5e26","cate_type":0,"pid":0,"ratio":"0.000000","price":"38.0000","last_futures_price":"0.0000","last_sync_ratio":"0.000000","last_sync_time":0,"status":1,"is_del":1,"level":0,"add_time":1735321887,"up_time":1735321887,"pid_str":"","pid2":0,"pid2_str":"","ratio2":"100.000000","pid3":0,"pid3_str":"","ratio3":"100.000000","end_ratio":"0.000000","level2":0,"level3":0,"cat_name":"\u4e91\u6bcd\u6750\u6599\u4ef7\u683c"},{"id":27,"cate_label_id":26,"name":"\u4ea4\u8054\u805a\u4e59\u70ef\u4ef7\u683c","cate_type":0,"pid":0,"ratio":"0.000000","price":"12.0000","last_futures_price":"0.0000","last_sync_ratio":"0.000000","last_sync_time":0,"status":1,"is_del":1,"level":0,"add_time":1731673353,"up_time":1731673353,"pid_str":"","pid2":0,"pid2_str":"","ratio2":"100.000000","pid3":0,"pid3_str":"","ratio3":"100.000000","end_ratio":"0.000000","level2":0,"level3":0,"cat_name":"\u7edd\u7f18\u6750\u6599\u4ef7\u683c"},{"id":74,"cate_label_id":26,"name":"PVC\u805a\u6c2f\u4e59\u70ef\u4ef7","cate_type":0,"pid":0,"ratio":"100.000000","price":"7.5000","last_futures_price":"0.0000","last_sync_ratio":"0.000000","last_sync_time":0,"status":1,"is_del":1,"level":0,"add_time":1734582414,"up_time":1734582414,"pid_str":"","pid2":0,"pid2_str":"","ratio2":"100.000000","pid3":0,"pid3_str":"","ratio3":"100.000000","end_ratio":"0.000000","level2":0,"level3":0,"cat_name":"\u7edd\u7f18\u6750\u6599\u4ef7\u683c"},{"id":105,"cate_label_id":30,"name":"\u94a2\u5e26\u4ef7\u683c","cate_type":0,"pid":0,"ratio":"0.000000","price":"4.2000","last_futures_price":"0.0000","last_sync_ratio":"0.000000","last_sync_time":0,"status":1,"is_del":1,"level":0,"add_time":1735400959,"up_time":1735400959,"pid_str":"","pid2":0,"pid2_str":"","ratio2":"100.000000","pid3":0,"pid3_str":"","ratio3":"100.000000","end_ratio":"0.000000","level2":0,"level3":0,"cat_name":"\u91d1\u5c5e\u94e0\u88c5\u6750\u6599"},{"id":134,"cate_label_id":133,"name":"XH-03A-\u77ff\u7528\u62a4\u5957","cate_type":0,"pid":0,"ratio":"0.000000","price":"8.0000","last_futures_price":"0.0000","last_sync_ratio":"0.000000","last_sync_time":0,"status":1,"is_del":1,"level":0,"add_time":1744771398,"up_time":1744771398,"pid_str":"","pid2":0,"pid2_str":"","ratio2":"0.000000","pid3":0,"pid3_str":"","ratio3":"0.000000","end_ratio":"0.000000","level2":0,"level3":0,"cat_name":"\u6a61\u80f6\u7535\u7f06\u6750\u6599\u4ef7\u683c"},{"id":160,"cate_label_id":159,"name":"\u6caa\u94dc","cate_type":0,"pid":0,"ratio":"0.000000","price":"0.0000","last_futures_price":"0.0000","last_sync_ratio":"100.000000","last_sync_time":1780576539,"status":1,"is_del":1,"level":0,"add_time":1772791661,"up_time":1780576539,"pid_str":"","pid2":0,"pid2_str":"","ratio2":"0.000000","pid3":0,"pid3_str":"","ratio3":"0.000000","end_ratio":"0.000000","level2":0,"level3":0,"cat_name":"\u57fa\u7840\u91d1\u5c5e\u5217\u8868"},{"id":161,"cate_label_id":159,"name":"\u6caa\u94dd","cate_type":0,"pid":0,"ratio":"0.000000","price":"24640.0000","last_futures_price":"0.0000","last_sync_ratio":"0.000000","last_sync_time":0,"status":1,"is_del":1,"level":0,"add_time":1775158584,"up_time":1775158584,"pid_str":"","pid2":0,"pid2_str":"","ratio2":"0.000000","pid3":0,"pid3_str":"","ratio3":"0.000000","end_ratio":"0.000000","level2":0,"level3":0,"cat_name":"\u57fa\u7840\u91d1\u5c5e\u5217\u8868"},{"id":162,"cate_label_id":159,"name":"\u6caa\u954d","cate_type":0,"pid":0,"ratio":"0.000000","price":"0.0000","last_futures_price":"0.0000","last_sync_ratio":"1.000000","last_sync_time":1780576331,"status":1,"is_del":1,"level":0,"add_time":1775158650,"up_time":1780576331,"pid_str":"","pid2":0,"pid2_str":"","ratio2":"0.000000","pid3":0,"pid3_str":"","ratio3":"0.000000","end_ratio":"0.000000","level2":0,"level3":0,"cat_name":"\u57fa\u7840\u91d1\u5c5e\u5217\u8868"},{"id":163,"cate_label_id":159,"name":"\u6caa\u9521","cate_type":0,"pid":0,"ratio":"0.000000","price":"437040.0000","last_futures_price":"0.0000","last_sync_ratio":"0.000000","last_sync_time":0,"status":1,"is_del":1,"level":0,"add_time":1775158678,"up_time":1775158678,"pid_str":"","pid2":0,"pid2_str":"","ratio2":"0.000000","pid3":0,"pid3_str":"","ratio3":"0.000000","end_ratio":"0.000000","level2":0,"level3":0,"cat_name":"\u57fa\u7840\u91d1\u5c5e\u5217\u8868"},{"id":164,"cate_label_id":159,"name":"\u6caa\u950c","cate_type":0,"pid":0,"ratio":"0.000000","price":"24640.0000","last_futures_price":"0.0000","last_sync_ratio":"0.000000","last_sync_time":0,"status":1,"is_del":1,"level":0,"add_time":1775158807,"up_time":1775158807,"pid_str":"","pid2":0,"pid2_str":"","ratio2":"0.000000","pid3":0,"pid3_str":"","ratio3":"0.000000","end_ratio":"0.000000","level2":0,"level3":0,"cat_name":"\u57fa\u7840\u91d1\u5c5e\u5217\u8868"},{"id":165,"cate_label_id":159,"name":"\u4e0d\u9508\u94a2","cate_type":0,"pid":0,"ratio":"0.000000","price":"15065.0000","last_futures_price":"0.0000","last_sync_ratio":"0.000000","last_sync_time":0,"status":1,"is_del":1,"level":0,"add_time":1775158827,"up_time":1775158827,"pid_str":"","pid2":0,"pid2_str":"","ratio2":"0.000000","pid3":0,"pid3_str":"","ratio3":"0.000000","end_ratio":"0.000000","level2":0,"level3":0,"cat_name":"\u57fa\u7840\u91d1\u5c5e\u5217\u8868"},{"id":166,"cate_label_id":159,"name":"\u6caa\u94f6","cate_type":0,"pid":0,"ratio":"0.000000","price":"18522.0000","last_futures_price":"18522.0000","last_sync_ratio":"100.000000","last_sync_time":1780396436,"status":1,"is_del":1,"level":0,"add_time":1775158945,"up_time":1780396436,"pid_str":"","pid2":0,"pid2_str":"","ratio2":"0.000000","pid3":0,"pid3_str":"","ratio3":"0.000000","end_ratio":"0.000000","level2":0,"level3":0,"cat_name":"\u57fa\u7840\u91d1\u5c5e\u5217\u8868"},{"id":167,"cate_label_id":159,"name":"\u6caa\u91d1","cate_type":0,"pid":0,"ratio":"0.000000","price":"1027.1000","last_futures_price":"0.0000","last_sync_ratio":"0.000000","last_sync_time":0,"status":1,"is_del":1,"level":0,"add_time":1775159038,"up_time":1775159038,"pid_str":"","pid2":0,"pid2_str":"","ratio2":"0.000000","pid3":0,"pid3_str":"","ratio3":"0.000000","end_ratio":"0.000000","level2":0,"level3":0,"cat_name":"\u57fa\u7840\u91d1\u5c5e\u5217\u8868"},{"id":168,"cate_label_id":159,"name":"\u7845\u94c1","cate_type":0,"pid":0,"ratio":"0.000000","price":"5762.0000","last_futures_price":"0.0000","last_sync_ratio":"0.000000","last_sync_time":0,"status":1,"is_del":1,"level":0,"add_time":1775159058,"up_time":1775159058,"pid_str":"","pid2":0,"pid2_str":"","ratio2":"0.000000","pid3":0,"pid3_str":"","ratio3":"0.000000","end_ratio":"0.000000","level2":0,"level3":0,"cat_name":"\u57fa\u7840\u91d1\u5c5e\u5217\u8868"},{"id":169,"cate_label_id":159,"name":"\u94c1\u77ff\u77f3","cate_type":0,"pid":0,"ratio":"0.000000","price":"815.5000","last_futures_price":"0.0000","last_sync_ratio":"0.000000","last_sync_time":0,"status":1,"is_del":1,"level":0,"add_time":1775159155,"up_time":1775159155,"pid_str":"","pid2":0,"pid2_str":"","ratio2":"0.000000","pid3":0,"pid3_str":"","ratio3":"0.000000","end_ratio":"0.000000","level2":0,"level3":0,"cat_name":"\u57fa\u7840\u91d1\u5c5e\u5217\u8868"},{"id":170,"cate_label_id":159,"name":"\u87ba\u7eb9\u94a2","cate_type":0,"pid":0,"ratio":"0.000000","price":"3249.0000","last_futures_price":"0.0000","last_sync_ratio":"0.000000","last_sync_time":0,"status":1,"is_del":1,"level":0,"add_time":1775159188,"up_time":1775159188,"pid_str":"","pid2":0,"pid2_str":"","ratio2":"0.000000","pid3":0,"pid3_str":"","ratio3":"0.000000","end_ratio":"0.000000","level2":0,"level3":0,"cat_name":"\u57fa\u7840\u91d1\u5c5e\u5217\u8868"},{"id":171,"cate_label_id":159,"name":"\u70ed\u5377","cate_type":0,"pid":0,"ratio":"0.000000","price":"3468.0000","last_futures_price":"0.0000","last_sync_ratio":"0.000000","last_sync_time":0,"status":1,"is_del":1,"level":0,"add_time":1775159363,"up_time":1775159363,"pid_str":"","pid2":0,"pid2_str":"","ratio2":"0.000000","pid3":0,"pid3_str":"","ratio3":"0.000000","end_ratio":"0.000000","level2":0,"level3":0,"cat_name":"\u57fa\u7840\u91d1\u5c5e\u5217\u8868"},{"id":172,"cate_label_id":159,"name":"\u9530\u7845","cate_type":0,"pid":0,"ratio":"0.000000","price":"5878.0000","last_futures_price":"0.0000","last_sync_ratio":"0.000000","last_sync_time":0,"status":1,"is_del":1,"level":0,"add_time":1775159401,"up_time":1775159401,"pid_str":"","pid2":0,"pid2_str":"","ratio2":"0.000000","pid3":0,"pid3_str":"","ratio3":"0.000000","end_ratio":"0.000000","level2":0,"level3":0,"cat_name":"\u57fa\u7840\u91d1\u5c5e\u5217\u8868"},{"id":173,"cate_label_id":159,"name":"\u94c2\u91d1","cate_type":0,"pid":0,"ratio":"0.000000","price":"2141.4000","last_futures_price":"0.0000","last_sync_ratio":"0.000000","last_sync_time":0,"status":1,"is_del":1,"level":0,"add_time":1775159416,"up_time":1775159416,"pid_str":"","pid2":0,"pid2_str":"","ratio2":"0.000000","pid3":0,"pid3_str":"","ratio3":"0.000000","end_ratio":"0.000000","level2":0,"level3":0,"cat_name":"\u57fa\u7840\u91d1\u5c5e\u5217\u8868"},{"id":174,"cate_label_id":159,"name":"\u94af\u91d1","cate_type":0,"pid":0,"ratio":"0.000000","price":"1508.0000","last_futures_price":"0.0000","last_sync_ratio":"0.000000","last_sync_time":0,"status":1,"is_del":1,"level":0,"add_time":1775159431,"up_time":1775159431,"pid_str":"","pid2":0,"pid2_str":"","ratio2":"0.000000","pid3":0,"pid3_str":"","ratio3":"0.000000","end_ratio":"0.000000","level2":0,"level3":0,"cat_name":"\u57fa\u7840\u91d1\u5c5e\u5217\u8868"},{"id":175,"cate_label_id":159,"name":"\u5de5\u4e1a\u7845","cate_type":0,"pid":0,"ratio":"0.000000","price":"8795.0000","last_futures_price":"0.0000","last_sync_ratio":"0.000000","last_sync_time":0,"status":1,"is_del":1,"level":0,"add_time":1775159442,"up_time":1775159442,"pid_str":"","pid2":0,"pid2_str":"","ratio2":"0.000000","pid3":0,"pid3_str":"","ratio3":"0.000000","end_ratio":"0.000000","level2":0,"level3":0,"cat_name":"\u57fa\u7840\u91d1\u5c5e\u5217\u8868"},{"id":176,"cate_label_id":159,"name":"\u94dd\u5408\u91d1","cate_type":0,"pid":0,"ratio":"0.000000","price":"23255.0000","last_futures_price":"0.0000","last_sync_ratio":"0.000000","last_sync_time":0,"status":1,"is_del":1,"level":0,"add_time":1775159467,"up_time":1775159467,"pid_str":"","pid2":0,"pid2_str":"","ratio2":"0.000000","pid3":0,"pid3_str":"","ratio3":"0.000000","end_ratio":"0.000000","level2":0,"level3":0,"cat_name":"\u57fa\u7840\u91d1\u5c5e\u5217\u8868"},{"id":177,"cate_label_id":159,"name":"\u6c27\u5316\u94dd","cate_type":0,"pid":0,"ratio":"0.000000","price":"2776.0000","last_futures_price":"0.0000","last_sync_ratio":"0.000000","last_sync_time":0,"status":1,"is_del":1,"level":0,"add_time":1775159483,"up_time":1775159483,"pid_str":"","pid2":0,"pid2_str":"","ratio2":"0.000000","pid3":0,"pid3_str":"","ratio3":"0.000000","end_ratio":"0.000000","level2":0,"level3":0,"cat_name":"\u57fa\u7840\u91d1\u5c5e\u5217\u8868"},{"id":178,"cate_label_id":159,"name":"\u7ebf\u6750","cate_type":0,"pid":0,"ratio":"0.000000","price":"3395.0000","last_futures_price":"0.0000","last_sync_ratio":"0.000000","last_sync_time":0,"status":1,"is_del":1,"level":0,"add_time":1775159497,"up_time":1775159497,"pid_str":"","pid2":0,"pid2_str":"","ratio2":"0.000000","pid3":0,"pid3_str":"","ratio3":"0.000000","end_ratio":"0.000000","level2":0,"level3":0,"cat_name":"\u57fa\u7840\u91d1\u5c5e\u5217\u8868"},{"id":179,"cate_label_id":159,"name":"\u73bb\u7483","cate_type":0,"pid":0,"ratio":"0.000000","price":"1068.0000","last_futures_price":"0.0000","last_sync_ratio":"0.000000","last_sync_time":0,"status":1,"is_del":1,"level":0,"add_time":1775159539,"up_time":1775159539,"pid_str":"","pid2":0,"pid2_str":"","ratio2":"0.000000","pid3":0,"pid3_str":"","ratio3":"0.000000","end_ratio":"0.000000","level2":0,"level3":0,"cat_name":"\u57fa\u7840\u91d1\u5c5e\u5217\u8868"},{"id":180,"cate_label_id":159,"name":"\u91d1\u5c5e\u94ec","cate_type":0,"pid":0,"ratio":"0.000000","price":"91.5000","last_futures_price":"0.0000","last_sync_ratio":"0.000000","last_sync_time":0,"status":1,"is_del":1,"level":0,"add_time":1775159558,"up_time":1775159558,"pid_str":"","pid2":0,"pid2_str":"","ratio2":"0.000000","pid3":0,"pid3_str":"","ratio3":"0.000000","end_ratio":"0.000000","level2":0,"level3":0,"cat_name":"\u57fa\u7840\u91d1\u5c5e\u5217\u8868"},{"id":181,"cate_label_id":159,"name":"\u77f3\u58a8\u70ef","cate_type":0,"pid":0,"ratio":"0.000000","price":"555.0000","last_futures_price":"0.0000","last_sync_ratio":"0.000000","last_sync_time":0,"status":1,"is_del":1,"level":0,"add_time":1775159576,"up_time":1775159576,"pid_str":"","pid2":0,"pid2_str":"","ratio2":"0.000000","pid3":0,"pid3_str":"","ratio3":"0.000000","end_ratio":"0.000000","level2":0,"level3":0,"cat_name":"\u57fa\u7840\u91d1\u5c5e\u5217\u8868"},{"id":182,"cate_label_id":159,"name":"\u91d1\u5c5e\u94b4","cate_type":0,"pid":0,"ratio":"0.000000","price":"989.0000","last_futures_price":"0.0000","last_sync_ratio":"0.000000","last_sync_time":0,"status":1,"is_del":1,"level":0,"add_time":1775159588,"up_time":1775159588,"pid_str":"","pid2":0,"pid2_str":"","ratio2":"0.000000","pid3":0,"pid3_str":"","ratio3":"0.000000","end_ratio":"0.000000","level2":0,"level3":0,"cat_name":"\u57fa\u7840\u91d1\u5c5e\u5217\u8868"},{"id":183,"cate_label_id":159,"name":"\u5f85\u5b9a","cate_type":0,"pid":0,"ratio":"0.000000","price":"91.5000","last_futures_price":"0.0000","last_sync_ratio":"0.000000","last_sync_time":0,"status":1,"is_del":1,"level":0,"add_time":1775160000,"up_time":1775160000,"pid_str":"","pid2":0,"pid2_str":"","ratio2":"0.000000","pid3":0,"pid3_str":"","ratio3":"0.000000","end_ratio":"0.000000","level2":0,"level3":0,"cat_name":"\u57fa\u7840\u91d1\u5c5e\u5217\u8868"},{"id":190,"cate_label_id":159,"name":"\u5907\u75282","cate_type":0,"pid":0,"ratio":"0.000000","price":"2.0000","last_futures_price":"0.0000","last_sync_ratio":"0.000000","last_sync_time":0,"status":1,"is_del":1,"level":1,"add_time":1778617496,"up_time":1778617496,"pid_str":"","pid2":0,"pid2_str":"","ratio2":"0.000000","pid3":0,"pid3_str":"","ratio3":"0.000000","end_ratio":"0.000000","level2":1,"level3":1,"cat_name":"\u57fa\u7840\u91d1\u5c5e\u5217\u8868"},{"id":191,"cate_label_id":159,"name":"\u5907\u75283","cate_type":0,"pid":0,"ratio":"0.000000","price":"788.0000","last_futures_price":"788.0000","last_sync_ratio":"100.000000","last_sync_time":1780403285,"status":1,"is_del":1,"level":1,"add_time":1778617507,"up_time":1780403285,"pid_str":"","pid2":0,"pid2_str":"","ratio2":"0.000000","pid3":0,"pid3_str":"","ratio3":"0.000000","end_ratio":"0.000000","level2":1,"level3":1,"cat_name":"\u57fa\u7840\u91d1\u5c5e\u5217\u8868"},{"id":192,"cate_label_id":159,"name":"\u5907\u75284","cate_type":0,"pid":0,"ratio":"0.000000","price":"4.0000","last_futures_price":"0.0000","last_sync_ratio":"0.000000","last_sync_time":0,"status":1,"is_del":1,"level":1,"add_time":1778617516,"up_time":1778617516,"pid_str":"","pid2":0,"pid2_str":"","ratio2":"0.000000","pid3":0,"pid3_str":"","ratio3":"0.000000","end_ratio":"0.000000","level2":1,"level3":1,"cat_name":"\u57fa\u7840\u91d1\u5c5e\u5217\u8868"},{"id":193,"cate_label_id":159,"name":"\u5907\u75285","cate_type":0,"pid":0,"ratio":"0.000000","price":"5.0000","last_futures_price":"0.0000","last_sync_ratio":"0.000000","last_sync_time":0,"status":1,"is_del":1,"level":1,"add_time":1778617527,"up_time":1778617527,"pid_str":"","pid2":0,"pid2_str":"","ratio2":"0.000000","pid3":0,"pid3_str":"","ratio3":"0.000000","end_ratio":"0.000000","level2":1,"level3":1,"cat_name":"\u57fa\u7840\u91d1\u5c5e\u5217\u8868"},{"id":194,"cate_label_id":159,"name":"\u5907\u75286","cate_type":0,"pid":0,"ratio":"0.000000","price":"6.0000","last_futures_price":"0.0000","last_sync_ratio":"0.000000","last_sync_time":0,"status":1,"is_del":1,"level":1,"add_time":1778617537,"up_time":1778617537,"pid_str":"","pid2":0,"pid2_str":"","ratio2":"0.000000","pid3":0,"pid3_str":"","ratio3":"0.000000","end_ratio":"0.000000","level2":1,"level3":1,"cat_name":"\u57fa\u7840\u91d1\u5c5e\u5217\u8868"},{"id":185,"cate_label_id":184,"name":"\u57fa\u7840\u94dc\u4ef7","cate_type":0,"pid":0,"ratio":"0.000000","price":"96.5000","last_futures_price":"0.0000","last_sync_ratio":"0.000000","last_sync_time":0,"status":1,"is_del":1,"level":1,"add_time":1775216239,"up_time":1775216239,"pid_str":"","pid2":0,"pid2_str":"","ratio2":"0.000000","pid3":0,"pid3_str":"","ratio3":"0.000000","end_ratio":"0.000000","level2":1,"level3":1,"cat_name":"\u5bfc\u4f53\u5206\u7c7b"},{"id":186,"cate_label_id":184,"name":"\u57fa\u7840\u94dd\u4ef7","cate_type":0,"pid":0,"ratio":"0.000000","price":"24.0000","last_futures_price":"0.0000","last_sync_ratio":"0.000000","last_sync_time":0,"status":1,"is_del":1,"level":1,"add_time":1775216251,"up_time":1775216251,"pid_str":"","pid2":0,"pid2_str":"","ratio2":"0.000000","pid3":0,"pid3_str":"","ratio3":"0.000000","end_ratio":"0.000000","level2":1,"level3":1,"cat_name":"\u5bfc\u4f53\u5206\u7c7b"},{"id":187,"cate_label_id":184,"name":"\u57fa\u7840\u94a2\u4ef7","cate_type":0,"pid":0,"ratio":"0.000000","price":"4.5000","last_futures_price":"0.0000","last_sync_ratio":"0.000000","last_sync_time":0,"status":1,"is_del":1,"level":0,"add_time":1775216277,"up_time":1775216277,"pid_str":"","pid2":0,"pid2_str":"","ratio2":"0.000000","pid3":0,"pid3_str":"","ratio3":"0.000000","end_ratio":"0.000000","level2":0,"level3":0,"cat_name":"\u5bfc\u4f53\u5206\u7c7b"},{"id":188,"cate_label_id":184,"name":"\u57fa\u7840\u954d\u4ef7","cate_type":0,"pid":0,"ratio":"0.000000","price":"135.0000","last_futures_price":"0.0000","last_sync_ratio":"0.000000","last_sync_time":0,"status":1,"is_del":1,"level":1,"add_time":1775216322,"up_time":1775216322,"pid_str":"","pid2":0,"pid2_str":"","ratio2":"0.000000","pid3":0,"pid3_str":"","ratio3":"0.000000","end_ratio":"0.000000","level2":1,"level3":1,"cat_name":"\u5bfc\u4f53\u5206\u7c7b"}]}

[ 2026-06-04T20:37:17+08:00 ] ::1 /Home/PriceSync/getQuotes.html
INFO: [ app_init ] --START--
INFO: Run Behavior\BuildLiteBehavior [ RunTime:0.000007s ]
INFO: [ app_init ] --END-- [ RunTime:0.000066s ]
INFO: [ app_begin ] --START--
INFO: Run Behavior\ReadHtmlCacheBehavior [ RunTime:0.000056s ]
INFO: [ app_begin ] --END-- [ RunTime:0.000097s ]
ERR: {"status":1,"msg":"\u83b7\u53d6\u6210\u529f","data":[{"p":11965,"name":"\u751f\u732a\u4e3b\u8fde","dm":"lhm","zde":-90,"zdf":-0.75,"zjsj":12055},{"p":4363,"name":"\u9e21\u86cb\u4e3b\u8fde","dm":"jdm","zde":-27,"zdf":-0.62,"zjsj":4390},{"p":802.5,"name":"\u539f\u6728\u4e3b\u8fde","dm":"lgm","zde":9,"zdf":1.13,"zjsj":793.5},{"p":1280,"name":"\u7ea4\u7ef4\u677f\u4e3b\u8fde","dm":"fbm","zde":-2.5,"zdf":-0.19,"zjsj":1282.5}]}

[ 2026-06-04T20:37:18+08:00 ] ::1 /Home/PriceSync/index
INFO: [ app_init ] --START--
INFO: Run Behavior\BuildLiteBehavior [ RunTime:0.000008s ]
INFO: [ app_init ] --END-- [ RunTime:0.000064s ]
INFO: [ app_begin ] --START--
INFO: Run Behavior\ReadHtmlCacheBehavior [ RunTime:0.000028s ]
INFO: [ app_begin ] --END-- [ RunTime:0.000053s ]
INFO: [ view_parse ] --START--
INFO: [ template_filter ] --START--
INFO: Run Behavior\ContentReplaceBehavior [ RunTime:0.000159s ]
INFO: [ template_filter ] --END-- [ RunTime:0.000201s ]
INFO: Run Behavior\ParseTemplateBehavior [ RunTime:0.005558s ]
INFO: [ view_parse ] --END-- [ RunTime:0.005597s ]
INFO: [ view_filter ] --START--
INFO: Run Behavior\WriteHtmlCacheBehavior [ RunTime:0.000053s ]
INFO: [ view_filter ] --END-- [ RunTime:0.000061s ]
INFO: [ app_end ] --START--
INFO: Run Behavior\ShowPageTraceBehavior [ RunTime:0.000017s ]
INFO: [ app_end ] --END-- [ RunTime:0.000026s ]

[ 2026-06-04T20:37:18+08:00 ] ::1 /Home/PriceSync/getQuotes.html
INFO: [ app_init ] --START--
INFO: Run Behavior\BuildLiteBehavior [ RunTime:0.000003s ]
INFO: [ app_init ] --END-- [ RunTime:0.000023s ]
INFO: [ app_begin ] --START--
INFO: Run Behavior\ReadHtmlCacheBehavior [ RunTime:0.000011s ]
INFO: [ app_begin ] --END-- [ RunTime:0.000021s ]
ERR: {"status":1,"msg":"\u83b7\u53d6\u6210\u529f","data":[{"p":3348,"name":"\u7ebf\u6750\u4e3b\u8fde","dm":"wrm","zde":-19,"zdf":-0.56,"zjsj":3367}]}

[ 2026-06-04T20:37:18+08:00 ] ::1 /Home/PriceSync/getConfigList.html
INFO: [ app_init ] --START--
INFO: Run Behavior\BuildLiteBehavior [ RunTime:0.000005s ]
INFO: [ app_init ] --END-- [ RunTime:0.000047s ]
INFO: [ app_begin ] --START--
INFO: Run Behavior\ReadHtmlCacheBehavior [ RunTime:0.000020s ]
INFO: [ app_begin ] --END-- [ RunTime:0.000042s ]
SQL: SHOW COLUMNS FROM `price_sync_config` [ RunTime:0.0019s ]
SQL: SELECT * FROM `price_sync_config` WHERE `status` = 1 ORDER BY id asc  [ RunTime:0.0005s ]
SQL: SHOW COLUMNS FROM `price_sync_log` [ RunTime:0.0017s ]
SQL: SELECT `config_id`,MAX(add_time) as last_sync_at FROM `price_sync_log` WHERE `config_id` IN (1,2,3,6,7) GROUP BY config_id  [ RunTime:0.0006s ]
SQL: SHOW COLUMNS FROM `new_label` [ RunTime:0.0016s ]
SQL: SELECT `price` FROM `new_label` WHERE `id` = 160 LIMIT 1   [ RunTime:0.0005s ]
SQL: SELECT `price` FROM `new_label` WHERE `id` = 162 LIMIT 1   [ RunTime:0.0006s ]
SQL: SELECT `price` FROM `new_label` WHERE `id` = 163 LIMIT 1   [ RunTime:0.0005s ]
SQL: SELECT `price` FROM `new_label` WHERE `id` = 166 LIMIT 1   [ RunTime:0.0003s ]
SQL: SELECT `price` FROM `new_label` WHERE `id` = 191 LIMIT 1   [ RunTime:0.0003s ]
ERR: {"status":1,"msg":"\u83b7\u53d6\u6210\u529f","data":[{"id":1,"futures_code":"cum","futures_name":"\u6caa\u94dc\u4e3b\u8fde","exchange":"shfe","new_label_id":160,"label_name":"\u6caa\u94dc","ratio":"100.0000","auto_sync":1,"status":1,"add_time":1780239338,"up_time":1780240685,"current_price":"0.00","last_sync_at":"2026-06-04 20:35:39"},{"id":2,"futures_code":"nim","futures_name":"\u6caa\u954d\u4e3b\u8fde","exchange":"shfe","new_label_id":162,"label_name":"\u6caa\u954d","ratio":"1.0000","auto_sync":1,"status":1,"add_time":1780366433,"up_time":1780366443,"current_price":"0.00","last_sync_at":"2026-06-04 20:32:11"},{"id":3,"futures_code":"snm","futures_name":"\u6caa\u9521\u4e3b\u8fde","exchange":"shfe","new_label_id":163,"label_name":"\u6caa\u9521","ratio":"100.0000","auto_sync":0,"status":1,"add_time":1780366480,"up_time":1780366480,"current_price":"437040.00","last_sync_at":"-"},{"id":6,"futures_code":"agm","futures_name":"\u6caa\u94f6\u4e3b\u8fde","exchange":"shfe","new_label_id":166,"label_name":"\u6caa\u94f6","ratio":"100.0000","auto_sync":1,"status":1,"add_time":1780396428,"up_time":1780396428,"current_price":"18522.00","last_sync_at":"2026-06-02 18:33:56"},{"id":7,"futures_code":"lgm","futures_name":"\u539f\u6728\u4e3b\u8fde","exchange":"dce","new_label_id":191,"label_name":"\u5907\u75283","ratio":"100.0000","auto_sync":1,"status":1,"add_time":1780403277,"up_time":1780403277,"current_price":"788.00","last_sync_at":"2026-06-02 20:28:05"}]}

[ 2026-06-04T20:37:18+08:00 ] ::1 /Home/PriceSync/getMaterials.html
INFO: [ app_init ] --START--
INFO: Run Behavior\BuildLiteBehavior [ RunTime:0.000004s ]
INFO: [ app_init ] --END-- [ RunTime:0.000034s ]
INFO: [ app_begin ] --START--
INFO: Run Behavior\ReadHtmlCacheBehavior [ RunTime:0.000024s ]
INFO: [ app_begin ] --END-- [ RunTime:0.000043s ]
SQL: SHOW COLUMNS FROM `new_label` [ RunTime:0.0020s ]
SQL: SELECT `id`,`name` FROM `new_label` WHERE `cate_label_id` = 0 AND `cate_type` = 0  [ RunTime:0.0005s ]
SQL: SELECT * FROM `new_label` WHERE `cate_label_id` IN (3,4,26,30,133,159,184) AND `pid` = 0 ORDER BY cate_label_id asc, id asc  [ RunTime:0.0011s ]
ERR: {"status":1,"msg":"\u83b7\u53d6\u6210\u529f","data":[{"id":5,"cate_label_id":3,"name":"\u73b0\u8d27\u94dc\u4ef7\u57fa\u7840\u503c","cate_type":0,"pid":0,"ratio":"100.000000","price":"94.9000","last_futures_price":"0.0000","last_sync_ratio":"0.000000","last_sync_time":0,"status":1,"is_del":1,"level":0,"add_time":1731588218,"up_time":1731678051,"pid_str":"","pid2":0,"pid2_str":"","ratio2":"100.000000","pid3":0,"pid3_str":"","ratio3":"100.000000","end_ratio":"0.000000","level2":0,"level3":0,"cat_name":"\u5bfc\u4f53\u6750\u6599\u4ef7\u683c22"},{"id":51,"cate_label_id":3,"name":"\u73b0\u8d27\u94dd\u4ef7\u57fa\u7840\u503c","cate_type":0,"pid":0,"ratio":"100.000000","price":"23.0000","last_futures_price":"0.0000","last_sync_ratio":"0.000000","last_sync_time":0,"status":1,"is_del":1,"level":0,"add_time":1731682407,"up_time":1731682407,"pid_str":"","pid2":0,"pid2_str":"","ratio2":"100.000000","pid3":0,"pid3_str":"","ratio3":"100.000000","end_ratio":"0.000000","level2":0,"level3":0,"cat_name":"\u5bfc\u4f53\u6750\u6599\u4ef7\u683c22"},{"id":99,"cate_label_id":3,"name":"\u67b6\u7a7a\u5bfc\u7ebf\u94a2\u4e1d\u4ef7","cate_type":0,"pid":0,"ratio":"0.000000","price":"5.0000","last_futures_price":"0.0000","last_sync_ratio":"0.000000","last_sync_time":0,"status":1,"is_del":1,"level":1,"add_time":1735382759,"up_time":1735382759,"pid_str":"","pid2":0,"pid2_str":"","ratio2":"100.000000","pid3":0,"pid3_str":"","ratio3":"100.000000","end_ratio":"0.000000","level2":1,"level3":1,"cat_name":"\u5bfc\u4f53\u6750\u6599\u4ef7\u683c22"},{"id":94,"cate_label_id":4,"name":"\u9ed1\u4e91\u6bcd\u5e26","cate_type":0,"pid":0,"ratio":"0.000000","price":"38.0000","last_futures_price":"0.0000","last_sync_ratio":"0.000000","last_sync_time":0,"status":1,"is_del":1,"level":0,"add_time":1735321887,"up_time":1735321887,"pid_str":"","pid2":0,"pid2_str":"","ratio2":"100.000000","pid3":0,"pid3_str":"","ratio3":"100.000000","end_ratio":"0.000000","level2":0,"level3":0,"cat_name":"\u4e91\u6bcd\u6750\u6599\u4ef7\u683c"},{"id":27,"cate_label_id":26,"name":"\u4ea4\u8054\u805a\u4e59\u70ef\u4ef7\u683c","cate_type":0,"pid":0,"ratio":"0.000000","price":"12.0000","last_futures_price":"0.0000","last_sync_ratio":"0.000000","last_sync_time":0,"status":1,"is_del":1,"level":0,"add_time":1731673353,"up_time":1731673353,"pid_str":"","pid2":0,"pid2_str":"","ratio2":"100.000000","pid3":0,"pid3_str":"","ratio3":"100.000000","end_ratio":"0.000000","level2":0,"level3":0,"cat_name":"\u7edd\u7f18\u6750\u6599\u4ef7\u683c"},{"id":74,"cate_label_id":26,"name":"PVC\u805a\u6c2f\u4e59\u70ef\u4ef7","cate_type":0,"pid":0,"ratio":"100.000000","price":"7.5000","last_futures_price":"0.0000","last_sync_ratio":"0.000000","last_sync_time":0,"status":1,"is_del":1,"level":0,"add_time":1734582414,"up_time":1734582414,"pid_str":"","pid2":0,"pid2_str":"","ratio2":"100.000000","pid3":0,"pid3_str":"","ratio3":"100.000000","end_ratio":"0.000000","level2":0,"level3":0,"cat_name":"\u7edd\u7f18\u6750\u6599\u4ef7\u683c"},{"id":105,"cate_label_id":30,"name":"\u94a2\u5e26\u4ef7\u683c","cate_type":0,"pid":0,"ratio":"0.000000","price":"4.2000","last_futures_price":"0.0000","last_sync_ratio":"0.000000","last_sync_time":0,"status":1,"is_del":1,"level":0,"add_time":1735400959,"up_time":1735400959,"pid_str":"","pid2":0,"pid2_str":"","ratio2":"100.000000","pid3":0,"pid3_str":"","ratio3":"100.000000","end_ratio":"0.000000","level2":0,"level3":0,"cat_name":"\u91d1\u5c5e\u94e0\u88c5\u6750\u6599"},{"id":134,"cate_label_id":133,"name":"XH-03A-\u77ff\u7528\u62a4\u5957","cate_type":0,"pid":0,"ratio":"0.000000","price":"8.0000","last_futures_price":"0.0000","last_sync_ratio":"0.000000","last_sync_time":0,"status":1,"is_del":1,"level":0,"add_time":1744771398,"up_time":1744771398,"pid_str":"","pid2":0,"pid2_str":"","ratio2":"0.000000","pid3":0,"pid3_str":"","ratio3":"0.000000","end_ratio":"0.000000","level2":0,"level3":0,"cat_name":"\u6a61\u80f6\u7535\u7f06\u6750\u6599\u4ef7\u683c"},{"id":160,"cate_label_id":159,"name":"\u6caa\u94dc","cate_type":0,"pid":0,"ratio":"0.000000","price":"0.0000","last_futures_price":"0.0000","last_sync_ratio":"100.000000","last_sync_time":1780576539,"status":1,"is_del":1,"level":0,"add_time":1772791661,"up_time":1780576539,"pid_str":"","pid2":0,"pid2_str":"","ratio2":"0.000000","pid3":0,"pid3_str":"","ratio3":"0.000000","end_ratio":"0.000000","level2":0,"level3":0,"cat_name":"\u57fa\u7840\u91d1\u5c5e\u5217\u8868"},{"id":161,"cate_label_id":159,"name":"\u6caa\u94dd","cate_type":0,"pid":0,"ratio":"0.000000","price":"24640.0000","last_futures_price":"0.0000","last_sync_ratio":"0.000000","last_sync_time":0,"status":1,"is_del":1,"level":0,"add_time":1775158584,"up_time":1775158584,"pid_str":"","pid2":0,"pid2_str":"","ratio2":"0.000000","pid3":0,"pid3_str":"","ratio3":"0.000000","end_ratio":"0.000000","level2":0,"level3":0,"cat_name":"\u57fa\u7840\u91d1\u5c5e\u5217\u8868"},{"id":162,"cate_label_id":159,"name":"\u6caa\u954d","cate_type":0,"pid":0,"ratio":"0.000000","price":"0.0000","last_futures_price":"0.0000","last_sync_ratio":"1.000000","last_sync_time":1780576331,"status":1,"is_del":1,"level":0,"add_time":1775158650,"up_time":1780576331,"pid_str":"","pid2":0,"pid2_str":"","ratio2":"0.000000","pid3":0,"pid3_str":"","ratio3":"0.000000","end_ratio":"0.000000","level2":0,"level3":0,"cat_name":"\u57fa\u7840\u91d1\u5c5e\u5217\u8868"},{"id":163,"cate_label_id":159,"name":"\u6caa\u9521","cate_type":0,"pid":0,"ratio":"0.000000","price":"437040.0000","last_futures_price":"0.0000","last_sync_ratio":"0.000000","last_sync_time":0,"status":1,"is_del":1,"level":0,"add_time":1775158678,"up_time":1775158678,"pid_str":"","pid2":0,"pid2_str":"","ratio2":"0.000000","pid3":0,"pid3_str":"","ratio3":"0.000000","end_ratio":"0.000000","level2":0,"level3":0,"cat_name":"\u57fa\u7840\u91d1\u5c5e\u5217\u8868"},{"id":164,"cate_label_id":159,"name":"\u6caa\u950c","cate_type":0,"pid":0,"ratio":"0.000000","price":"24640.0000","last_futures_price":"0.0000","last_sync_ratio":"0.000000","last_sync_time":0,"status":1,"is_del":1,"level":0,"add_time":1775158807,"up_time":1775158807,"pid_str":"","pid2":0,"pid2_str":"","ratio2":"0.000000","pid3":0,"pid3_str":"","ratio3":"0.000000","end_ratio":"0.000000","level2":0,"level3":0,"cat_name":"\u57fa\u7840\u91d1\u5c5e\u5217\u8868"},{"id":165,"cate_label_id":159,"name":"\u4e0d\u9508\u94a2","cate_type":0,"pid":0,"ratio":"0.000000","price":"15065.0000","last_futures_price":"0.0000","last_sync_ratio":"0.000000","last_sync_time":0,"status":1,"is_del":1,"level":0,"add_time":1775158827,"up_time":1775158827,"pid_str":"","pid2":0,"pid2_str":"","ratio2":"0.000000","pid3":0,"pid3_str":"","ratio3":"0.000000","end_ratio":"0.000000","level2":0,"level3":0,"cat_name":"\u57fa\u7840\u91d1\u5c5e\u5217\u8868"},{"id":166,"cate_label_id":159,"name":"\u6caa\u94f6","cate_type":0,"pid":0,"ratio":"0.000000","price":"18522.0000","last_futures_price":"18522.0000","last_sync_ratio":"100.000000","last_sync_time":1780396436,"status":1,"is_del":1,"level":0,"add_time":1775158945,"up_time":1780396436,"pid_str":"","pid2":0,"pid2_str":"","ratio2":"0.000000","pid3":0,"pid3_str":"","ratio3":"0.000000","end_ratio":"0.000000","level2":0,"level3":0,"cat_name":"\u57fa\u7840\u91d1\u5c5e\u5217\u8868"},{"id":167,"cate_label_id":159,"name":"\u6caa\u91d1","cate_type":0,"pid":0,"ratio":"0.000000","price":"1027.1000","last_futures_price":"0.0000","last_sync_ratio":"0.000000","last_sync_time":0,"status":1,"is_del":1,"level":0,"add_time":1775159038,"up_time":1775159038,"pid_str":"","pid2":0,"pid2_str":"","ratio2":"0.000000","pid3":0,"pid3_str":"","ratio3":"0.000000","end_ratio":"0.000000","level2":0,"level3":0,"cat_name":"\u57fa\u7840\u91d1\u5c5e\u5217\u8868"},{"id":168,"cate_label_id":159,"name":"\u7845\u94c1","cate_type":0,"pid":0,"ratio":"0.000000","price":"5762.0000","last_futures_price":"0.0000","last_sync_ratio":"0.000000","last_sync_time":0,"status":1,"is_del":1,"level":0,"add_time":1775159058,"up_time":1775159058,"pid_str":"","pid2":0,"pid2_str":"","ratio2":"0.000000","pid3":0,"pid3_str":"","ratio3":"0.000000","end_ratio":"0.000000","level2":0,"level3":0,"cat_name":"\u57fa\u7840\u91d1\u5c5e\u5217\u8868"},{"id":169,"cate_label_id":159,"name":"\u94c1\u77ff\u77f3","cate_type":0,"pid":0,"ratio":"0.000000","price":"815.5000","last_futures_price":"0.0000","last_sync_ratio":"0.000000","last_sync_time":0,"status":1,"is_del":1,"level":0,"add_time":1775159155,"up_time":1775159155,"pid_str":"","pid2":0,"pid2_str":"","ratio2":"0.000000","pid3":0,"pid3_str":"","ratio3":"0.000000","end_ratio":"0.000000","level2":0,"level3":0,"cat_name":"\u57fa\u7840\u91d1\u5c5e\u5217\u8868"},{"id":170,"cate_label_id":159,"name":"\u87ba\u7eb9\u94a2","cate_type":0,"pid":0,"ratio":"0.000000","price":"3249.0000","last_futures_price":"0.0000","last_sync_ratio":"0.000000","last_sync_time":0,"status":1,"is_del":1,"level":0,"add_time":1775159188,"up_time":1775159188,"pid_str":"","pid2":0,"pid2_str":"","ratio2":"0.000000","pid3":0,"pid3_str":"","ratio3":"0.000000","end_ratio":"0.000000","level2":0,"level3":0,"cat_name":"\u57fa\u7840\u91d1\u5c5e\u5217\u8868"},{"id":171,"cate_label_id":159,"name":"\u70ed\u5377","cate_type":0,"pid":0,"ratio":"0.000000","price":"3468.0000","last_futures_price":"0.0000","last_sync_ratio":"0.000000","last_sync_time":0,"status":1,"is_del":1,"level":0,"add_time":1775159363,"up_time":1775159363,"pid_str":"","pid2":0,"pid2_str":"","ratio2":"0.000000","pid3":0,"pid3_str":"","ratio3":"0.000000","end_ratio":"0.000000","level2":0,"level3":0,"cat_name":"\u57fa\u7840\u91d1\u5c5e\u5217\u8868"},{"id":172,"cate_label_id":159,"name":"\u9530\u7845","cate_type":0,"pid":0,"ratio":"0.000000","price":"5878.0000","last_futures_price":"0.0000","last_sync_ratio":"0.000000","last_sync_time":0,"status":1,"is_del":1,"level":0,"add_time":1775159401,"up_time":1775159401,"pid_str":"","pid2":0,"pid2_str":"","ratio2":"0.000000","pid3":0,"pid3_str":"","ratio3":"0.000000","end_ratio":"0.000000","level2":0,"level3":0,"cat_name":"\u57fa\u7840\u91d1\u5c5e\u5217\u8868"},{"id":173,"cate_label_id":159,"name":"\u94c2\u91d1","cate_type":0,"pid":0,"ratio":"0.000000","price":"2141.4000","last_futures_price":"0.0000","last_sync_ratio":"0.000000","last_sync_time":0,"status":1,"is_del":1,"level":0,"add_time":1775159416,"up_time":1775159416,"pid_str":"","pid2":0,"pid2_str":"","ratio2":"0.000000","pid3":0,"pid3_str":"","ratio3":"0.000000","end_ratio":"0.000000","level2":0,"level3":0,"cat_name":"\u57fa\u7840\u91d1\u5c5e\u5217\u8868"},{"id":174,"cate_label_id":159,"name":"\u94af\u91d1","cate_type":0,"pid":0,"ratio":"0.000000","price":"1508.0000","last_futures_price":"0.0000","last_sync_ratio":"0.000000","last_sync_time":0,"status":1,"is_del":1,"level":0,"add_time":1775159431,"up_time":1775159431,"pid_str":"","pid2":0,"pid2_str":"","ratio2":"0.000000","pid3":0,"pid3_str":"","ratio3":"0.000000","end_ratio":"0.000000","level2":0,"level3":0,"cat_name":"\u57fa\u7840\u91d1\u5c5e\u5217\u8868"},{"id":175,"cate_label_id":159,"name":"\u5de5\u4e1a\u7845","cate_type":0,"pid":0,"ratio":"0.000000","price":"8795.0000","last_futures_price":"0.0000","last_sync_ratio":"0.000000","last_sync_time":0,"status":1,"is_del":1,"level":0,"add_time":1775159442,"up_time":1775159442,"pid_str":"","pid2":0,"pid2_str":"","ratio2":"0.000000","pid3":0,"pid3_str":"","ratio3":"0.000000","end_ratio":"0.000000","level2":0,"level3":0,"cat_name":"\u57fa\u7840\u91d1\u5c5e\u5217\u8868"},{"id":176,"cate_label_id":159,"name":"\u94dd\u5408\u91d1","cate_type":0,"pid":0,"ratio":"0.000000","price":"23255.0000","last_futures_price":"0.0000","last_sync_ratio":"0.000000","last_sync_time":0,"status":1,"is_del":1,"level":0,"add_time":1775159467,"up_time":1775159467,"pid_str":"","pid2":0,"pid2_str":"","ratio2":"0.000000","pid3":0,"pid3_str":"","ratio3":"0.000000","end_ratio":"0.000000","level2":0,"level3":0,"cat_name":"\u57fa\u7840\u91d1\u5c5e\u5217\u8868"},{"id":177,"cate_label_id":159,"name":"\u6c27\u5316\u94dd","cate_type":0,"pid":0,"ratio":"0.000000","price":"2776.0000","last_futures_price":"0.0000","last_sync_ratio":"0.000000","last_sync_time":0,"status":1,"is_del":1,"level":0,"add_time":1775159483,"up_time":1775159483,"pid_str":"","pid2":0,"pid2_str":"","ratio2":"0.000000","pid3":0,"pid3_str":"","ratio3":"0.000000","end_ratio":"0.000000","level2":0,"level3":0,"cat_name":"\u57fa\u7840\u91d1\u5c5e\u5217\u8868"},{"id":178,"cate_label_id":159,"name":"\u7ebf\u6750","cate_type":0,"pid":0,"ratio":"0.000000","price":"3395.0000","last_futures_price":"0.0000","last_sync_ratio":"0.000000","last_sync_time":0,"status":1,"is_del":1,"level":0,"add_time":1775159497,"up_time":1775159497,"pid_str":"","pid2":0,"pid2_str":"","ratio2":"0.000000","pid3":0,"pid3_str":"","ratio3":"0.000000","end_ratio":"0.000000","level2":0,"level3":0,"cat_name":"\u57fa\u7840\u91d1\u5c5e\u5217\u8868"},{"id":179,"cate_label_id":159,"name":"\u73bb\u7483","cate_type":0,"pid":0,"ratio":"0.000000","price":"1068.0000","last_futures_price":"0.0000","last_sync_ratio":"0.000000","last_sync_time":0,"status":1,"is_del":1,"level":0,"add_time":1775159539,"up_time":1775159539,"pid_str":"","pid2":0,"pid2_str":"","ratio2":"0.000000","pid3":0,"pid3_str":"","ratio3":"0.000000","end_ratio":"0.000000","level2":0,"level3":0,"cat_name":"\u57fa\u7840\u91d1\u5c5e\u5217\u8868"},{"id":180,"cate_label_id":159,"name":"\u91d1\u5c5e\u94ec","cate_type":0,"pid":0,"ratio":"0.000000","price":"91.5000","last_futures_price":"0.0000","last_sync_ratio":"0.000000","last_sync_time":0,"status":1,"is_del":1,"level":0,"add_time":1775159558,"up_time":1775159558,"pid_str":"","pid2":0,"pid2_str":"","ratio2":"0.000000","pid3":0,"pid3_str":"","ratio3":"0.000000","end_ratio":"0.000000","level2":0,"level3":0,"cat_name":"\u57fa\u7840\u91d1\u5c5e\u5217\u8868"},{"id":181,"cate_label_id":159,"name":"\u77f3\u58a8\u70ef","cate_type":0,"pid":0,"ratio":"0.000000","price":"555.0000","last_futures_price":"0.0000","last_sync_ratio":"0.000000","last_sync_time":0,"status":1,"is_del":1,"level":0,"add_time":1775159576,"up_time":1775159576,"pid_str":"","pid2":0,"pid2_str":"","ratio2":"0.000000","pid3":0,"pid3_str":"","ratio3":"0.000000","end_ratio":"0.000000","level2":0,"level3":0,"cat_name":"\u57fa\u7840\u91d1\u5c5e\u5217\u8868"},{"id":182,"cate_label_id":159,"name":"\u91d1\u5c5e\u94b4","cate_type":0,"pid":0,"ratio":"0.000000","price":"989.0000","last_futures_price":"0.0000","last_sync_ratio":"0.000000","last_sync_time":0,"status":1,"is_del":1,"level":0,"add_time":1775159588,"up_time":1775159588,"pid_str":"","pid2":0,"pid2_str":"","ratio2":"0.000000","pid3":0,"pid3_str":"","ratio3":"0.000000","end_ratio":"0.000000","level2":0,"level3":0,"cat_name":"\u57fa\u7840\u91d1\u5c5e\u5217\u8868"},{"id":183,"cate_label_id":159,"name":"\u5f85\u5b9a","cate_type":0,"pid":0,"ratio":"0.000000","price":"91.5000","last_futures_price":"0.0000","last_sync_ratio":"0.000000","last_sync_time":0,"status":1,"is_del":1,"level":0,"add_time":1775160000,"up_time":1775160000,"pid_str":"","pid2":0,"pid2_str":"","ratio2":"0.000000","pid3":0,"pid3_str":"","ratio3":"0.000000","end_ratio":"0.000000","level2":0,"level3":0,"cat_name":"\u57fa\u7840\u91d1\u5c5e\u5217\u8868"},{"id":190,"cate_label_id":159,"name":"\u5907\u75282","cate_type":0,"pid":0,"ratio":"0.000000","price":"2.0000","last_futures_price":"0.0000","last_sync_ratio":"0.000000","last_sync_time":0,"status":1,"is_del":1,"level":1,"add_time":1778617496,"up_time":1778617496,"pid_str":"","pid2":0,"pid2_str":"","ratio2":"0.000000","pid3":0,"pid3_str":"","ratio3":"0.000000","end_ratio":"0.000000","level2":1,"level3":1,"cat_name":"\u57fa\u7840\u91d1\u5c5e\u5217\u8868"},{"id":191,"cate_label_id":159,"name":"\u5907\u75283","cate_type":0,"pid":0,"ratio":"0.000000","price":"788.0000","last_futures_price":"788.0000","last_sync_ratio":"100.000000","last_sync_time":1780403285,"status":1,"is_del":1,"level":1,"add_time":1778617507,"up_time":1780403285,"pid_str":"","pid2":0,"pid2_str":"","ratio2":"0.000000","pid3":0,"pid3_str":"","ratio3":"0.000000","end_ratio":"0.000000","level2":1,"level3":1,"cat_name":"\u57fa\u7840\u91d1\u5c5e\u5217\u8868"},{"id":192,"cate_label_id":159,"name":"\u5907\u75284","cate_type":0,"pid":0,"ratio":"0.000000","price":"4.0000","last_futures_price":"0.0000","last_sync_ratio":"0.000000","last_sync_time":0,"status":1,"is_del":1,"level":1,"add_time":1778617516,"up_time":1778617516,"pid_str":"","pid2":0,"pid2_str":"","ratio2":"0.000000","pid3":0,"pid3_str":"","ratio3":"0.000000","end_ratio":"0.000000","level2":1,"level3":1,"cat_name":"\u57fa\u7840\u91d1\u5c5e\u5217\u8868"},{"id":193,"cate_label_id":159,"name":"\u5907\u75285","cate_type":0,"pid":0,"ratio":"0.000000","price":"5.0000","last_futures_price":"0.0000","last_sync_ratio":"0.000000","last_sync_time":0,"status":1,"is_del":1,"level":1,"add_time":1778617527,"up_time":1778617527,"pid_str":"","pid2":0,"pid2_str":"","ratio2":"0.000000","pid3":0,"pid3_str":"","ratio3":"0.000000","end_ratio":"0.000000","level2":1,"level3":1,"cat_name":"\u57fa\u7840\u91d1\u5c5e\u5217\u8868"},{"id":194,"cate_label_id":159,"name":"\u5907\u75286","cate_type":0,"pid":0,"ratio":"0.000000","price":"6.0000","last_futures_price":"0.0000","last_sync_ratio":"0.000000","last_sync_time":0,"status":1,"is_del":1,"level":1,"add_time":1778617537,"up_time":1778617537,"pid_str":"","pid2":0,"pid2_str":"","ratio2":"0.000000","pid3":0,"pid3_str":"","ratio3":"0.000000","end_ratio":"0.000000","level2":1,"level3":1,"cat_name":"\u57fa\u7840\u91d1\u5c5e\u5217\u8868"},{"id":185,"cate_label_id":184,"name":"\u57fa\u7840\u94dc\u4ef7","cate_type":0,"pid":0,"ratio":"0.000000","price":"96.5000","last_futures_price":"0.0000","last_sync_ratio":"0.000000","last_sync_time":0,"status":1,"is_del":1,"level":1,"add_time":1775216239,"up_time":1775216239,"pid_str":"","pid2":0,"pid2_str":"","ratio2":"0.000000","pid3":0,"pid3_str":"","ratio3":"0.000000","end_ratio":"0.000000","level2":1,"level3":1,"cat_name":"\u5bfc\u4f53\u5206\u7c7b"},{"id":186,"cate_label_id":184,"name":"\u57fa\u7840\u94dd\u4ef7","cate_type":0,"pid":0,"ratio":"0.000000","price":"24.0000","last_futures_price":"0.0000","last_sync_ratio":"0.000000","last_sync_time":0,"status":1,"is_del":1,"level":1,"add_time":1775216251,"up_time":1775216251,"pid_str":"","pid2":0,"pid2_str":"","ratio2":"0.000000","pid3":0,"pid3_str":"","ratio3":"0.000000","end_ratio":"0.000000","level2":1,"level3":1,"cat_name":"\u5bfc\u4f53\u5206\u7c7b"},{"id":187,"cate_label_id":184,"name":"\u57fa\u7840\u94a2\u4ef7","cate_type":0,"pid":0,"ratio":"0.000000","price":"4.5000","last_futures_price":"0.0000","last_sync_ratio":"0.000000","last_sync_time":0,"status":1,"is_del":1,"level":0,"add_time":1775216277,"up_time":1775216277,"pid_str":"","pid2":0,"pid2_str":"","ratio2":"0.000000","pid3":0,"pid3_str":"","ratio3":"0.000000","end_ratio":"0.000000","level2":0,"level3":0,"cat_name":"\u5bfc\u4f53\u5206\u7c7b"},{"id":188,"cate_label_id":184,"name":"\u57fa\u7840\u954d\u4ef7","cate_type":0,"pid":0,"ratio":"0.000000","price":"135.0000","last_futures_price":"0.0000","last_sync_ratio":"0.000000","last_sync_time":0,"status":1,"is_del":1,"level":1,"add_time":1775216322,"up_time":1775216322,"pid_str":"","pid2":0,"pid2_str":"","ratio2":"0.000000","pid3":0,"pid3_str":"","ratio3":"0.000000","end_ratio":"0.000000","level2":1,"level3":1,"cat_name":"\u5bfc\u4f53\u5206\u7c7b"}]}

[ 2026-06-04T20:37:18+08:00 ] ::1 /Home/PriceSync/getQuotes.html
INFO: [ app_init ] --START--
INFO: Run Behavior\BuildLiteBehavior [ RunTime:0.000003s ]
INFO: [ app_init ] --END-- [ RunTime:0.000045s ]
INFO: [ app_begin ] --START--
INFO: Run Behavior\ReadHtmlCacheBehavior [ RunTime:0.000015s ]
INFO: [ app_begin ] --END-- [ RunTime:0.000025s ]
ERR: {"status":1,"msg":"\u83b7\u53d6\u6210\u529f","data":[{"p":11965,"name":"\u751f\u732a\u4e3b\u8fde","dm":"lhm","zde":-90,"zdf":-0.75,"zjsj":12055},{"p":4363,"name":"\u9e21\u86cb\u4e3b\u8fde","dm":"jdm","zde":-27,"zdf":-0.62,"zjsj":4390},{"p":802.5,"name":"\u539f\u6728\u4e3b\u8fde","dm":"lgm","zde":9,"zdf":1.13,"zjsj":793.5},{"p":1280,"name":"\u7ea4\u7ef4\u677f\u4e3b\u8fde","dm":"fbm","zde":-2.5,"zdf":-0.19,"zjsj":1282.5}]}

[ 2026-06-04T20:37:20+08:00 ] ::1 /Home/PriceSync/index
INFO: [ app_init ] --START--
INFO: Run Behavior\BuildLiteBehavior [ RunTime:0.000010s ]
INFO: [ app_init ] --END-- [ RunTime:0.000093s ]
INFO: [ app_begin ] --START--
INFO: Run Behavior\ReadHtmlCacheBehavior [ RunTime:0.000074s ]
INFO: [ app_begin ] --END-- [ RunTime:0.000126s ]
INFO: [ view_parse ] --START--
INFO: [ template_filter ] --START--
INFO: Run Behavior\ContentReplaceBehavior [ RunTime:0.000137s ]
INFO: [ template_filter ] --END-- [ RunTime:0.000195s ]
INFO: Run Behavior\ParseTemplateBehavior [ RunTime:0.006623s ]
INFO: [ view_parse ] --END-- [ RunTime:0.006676s ]
INFO: [ view_filter ] --START--
INFO: Run Behavior\WriteHtmlCacheBehavior [ RunTime:0.000097s ]
INFO: [ view_filter ] --END-- [ RunTime:0.000113s ]
INFO: [ app_end ] --START--
INFO: Run Behavior\ShowPageTraceBehavior [ RunTime:0.000043s ]
INFO: [ app_end ] --END-- [ RunTime:0.000059s ]

[ 2026-06-04T20:37:20+08:00 ] ::1 /Home/PriceSync/getQuotes.html
INFO: [ app_init ] --START--
INFO: Run Behavior\BuildLiteBehavior [ RunTime:0.000005s ]
INFO: [ app_init ] --END-- [ RunTime:0.000048s ]
INFO: [ app_begin ] --START--
INFO: Run Behavior\ReadHtmlCacheBehavior [ RunTime:0.000019s ]
INFO: [ app_begin ] --END-- [ RunTime:0.000031s ]
ERR: {"status":1,"msg":"\u83b7\u53d6\u6210\u529f","data":[{"p":3348,"name":"\u7ebf\u6750\u4e3b\u8fde","dm":"wrm","zde":-19,"zdf":-0.56,"zjsj":3367}]}

[ 2026-06-04T20:37:20+08:00 ] ::1 /Home/PriceSync/getConfigList.html
INFO: [ app_init ] --START--
INFO: Run Behavior\BuildLiteBehavior [ RunTime:0.000007s ]
INFO: [ app_init ] --END-- [ RunTime:0.000062s ]
INFO: [ app_begin ] --START--
INFO: Run Behavior\ReadHtmlCacheBehavior [ RunTime:0.000030s ]
INFO: [ app_begin ] --END-- [ RunTime:0.000059s ]
SQL: SHOW COLUMNS FROM `price_sync_config` [ RunTime:0.0044s ]
SQL: SELECT * FROM `price_sync_config` WHERE `status` = 1 ORDER BY id asc  [ RunTime:0.0010s ]
SQL: SHOW COLUMNS FROM `price_sync_log` [ RunTime:0.0019s ]
SQL: SELECT `config_id`,MAX(add_time) as last_sync_at FROM `price_sync_log` WHERE `config_id` IN (1,2,3,6,7) GROUP BY config_id  [ RunTime:0.0006s ]
SQL: SHOW COLUMNS FROM `new_label` [ RunTime:0.0023s ]
SQL: SELECT `price` FROM `new_label` WHERE `id` = 160 LIMIT 1   [ RunTime:0.0004s ]
SQL: SELECT `price` FROM `new_label` WHERE `id` = 162 LIMIT 1   [ RunTime:0.0001s ]
SQL: SELECT `price` FROM `new_label` WHERE `id` = 163 LIMIT 1   [ RunTime:0.0001s ]
SQL: SELECT `price` FROM `new_label` WHERE `id` = 166 LIMIT 1   [ RunTime:0.0007s ]
SQL: SELECT `price` FROM `new_label` WHERE `id` = 191 LIMIT 1   [ RunTime:0.0002s ]
ERR: {"status":1,"msg":"\u83b7\u53d6\u6210\u529f","data":[{"id":1,"futures_code":"cum","futures_name":"\u6caa\u94dc\u4e3b\u8fde","exchange":"shfe","new_label_id":160,"label_name":"\u6caa\u94dc","ratio":"100.0000","auto_sync":1,"status":1,"add_time":1780239338,"up_time":1780240685,"current_price":"0.00","last_sync_at":"2026-06-04 20:35:39"},{"id":2,"futures_code":"nim","futures_name":"\u6caa\u954d\u4e3b\u8fde","exchange":"shfe","new_label_id":162,"label_name":"\u6caa\u954d","ratio":"1.0000","auto_sync":1,"status":1,"add_time":1780366433,"up_time":1780366443,"current_price":"0.00","last_sync_at":"2026-06-04 20:32:11"},{"id":3,"futures_code":"snm","futures_name":"\u6caa\u9521\u4e3b\u8fde","exchange":"shfe","new_label_id":163,"label_name":"\u6caa\u9521","ratio":"100.0000","auto_sync":0,"status":1,"add_time":1780366480,"up_time":1780366480,"current_price":"437040.00","last_sync_at":"-"},{"id":6,"futures_code":"agm","futures_name":"\u6caa\u94f6\u4e3b\u8fde","exchange":"shfe","new_label_id":166,"label_name":"\u6caa\u94f6","ratio":"100.0000","auto_sync":1,"status":1,"add_time":1780396428,"up_time":1780396428,"current_price":"18522.00","last_sync_at":"2026-06-02 18:33:56"},{"id":7,"futures_code":"lgm","futures_name":"\u539f\u6728\u4e3b\u8fde","exchange":"dce","new_label_id":191,"label_name":"\u5907\u75283","ratio":"100.0000","auto_sync":1,"status":1,"add_time":1780403277,"up_time":1780403277,"current_price":"788.00","last_sync_at":"2026-06-02 20:28:05"}]}

[ 2026-06-04T20:37:20+08:00 ] ::1 /Home/PriceSync/getMaterials.html
INFO: [ app_init ] --START--
INFO: Run Behavior\BuildLiteBehavior [ RunTime:0.000005s ]
INFO: [ app_init ] --END-- [ RunTime:0.000044s ]
INFO: [ app_begin ] --START--
INFO: Run Behavior\ReadHtmlCacheBehavior [ RunTime:0.000064s ]
INFO: [ app_begin ] --END-- [ RunTime:0.000106s ]
SQL: SHOW COLUMNS FROM `new_label` [ RunTime:0.0031s ]
SQL: SELECT `id`,`name` FROM `new_label` WHERE `cate_label_id` = 0 AND `cate_type` = 0  [ RunTime:0.0015s ]
SQL: SELECT * FROM `new_label` WHERE `cate_label_id` IN (3,4,26,30,133,159,184) AND `pid` = 0 ORDER BY cate_label_id asc, id asc  [ RunTime:0.0009s ]
ERR: {"status":1,"msg":"\u83b7\u53d6\u6210\u529f","data":[{"id":5,"cate_label_id":3,"name":"\u73b0\u8d27\u94dc\u4ef7\u57fa\u7840\u503c","cate_type":0,"pid":0,"ratio":"100.000000","price":"94.9000","last_futures_price":"0.0000","last_sync_ratio":"0.000000","last_sync_time":0,"status":1,"is_del":1,"level":0,"add_time":1731588218,"up_time":1731678051,"pid_str":"","pid2":0,"pid2_str":"","ratio2":"100.000000","pid3":0,"pid3_str":"","ratio3":"100.000000","end_ratio":"0.000000","level2":0,"level3":0,"cat_name":"\u5bfc\u4f53\u6750\u6599\u4ef7\u683c22"},{"id":51,"cate_label_id":3,"name":"\u73b0\u8d27\u94dd\u4ef7\u57fa\u7840\u503c","cate_type":0,"pid":0,"ratio":"100.000000","price":"23.0000","last_futures_price":"0.0000","last_sync_ratio":"0.000000","last_sync_time":0,"status":1,"is_del":1,"level":0,"add_time":1731682407,"up_time":1731682407,"pid_str":"","pid2":0,"pid2_str":"","ratio2":"100.000000","pid3":0,"pid3_str":"","ratio3":"100.000000","end_ratio":"0.000000","level2":0,"level3":0,"cat_name":"\u5bfc\u4f53\u6750\u6599\u4ef7\u683c22"},{"id":99,"cate_label_id":3,"name":"\u67b6\u7a7a\u5bfc\u7ebf\u94a2\u4e1d\u4ef7","cate_type":0,"pid":0,"ratio":"0.000000","price":"5.0000","last_futures_price":"0.0000","last_sync_ratio":"0.000000","last_sync_time":0,"status":1,"is_del":1,"level":1,"add_time":1735382759,"up_time":1735382759,"pid_str":"","pid2":0,"pid2_str":"","ratio2":"100.000000","pid3":0,"pid3_str":"","ratio3":"100.000000","end_ratio":"0.000000","level2":1,"level3":1,"cat_name":"\u5bfc\u4f53\u6750\u6599\u4ef7\u683c22"},{"id":94,"cate_label_id":4,"name":"\u9ed1\u4e91\u6bcd\u5e26","cate_type":0,"pid":0,"ratio":"0.000000","price":"38.0000","last_futures_price":"0.0000","last_sync_ratio":"0.000000","last_sync_time":0,"status":1,"is_del":1,"level":0,"add_time":1735321887,"up_time":1735321887,"pid_str":"","pid2":0,"pid2_str":"","ratio2":"100.000000","pid3":0,"pid3_str":"","ratio3":"100.000000","end_ratio":"0.000000","level2":0,"level3":0,"cat_name":"\u4e91\u6bcd\u6750\u6599\u4ef7\u683c"},{"id":27,"cate_label_id":26,"name":"\u4ea4\u8054\u805a\u4e59\u70ef\u4ef7\u683c","cate_type":0,"pid":0,"ratio":"0.000000","price":"12.0000","last_futures_price":"0.0000","last_sync_ratio":"0.000000","last_sync_time":0,"status":1,"is_del":1,"level":0,"add_time":1731673353,"up_time":1731673353,"pid_str":"","pid2":0,"pid2_str":"","ratio2":"100.000000","pid3":0,"pid3_str":"","ratio3":"100.000000","end_ratio":"0.000000","level2":0,"level3":0,"cat_name":"\u7edd\u7f18\u6750\u6599\u4ef7\u683c"},{"id":74,"cate_label_id":26,"name":"PVC\u805a\u6c2f\u4e59\u70ef\u4ef7","cate_type":0,"pid":0,"ratio":"100.000000","price":"7.5000","last_futures_price":"0.0000","last_sync_ratio":"0.000000","last_sync_time":0,"status":1,"is_del":1,"level":0,"add_time":1734582414,"up_time":1734582414,"pid_str":"","pid2":0,"pid2_str":"","ratio2":"100.000000","pid3":0,"pid3_str":"","ratio3":"100.000000","end_ratio":"0.000000","level2":0,"level3":0,"cat_name":"\u7edd\u7f18\u6750\u6599\u4ef7\u683c"},{"id":105,"cate_label_id":30,"name":"\u94a2\u5e26\u4ef7\u683c","cate_type":0,"pid":0,"ratio":"0.000000","price":"4.2000","last_futures_price":"0.0000","last_sync_ratio":"0.000000","last_sync_time":0,"status":1,"is_del":1,"level":0,"add_time":1735400959,"up_time":1735400959,"pid_str":"","pid2":0,"pid2_str":"","ratio2":"100.000000","pid3":0,"pid3_str":"","ratio3":"100.000000","end_ratio":"0.000000","level2":0,"level3":0,"cat_name":"\u91d1\u5c5e\u94e0\u88c5\u6750\u6599"},{"id":134,"cate_label_id":133,"name":"XH-03A-\u77ff\u7528\u62a4\u5957","cate_type":0,"pid":0,"ratio":"0.000000","price":"8.0000","last_futures_price":"0.0000","last_sync_ratio":"0.000000","last_sync_time":0,"status":1,"is_del":1,"level":0,"add_time":1744771398,"up_time":1744771398,"pid_str":"","pid2":0,"pid2_str":"","ratio2":"0.000000","pid3":0,"pid3_str":"","ratio3":"0.000000","end_ratio":"0.000000","level2":0,"level3":0,"cat_name":"\u6a61\u80f6\u7535\u7f06\u6750\u6599\u4ef7\u683c"},{"id":160,"cate_label_id":159,"name":"\u6caa\u94dc","cate_type":0,"pid":0,"ratio":"0.000000","price":"0.0000","last_futures_price":"0.0000","last_sync_ratio":"100.000000","last_sync_time":1780576539,"status":1,"is_del":1,"level":0,"add_time":1772791661,"up_time":1780576539,"pid_str":"","pid2":0,"pid2_str":"","ratio2":"0.000000","pid3":0,"pid3_str":"","ratio3":"0.000000","end_ratio":"0.000000","level2":0,"level3":0,"cat_name":"\u57fa\u7840\u91d1\u5c5e\u5217\u8868"},{"id":161,"cate_label_id":159,"name":"\u6caa\u94dd","cate_type":0,"pid":0,"ratio":"0.000000","price":"24640.0000","last_futures_price":"0.0000","last_sync_ratio":"0.000000","last_sync_time":0,"status":1,"is_del":1,"level":0,"add_time":1775158584,"up_time":1775158584,"pid_str":"","pid2":0,"pid2_str":"","ratio2":"0.000000","pid3":0,"pid3_str":"","ratio3":"0.000000","end_ratio":"0.000000","level2":0,"level3":0,"cat_name":"\u57fa\u7840\u91d1\u5c5e\u5217\u8868"},{"id":162,"cate_label_id":159,"name":"\u6caa\u954d","cate_type":0,"pid":0,"ratio":"0.000000","price":"0.0000","last_futures_price":"0.0000","last_sync_ratio":"1.000000","last_sync_time":1780576331,"status":1,"is_del":1,"level":0,"add_time":1775158650,"up_time":1780576331,"pid_str":"","pid2":0,"pid2_str":"","ratio2":"0.000000","pid3":0,"pid3_str":"","ratio3":"0.000000","end_ratio":"0.000000","level2":0,"level3":0,"cat_name":"\u57fa\u7840\u91d1\u5c5e\u5217\u8868"},{"id":163,"cate_label_id":159,"name":"\u6caa\u9521","cate_type":0,"pid":0,"ratio":"0.000000","price":"437040.0000","last_futures_price":"0.0000","last_sync_ratio":"0.000000","last_sync_time":0,"status":1,"is_del":1,"level":0,"add_time":1775158678,"up_time":1775158678,"pid_str":"","pid2":0,"pid2_str":"","ratio2":"0.000000","pid3":0,"pid3_str":"","ratio3":"0.000000","end_ratio":"0.000000","level2":0,"level3":0,"cat_name":"\u57fa\u7840\u91d1\u5c5e\u5217\u8868"},{"id":164,"cate_label_id":159,"name":"\u6caa\u950c","cate_type":0,"pid":0,"ratio":"0.000000","price":"24640.0000","last_futures_price":"0.0000","last_sync_ratio":"0.000000","last_sync_time":0,"status":1,"is_del":1,"level":0,"add_time":1775158807,"up_time":1775158807,"pid_str":"","pid2":0,"pid2_str":"","ratio2":"0.000000","pid3":0,"pid3_str":"","ratio3":"0.000000","end_ratio":"0.000000","level2":0,"level3":0,"cat_name":"\u57fa\u7840\u91d1\u5c5e\u5217\u8868"},{"id":165,"cate_label_id":159,"name":"\u4e0d\u9508\u94a2","cate_type":0,"pid":0,"ratio":"0.000000","price":"15065.0000","last_futures_price":"0.0000","last_sync_ratio":"0.000000","last_sync_time":0,"status":1,"is_del":1,"level":0,"add_time":1775158827,"up_time":1775158827,"pid_str":"","pid2":0,"pid2_str":"","ratio2":"0.000000","pid3":0,"pid3_str":"","ratio3":"0.000000","end_ratio":"0.000000","level2":0,"level3":0,"cat_name":"\u57fa\u7840\u91d1\u5c5e\u5217\u8868"},{"id":166,"cate_label_id":159,"name":"\u6caa\u94f6","cate_type":0,"pid":0,"ratio":"0.000000","price":"18522.0000","last_futures_price":"18522.0000","last_sync_ratio":"100.000000","last_sync_time":1780396436,"status":1,"is_del":1,"level":0,"add_time":1775158945,"up_time":1780396436,"pid_str":"","pid2":0,"pid2_str":"","ratio2":"0.000000","pid3":0,"pid3_str":"","ratio3":"0.000000","end_ratio":"0.000000","level2":0,"level3":0,"cat_name":"\u57fa\u7840\u91d1\u5c5e\u5217\u8868"},{"id":167,"cate_label_id":159,"name":"\u6caa\u91d1","cate_type":0,"pid":0,"ratio":"0.000000","price":"1027.1000","last_futures_price":"0.0000","last_sync_ratio":"0.000000","last_sync_time":0,"status":1,"is_del":1,"level":0,"add_time":1775159038,"up_time":1775159038,"pid_str":"","pid2":0,"pid2_str":"","ratio2":"0.000000","pid3":0,"pid3_str":"","ratio3":"0.000000","end_ratio":"0.000000","level2":0,"level3":0,"cat_name":"\u57fa\u7840\u91d1\u5c5e\u5217\u8868"},{"id":168,"cate_label_id":159,"name":"\u7845\u94c1","cate_type":0,"pid":0,"ratio":"0.000000","price":"5762.0000","last_futures_price":"0.0000","last_sync_ratio":"0.000000","last_sync_time":0,"status":1,"is_del":1,"level":0,"add_time":1775159058,"up_time":1775159058,"pid_str":"","pid2":0,"pid2_str":"","ratio2":"0.000000","pid3":0,"pid3_str":"","ratio3":"0.000000","end_ratio":"0.000000","level2":0,"level3":0,"cat_name":"\u57fa\u7840\u91d1\u5c5e\u5217\u8868"},{"id":169,"cate_label_id":159,"name":"\u94c1\u77ff\u77f3","cate_type":0,"pid":0,"ratio":"0.000000","price":"815.5000","last_futures_price":"0.0000","last_sync_ratio":"0.000000","last_sync_time":0,"status":1,"is_del":1,"level":0,"add_time":1775159155,"up_time":1775159155,"pid_str":"","pid2":0,"pid2_str":"","ratio2":"0.000000","pid3":0,"pid3_str":"","ratio3":"0.000000","end_ratio":"0.000000","level2":0,"level3":0,"cat_name":"\u57fa\u7840\u91d1\u5c5e\u5217\u8868"},{"id":170,"cate_label_id":159,"name":"\u87ba\u7eb9\u94a2","cate_type":0,"pid":0,"ratio":"0.000000","price":"3249.0000","last_futures_price":"0.0000","last_sync_ratio":"0.000000","last_sync_time":0,"status":1,"is_del":1,"level":0,"add_time":1775159188,"up_time":1775159188,"pid_str":"","pid2":0,"pid2_str":"","ratio2":"0.000000","pid3":0,"pid3_str":"","ratio3":"0.000000","end_ratio":"0.000000","level2":0,"level3":0,"cat_name":"\u57fa\u7840\u91d1\u5c5e\u5217\u8868"},{"id":171,"cate_label_id":159,"name":"\u70ed\u5377","cate_type":0,"pid":0,"ratio":"0.000000","price":"3468.0000","last_futures_price":"0.0000","last_sync_ratio":"0.000000","last_sync_time":0,"status":1,"is_del":1,"level":0,"add_time":1775159363,"up_time":1775159363,"pid_str":"","pid2":0,"pid2_str":"","ratio2":"0.000000","pid3":0,"pid3_str":"","ratio3":"0.000000","end_ratio":"0.000000","level2":0,"level3":0,"cat_name":"\u57fa\u7840\u91d1\u5c5e\u5217\u8868"},{"id":172,"cate_label_id":159,"name":"\u9530\u7845","cate_type":0,"pid":0,"ratio":"0.000000","price":"5878.0000","last_futures_price":"0.0000","last_sync_ratio":"0.000000","last_sync_time":0,"status":1,"is_del":1,"level":0,"add_time":1775159401,"up_time":1775159401,"pid_str":"","pid2":0,"pid2_str":"","ratio2":"0.000000","pid3":0,"pid3_str":"","ratio3":"0.000000","end_ratio":"0.000000","level2":0,"level3":0,"cat_name":"\u57fa\u7840\u91d1\u5c5e\u5217\u8868"},{"id":173,"cate_label_id":159,"name":"\u94c2\u91d1","cate_type":0,"pid":0,"ratio":"0.000000","price":"2141.4000","last_futures_price":"0.0000","last_sync_ratio":"0.000000","last_sync_time":0,"status":1,"is_del":1,"level":0,"add_time":1775159416,"up_time":1775159416,"pid_str":"","pid2":0,"pid2_str":"","ratio2":"0.000000","pid3":0,"pid3_str":"","ratio3":"0.000000","end_ratio":"0.000000","level2":0,"level3":0,"cat_name":"\u57fa\u7840\u91d1\u5c5e\u5217\u8868"},{"id":174,"cate_label_id":159,"name":"\u94af\u91d1","cate_type":0,"pid":0,"ratio":"0.000000","price":"1508.0000","last_futures_price":"0.0000","last_sync_ratio":"0.000000","last_sync_time":0,"status":1,"is_del":1,"level":0,"add_time":1775159431,"up_time":1775159431,"pid_str":"","pid2":0,"pid2_str":"","ratio2":"0.000000","pid3":0,"pid3_str":"","ratio3":"0.000000","end_ratio":"0.000000","level2":0,"level3":0,"cat_name":"\u57fa\u7840\u91d1\u5c5e\u5217\u8868"},{"id":175,"cate_label_id":159,"name":"\u5de5\u4e1a\u7845","cate_type":0,"pid":0,"ratio":"0.000000","price":"8795.0000","last_futures_price":"0.0000","last_sync_ratio":"0.000000","last_sync_time":0,"status":1,"is_del":1,"level":0,"add_time":1775159442,"up_time":1775159442,"pid_str":"","pid2":0,"pid2_str":"","ratio2":"0.000000","pid3":0,"pid3_str":"","ratio3":"0.000000","end_ratio":"0.000000","level2":0,"level3":0,"cat_name":"\u57fa\u7840\u91d1\u5c5e\u5217\u8868"},{"id":176,"cate_label_id":159,"name":"\u94dd\u5408\u91d1","cate_type":0,"pid":0,"ratio":"0.000000","price":"23255.0000","last_futures_price":"0.0000","last_sync_ratio":"0.000000","last_sync_time":0,"status":1,"is_del":1,"level":0,"add_time":1775159467,"up_time":1775159467,"pid_str":"","pid2":0,"pid2_str":"","ratio2":"0.000000","pid3":0,"pid3_str":"","ratio3":"0.000000","end_ratio":"0.000000","level2":0,"level3":0,"cat_name":"\u57fa\u7840\u91d1\u5c5e\u5217\u8868"},{"id":177,"cate_label_id":159,"name":"\u6c27\u5316\u94dd","cate_type":0,"pid":0,"ratio":"0.000000","price":"2776.0000","last_futures_price":"0.0000","last_sync_ratio":"0.000000","last_sync_time":0,"status":1,"is_del":1,"level":0,"add_time":1775159483,"up_time":1775159483,"pid_str":"","pid2":0,"pid2_str":"","ratio2":"0.000000","pid3":0,"pid3_str":"","ratio3":"0.000000","end_ratio":"0.000000","level2":0,"level3":0,"cat_name":"\u57fa\u7840\u91d1\u5c5e\u5217\u8868"},{"id":178,"cate_label_id":159,"name":"\u7ebf\u6750","cate_type":0,"pid":0,"ratio":"0.000000","price":"3395.0000","last_futures_price":"0.0000","last_sync_ratio":"0.000000","last_sync_time":0,"status":1,"is_del":1,"level":0,"add_time":1775159497,"up_time":1775159497,"pid_str":"","pid2":0,"pid2_str":"","ratio2":"0.000000","pid3":0,"pid3_str":"","ratio3":"0.000000","end_ratio":"0.000000","level2":0,"level3":0,"cat_name":"\u57fa\u7840\u91d1\u5c5e\u5217\u8868"},{"id":179,"cate_label_id":159,"name":"\u73bb\u7483","cate_type":0,"pid":0,"ratio":"0.000000","price":"1068.0000","last_futures_price":"0.0000","last_sync_ratio":"0.000000","last_sync_time":0,"status":1,"is_del":1,"level":0,"add_time":1775159539,"up_time":1775159539,"pid_str":"","pid2":0,"pid2_str":"","ratio2":"0.000000","pid3":0,"pid3_str":"","ratio3":"0.000000","end_ratio":"0.000000","level2":0,"level3":0,"cat_name":"\u57fa\u7840\u91d1\u5c5e\u5217\u8868"},{"id":180,"cate_label_id":159,"name":"\u91d1\u5c5e\u94ec","cate_type":0,"pid":0,"ratio":"0.000000","price":"91.5000","last_futures_price":"0.0000","last_sync_ratio":"0.000000","last_sync_time":0,"status":1,"is_del":1,"level":0,"add_time":1775159558,"up_time":1775159558,"pid_str":"","pid2":0,"pid2_str":"","ratio2":"0.000000","pid3":0,"pid3_str":"","ratio3":"0.000000","end_ratio":"0.000000","level2":0,"level3":0,"cat_name":"\u57fa\u7840\u91d1\u5c5e\u5217\u8868"},{"id":181,"cate_label_id":159,"name":"\u77f3\u58a8\u70ef","cate_type":0,"pid":0,"ratio":"0.000000","price":"555.0000","last_futures_price":"0.0000","last_sync_ratio":"0.000000","last_sync_time":0,"status":1,"is_del":1,"level":0,"add_time":1775159576,"up_time":1775159576,"pid_str":"","pid2":0,"pid2_str":"","ratio2":"0.000000","pid3":0,"pid3_str":"","ratio3":"0.000000","end_ratio":"0.000000","level2":0,"level3":0,"cat_name":"\u57fa\u7840\u91d1\u5c5e\u5217\u8868"},{"id":182,"cate_label_id":159,"name":"\u91d1\u5c5e\u94b4","cate_type":0,"pid":0,"ratio":"0.000000","price":"989.0000","last_futures_price":"0.0000","last_sync_ratio":"0.000000","last_sync_time":0,"status":1,"is_del":1,"level":0,"add_time":1775159588,"up_time":1775159588,"pid_str":"","pid2":0,"pid2_str":"","ratio2":"0.000000","pid3":0,"pid3_str":"","ratio3":"0.000000","end_ratio":"0.000000","level2":0,"level3":0,"cat_name":"\u57fa\u7840\u91d1\u5c5e\u5217\u8868"},{"id":183,"cate_label_id":159,"name":"\u5f85\u5b9a","cate_type":0,"pid":0,"ratio":"0.000000","price":"91.5000","last_futures_price":"0.0000","last_sync_ratio":"0.000000","last_sync_time":0,"status":1,"is_del":1,"level":0,"add_time":1775160000,"up_time":1775160000,"pid_str":"","pid2":0,"pid2_str":"","ratio2":"0.000000","pid3":0,"pid3_str":"","ratio3":"0.000000","end_ratio":"0.000000","level2":0,"level3":0,"cat_name":"\u57fa\u7840\u91d1\u5c5e\u5217\u8868"},{"id":190,"cate_label_id":159,"name":"\u5907\u75282","cate_type":0,"pid":0,"ratio":"0.000000","price":"2.0000","last_futures_price":"0.0000","last_sync_ratio":"0.000000","last_sync_time":0,"status":1,"is_del":1,"level":1,"add_time":1778617496,"up_time":1778617496,"pid_str":"","pid2":0,"pid2_str":"","ratio2":"0.000000","pid3":0,"pid3_str":"","ratio3":"0.000000","end_ratio":"0.000000","level2":1,"level3":1,"cat_name":"\u57fa\u7840\u91d1\u5c5e\u5217\u8868"},{"id":191,"cate_label_id":159,"name":"\u5907\u75283","cate_type":0,"pid":0,"ratio":"0.000000","price":"788.0000","last_futures_price":"788.0000","last_sync_ratio":"100.000000","last_sync_time":1780403285,"status":1,"is_del":1,"level":1,"add_time":1778617507,"up_time":1780403285,"pid_str":"","pid2":0,"pid2_str":"","ratio2":"0.000000","pid3":0,"pid3_str":"","ratio3":"0.000000","end_ratio":"0.000000","level2":1,"level3":1,"cat_name":"\u57fa\u7840\u91d1\u5c5e\u5217\u8868"},{"id":192,"cate_label_id":159,"name":"\u5907\u75284","cate_type":0,"pid":0,"ratio":"0.000000","price":"4.0000","last_futures_price":"0.0000","last_sync_ratio":"0.000000","last_sync_time":0,"status":1,"is_del":1,"level":1,"add_time":1778617516,"up_time":1778617516,"pid_str":"","pid2":0,"pid2_str":"","ratio2":"0.000000","pid3":0,"pid3_str":"","ratio3":"0.000000","end_ratio":"0.000000","level2":1,"level3":1,"cat_name":"\u57fa\u7840\u91d1\u5c5e\u5217\u8868"},{"id":193,"cate_label_id":159,"name":"\u5907\u75285","cate_type":0,"pid":0,"ratio":"0.000000","price":"5.0000","last_futures_price":"0.0000","last_sync_ratio":"0.000000","last_sync_time":0,"status":1,"is_del":1,"level":1,"add_time":1778617527,"up_time":1778617527,"pid_str":"","pid2":0,"pid2_str":"","ratio2":"0.000000","pid3":0,"pid3_str":"","ratio3":"0.000000","end_ratio":"0.000000","level2":1,"level3":1,"cat_name":"\u57fa\u7840\u91d1\u5c5e\u5217\u8868"},{"id":194,"cate_label_id":159,"name":"\u5907\u75286","cate_type":0,"pid":0,"ratio":"0.000000","price":"6.0000","last_futures_price":"0.0000","last_sync_ratio":"0.000000","last_sync_time":0,"status":1,"is_del":1,"level":1,"add_time":1778617537,"up_time":1778617537,"pid_str":"","pid2":0,"pid2_str":"","ratio2":"0.000000","pid3":0,"pid3_str":"","ratio3":"0.000000","end_ratio":"0.000000","level2":1,"level3":1,"cat_name":"\u57fa\u7840\u91d1\u5c5e\u5217\u8868"},{"id":185,"cate_label_id":184,"name":"\u57fa\u7840\u94dc\u4ef7","cate_type":0,"pid":0,"ratio":"0.000000","price":"96.5000","last_futures_price":"0.0000","last_sync_ratio":"0.000000","last_sync_time":0,"status":1,"is_del":1,"level":1,"add_time":1775216239,"up_time":1775216239,"pid_str":"","pid2":0,"pid2_str":"","ratio2":"0.000000","pid3":0,"pid3_str":"","ratio3":"0.000000","end_ratio":"0.000000","level2":1,"level3":1,"cat_name":"\u5bfc\u4f53\u5206\u7c7b"},{"id":186,"cate_label_id":184,"name":"\u57fa\u7840\u94dd\u4ef7","cate_type":0,"pid":0,"ratio":"0.000000","price":"24.0000","last_futures_price":"0.0000","last_sync_ratio":"0.000000","last_sync_time":0,"status":1,"is_del":1,"level":1,"add_time":1775216251,"up_time":1775216251,"pid_str":"","pid2":0,"pid2_str":"","ratio2":"0.000000","pid3":0,"pid3_str":"","ratio3":"0.000000","end_ratio":"0.000000","level2":1,"level3":1,"cat_name":"\u5bfc\u4f53\u5206\u7c7b"},{"id":187,"cate_label_id":184,"name":"\u57fa\u7840\u94a2\u4ef7","cate_type":0,"pid":0,"ratio":"0.000000","price":"4.5000","last_futures_price":"0.0000","last_sync_ratio":"0.000000","last_sync_time":0,"status":1,"is_del":1,"level":0,"add_time":1775216277,"up_time":1775216277,"pid_str":"","pid2":0,"pid2_str":"","ratio2":"0.000000","pid3":0,"pid3_str":"","ratio3":"0.000000","end_ratio":"0.000000","level2":0,"level3":0,"cat_name":"\u5bfc\u4f53\u5206\u7c7b"},{"id":188,"cate_label_id":184,"name":"\u57fa\u7840\u954d\u4ef7","cate_type":0,"pid":0,"ratio":"0.000000","price":"135.0000","last_futures_price":"0.0000","last_sync_ratio":"0.000000","last_sync_time":0,"status":1,"is_del":1,"level":1,"add_time":1775216322,"up_time":1775216322,"pid_str":"","pid2":0,"pid2_str":"","ratio2":"0.000000","pid3":0,"pid3_str":"","ratio3":"0.000000","end_ratio":"0.000000","level2":1,"level3":1,"cat_name":"\u5bfc\u4f53\u5206\u7c7b"}]}

[ 2026-06-04T20:37:20+08:00 ] ::1 /Home/PriceSync/getQuotes.html
INFO: [ app_init ] --START--
INFO: Run Behavior\BuildLiteBehavior [ RunTime:0.000005s ]
INFO: [ app_init ] --END-- [ RunTime:0.000040s ]
INFO: [ app_begin ] --START--
INFO: Run Behavior\ReadHtmlCacheBehavior [ RunTime:0.000024s ]
INFO: [ app_begin ] --END-- [ RunTime:0.000045s ]
ERR: {"status":1,"msg":"\u83b7\u53d6\u6210\u529f","data":[{"p":11965,"name":"\u751f\u732a\u4e3b\u8fde","dm":"lhm","zde":-90,"zdf":-0.75,"zjsj":12055},{"p":4363,"name":"\u9e21\u86cb\u4e3b\u8fde","dm":"jdm","zde":-27,"zdf":-0.62,"zjsj":4390},{"p":802.5,"name":"\u539f\u6728\u4e3b\u8fde","dm":"lgm","zde":9,"zdf":1.13,"zjsj":793.5},{"p":1280,"name":"\u7ea4\u7ef4\u677f\u4e3b\u8fde","dm":"fbm","zde":-2.5,"zdf":-0.19,"zjsj":1282.5}]}

[ 2026-06-04T20:37:29+08:00 ] ::1 /Home/PriceSync/syncOne.html
INFO: [ app_init ] --START--
INFO: Run Behavior\BuildLiteBehavior [ RunTime:0.000013s ]
INFO: [ app_init ] --END-- [ RunTime:0.000120s ]
INFO: [ app_begin ] --START--
INFO: Run Behavior\ReadHtmlCacheBehavior [ RunTime:0.000088s ]
INFO: [ app_begin ] --END-- [ RunTime:0.000146s ]
SQL: SHOW COLUMNS FROM `price_sync_config` [ RunTime:0.0042s ]
SQL: SELECT * FROM `price_sync_config` WHERE `id` = 6 AND `status` = 1 LIMIT 1   [ RunTime:0.0013s ]
SQL: SHOW COLUMNS FROM `new_label` [ RunTime:0.0043s ]
SQL: SELECT * FROM `new_label` WHERE `id` = 166 LIMIT 1   [ RunTime:0.0018s ]
SQL: UPDATE `new_label` SET `price`='0.0000',`last_futures_price`='0',`last_sync_ratio`='100.0000',`last_sync_time`='1780576649',`up_time`='1780576649' WHERE `id` = 166 [ RunTime:0.0045s ]
SQL: SELECT * FROM `new_label` WHERE ( FIND_IN_SET(166, pid_str) ) ORDER BY level asc, id asc  [ RunTime:0.0021s ]
SQL: SELECT * FROM `new_label` WHERE ( FIND_IN_SET(166, pid2_str) ) ORDER BY level2 asc, id asc  [ RunTime:0.0014s ]
SQL: SELECT * FROM `new_label` WHERE ( FIND_IN_SET(166, pid3_str) ) ORDER BY level3 asc, id asc  [ RunTime:0.0010s ]
SQL: SELECT * FROM `new_label` WHERE `id` = 166 LIMIT 1   [ RunTime:0.0006s ]
SQL: SHOW COLUMNS FROM `task` [ RunTime:0.0034s ]
SQL: UPDATE `task` SET `status`='4' WHERE `type` = 1 AND `item_id` = 166 AND ( status=1 OR status=2 ) [ RunTime:0.0030s ]
SQL: INSERT INTO `task` (`type`,`item_id`,`title`,`status`,`add_time`,`up_time`) VALUES ('1','166','期货同步更新沪银','1','1780576649','1780576649') [ RunTime:0.0017s ]
SQL: SELECT * FROM `new_label` WHERE `id` = 166 LIMIT 1   [ RunTime:0.0012s ]
SQL: SHOW COLUMNS FROM `new_cate` [ RunTime:0.0043s ]
SQL: SELECT * FROM `new_cate` WHERE `new_label_id` = 166  [ RunTime:0.0019s ]
SQL: UPDATE `new_cate` SET `price`='0.0000' WHERE `new_label_id` = 166 [ RunTime:0.0009s ]
SQL: SHOW COLUMNS FROM `new_cate_form` [ RunTime:0.0040s ]
DEBUG: 22222222222
DEBUG: 166
DEBUG: 
SQL: SHOW COLUMNS FROM `task_log` [ RunTime:0.0040s ]
SQL: SHOW COLUMNS FROM `price_sync_log` [ RunTime:0.0045s ]
SQL: INSERT INTO `price_sync_log` (`config_id`,`futures_code`,`futures_name`,`new_label_id`,`label_name`,`futures_price`,`old_price`,`new_price`,`sync_type`,`status`,`add_time`) VALUES ('6','agm','沪银主连','166','沪银','0','18522.0000','0.0000','1','1','1780576649') [ RunTime:0.0018s ]
ERR: {"status":1,"msg":"\u540c\u6b65\u6210\u529f","data":{"new_price":"0.0000","futures_price":0}}

[ 2026-06-04T20:37:30+08:00 ] ::1 /Home/PriceSync/index
INFO: [ app_init ] --START--
INFO: Run Behavior\BuildLiteBehavior [ RunTime:0.000005s ]
INFO: [ app_init ] --END-- [ RunTime:0.000048s ]
INFO: [ app_begin ] --START--
INFO: Run Behavior\ReadHtmlCacheBehavior [ RunTime:0.000038s ]
INFO: [ app_begin ] --END-- [ RunTime:0.000061s ]
INFO: [ view_parse ] --START--
INFO: [ template_filter ] --START--
INFO: Run Behavior\ContentReplaceBehavior [ RunTime:0.000094s ]
INFO: [ template_filter ] --END-- [ RunTime:0.000128s ]
INFO: Run Behavior\ParseTemplateBehavior [ RunTime:0.005011s ]
INFO: [ view_parse ] --END-- [ RunTime:0.005043s ]
INFO: [ view_filter ] --START--
INFO: Run Behavior\WriteHtmlCacheBehavior [ RunTime:0.000036s ]
INFO: [ view_filter ] --END-- [ RunTime:0.000041s ]
INFO: [ app_end ] --START--
INFO: Run Behavior\ShowPageTraceBehavior [ RunTime:0.000013s ]
INFO: [ app_end ] --END-- [ RunTime:0.000018s ]

[ 2026-06-04T20:37:30+08:00 ] ::1 /Home/PriceSync/getQuotes.html
INFO: [ app_init ] --START--
INFO: Run Behavior\BuildLiteBehavior [ RunTime:0.000104s ]
INFO: [ app_init ] --END-- [ RunTime:0.000144s ]
INFO: [ app_begin ] --START--
INFO: Run Behavior\ReadHtmlCacheBehavior [ RunTime:0.000016s ]
INFO: [ app_begin ] --END-- [ RunTime:0.000029s ]
ERR: {"status":1,"msg":"\u83b7\u53d6\u6210\u529f","data":[{"p":3348,"name":"\u7ebf\u6750\u4e3b\u8fde","dm":"wrm","zde":-19,"zdf":-0.56,"zjsj":3367}]}

[ 2026-06-04T20:37:30+08:00 ] ::1 /Home/PriceSync/getConfigList.html
INFO: [ app_init ] --START--
INFO: Run Behavior\BuildLiteBehavior [ RunTime:0.000037s ]
INFO: [ app_init ] --END-- [ RunTime:0.000057s ]
INFO: [ app_begin ] --START--
INFO: Run Behavior\ReadHtmlCacheBehavior [ RunTime:0.000036s ]
INFO: [ app_begin ] --END-- [ RunTime:0.000061s ]
SQL: SHOW COLUMNS FROM `price_sync_config` [ RunTime:0.0022s ]
SQL: SELECT * FROM `price_sync_config` WHERE `status` = 1 ORDER BY id asc  [ RunTime:0.0003s ]
SQL: SHOW COLUMNS FROM `price_sync_log` [ RunTime:0.0014s ]
SQL: SELECT `config_id`,MAX(add_time) as last_sync_at FROM `price_sync_log` WHERE `config_id` IN (1,2,3,6,7) GROUP BY config_id  [ RunTime:0.0004s ]
SQL: SHOW COLUMNS FROM `new_label` [ RunTime:0.0015s ]
SQL: SELECT `price` FROM `new_label` WHERE `id` = 160 LIMIT 1   [ RunTime:0.0003s ]
SQL: SELECT `price` FROM `new_label` WHERE `id` = 162 LIMIT 1   [ RunTime:0.0002s ]
SQL: SELECT `price` FROM `new_label` WHERE `id` = 163 LIMIT 1   [ RunTime:0.0002s ]
SQL: SELECT `price` FROM `new_label` WHERE `id` = 166 LIMIT 1   [ RunTime:0.0001s ]
SQL: SELECT `price` FROM `new_label` WHERE `id` = 191 LIMIT 1   [ RunTime:0.0001s ]
ERR: {"status":1,"msg":"\u83b7\u53d6\u6210\u529f","data":[{"id":1,"futures_code":"cum","futures_name":"\u6caa\u94dc\u4e3b\u8fde","exchange":"shfe","new_label_id":160,"label_name":"\u6caa\u94dc","ratio":"100.0000","auto_sync":1,"status":1,"add_time":1780239338,"up_time":1780240685,"current_price":"0.00","last_sync_at":"2026-06-04 20:35:39"},{"id":2,"futures_code":"nim","futures_name":"\u6caa\u954d\u4e3b\u8fde","exchange":"shfe","new_label_id":162,"label_name":"\u6caa\u954d","ratio":"1.0000","auto_sync":1,"status":1,"add_time":1780366433,"up_time":1780366443,"current_price":"0.00","last_sync_at":"2026-06-04 20:32:11"},{"id":3,"futures_code":"snm","futures_name":"\u6caa\u9521\u4e3b\u8fde","exchange":"shfe","new_label_id":163,"label_name":"\u6caa\u9521","ratio":"100.0000","auto_sync":0,"status":1,"add_time":1780366480,"up_time":1780366480,"current_price":"437040.00","last_sync_at":"-"},{"id":6,"futures_code":"agm","futures_name":"\u6caa\u94f6\u4e3b\u8fde","exchange":"shfe","new_label_id":166,"label_name":"\u6caa\u94f6","ratio":"100.0000","auto_sync":1,"status":1,"add_time":1780396428,"up_time":1780396428,"current_price":"0.00","last_sync_at":"2026-06-04 20:37:29"},{"id":7,"futures_code":"lgm","futures_name":"\u539f\u6728\u4e3b\u8fde","exchange":"dce","new_label_id":191,"label_name":"\u5907\u75283","ratio":"100.0000","auto_sync":1,"status":1,"add_time":1780403277,"up_time":1780403277,"current_price":"788.00","last_sync_at":"2026-06-02 20:28:05"}]}

[ 2026-06-04T20:37:30+08:00 ] ::1 /Home/PriceSync/getMaterials.html
INFO: [ app_init ] --START--
INFO: Run Behavior\BuildLiteBehavior [ RunTime:0.000004s ]
INFO: [ app_init ] --END-- [ RunTime:0.000042s ]
INFO: [ app_begin ] --START--
INFO: Run Behavior\ReadHtmlCacheBehavior [ RunTime:0.000047s ]
INFO: [ app_begin ] --END-- [ RunTime:0.000085s ]
SQL: SHOW COLUMNS FROM `new_label` [ RunTime:0.0021s ]
SQL: SELECT `id`,`name` FROM `new_label` WHERE `cate_label_id` = 0 AND `cate_type` = 0  [ RunTime:0.0004s ]
SQL: SELECT * FROM `new_label` WHERE `cate_label_id` IN (3,4,26,30,133,159,184) AND `pid` = 0 ORDER BY cate_label_id asc, id asc  [ RunTime:0.0006s ]
ERR: {"status":1,"msg":"\u83b7\u53d6\u6210\u529f","data":[{"id":5,"cate_label_id":3,"name":"\u73b0\u8d27\u94dc\u4ef7\u57fa\u7840\u503c","cate_type":0,"pid":0,"ratio":"100.000000","price":"94.9000","last_futures_price":"0.0000","last_sync_ratio":"0.000000","last_sync_time":0,"status":1,"is_del":1,"level":0,"add_time":1731588218,"up_time":1731678051,"pid_str":"","pid2":0,"pid2_str":"","ratio2":"100.000000","pid3":0,"pid3_str":"","ratio3":"100.000000","end_ratio":"0.000000","level2":0,"level3":0,"cat_name":"\u5bfc\u4f53\u6750\u6599\u4ef7\u683c22"},{"id":51,"cate_label_id":3,"name":"\u73b0\u8d27\u94dd\u4ef7\u57fa\u7840\u503c","cate_type":0,"pid":0,"ratio":"100.000000","price":"23.0000","last_futures_price":"0.0000","last_sync_ratio":"0.000000","last_sync_time":0,"status":1,"is_del":1,"level":0,"add_time":1731682407,"up_time":1731682407,"pid_str":"","pid2":0,"pid2_str":"","ratio2":"100.000000","pid3":0,"pid3_str":"","ratio3":"100.000000","end_ratio":"0.000000","level2":0,"level3":0,"cat_name":"\u5bfc\u4f53\u6750\u6599\u4ef7\u683c22"},{"id":99,"cate_label_id":3,"name":"\u67b6\u7a7a\u5bfc\u7ebf\u94a2\u4e1d\u4ef7","cate_type":0,"pid":0,"ratio":"0.000000","price":"5.0000","last_futures_price":"0.0000","last_sync_ratio":"0.000000","last_sync_time":0,"status":1,"is_del":1,"level":1,"add_time":1735382759,"up_time":1735382759,"pid_str":"","pid2":0,"pid2_str":"","ratio2":"100.000000","pid3":0,"pid3_str":"","ratio3":"100.000000","end_ratio":"0.000000","level2":1,"level3":1,"cat_name":"\u5bfc\u4f53\u6750\u6599\u4ef7\u683c22"},{"id":94,"cate_label_id":4,"name":"\u9ed1\u4e91\u6bcd\u5e26","cate_type":0,"pid":0,"ratio":"0.000000","price":"38.0000","last_futures_price":"0.0000","last_sync_ratio":"0.000000","last_sync_time":0,"status":1,"is_del":1,"level":0,"add_time":1735321887,"up_time":1735321887,"pid_str":"","pid2":0,"pid2_str":"","ratio2":"100.000000","pid3":0,"pid3_str":"","ratio3":"100.000000","end_ratio":"0.000000","level2":0,"level3":0,"cat_name":"\u4e91\u6bcd\u6750\u6599\u4ef7\u683c"},{"id":27,"cate_label_id":26,"name":"\u4ea4\u8054\u805a\u4e59\u70ef\u4ef7\u683c","cate_type":0,"pid":0,"ratio":"0.000000","price":"12.0000","last_futures_price":"0.0000","last_sync_ratio":"0.000000","last_sync_time":0,"status":1,"is_del":1,"level":0,"add_time":1731673353,"up_time":1731673353,"pid_str":"","pid2":0,"pid2_str":"","ratio2":"100.000000","pid3":0,"pid3_str":"","ratio3":"100.000000","end_ratio":"0.000000","level2":0,"level3":0,"cat_name":"\u7edd\u7f18\u6750\u6599\u4ef7\u683c"},{"id":74,"cate_label_id":26,"name":"PVC\u805a\u6c2f\u4e59\u70ef\u4ef7","cate_type":0,"pid":0,"ratio":"100.000000","price":"7.5000","last_futures_price":"0.0000","last_sync_ratio":"0.000000","last_sync_time":0,"status":1,"is_del":1,"level":0,"add_time":1734582414,"up_time":1734582414,"pid_str":"","pid2":0,"pid2_str":"","ratio2":"100.000000","pid3":0,"pid3_str":"","ratio3":"100.000000","end_ratio":"0.000000","level2":0,"level3":0,"cat_name":"\u7edd\u7f18\u6750\u6599\u4ef7\u683c"},{"id":105,"cate_label_id":30,"name":"\u94a2\u5e26\u4ef7\u683c","cate_type":0,"pid":0,"ratio":"0.000000","price":"4.2000","last_futures_price":"0.0000","last_sync_ratio":"0.000000","last_sync_time":0,"status":1,"is_del":1,"level":0,"add_time":1735400959,"up_time":1735400959,"pid_str":"","pid2":0,"pid2_str":"","ratio2":"100.000000","pid3":0,"pid3_str":"","ratio3":"100.000000","end_ratio":"0.000000","level2":0,"level3":0,"cat_name":"\u91d1\u5c5e\u94e0\u88c5\u6750\u6599"},{"id":134,"cate_label_id":133,"name":"XH-03A-\u77ff\u7528\u62a4\u5957","cate_type":0,"pid":0,"ratio":"0.000000","price":"8.0000","last_futures_price":"0.0000","last_sync_ratio":"0.000000","last_sync_time":0,"status":1,"is_del":1,"level":0,"add_time":1744771398,"up_time":1744771398,"pid_str":"","pid2":0,"pid2_str":"","ratio2":"0.000000","pid3":0,"pid3_str":"","ratio3":"0.000000","end_ratio":"0.000000","level2":0,"level3":0,"cat_name":"\u6a61\u80f6\u7535\u7f06\u6750\u6599\u4ef7\u683c"},{"id":160,"cate_label_id":159,"name":"\u6caa\u94dc","cate_type":0,"pid":0,"ratio":"0.000000","price":"0.0000","last_futures_price":"0.0000","last_sync_ratio":"100.000000","last_sync_time":1780576539,"status":1,"is_del":1,"level":0,"add_time":1772791661,"up_time":1780576539,"pid_str":"","pid2":0,"pid2_str":"","ratio2":"0.000000","pid3":0,"pid3_str":"","ratio3":"0.000000","end_ratio":"0.000000","level2":0,"level3":0,"cat_name":"\u57fa\u7840\u91d1\u5c5e\u5217\u8868"},{"id":161,"cate_label_id":159,"name":"\u6caa\u94dd","cate_type":0,"pid":0,"ratio":"0.000000","price":"24640.0000","last_futures_price":"0.0000","last_sync_ratio":"0.000000","last_sync_time":0,"status":1,"is_del":1,"level":0,"add_time":1775158584,"up_time":1775158584,"pid_str":"","pid2":0,"pid2_str":"","ratio2":"0.000000","pid3":0,"pid3_str":"","ratio3":"0.000000","end_ratio":"0.000000","level2":0,"level3":0,"cat_name":"\u57fa\u7840\u91d1\u5c5e\u5217\u8868"},{"id":162,"cate_label_id":159,"name":"\u6caa\u954d","cate_type":0,"pid":0,"ratio":"0.000000","price":"0.0000","last_futures_price":"0.0000","last_sync_ratio":"1.000000","last_sync_time":1780576331,"status":1,"is_del":1,"level":0,"add_time":1775158650,"up_time":1780576331,"pid_str":"","pid2":0,"pid2_str":"","ratio2":"0.000000","pid3":0,"pid3_str":"","ratio3":"0.000000","end_ratio":"0.000000","level2":0,"level3":0,"cat_name":"\u57fa\u7840\u91d1\u5c5e\u5217\u8868"},{"id":163,"cate_label_id":159,"name":"\u6caa\u9521","cate_type":0,"pid":0,"ratio":"0.000000","price":"437040.0000","last_futures_price":"0.0000","last_sync_ratio":"0.000000","last_sync_time":0,"status":1,"is_del":1,"level":0,"add_time":1775158678,"up_time":1775158678,"pid_str":"","pid2":0,"pid2_str":"","ratio2":"0.000000","pid3":0,"pid3_str":"","ratio3":"0.000000","end_ratio":"0.000000","level2":0,"level3":0,"cat_name":"\u57fa\u7840\u91d1\u5c5e\u5217\u8868"},{"id":164,"cate_label_id":159,"name":"\u6caa\u950c","cate_type":0,"pid":0,"ratio":"0.000000","price":"24640.0000","last_futures_price":"0.0000","last_sync_ratio":"0.000000","last_sync_time":0,"status":1,"is_del":1,"level":0,"add_time":1775158807,"up_time":1775158807,"pid_str":"","pid2":0,"pid2_str":"","ratio2":"0.000000","pid3":0,"pid3_str":"","ratio3":"0.000000","end_ratio":"0.000000","level2":0,"level3":0,"cat_name":"\u57fa\u7840\u91d1\u5c5e\u5217\u8868"},{"id":165,"cate_label_id":159,"name":"\u4e0d\u9508\u94a2","cate_type":0,"pid":0,"ratio":"0.000000","price":"15065.0000","last_futures_price":"0.0000","last_sync_ratio":"0.000000","last_sync_time":0,"status":1,"is_del":1,"level":0,"add_time":1775158827,"up_time":1775158827,"pid_str":"","pid2":0,"pid2_str":"","ratio2":"0.000000","pid3":0,"pid3_str":"","ratio3":"0.000000","end_ratio":"0.000000","level2":0,"level3":0,"cat_name":"\u57fa\u7840\u91d1\u5c5e\u5217\u8868"},{"id":166,"cate_label_id":159,"name":"\u6caa\u94f6","cate_type":0,"pid":0,"ratio":"0.000000","price":"0.0000","last_futures_price":"0.0000","last_sync_ratio":"100.000000","last_sync_time":1780576649,"status":1,"is_del":1,"level":0,"add_time":1775158945,"up_time":1780576649,"pid_str":"","pid2":0,"pid2_str":"","ratio2":"0.000000","pid3":0,"pid3_str":"","ratio3":"0.000000","end_ratio":"0.000000","level2":0,"level3":0,"cat_name":"\u57fa\u7840\u91d1\u5c5e\u5217\u8868"},{"id":167,"cate_label_id":159,"name":"\u6caa\u91d1","cate_type":0,"pid":0,"ratio":"0.000000","price":"1027.1000","last_futures_price":"0.0000","last_sync_ratio":"0.000000","last_sync_time":0,"status":1,"is_del":1,"level":0,"add_time":1775159038,"up_time":1775159038,"pid_str":"","pid2":0,"pid2_str":"","ratio2":"0.000000","pid3":0,"pid3_str":"","ratio3":"0.000000","end_ratio":"0.000000","level2":0,"level3":0,"cat_name":"\u57fa\u7840\u91d1\u5c5e\u5217\u8868"},{"id":168,"cate_label_id":159,"name":"\u7845\u94c1","cate_type":0,"pid":0,"ratio":"0.000000","price":"5762.0000","last_futures_price":"0.0000","last_sync_ratio":"0.000000","last_sync_time":0,"status":1,"is_del":1,"level":0,"add_time":1775159058,"up_time":1775159058,"pid_str":"","pid2":0,"pid2_str":"","ratio2":"0.000000","pid3":0,"pid3_str":"","ratio3":"0.000000","end_ratio":"0.000000","level2":0,"level3":0,"cat_name":"\u57fa\u7840\u91d1\u5c5e\u5217\u8868"},{"id":169,"cate_label_id":159,"name":"\u94c1\u77ff\u77f3","cate_type":0,"pid":0,"ratio":"0.000000","price":"815.5000","last_futures_price":"0.0000","last_sync_ratio":"0.000000","last_sync_time":0,"status":1,"is_del":1,"level":0,"add_time":1775159155,"up_time":1775159155,"pid_str":"","pid2":0,"pid2_str":"","ratio2":"0.000000","pid3":0,"pid3_str":"","ratio3":"0.000000","end_ratio":"0.000000","level2":0,"level3":0,"cat_name":"\u57fa\u7840\u91d1\u5c5e\u5217\u8868"},{"id":170,"cate_label_id":159,"name":"\u87ba\u7eb9\u94a2","cate_type":0,"pid":0,"ratio":"0.000000","price":"3249.0000","last_futures_price":"0.0000","last_sync_ratio":"0.000000","last_sync_time":0,"status":1,"is_del":1,"level":0,"add_time":1775159188,"up_time":1775159188,"pid_str":"","pid2":0,"pid2_str":"","ratio2":"0.000000","pid3":0,"pid3_str":"","ratio3":"0.000000","end_ratio":"0.000000","level2":0,"level3":0,"cat_name":"\u57fa\u7840\u91d1\u5c5e\u5217\u8868"},{"id":171,"cate_label_id":159,"name":"\u70ed\u5377","cate_type":0,"pid":0,"ratio":"0.000000","price":"3468.0000","last_futures_price":"0.0000","last_sync_ratio":"0.000000","last_sync_time":0,"status":1,"is_del":1,"level":0,"add_time":1775159363,"up_time":1775159363,"pid_str":"","pid2":0,"pid2_str":"","ratio2":"0.000000","pid3":0,"pid3_str":"","ratio3":"0.000000","end_ratio":"0.000000","level2":0,"level3":0,"cat_name":"\u57fa\u7840\u91d1\u5c5e\u5217\u8868"},{"id":172,"cate_label_id":159,"name":"\u9530\u7845","cate_type":0,"pid":0,"ratio":"0.000000","price":"5878.0000","last_futures_price":"0.0000","last_sync_ratio":"0.000000","last_sync_time":0,"status":1,"is_del":1,"level":0,"add_time":1775159401,"up_time":1775159401,"pid_str":"","pid2":0,"pid2_str":"","ratio2":"0.000000","pid3":0,"pid3_str":"","ratio3":"0.000000","end_ratio":"0.000000","level2":0,"level3":0,"cat_name":"\u57fa\u7840\u91d1\u5c5e\u5217\u8868"},{"id":173,"cate_label_id":159,"name":"\u94c2\u91d1","cate_type":0,"pid":0,"ratio":"0.000000","price":"2141.4000","last_futures_price":"0.0000","last_sync_ratio":"0.000000","last_sync_time":0,"status":1,"is_del":1,"level":0,"add_time":1775159416,"up_time":1775159416,"pid_str":"","pid2":0,"pid2_str":"","ratio2":"0.000000","pid3":0,"pid3_str":"","ratio3":"0.000000","end_ratio":"0.000000","level2":0,"level3":0,"cat_name":"\u57fa\u7840\u91d1\u5c5e\u5217\u8868"},{"id":174,"cate_label_id":159,"name":"\u94af\u91d1","cate_type":0,"pid":0,"ratio":"0.000000","price":"1508.0000","last_futures_price":"0.0000","last_sync_ratio":"0.000000","last_sync_time":0,"status":1,"is_del":1,"level":0,"add_time":1775159431,"up_time":1775159431,"pid_str":"","pid2":0,"pid2_str":"","ratio2":"0.000000","pid3":0,"pid3_str":"","ratio3":"0.000000","end_ratio":"0.000000","level2":0,"level3":0,"cat_name":"\u57fa\u7840\u91d1\u5c5e\u5217\u8868"},{"id":175,"cate_label_id":159,"name":"\u5de5\u4e1a\u7845","cate_type":0,"pid":0,"ratio":"0.000000","price":"8795.0000","last_futures_price":"0.0000","last_sync_ratio":"0.000000","last_sync_time":0,"status":1,"is_del":1,"level":0,"add_time":1775159442,"up_time":1775159442,"pid_str":"","pid2":0,"pid2_str":"","ratio2":"0.000000","pid3":0,"pid3_str":"","ratio3":"0.000000","end_ratio":"0.000000","level2":0,"level3":0,"cat_name":"\u57fa\u7840\u91d1\u5c5e\u5217\u8868"},{"id":176,"cate_label_id":159,"name":"\u94dd\u5408\u91d1","cate_type":0,"pid":0,"ratio":"0.000000","price":"23255.0000","last_futures_price":"0.0000","last_sync_ratio":"0.000000","last_sync_time":0,"status":1,"is_del":1,"level":0,"add_time":1775159467,"up_time":1775159467,"pid_str":"","pid2":0,"pid2_str":"","ratio2":"0.000000","pid3":0,"pid3_str":"","ratio3":"0.000000","end_ratio":"0.000000","level2":0,"level3":0,"cat_name":"\u57fa\u7840\u91d1\u5c5e\u5217\u8868"},{"id":177,"cate_label_id":159,"name":"\u6c27\u5316\u94dd","cate_type":0,"pid":0,"ratio":"0.000000","price":"2776.0000","last_futures_price":"0.0000","last_sync_ratio":"0.000000","last_sync_time":0,"status":1,"is_del":1,"level":0,"add_time":1775159483,"up_time":1775159483,"pid_str":"","pid2":0,"pid2_str":"","ratio2":"0.000000","pid3":0,"pid3_str":"","ratio3":"0.000000","end_ratio":"0.000000","level2":0,"level3":0,"cat_name":"\u57fa\u7840\u91d1\u5c5e\u5217\u8868"},{"id":178,"cate_label_id":159,"name":"\u7ebf\u6750","cate_type":0,"pid":0,"ratio":"0.000000","price":"3395.0000","last_futures_price":"0.0000","last_sync_ratio":"0.000000","last_sync_time":0,"status":1,"is_del":1,"level":0,"add_time":1775159497,"up_time":1775159497,"pid_str":"","pid2":0,"pid2_str":"","ratio2":"0.000000","pid3":0,"pid3_str":"","ratio3":"0.000000","end_ratio":"0.000000","level2":0,"level3":0,"cat_name":"\u57fa\u7840\u91d1\u5c5e\u5217\u8868"},{"id":179,"cate_label_id":159,"name":"\u73bb\u7483","cate_type":0,"pid":0,"ratio":"0.000000","price":"1068.0000","last_futures_price":"0.0000","last_sync_ratio":"0.000000","last_sync_time":0,"status":1,"is_del":1,"level":0,"add_time":1775159539,"up_time":1775159539,"pid_str":"","pid2":0,"pid2_str":"","ratio2":"0.000000","pid3":0,"pid3_str":"","ratio3":"0.000000","end_ratio":"0.000000","level2":0,"level3":0,"cat_name":"\u57fa\u7840\u91d1\u5c5e\u5217\u8868"},{"id":180,"cate_label_id":159,"name":"\u91d1\u5c5e\u94ec","cate_type":0,"pid":0,"ratio":"0.000000","price":"91.5000","last_futures_price":"0.0000","last_sync_ratio":"0.000000","last_sync_time":0,"status":1,"is_del":1,"level":0,"add_time":1775159558,"up_time":1775159558,"pid_str":"","pid2":0,"pid2_str":"","ratio2":"0.000000","pid3":0,"pid3_str":"","ratio3":"0.000000","end_ratio":"0.000000","level2":0,"level3":0,"cat_name":"\u57fa\u7840\u91d1\u5c5e\u5217\u8868"},{"id":181,"cate_label_id":159,"name":"\u77f3\u58a8\u70ef","cate_type":0,"pid":0,"ratio":"0.000000","price":"555.0000","last_futures_price":"0.0000","last_sync_ratio":"0.000000","last_sync_time":0,"status":1,"is_del":1,"level":0,"add_time":1775159576,"up_time":1775159576,"pid_str":"","pid2":0,"pid2_str":"","ratio2":"0.000000","pid3":0,"pid3_str":"","ratio3":"0.000000","end_ratio":"0.000000","level2":0,"level3":0,"cat_name":"\u57fa\u7840\u91d1\u5c5e\u5217\u8868"},{"id":182,"cate_label_id":159,"name":"\u91d1\u5c5e\u94b4","cate_type":0,"pid":0,"ratio":"0.000000","price":"989.0000","last_futures_price":"0.0000","last_sync_ratio":"0.000000","last_sync_time":0,"status":1,"is_del":1,"level":0,"add_time":1775159588,"up_time":1775159588,"pid_str":"","pid2":0,"pid2_str":"","ratio2":"0.000000","pid3":0,"pid3_str":"","ratio3":"0.000000","end_ratio":"0.000000","level2":0,"level3":0,"cat_name":"\u57fa\u7840\u91d1\u5c5e\u5217\u8868"},{"id":183,"cate_label_id":159,"name":"\u5f85\u5b9a","cate_type":0,"pid":0,"ratio":"0.000000","price":"91.5000","last_futures_price":"0.0000","last_sync_ratio":"0.000000","last_sync_time":0,"status":1,"is_del":1,"level":0,"add_time":1775160000,"up_time":1775160000,"pid_str":"","pid2":0,"pid2_str":"","ratio2":"0.000000","pid3":0,"pid3_str":"","ratio3":"0.000000","end_ratio":"0.000000","level2":0,"level3":0,"cat_name":"\u57fa\u7840\u91d1\u5c5e\u5217\u8868"},{"id":190,"cate_label_id":159,"name":"\u5907\u75282","cate_type":0,"pid":0,"ratio":"0.000000","price":"2.0000","last_futures_price":"0.0000","last_sync_ratio":"0.000000","last_sync_time":0,"status":1,"is_del":1,"level":1,"add_time":1778617496,"up_time":1778617496,"pid_str":"","pid2":0,"pid2_str":"","ratio2":"0.000000","pid3":0,"pid3_str":"","ratio3":"0.000000","end_ratio":"0.000000","level2":1,"level3":1,"cat_name":"\u57fa\u7840\u91d1\u5c5e\u5217\u8868"},{"id":191,"cate_label_id":159,"name":"\u5907\u75283","cate_type":0,"pid":0,"ratio":"0.000000","price":"788.0000","last_futures_price":"788.0000","last_sync_ratio":"100.000000","last_sync_time":1780403285,"status":1,"is_del":1,"level":1,"add_time":1778617507,"up_time":1780403285,"pid_str":"","pid2":0,"pid2_str":"","ratio2":"0.000000","pid3":0,"pid3_str":"","ratio3":"0.000000","end_ratio":"0.000000","level2":1,"level3":1,"cat_name":"\u57fa\u7840\u91d1\u5c5e\u5217\u8868"},{"id":192,"cate_label_id":159,"name":"\u5907\u75284","cate_type":0,"pid":0,"ratio":"0.000000","price":"4.0000","last_futures_price":"0.0000","last_sync_ratio":"0.000000","last_sync_time":0,"status":1,"is_del":1,"level":1,"add_time":1778617516,"up_time":1778617516,"pid_str":"","pid2":0,"pid2_str":"","ratio2":"0.000000","pid3":0,"pid3_str":"","ratio3":"0.000000","end_ratio":"0.000000","level2":1,"level3":1,"cat_name":"\u57fa\u7840\u91d1\u5c5e\u5217\u8868"},{"id":193,"cate_label_id":159,"name":"\u5907\u75285","cate_type":0,"pid":0,"ratio":"0.000000","price":"5.0000","last_futures_price":"0.0000","last_sync_ratio":"0.000000","last_sync_time":0,"status":1,"is_del":1,"level":1,"add_time":1778617527,"up_time":1778617527,"pid_str":"","pid2":0,"pid2_str":"","ratio2":"0.000000","pid3":0,"pid3_str":"","ratio3":"0.000000","end_ratio":"0.000000","level2":1,"level3":1,"cat_name":"\u57fa\u7840\u91d1\u5c5e\u5217\u8868"},{"id":194,"cate_label_id":159,"name":"\u5907\u75286","cate_type":0,"pid":0,"ratio":"0.000000","price":"6.0000","last_futures_price":"0.0000","last_sync_ratio":"0.000000","last_sync_time":0,"status":1,"is_del":1,"level":1,"add_time":1778617537,"up_time":1778617537,"pid_str":"","pid2":0,"pid2_str":"","ratio2":"0.000000","pid3":0,"pid3_str":"","ratio3":"0.000000","end_ratio":"0.000000","level2":1,"level3":1,"cat_name":"\u57fa\u7840\u91d1\u5c5e\u5217\u8868"},{"id":185,"cate_label_id":184,"name":"\u57fa\u7840\u94dc\u4ef7","cate_type":0,"pid":0,"ratio":"0.000000","price":"96.5000","last_futures_price":"0.0000","last_sync_ratio":"0.000000","last_sync_time":0,"status":1,"is_del":1,"level":1,"add_time":1775216239,"up_time":1775216239,"pid_str":"","pid2":0,"pid2_str":"","ratio2":"0.000000","pid3":0,"pid3_str":"","ratio3":"0.000000","end_ratio":"0.000000","level2":1,"level3":1,"cat_name":"\u5bfc\u4f53\u5206\u7c7b"},{"id":186,"cate_label_id":184,"name":"\u57fa\u7840\u94dd\u4ef7","cate_type":0,"pid":0,"ratio":"0.000000","price":"24.0000","last_futures_price":"0.0000","last_sync_ratio":"0.000000","last_sync_time":0,"status":1,"is_del":1,"level":1,"add_time":1775216251,"up_time":1775216251,"pid_str":"","pid2":0,"pid2_str":"","ratio2":"0.000000","pid3":0,"pid3_str":"","ratio3":"0.000000","end_ratio":"0.000000","level2":1,"level3":1,"cat_name":"\u5bfc\u4f53\u5206\u7c7b"},{"id":187,"cate_label_id":184,"name":"\u57fa\u7840\u94a2\u4ef7","cate_type":0,"pid":0,"ratio":"0.000000","price":"4.5000","last_futures_price":"0.0000","last_sync_ratio":"0.000000","last_sync_time":0,"status":1,"is_del":1,"level":0,"add_time":1775216277,"up_time":1775216277,"pid_str":"","pid2":0,"pid2_str":"","ratio2":"0.000000","pid3":0,"pid3_str":"","ratio3":"0.000000","end_ratio":"0.000000","level2":0,"level3":0,"cat_name":"\u5bfc\u4f53\u5206\u7c7b"},{"id":188,"cate_label_id":184,"name":"\u57fa\u7840\u954d\u4ef7","cate_type":0,"pid":0,"ratio":"0.000000","price":"135.0000","last_futures_price":"0.0000","last_sync_ratio":"0.000000","last_sync_time":0,"status":1,"is_del":1,"level":1,"add_time":1775216322,"up_time":1775216322,"pid_str":"","pid2":0,"pid2_str":"","ratio2":"0.000000","pid3":0,"pid3_str":"","ratio3":"0.000000","end_ratio":"0.000000","level2":1,"level3":1,"cat_name":"\u5bfc\u4f53\u5206\u7c7b"}]}

[ 2026-06-04T20:37:30+08:00 ] ::1 /Home/PriceSync/getQuotes.html
INFO: [ app_init ] --START--
INFO: Run Behavior\BuildLiteBehavior [ RunTime:0.000004s ]
INFO: [ app_init ] --END-- [ RunTime:0.000032s ]
INFO: [ app_begin ] --START--
INFO: Run Behavior\ReadHtmlCacheBehavior [ RunTime:0.000016s ]
INFO: [ app_begin ] --END-- [ RunTime:0.000027s ]
ERR: {"status":1,"msg":"\u83b7\u53d6\u6210\u529f","data":[{"p":11965,"name":"\u751f\u732a\u4e3b\u8fde","dm":"lhm","zde":-90,"zdf":-0.75,"zjsj":12055},{"p":4363,"name":"\u9e21\u86cb\u4e3b\u8fde","dm":"jdm","zde":-27,"zdf":-0.62,"zjsj":4390},{"p":802.5,"name":"\u539f\u6728\u4e3b\u8fde","dm":"lgm","zde":9,"zdf":1.13,"zjsj":793.5},{"p":1280,"name":"\u7ea4\u7ef4\u677f\u4e3b\u8fde","dm":"fbm","zde":-2.5,"zdf":-0.19,"zjsj":1282.5}]}

[ 2026-06-04T20:37:37+08:00 ] ::1 /Home/NewLabel/index.html
INFO: [ app_init ] --START--
INFO: Run Behavior\BuildLiteBehavior [ RunTime:0.000007s ]
INFO: [ app_init ] --END-- [ RunTime:0.000084s ]
INFO: [ app_begin ] --START--
INFO: Run Behavior\ReadHtmlCacheBehavior [ RunTime:0.000036s ]
INFO: [ app_begin ] --END-- [ RunTime:0.000053s ]
SQL: SHOW COLUMNS FROM `new_label` [ RunTime:0.0035s ]
SQL: SELECT * FROM `new_label` ORDER BY id asc  [ RunTime:0.0026s ]
INFO: [ view_parse ] --START--
INFO: [ template_filter ] --START--
INFO: Run Behavior\ContentReplaceBehavior [ RunTime:0.000233s ]
INFO: [ template_filter ] --END-- [ RunTime:0.000297s ]
INFO: Run Behavior\ParseTemplateBehavior [ RunTime:0.014184s ]
INFO: [ view_parse ] --END-- [ RunTime:0.014229s ]
INFO: [ view_filter ] --START--
INFO: Run Behavior\WriteHtmlCacheBehavior [ RunTime:0.000093s ]
INFO: [ view_filter ] --END-- [ RunTime:0.000104s ]
INFO: [ app_end ] --START--
INFO: Run Behavior\ShowPageTraceBehavior [ RunTime:0.000033s ]
INFO: [ app_end ] --END-- [ RunTime:0.000043s ]

[ 2026-06-04T21:01:15+08:00 ] ::1 /Home/PriceSync/index
INFO: [ app_init ] --START--
INFO: Run Behavior\BuildLiteBehavior [ RunTime:0.000008s ]
INFO: [ app_init ] --END-- [ RunTime:0.000440s ]
INFO: [ app_begin ] --START--
INFO: Run Behavior\ReadHtmlCacheBehavior [ RunTime:0.000019s ]
INFO: [ app_begin ] --END-- [ RunTime:0.000029s ]
INFO: [ view_parse ] --START--
INFO: [ template_filter ] --START--
INFO: Run Behavior\ContentReplaceBehavior [ RunTime:0.000068s ]
INFO: [ template_filter ] --END-- [ RunTime:0.000091s ]
INFO: Run Behavior\ParseTemplateBehavior [ RunTime:0.008198s ]
INFO: [ view_parse ] --END-- [ RunTime:0.008226s ]
INFO: [ view_filter ] --START--
INFO: Run Behavior\WriteHtmlCacheBehavior [ RunTime:0.000042s ]
INFO: [ view_filter ] --END-- [ RunTime:0.000046s ]
INFO: [ app_end ] --START--
INFO: Run Behavior\ShowPageTraceBehavior [ RunTime:0.000038s ]
INFO: [ app_end ] --END-- [ RunTime:0.000049s ]

[ 2026-06-04T21:01:15+08:00 ] ::1 /Home/PriceSync/getQuotes.html
INFO: [ app_init ] --START--
INFO: Run Behavior\BuildLiteBehavior [ RunTime:0.000004s ]
INFO: [ app_init ] --END-- [ RunTime:0.000042s ]
INFO: [ app_begin ] --START--
INFO: Run Behavior\ReadHtmlCacheBehavior [ RunTime:0.000015s ]
INFO: [ app_begin ] --END-- [ RunTime:0.000025s ]
ERR: {"status":1,"msg":"\u83b7\u53d6\u6210\u529f","data":[{"p":14255,"name":"\u4e01\u4e8c\u70ef\u80f6\u4e3b\u8fde","dm":"brm","zde":-205,"zdf":-1.42,"zjsj":14460},{"p":14675,"name":"\u4e0d\u9508\u94a2\u4e3b\u8fde","dm":"ssm","zde":-115,"zdf":-0.78,"zjsj":14790},{"p":138880,"name":"\u6caa\u954d\u4e3b\u8fde","dm":"nim","zde":-1920,"zdf":-1.36,"zjsj":140800},{"p":2754,"name":"\u6c27\u5316\u94dd\u4e3b\u8fde","dm":"aom","zde":-36,"zdf":-1.29,"zjsj":2790},{"p":3158,"name":"\u87ba\u7eb9\u94a2\u4e3b\u8fde","dm":"rbm","zde":-8,"zdf":-0.25,"zjsj":3166},{"p":106060,"name":"\u6caa\u94dc\u4e3b\u8fde","dm":"cum","zde":420,"zdf":0.4,"zjsj":105640},{"p":24305,"name":"\u6caa\u94dd\u4e3b\u8fde","dm":"alm","zde":-75,"zdf":-0.31,"zjsj":24380},{"p":3818,"name":"\u71c3\u6cb9\u4e3b\u8fde","dm":"fum","zde":-90,"zdf":-2.3,"zjsj":3908},{"p":432800,"name":"\u6caa\u9521\u4e3b\u8fde","dm":"snm","zde":-8650,"zdf":-1.96,"zjsj":441450},{"p":24930,"name":"\u6caa\u950c\u4e3b\u8fde","dm":"znm","zde":-70,"zdf":-0.28,"zjsj":25000},{"p":4814,"name":"\u7eb8\u6d46\u4e3b\u8fde","dm":"spm","zde":-22,"zdf":-0.45,"zjsj":4836},{"p":18087,"name":"\u6caa\u94f6\u4e3b\u8fde","dm":"agm","zde":242,"zdf":1.36,"zjsj":17845},{"p":3348,"name":"\u7ebf\u6750\u4e3b\u8fde","dm":"wrm","zde":-19,"zdf":-0.56,"zjsj":3367},{"p":17960,"name":"\u6a61\u80f6\u4e3b\u8fde","dm":"rum","zde":-20,"zdf":-0.11,"zjsj":17980},{"p":4304,"name":"\u6ca5\u9752\u4e3b\u8fde","dm":"bum","zde":-26,"zdf":-0.6,"zjsj":4330},{"p":3377,"name":"\u70ed\u5377\u4e3b\u8fde","dm":"hcm","zde":-9,"zdf":-0.27,"zjsj":3386},{"p":16430,"name":"\u6caa\u94c5\u4e3b\u8fde","dm":"pbm","zde":-45,"zdf":-0.27,"zjsj":16475},{"p":985.26,"name":"\u6caa\u91d1\u4e3b\u8fde","dm":"aum","zde":9.6,"zdf":0.98,"zjsj":975.66},{"p":3984,"name":"\u80f6\u7248\u7eb8\u4e3b\u8fde","dm":"opm","zde":-8,"zdf":-0.2,"zjsj":3992},{"p":23080,"name":"\u94f8\u9020\u94dd\u4e3b\u8fde","dm":"adm","zde":-50,"zdf":-0.22,"zjsj":23130}]}

[ 2026-06-04T21:01:16+08:00 ] ::1 /Home/PriceSync/getConfigList.html
INFO: [ app_init ] --START--
INFO: Run Behavior\BuildLiteBehavior [ RunTime:0.000002s ]
INFO: [ app_init ] --END-- [ RunTime:0.000025s ]
INFO: [ app_begin ] --START--
INFO: Run Behavior\ReadHtmlCacheBehavior [ RunTime:0.000010s ]
INFO: [ app_begin ] --END-- [ RunTime:0.000019s ]
SQL: SHOW COLUMNS FROM `price_sync_config` [ RunTime:0.1476s ]
SQL: SELECT * FROM `price_sync_config` WHERE `status` = 1 ORDER BY id asc  [ RunTime:0.0060s ]
SQL: SHOW COLUMNS FROM `price_sync_log` [ RunTime:0.0019s ]
SQL: SELECT `config_id`,MAX(add_time) as last_sync_at FROM `price_sync_log` WHERE `config_id` IN (1,2,3,6,7) GROUP BY config_id  [ RunTime:0.0036s ]
SQL: SHOW COLUMNS FROM `new_label` [ RunTime:0.0024s ]
SQL: SELECT `price` FROM `new_label` WHERE `id` = 160 LIMIT 1   [ RunTime:0.0040s ]
SQL: SELECT `price` FROM `new_label` WHERE `id` = 162 LIMIT 1   [ RunTime:0.0007s ]
SQL: SELECT `price` FROM `new_label` WHERE `id` = 163 LIMIT 1   [ RunTime:0.0004s ]
SQL: SELECT `price` FROM `new_label` WHERE `id` = 166 LIMIT 1   [ RunTime:0.0015s ]
SQL: SELECT `price` FROM `new_label` WHERE `id` = 191 LIMIT 1   [ RunTime:0.0007s ]
ERR: {"status":1,"msg":"\u83b7\u53d6\u6210\u529f","data":[{"id":1,"futures_code":"cum","futures_name":"\u6caa\u94dc\u4e3b\u8fde","exchange":"shfe","new_label_id":160,"label_name":"\u6caa\u94dc","ratio":"100.0000","auto_sync":1,"status":1,"add_time":1780239338,"up_time":1780240685,"current_price":"0.00","last_sync_at":"2026-06-04 20:35:39"},{"id":2,"futures_code":"nim","futures_name":"\u6caa\u954d\u4e3b\u8fde","exchange":"shfe","new_label_id":162,"label_name":"\u6caa\u954d","ratio":"1.0000","auto_sync":1,"status":1,"add_time":1780366433,"up_time":1780366443,"current_price":"0.00","last_sync_at":"2026-06-04 20:32:11"},{"id":3,"futures_code":"snm","futures_name":"\u6caa\u9521\u4e3b\u8fde","exchange":"shfe","new_label_id":163,"label_name":"\u6caa\u9521","ratio":"100.0000","auto_sync":0,"status":1,"add_time":1780366480,"up_time":1780366480,"current_price":"437040.00","last_sync_at":"-"},{"id":6,"futures_code":"agm","futures_name":"\u6caa\u94f6\u4e3b\u8fde","exchange":"shfe","new_label_id":166,"label_name":"\u6caa\u94f6","ratio":"100.0000","auto_sync":1,"status":1,"add_time":1780396428,"up_time":1780396428,"current_price":"0.00","last_sync_at":"2026-06-04 20:37:29"},{"id":7,"futures_code":"lgm","futures_name":"\u539f\u6728\u4e3b\u8fde","exchange":"dce","new_label_id":191,"label_name":"\u5907\u75283","ratio":"100.0000","auto_sync":1,"status":1,"add_time":1780403277,"up_time":1780403277,"current_price":"788.00","last_sync_at":"2026-06-02 20:28:05"}]}

[ 2026-06-04T21:01:16+08:00 ] ::1 /Home/PriceSync/getMaterials.html
INFO: [ app_init ] --START--
INFO: Run Behavior\BuildLiteBehavior [ RunTime:0.000005s ]
INFO: [ app_init ] --END-- [ RunTime:0.000035s ]
INFO: [ app_begin ] --START--
INFO: Run Behavior\ReadHtmlCacheBehavior [ RunTime:0.000034s ]
INFO: [ app_begin ] --END-- [ RunTime:0.000057s ]
SQL: SHOW COLUMNS FROM `new_label` [ RunTime:0.0044s ]
SQL: SELECT `id`,`name` FROM `new_label` WHERE `cate_label_id` = 0 AND `cate_type` = 0  [ RunTime:0.0035s ]
SQL: SELECT * FROM `new_label` WHERE `cate_label_id` IN (3,4,26,30,133,159,184) AND `pid` = 0 ORDER BY cate_label_id asc, id asc  [ RunTime:0.0015s ]
ERR: {"status":1,"msg":"\u83b7\u53d6\u6210\u529f","data":[{"id":5,"cate_label_id":3,"name":"\u73b0\u8d27\u94dc\u4ef7\u57fa\u7840\u503c","cate_type":0,"pid":0,"ratio":"100.000000","price":"94.9000","last_futures_price":"0.0000","last_sync_ratio":"0.000000","last_sync_time":0,"status":1,"is_del":1,"level":0,"add_time":1731588218,"up_time":1731678051,"pid_str":"","pid2":0,"pid2_str":"","ratio2":"100.000000","pid3":0,"pid3_str":"","ratio3":"100.000000","end_ratio":"0.000000","level2":0,"level3":0,"cat_name":"\u5bfc\u4f53\u6750\u6599\u4ef7\u683c22"},{"id":51,"cate_label_id":3,"name":"\u73b0\u8d27\u94dd\u4ef7\u57fa\u7840\u503c","cate_type":0,"pid":0,"ratio":"100.000000","price":"23.0000","last_futures_price":"0.0000","last_sync_ratio":"0.000000","last_sync_time":0,"status":1,"is_del":1,"level":0,"add_time":1731682407,"up_time":1731682407,"pid_str":"","pid2":0,"pid2_str":"","ratio2":"100.000000","pid3":0,"pid3_str":"","ratio3":"100.000000","end_ratio":"0.000000","level2":0,"level3":0,"cat_name":"\u5bfc\u4f53\u6750\u6599\u4ef7\u683c22"},{"id":99,"cate_label_id":3,"name":"\u67b6\u7a7a\u5bfc\u7ebf\u94a2\u4e1d\u4ef7","cate_type":0,"pid":0,"ratio":"0.000000","price":"5.0000","last_futures_price":"0.0000","last_sync_ratio":"0.000000","last_sync_time":0,"status":1,"is_del":1,"level":1,"add_time":1735382759,"up_time":1735382759,"pid_str":"","pid2":0,"pid2_str":"","ratio2":"100.000000","pid3":0,"pid3_str":"","ratio3":"100.000000","end_ratio":"0.000000","level2":1,"level3":1,"cat_name":"\u5bfc\u4f53\u6750\u6599\u4ef7\u683c22"},{"id":94,"cate_label_id":4,"name":"\u9ed1\u4e91\u6bcd\u5e26","cate_type":0,"pid":0,"ratio":"0.000000","price":"38.0000","last_futures_price":"0.0000","last_sync_ratio":"0.000000","last_sync_time":0,"status":1,"is_del":1,"level":0,"add_time":1735321887,"up_time":1735321887,"pid_str":"","pid2":0,"pid2_str":"","ratio2":"100.000000","pid3":0,"pid3_str":"","ratio3":"100.000000","end_ratio":"0.000000","level2":0,"level3":0,"cat_name":"\u4e91\u6bcd\u6750\u6599\u4ef7\u683c"},{"id":27,"cate_label_id":26,"name":"\u4ea4\u8054\u805a\u4e59\u70ef\u4ef7\u683c","cate_type":0,"pid":0,"ratio":"0.000000","price":"12.0000","last_futures_price":"0.0000","last_sync_ratio":"0.000000","last_sync_time":0,"status":1,"is_del":1,"level":0,"add_time":1731673353,"up_time":1731673353,"pid_str":"","pid2":0,"pid2_str":"","ratio2":"100.000000","pid3":0,"pid3_str":"","ratio3":"100.000000","end_ratio":"0.000000","level2":0,"level3":0,"cat_name":"\u7edd\u7f18\u6750\u6599\u4ef7\u683c"},{"id":74,"cate_label_id":26,"name":"PVC\u805a\u6c2f\u4e59\u70ef\u4ef7","cate_type":0,"pid":0,"ratio":"100.000000","price":"7.5000","last_futures_price":"0.0000","last_sync_ratio":"0.000000","last_sync_time":0,"status":1,"is_del":1,"level":0,"add_time":1734582414,"up_time":1734582414,"pid_str":"","pid2":0,"pid2_str":"","ratio2":"100.000000","pid3":0,"pid3_str":"","ratio3":"100.000000","end_ratio":"0.000000","level2":0,"level3":0,"cat_name":"\u7edd\u7f18\u6750\u6599\u4ef7\u683c"},{"id":105,"cate_label_id":30,"name":"\u94a2\u5e26\u4ef7\u683c","cate_type":0,"pid":0,"ratio":"0.000000","price":"4.2000","last_futures_price":"0.0000","last_sync_ratio":"0.000000","last_sync_time":0,"status":1,"is_del":1,"level":0,"add_time":1735400959,"up_time":1735400959,"pid_str":"","pid2":0,"pid2_str":"","ratio2":"100.000000","pid3":0,"pid3_str":"","ratio3":"100.000000","end_ratio":"0.000000","level2":0,"level3":0,"cat_name":"\u91d1\u5c5e\u94e0\u88c5\u6750\u6599"},{"id":134,"cate_label_id":133,"name":"XH-03A-\u77ff\u7528\u62a4\u5957","cate_type":0,"pid":0,"ratio":"0.000000","price":"8.0000","last_futures_price":"0.0000","last_sync_ratio":"0.000000","last_sync_time":0,"status":1,"is_del":1,"level":0,"add_time":1744771398,"up_time":1744771398,"pid_str":"","pid2":0,"pid2_str":"","ratio2":"0.000000","pid3":0,"pid3_str":"","ratio3":"0.000000","end_ratio":"0.000000","level2":0,"level3":0,"cat_name":"\u6a61\u80f6\u7535\u7f06\u6750\u6599\u4ef7\u683c"},{"id":160,"cate_label_id":159,"name":"\u6caa\u94dc","cate_type":0,"pid":0,"ratio":"0.000000","price":"0.0000","last_futures_price":"0.0000","last_sync_ratio":"100.000000","last_sync_time":1780576539,"status":1,"is_del":1,"level":0,"add_time":1772791661,"up_time":1780576539,"pid_str":"","pid2":0,"pid2_str":"","ratio2":"0.000000","pid3":0,"pid3_str":"","ratio3":"0.000000","end_ratio":"0.000000","level2":0,"level3":0,"cat_name":"\u57fa\u7840\u91d1\u5c5e\u5217\u8868"},{"id":161,"cate_label_id":159,"name":"\u6caa\u94dd","cate_type":0,"pid":0,"ratio":"0.000000","price":"24640.0000","last_futures_price":"0.0000","last_sync_ratio":"0.000000","last_sync_time":0,"status":1,"is_del":1,"level":0,"add_time":1775158584,"up_time":1775158584,"pid_str":"","pid2":0,"pid2_str":"","ratio2":"0.000000","pid3":0,"pid3_str":"","ratio3":"0.000000","end_ratio":"0.000000","level2":0,"level3":0,"cat_name":"\u57fa\u7840\u91d1\u5c5e\u5217\u8868"},{"id":162,"cate_label_id":159,"name":"\u6caa\u954d","cate_type":0,"pid":0,"ratio":"0.000000","price":"0.0000","last_futures_price":"0.0000","last_sync_ratio":"1.000000","last_sync_time":1780576331,"status":1,"is_del":1,"level":0,"add_time":1775158650,"up_time":1780576331,"pid_str":"","pid2":0,"pid2_str":"","ratio2":"0.000000","pid3":0,"pid3_str":"","ratio3":"0.000000","end_ratio":"0.000000","level2":0,"level3":0,"cat_name":"\u57fa\u7840\u91d1\u5c5e\u5217\u8868"},{"id":163,"cate_label_id":159,"name":"\u6caa\u9521","cate_type":0,"pid":0,"ratio":"0.000000","price":"437040.0000","last_futures_price":"0.0000","last_sync_ratio":"0.000000","last_sync_time":0,"status":1,"is_del":1,"level":0,"add_time":1775158678,"up_time":1775158678,"pid_str":"","pid2":0,"pid2_str":"","ratio2":"0.000000","pid3":0,"pid3_str":"","ratio3":"0.000000","end_ratio":"0.000000","level2":0,"level3":0,"cat_name":"\u57fa\u7840\u91d1\u5c5e\u5217\u8868"},{"id":164,"cate_label_id":159,"name":"\u6caa\u950c","cate_type":0,"pid":0,"ratio":"0.000000","price":"24640.0000","last_futures_price":"0.0000","last_sync_ratio":"0.000000","last_sync_time":0,"status":1,"is_del":1,"level":0,"add_time":1775158807,"up_time":1775158807,"pid_str":"","pid2":0,"pid2_str":"","ratio2":"0.000000","pid3":0,"pid3_str":"","ratio3":"0.000000","end_ratio":"0.000000","level2":0,"level3":0,"cat_name":"\u57fa\u7840\u91d1\u5c5e\u5217\u8868"},{"id":165,"cate_label_id":159,"name":"\u4e0d\u9508\u94a2","cate_type":0,"pid":0,"ratio":"0.000000","price":"15065.0000","last_futures_price":"0.0000","last_sync_ratio":"0.000000","last_sync_time":0,"status":1,"is_del":1,"level":0,"add_time":1775158827,"up_time":1775158827,"pid_str":"","pid2":0,"pid2_str":"","ratio2":"0.000000","pid3":0,"pid3_str":"","ratio3":"0.000000","end_ratio":"0.000000","level2":0,"level3":0,"cat_name":"\u57fa\u7840\u91d1\u5c5e\u5217\u8868"},{"id":166,"cate_label_id":159,"name":"\u6caa\u94f6","cate_type":0,"pid":0,"ratio":"0.000000","price":"0.0000","last_futures_price":"0.0000","last_sync_ratio":"100.000000","last_sync_time":1780576649,"status":1,"is_del":1,"level":0,"add_time":1775158945,"up_time":1780576649,"pid_str":"","pid2":0,"pid2_str":"","ratio2":"0.000000","pid3":0,"pid3_str":"","ratio3":"0.000000","end_ratio":"0.000000","level2":0,"level3":0,"cat_name":"\u57fa\u7840\u91d1\u5c5e\u5217\u8868"},{"id":167,"cate_label_id":159,"name":"\u6caa\u91d1","cate_type":0,"pid":0,"ratio":"0.000000","price":"1027.1000","last_futures_price":"0.0000","last_sync_ratio":"0.000000","last_sync_time":0,"status":1,"is_del":1,"level":0,"add_time":1775159038,"up_time":1775159038,"pid_str":"","pid2":0,"pid2_str":"","ratio2":"0.000000","pid3":0,"pid3_str":"","ratio3":"0.000000","end_ratio":"0.000000","level2":0,"level3":0,"cat_name":"\u57fa\u7840\u91d1\u5c5e\u5217\u8868"},{"id":168,"cate_label_id":159,"name":"\u7845\u94c1","cate_type":0,"pid":0,"ratio":"0.000000","price":"5762.0000","last_futures_price":"0.0000","last_sync_ratio":"0.000000","last_sync_time":0,"status":1,"is_del":1,"level":0,"add_time":1775159058,"up_time":1775159058,"pid_str":"","pid2":0,"pid2_str":"","ratio2":"0.000000","pid3":0,"pid3_str":"","ratio3":"0.000000","end_ratio":"0.000000","level2":0,"level3":0,"cat_name":"\u57fa\u7840\u91d1\u5c5e\u5217\u8868"},{"id":169,"cate_label_id":159,"name":"\u94c1\u77ff\u77f3","cate_type":0,"pid":0,"ratio":"0.000000","price":"815.5000","last_futures_price":"0.0000","last_sync_ratio":"0.000000","last_sync_time":0,"status":1,"is_del":1,"level":0,"add_time":1775159155,"up_time":1775159155,"pid_str":"","pid2":0,"pid2_str":"","ratio2":"0.000000","pid3":0,"pid3_str":"","ratio3":"0.000000","end_ratio":"0.000000","level2":0,"level3":0,"cat_name":"\u57fa\u7840\u91d1\u5c5e\u5217\u8868"},{"id":170,"cate_label_id":159,"name":"\u87ba\u7eb9\u94a2","cate_type":0,"pid":0,"ratio":"0.000000","price":"3249.0000","last_futures_price":"0.0000","last_sync_ratio":"0.000000","last_sync_time":0,"status":1,"is_del":1,"level":0,"add_time":1775159188,"up_time":1775159188,"pid_str":"","pid2":0,"pid2_str":"","ratio2":"0.000000","pid3":0,"pid3_str":"","ratio3":"0.000000","end_ratio":"0.000000","level2":0,"level3":0,"cat_name":"\u57fa\u7840\u91d1\u5c5e\u5217\u8868"},{"id":171,"cate_label_id":159,"name":"\u70ed\u5377","cate_type":0,"pid":0,"ratio":"0.000000","price":"3468.0000","last_futures_price":"0.0000","last_sync_ratio":"0.000000","last_sync_time":0,"status":1,"is_del":1,"level":0,"add_time":1775159363,"up_time":1775159363,"pid_str":"","pid2":0,"pid2_str":"","ratio2":"0.000000","pid3":0,"pid3_str":"","ratio3":"0.000000","end_ratio":"0.000000","level2":0,"level3":0,"cat_name":"\u57fa\u7840\u91d1\u5c5e\u5217\u8868"},{"id":172,"cate_label_id":159,"name":"\u9530\u7845","cate_type":0,"pid":0,"ratio":"0.000000","price":"5878.0000","last_futures_price":"0.0000","last_sync_ratio":"0.000000","last_sync_time":0,"status":1,"is_del":1,"level":0,"add_time":1775159401,"up_time":1775159401,"pid_str":"","pid2":0,"pid2_str":"","ratio2":"0.000000","pid3":0,"pid3_str":"","ratio3":"0.000000","end_ratio":"0.000000","level2":0,"level3":0,"cat_name":"\u57fa\u7840\u91d1\u5c5e\u5217\u8868"},{"id":173,"cate_label_id":159,"name":"\u94c2\u91d1","cate_type":0,"pid":0,"ratio":"0.000000","price":"2141.4000","last_futures_price":"0.0000","last_sync_ratio":"0.000000","last_sync_time":0,"status":1,"is_del":1,"level":0,"add_time":1775159416,"up_time":1775159416,"pid_str":"","pid2":0,"pid2_str":"","ratio2":"0.000000","pid3":0,"pid3_str":"","ratio3":"0.000000","end_ratio":"0.000000","level2":0,"level3":0,"cat_name":"\u57fa\u7840\u91d1\u5c5e\u5217\u8868"},{"id":174,"cate_label_id":159,"name":"\u94af\u91d1","cate_type":0,"pid":0,"ratio":"0.000000","price":"1508.0000","last_futures_price":"0.0000","last_sync_ratio":"0.000000","last_sync_time":0,"status":1,"is_del":1,"level":0,"add_time":1775159431,"up_time":1775159431,"pid_str":"","pid2":0,"pid2_str":"","ratio2":"0.000000","pid3":0,"pid3_str":"","ratio3":"0.000000","end_ratio":"0.000000","level2":0,"level3":0,"cat_name":"\u57fa\u7840\u91d1\u5c5e\u5217\u8868"},{"id":175,"cate_label_id":159,"name":"\u5de5\u4e1a\u7845","cate_type":0,"pid":0,"ratio":"0.000000","price":"8795.0000","last_futures_price":"0.0000","last_sync_ratio":"0.000000","last_sync_time":0,"status":1,"is_del":1,"level":0,"add_time":1775159442,"up_time":1775159442,"pid_str":"","pid2":0,"pid2_str":"","ratio2":"0.000000","pid3":0,"pid3_str":"","ratio3":"0.000000","end_ratio":"0.000000","level2":0,"level3":0,"cat_name":"\u57fa\u7840\u91d1\u5c5e\u5217\u8868"},{"id":176,"cate_label_id":159,"name":"\u94dd\u5408\u91d1","cate_type":0,"pid":0,"ratio":"0.000000","price":"23255.0000","last_futures_price":"0.0000","last_sync_ratio":"0.000000","last_sync_time":0,"status":1,"is_del":1,"level":0,"add_time":1775159467,"up_time":1775159467,"pid_str":"","pid2":0,"pid2_str":"","ratio2":"0.000000","pid3":0,"pid3_str":"","ratio3":"0.000000","end_ratio":"0.000000","level2":0,"level3":0,"cat_name":"\u57fa\u7840\u91d1\u5c5e\u5217\u8868"},{"id":177,"cate_label_id":159,"name":"\u6c27\u5316\u94dd","cate_type":0,"pid":0,"ratio":"0.000000","price":"2776.0000","last_futures_price":"0.0000","last_sync_ratio":"0.000000","last_sync_time":0,"status":1,"is_del":1,"level":0,"add_time":1775159483,"up_time":1775159483,"pid_str":"","pid2":0,"pid2_str":"","ratio2":"0.000000","pid3":0,"pid3_str":"","ratio3":"0.000000","end_ratio":"0.000000","level2":0,"level3":0,"cat_name":"\u57fa\u7840\u91d1\u5c5e\u5217\u8868"},{"id":178,"cate_label_id":159,"name":"\u7ebf\u6750","cate_type":0,"pid":0,"ratio":"0.000000","price":"3395.0000","last_futures_price":"0.0000","last_sync_ratio":"0.000000","last_sync_time":0,"status":1,"is_del":1,"level":0,"add_time":1775159497,"up_time":1775159497,"pid_str":"","pid2":0,"pid2_str":"","ratio2":"0.000000","pid3":0,"pid3_str":"","ratio3":"0.000000","end_ratio":"0.000000","level2":0,"level3":0,"cat_name":"\u57fa\u7840\u91d1\u5c5e\u5217\u8868"},{"id":179,"cate_label_id":159,"name":"\u73bb\u7483","cate_type":0,"pid":0,"ratio":"0.000000","price":"1068.0000","last_futures_price":"0.0000","last_sync_ratio":"0.000000","last_sync_time":0,"status":1,"is_del":1,"level":0,"add_time":1775159539,"up_time":1775159539,"pid_str":"","pid2":0,"pid2_str":"","ratio2":"0.000000","pid3":0,"pid3_str":"","ratio3":"0.000000","end_ratio":"0.000000","level2":0,"level3":0,"cat_name":"\u57fa\u7840\u91d1\u5c5e\u5217\u8868"},{"id":180,"cate_label_id":159,"name":"\u91d1\u5c5e\u94ec","cate_type":0,"pid":0,"ratio":"0.000000","price":"91.5000","last_futures_price":"0.0000","last_sync_ratio":"0.000000","last_sync_time":0,"status":1,"is_del":1,"level":0,"add_time":1775159558,"up_time":1775159558,"pid_str":"","pid2":0,"pid2_str":"","ratio2":"0.000000","pid3":0,"pid3_str":"","ratio3":"0.000000","end_ratio":"0.000000","level2":0,"level3":0,"cat_name":"\u57fa\u7840\u91d1\u5c5e\u5217\u8868"},{"id":181,"cate_label_id":159,"name":"\u77f3\u58a8\u70ef","cate_type":0,"pid":0,"ratio":"0.000000","price":"555.0000","last_futures_price":"0.0000","last_sync_ratio":"0.000000","last_sync_time":0,"status":1,"is_del":1,"level":0,"add_time":1775159576,"up_time":1775159576,"pid_str":"","pid2":0,"pid2_str":"","ratio2":"0.000000","pid3":0,"pid3_str":"","ratio3":"0.000000","end_ratio":"0.000000","level2":0,"level3":0,"cat_name":"\u57fa\u7840\u91d1\u5c5e\u5217\u8868"},{"id":182,"cate_label_id":159,"name":"\u91d1\u5c5e\u94b4","cate_type":0,"pid":0,"ratio":"0.000000","price":"989.0000","last_futures_price":"0.0000","last_sync_ratio":"0.000000","last_sync_time":0,"status":1,"is_del":1,"level":0,"add_time":1775159588,"up_time":1775159588,"pid_str":"","pid2":0,"pid2_str":"","ratio2":"0.000000","pid3":0,"pid3_str":"","ratio3":"0.000000","end_ratio":"0.000000","level2":0,"level3":0,"cat_name":"\u57fa\u7840\u91d1\u5c5e\u5217\u8868"},{"id":183,"cate_label_id":159,"name":"\u5f85\u5b9a","cate_type":0,"pid":0,"ratio":"0.000000","price":"91.5000","last_futures_price":"0.0000","last_sync_ratio":"0.000000","last_sync_time":0,"status":1,"is_del":1,"level":0,"add_time":1775160000,"up_time":1775160000,"pid_str":"","pid2":0,"pid2_str":"","ratio2":"0.000000","pid3":0,"pid3_str":"","ratio3":"0.000000","end_ratio":"0.000000","level2":0,"level3":0,"cat_name":"\u57fa\u7840\u91d1\u5c5e\u5217\u8868"},{"id":190,"cate_label_id":159,"name":"\u5907\u75282","cate_type":0,"pid":0,"ratio":"0.000000","price":"2.0000","last_futures_price":"0.0000","last_sync_ratio":"0.000000","last_sync_time":0,"status":1,"is_del":1,"level":1,"add_time":1778617496,"up_time":1778617496,"pid_str":"","pid2":0,"pid2_str":"","ratio2":"0.000000","pid3":0,"pid3_str":"","ratio3":"0.000000","end_ratio":"0.000000","level2":1,"level3":1,"cat_name":"\u57fa\u7840\u91d1\u5c5e\u5217\u8868"},{"id":191,"cate_label_id":159,"name":"\u5907\u75283","cate_type":0,"pid":0,"ratio":"0.000000","price":"788.0000","last_futures_price":"788.0000","last_sync_ratio":"100.000000","last_sync_time":1780403285,"status":1,"is_del":1,"level":1,"add_time":1778617507,"up_time":1780403285,"pid_str":"","pid2":0,"pid2_str":"","ratio2":"0.000000","pid3":0,"pid3_str":"","ratio3":"0.000000","end_ratio":"0.000000","level2":1,"level3":1,"cat_name":"\u57fa\u7840\u91d1\u5c5e\u5217\u8868"},{"id":192,"cate_label_id":159,"name":"\u5907\u75284","cate_type":0,"pid":0,"ratio":"0.000000","price":"4.0000","last_futures_price":"0.0000","last_sync_ratio":"0.000000","last_sync_time":0,"status":1,"is_del":1,"level":1,"add_time":1778617516,"up_time":1778617516,"pid_str":"","pid2":0,"pid2_str":"","ratio2":"0.000000","pid3":0,"pid3_str":"","ratio3":"0.000000","end_ratio":"0.000000","level2":1,"level3":1,"cat_name":"\u57fa\u7840\u91d1\u5c5e\u5217\u8868"},{"id":193,"cate_label_id":159,"name":"\u5907\u75285","cate_type":0,"pid":0,"ratio":"0.000000","price":"5.0000","last_futures_price":"0.0000","last_sync_ratio":"0.000000","last_sync_time":0,"status":1,"is_del":1,"level":1,"add_time":1778617527,"up_time":1778617527,"pid_str":"","pid2":0,"pid2_str":"","ratio2":"0.000000","pid3":0,"pid3_str":"","ratio3":"0.000000","end_ratio":"0.000000","level2":1,"level3":1,"cat_name":"\u57fa\u7840\u91d1\u5c5e\u5217\u8868"},{"id":194,"cate_label_id":159,"name":"\u5907\u75286","cate_type":0,"pid":0,"ratio":"0.000000","price":"6.0000","last_futures_price":"0.0000","last_sync_ratio":"0.000000","last_sync_time":0,"status":1,"is_del":1,"level":1,"add_time":1778617537,"up_time":1778617537,"pid_str":"","pid2":0,"pid2_str":"","ratio2":"0.000000","pid3":0,"pid3_str":"","ratio3":"0.000000","end_ratio":"0.000000","level2":1,"level3":1,"cat_name":"\u57fa\u7840\u91d1\u5c5e\u5217\u8868"},{"id":185,"cate_label_id":184,"name":"\u57fa\u7840\u94dc\u4ef7","cate_type":0,"pid":0,"ratio":"0.000000","price":"96.5000","last_futures_price":"0.0000","last_sync_ratio":"0.000000","last_sync_time":0,"status":1,"is_del":1,"level":1,"add_time":1775216239,"up_time":1775216239,"pid_str":"","pid2":0,"pid2_str":"","ratio2":"0.000000","pid3":0,"pid3_str":"","ratio3":"0.000000","end_ratio":"0.000000","level2":1,"level3":1,"cat_name":"\u5bfc\u4f53\u5206\u7c7b"},{"id":186,"cate_label_id":184,"name":"\u57fa\u7840\u94dd\u4ef7","cate_type":0,"pid":0,"ratio":"0.000000","price":"24.0000","last_futures_price":"0.0000","last_sync_ratio":"0.000000","last_sync_time":0,"status":1,"is_del":1,"level":1,"add_time":1775216251,"up_time":1775216251,"pid_str":"","pid2":0,"pid2_str":"","ratio2":"0.000000","pid3":0,"pid3_str":"","ratio3":"0.000000","end_ratio":"0.000000","level2":1,"level3":1,"cat_name":"\u5bfc\u4f53\u5206\u7c7b"},{"id":187,"cate_label_id":184,"name":"\u57fa\u7840\u94a2\u4ef7","cate_type":0,"pid":0,"ratio":"0.000000","price":"4.5000","last_futures_price":"0.0000","last_sync_ratio":"0.000000","last_sync_time":0,"status":1,"is_del":1,"level":0,"add_time":1775216277,"up_time":1775216277,"pid_str":"","pid2":0,"pid2_str":"","ratio2":"0.000000","pid3":0,"pid3_str":"","ratio3":"0.000000","end_ratio":"0.000000","level2":0,"level3":0,"cat_name":"\u5bfc\u4f53\u5206\u7c7b"},{"id":188,"cate_label_id":184,"name":"\u57fa\u7840\u954d\u4ef7","cate_type":0,"pid":0,"ratio":"0.000000","price":"135.0000","last_futures_price":"0.0000","last_sync_ratio":"0.000000","last_sync_time":0,"status":1,"is_del":1,"level":1,"add_time":1775216322,"up_time":1775216322,"pid_str":"","pid2":0,"pid2_str":"","ratio2":"0.000000","pid3":0,"pid3_str":"","ratio3":"0.000000","end_ratio":"0.000000","level2":1,"level3":1,"cat_name":"\u5bfc\u4f53\u5206\u7c7b"}]}

[ 2026-06-04T21:01:16+08:00 ] ::1 /Home/PriceSync/getQuotes.html
INFO: [ app_init ] --START--
INFO: Run Behavior\BuildLiteBehavior [ RunTime:0.000005s ]
INFO: [ app_init ] --END-- [ RunTime:0.000051s ]
INFO: [ app_begin ] --START--
INFO: Run Behavior\ReadHtmlCacheBehavior [ RunTime:0.000029s ]
INFO: [ app_begin ] --END-- [ RunTime:0.000056s ]
ERR: {"status":1,"msg":"\u83b7\u53d6\u6210\u529f","data":[{"p":7866,"name":"\u5851\u6599\u4e3b\u8fde","dm":"lm","zde":-60,"zdf":-0.76,"zjsj":7926},{"p":8663,"name":"\u805a\u4e19\u70ef\u4e3b\u8fde","dm":"ppm","zde":-54,"zdf":-0.62,"zjsj":8717},{"p":8650,"name":"\u805a\u4e19\u70ef\u6708\u5747\u4e3b\u8fde","dm":"ppFm","zde":-67,"zdf":-0.77,"zjsj":8717},{"p":2048.5,"name":"\u7126\u70ad\u4e3b\u8fde","dm":"jm","zde":11.5,"zdf":0.56,"zjsj":2037},{"p":11965,"name":"\u751f\u732a\u4e3b\u8fde","dm":"lhm","zde":-90,"zdf":-0.75,"zjsj":12055},{"p":4363,"name":"\u9e21\u86cb\u4e3b\u8fde","dm":"jdm","zde":-27,"zdf":-0.62,"zjsj":4390},{"p":767.5,"name":"\u94c1\u77ff\u77f3\u4e3b\u8fde","dm":"im","zde":-5.5,"zdf":-0.71,"zjsj":773},{"p":3545,"name":"\u7cb3\u7c73\u4e3b\u8fde","dm":"rrm","zde":-7,"zdf":-0.2,"zjsj":3552},{"p":9568,"name":"\u68d5\u6988\u6cb9\u4e3b\u8fde","dm":"pm","zde":-133,"zdf":-1.37,"zjsj":9701},{"p":802.5,"name":"\u539f\u6728\u4e3b\u8fde","dm":"lgm","zde":9,"zdf":1.13,"zjsj":793.5},{"p":2677,"name":"\u6dc0\u7c89\u4e3b\u8fde","dm":"csm","zde":16,"zdf":0.6,"zjsj":2661},{"p":2939,"name":"\u8c46\u7c95\u4e3b\u8fde","dm":"mm","zde":-16,"zdf":-0.54,"zjsj":2955},{"p":4459,"name":"\u4e59\u4e8c\u9187\u4e3b\u8fde","dm":"egm","zde":-31,"zdf":-0.69,"zjsj":4490},{"p":4811,"name":"PVC\u6708\u5747\u4e3b\u8fde","dm":"vFm","zde":-47,"zdf":-0.97,"zjsj":4858},{"p":2314,"name":"\u7389\u7c73\u4e3b\u8fde","dm":"cm","zde":14,"zdf":0.61,"zjsj":2300},{"p":8649,"name":"\u82ef\u4e59\u70ef\u4e3b\u8fde","dm":"ebm","zde":-144,"zdf":-1.64,"zjsj":8793},{"p":3530,"name":"\u8c46\u4e8c\u4e3b\u8fde","dm":"bm","zde":-27,"zdf":-0.76,"zjsj":3557},{"p":1441,"name":"\u7126\u7164\u4e3b\u8fde","dm":"jmm","zde":19,"zdf":1.34,"zjsj":1422},{"p":4735,"name":"\u8c46\u4e00\u4e3b\u8fde","dm":"am","zde":-10,"zdf":-0.21,"zjsj":4745},{"p":1280,"name":"\u7ea4\u7ef4\u677f\u4e3b\u8fde","dm":"fbm","zde":-2.5,"zdf":-0.19,"zjsj":1282.5},{"p":8483,"name":"\u8c46\u6cb9\u4e3b\u8fde","dm":"ym","zde":-70,"zdf":-0.82,"zjsj":8553},{"p":5617,"name":"LPG\u4e3b\u8fde","dm":"pgm","zde":-92,"zdf":-1.61,"zjsj":5709},{"p":7529,"name":"\u7eaf\u82ef\u4e3b\u8fde","dm":"bzm","zde":-119,"zdf":-1.56,"zjsj":7648},{"p":4810,"name":"PVC\u4e3b\u8fde","dm":"vm","zde":-48,"zdf":-0.99,"zjsj":4858}]}

[ 2026-06-04T21:05:12+08:00 ] ::1 /Home/Task/index.html
INFO: [ app_init ] --START--
INFO: Run Behavior\BuildLiteBehavior [ RunTime:0.000018s ]
INFO: [ app_init ] --END-- [ RunTime:0.000177s ]
INFO: [ app_begin ] --START--
INFO: Run Behavior\ReadHtmlCacheBehavior [ RunTime:0.000072s ]
INFO: [ app_begin ] --END-- [ RunTime:0.000117s ]
SQL: SHOW COLUMNS FROM `task` [ RunTime:0.0095s ]
NOTIC: [2] Undefined variable $where /Users/gangliu/data/catdesk_workspace/yilan/App/Home/Controller/TaskController.class.php 第 12 行.
SQL: SELECT COUNT(*) AS tp_count FROM `task` LIMIT 1   [ RunTime:0.0104s ]
SQL: SELECT * FROM `task` ORDER BY id desc LIMIT 0,10   [ RunTime:0.0018s ]
INFO: [ view_parse ] --START--
INFO: [ template_filter ] --START--
INFO: Run Behavior\ContentReplaceBehavior [ RunTime:0.000095s ]
INFO: [ template_filter ] --END-- [ RunTime:0.000143s ]
INFO: Run Behavior\ParseTemplateBehavior [ RunTime:0.021048s ]
INFO: [ view_parse ] --END-- [ RunTime:0.021121s ]
INFO: [ view_filter ] --START--
INFO: Run Behavior\WriteHtmlCacheBehavior [ RunTime:0.000119s ]
INFO: [ view_filter ] --END-- [ RunTime:0.000129s ]
INFO: [ app_end ] --START--
INFO: Run Behavior\ShowPageTraceBehavior [ RunTime:0.000056s ]
INFO: [ app_end ] --END-- [ RunTime:0.000064s ]

[ 2026-06-04T21:31:05+08:00 ] ::1 /Home/NewLabel/index.html
INFO: [ app_init ] --START--
INFO: Run Behavior\BuildLiteBehavior [ RunTime:0.000006s ]
INFO: [ app_init ] --END-- [ RunTime:0.000385s ]
INFO: [ app_begin ] --START--
INFO: Run Behavior\ReadHtmlCacheBehavior [ RunTime:0.000016s ]
INFO: [ app_begin ] --END-- [ RunTime:0.000021s ]
SQL: SHOW COLUMNS FROM `new_label` [ RunTime:0.0287s ]
SQL: SELECT * FROM `new_label` ORDER BY id asc  [ RunTime:0.0021s ]
INFO: [ view_parse ] --START--
INFO: [ template_filter ] --START--
INFO: Run Behavior\ContentReplaceBehavior [ RunTime:0.000155s ]
INFO: [ template_filter ] --END-- [ RunTime:0.000171s ]
INFO: Run Behavior\ParseTemplateBehavior [ RunTime:0.012593s ]
INFO: [ view_parse ] --END-- [ RunTime:0.012606s ]
INFO: [ view_filter ] --START--
INFO: Run Behavior\WriteHtmlCacheBehavior [ RunTime:0.000033s ]
INFO: [ view_filter ] --END-- [ RunTime:0.000039s ]
INFO: [ app_end ] --START--
INFO: Run Behavior\ShowPageTraceBehavior [ RunTime:0.000032s ]
INFO: [ app_end ] --END-- [ RunTime:0.000037s ]

[ 2026-06-04T21:31:07+08:00 ] ::1 /Home/PriceSync/index
INFO: [ app_init ] --START--
INFO: Run Behavior\BuildLiteBehavior [ RunTime:0.000010s ]
INFO: [ app_init ] --END-- [ RunTime:0.000050s ]
INFO: [ app_begin ] --START--
INFO: Run Behavior\ReadHtmlCacheBehavior [ RunTime:0.000028s ]
INFO: [ app_begin ] --END-- [ RunTime:0.000052s ]
INFO: [ view_parse ] --START--
INFO: [ template_filter ] --START--
INFO: Run Behavior\ContentReplaceBehavior [ RunTime:0.000134s ]
INFO: [ template_filter ] --END-- [ RunTime:0.000183s ]
INFO: Run Behavior\ParseTemplateBehavior [ RunTime:0.007579s ]
INFO: [ view_parse ] --END-- [ RunTime:0.007626s ]
INFO: [ view_filter ] --START--
INFO: Run Behavior\WriteHtmlCacheBehavior [ RunTime:0.000045s ]
INFO: [ view_filter ] --END-- [ RunTime:0.000054s ]
INFO: [ app_end ] --START--
INFO: Run Behavior\ShowPageTraceBehavior [ RunTime:0.000017s ]
INFO: [ app_end ] --END-- [ RunTime:0.000024s ]

[ 2026-06-04T21:31:07+08:00 ] ::1 /Home/PriceSync/getQuotes.html
INFO: [ app_init ] --START--
INFO: Run Behavior\BuildLiteBehavior [ RunTime:0.000003s ]
INFO: [ app_init ] --END-- [ RunTime:0.000023s ]
INFO: [ app_begin ] --START--
INFO: Run Behavior\ReadHtmlCacheBehavior [ RunTime:0.000011s ]
INFO: [ app_begin ] --END-- [ RunTime:0.000018s ]
ERR: {"status":1,"msg":"\u83b7\u53d6\u6210\u529f","data":[{"p":14200,"name":"\u4e01\u4e8c\u70ef\u80f6\u4e3b\u8fde","dm":"brm","zde":-260,"zdf":-1.8,"zjsj":14460},{"p":14705,"name":"\u4e0d\u9508\u94a2\u4e3b\u8fde","dm":"ssm","zde":-85,"zdf":-0.57,"zjsj":14790},{"p":139150,"name":"\u6caa\u954d\u4e3b\u8fde","dm":"nim","zde":-1650,"zdf":-1.17,"zjsj":140800},{"p":2755,"name":"\u6c27\u5316\u94dd\u4e3b\u8fde","dm":"aom","zde":-35,"zdf":-1.25,"zjsj":2790},{"p":3153,"name":"\u87ba\u7eb9\u94a2\u4e3b\u8fde","dm":"rbm","zde":-13,"zdf":-0.41,"zjsj":3166},{"p":106490,"name":"\u6caa\u94dc\u4e3b\u8fde","dm":"cum","zde":850,"zdf":0.8,"zjsj":105640},{"p":24340,"name":"\u6caa\u94dd\u4e3b\u8fde","dm":"alm","zde":-40,"zdf":-0.16,"zjsj":24380},{"p":3834,"name":"\u71c3\u6cb9\u4e3b\u8fde","dm":"fum","zde":-74,"zdf":-1.89,"zjsj":3908},{"p":434700,"name":"\u6caa\u9521\u4e3b\u8fde","dm":"snm","zde":-6750,"zdf":-1.53,"zjsj":441450},{"p":24975,"name":"\u6caa\u950c\u4e3b\u8fde","dm":"znm","zde":-25,"zdf":-0.1,"zjsj":25000},{"p":4798,"name":"\u7eb8\u6d46\u4e3b\u8fde","dm":"spm","zde":-38,"zdf":-0.79,"zjsj":4836},{"p":18130,"name":"\u6caa\u94f6\u4e3b\u8fde","dm":"agm","zde":285,"zdf":1.6,"zjsj":17845},{"p":3348,"name":"\u7ebf\u6750\u4e3b\u8fde","dm":"wrm","zde":-19,"zdf":-0.56,"zjsj":3367},{"p":18015,"name":"\u6a61\u80f6\u4e3b\u8fde","dm":"rum","zde":35,"zdf":0.19,"zjsj":17980},{"p":4330,"name":"\u6ca5\u9752\u4e3b\u8fde","dm":"bum","zde":0,"zdf":0,"zjsj":4330},{"p":3375,"name":"\u70ed\u5377\u4e3b\u8fde","dm":"hcm","zde":-11,"zdf":-0.32,"zjsj":3386},{"p":16430,"name":"\u6caa\u94c5\u4e3b\u8fde","dm":"pbm","zde":-45,"zdf":-0.27,"zjsj":16475},{"p":985.48,"name":"\u6caa\u91d1\u4e3b\u8fde","dm":"aum","zde":9.82,"zdf":1.01,"zjsj":975.66},{"p":3988,"name":"\u80f6\u7248\u7eb8\u4e3b\u8fde","dm":"opm","zde":-4,"zdf":-0.1,"zjsj":3992},{"p":23135,"name":"\u94f8\u9020\u94dd\u4e3b\u8fde","dm":"adm","zde":5,"zdf":0.02,"zjsj":23130}]}

[ 2026-06-04T21:31:07+08:00 ] ::1 /Home/PriceSync/getConfigList.html
INFO: [ app_init ] --START--
INFO: Run Behavior\BuildLiteBehavior [ RunTime:0.000003s ]
INFO: [ app_init ] --END-- [ RunTime:0.000023s ]
INFO: [ app_begin ] --START--
INFO: Run Behavior\ReadHtmlCacheBehavior [ RunTime:0.000013s ]
INFO: [ app_begin ] --END-- [ RunTime:0.000026s ]
SQL: SHOW COLUMNS FROM `price_sync_config` [ RunTime:0.0022s ]
SQL: SELECT * FROM `price_sync_config` WHERE `status` = 1 ORDER BY id asc  [ RunTime:0.0011s ]
SQL: SHOW COLUMNS FROM `price_sync_log` [ RunTime:0.0028s ]
SQL: SELECT `config_id`,MAX(add_time) as last_sync_at FROM `price_sync_log` WHERE `config_id` IN (1,2,3,6,7) GROUP BY config_id  [ RunTime:0.0058s ]
SQL: SHOW COLUMNS FROM `new_label` [ RunTime:0.0026s ]
SQL: SELECT `price` FROM `new_label` WHERE `id` = 160 LIMIT 1   [ RunTime:0.0010s ]
SQL: SELECT `price` FROM `new_label` WHERE `id` = 162 LIMIT 1   [ RunTime:0.0003s ]
SQL: SELECT `price` FROM `new_label` WHERE `id` = 163 LIMIT 1   [ RunTime:0.0002s ]
SQL: SELECT `price` FROM `new_label` WHERE `id` = 166 LIMIT 1   [ RunTime:0.0001s ]
SQL: SELECT `price` FROM `new_label` WHERE `id` = 191 LIMIT 1   [ RunTime:0.0001s ]
ERR: {"status":1,"msg":"\u83b7\u53d6\u6210\u529f","data":[{"id":1,"futures_code":"cum","futures_name":"\u6caa\u94dc\u4e3b\u8fde","exchange":"shfe","new_label_id":160,"label_name":"\u6caa\u94dc","ratio":"100.0000","auto_sync":1,"status":1,"add_time":1780239338,"up_time":1780240685,"current_price":"0.00","last_sync_at":"2026-06-04 20:35:39"},{"id":2,"futures_code":"nim","futures_name":"\u6caa\u954d\u4e3b\u8fde","exchange":"shfe","new_label_id":162,"label_name":"\u6caa\u954d","ratio":"1.0000","auto_sync":1,"status":1,"add_time":1780366433,"up_time":1780366443,"current_price":"0.00","last_sync_at":"2026-06-04 20:32:11"},{"id":3,"futures_code":"snm","futures_name":"\u6caa\u9521\u4e3b\u8fde","exchange":"shfe","new_label_id":163,"label_name":"\u6caa\u9521","ratio":"100.0000","auto_sync":0,"status":1,"add_time":1780366480,"up_time":1780366480,"current_price":"437040.00","last_sync_at":"-"},{"id":6,"futures_code":"agm","futures_name":"\u6caa\u94f6\u4e3b\u8fde","exchange":"shfe","new_label_id":166,"label_name":"\u6caa\u94f6","ratio":"100.0000","auto_sync":1,"status":1,"add_time":1780396428,"up_time":1780396428,"current_price":"0.00","last_sync_at":"2026-06-04 20:37:29"},{"id":7,"futures_code":"lgm","futures_name":"\u539f\u6728\u4e3b\u8fde","exchange":"dce","new_label_id":191,"label_name":"\u5907\u75283","ratio":"100.0000","auto_sync":1,"status":1,"add_time":1780403277,"up_time":1780403277,"current_price":"788.00","last_sync_at":"2026-06-02 20:28:05"}]}

[ 2026-06-04T21:31:07+08:00 ] ::1 /Home/PriceSync/getMaterials.html
INFO: [ app_init ] --START--
INFO: Run Behavior\BuildLiteBehavior [ RunTime:0.000003s ]
INFO: [ app_init ] --END-- [ RunTime:0.000022s ]
INFO: [ app_begin ] --START--
INFO: Run Behavior\ReadHtmlCacheBehavior [ RunTime:0.000063s ]
INFO: [ app_begin ] --END-- [ RunTime:0.000093s ]
SQL: SHOW COLUMNS FROM `new_label` [ RunTime:0.0038s ]
SQL: SELECT `id`,`name` FROM `new_label` WHERE `cate_label_id` = 0 AND `cate_type` = 0  [ RunTime:0.0009s ]
SQL: SELECT * FROM `new_label` WHERE `cate_label_id` IN (3,4,26,30,133,159,184) AND `pid` = 0 ORDER BY cate_label_id asc, id asc  [ RunTime:0.0019s ]
ERR: {"status":1,"msg":"\u83b7\u53d6\u6210\u529f","data":[{"id":5,"cate_label_id":3,"name":"\u73b0\u8d27\u94dc\u4ef7\u57fa\u7840\u503c","cate_type":0,"pid":0,"ratio":"100.000000","price":"94.9000","last_futures_price":"0.0000","last_sync_ratio":"0.000000","last_sync_time":0,"status":1,"is_del":1,"level":0,"add_time":1731588218,"up_time":1731678051,"pid_str":"","pid2":0,"pid2_str":"","ratio2":"100.000000","pid3":0,"pid3_str":"","ratio3":"100.000000","end_ratio":"0.000000","level2":0,"level3":0,"cat_name":"\u5bfc\u4f53\u6750\u6599\u4ef7\u683c22"},{"id":51,"cate_label_id":3,"name":"\u73b0\u8d27\u94dd\u4ef7\u57fa\u7840\u503c","cate_type":0,"pid":0,"ratio":"100.000000","price":"23.0000","last_futures_price":"0.0000","last_sync_ratio":"0.000000","last_sync_time":0,"status":1,"is_del":1,"level":0,"add_time":1731682407,"up_time":1731682407,"pid_str":"","pid2":0,"pid2_str":"","ratio2":"100.000000","pid3":0,"pid3_str":"","ratio3":"100.000000","end_ratio":"0.000000","level2":0,"level3":0,"cat_name":"\u5bfc\u4f53\u6750\u6599\u4ef7\u683c22"},{"id":99,"cate_label_id":3,"name":"\u67b6\u7a7a\u5bfc\u7ebf\u94a2\u4e1d\u4ef7","cate_type":0,"pid":0,"ratio":"0.000000","price":"5.0000","last_futures_price":"0.0000","last_sync_ratio":"0.000000","last_sync_time":0,"status":1,"is_del":1,"level":1,"add_time":1735382759,"up_time":1735382759,"pid_str":"","pid2":0,"pid2_str":"","ratio2":"100.000000","pid3":0,"pid3_str":"","ratio3":"100.000000","end_ratio":"0.000000","level2":1,"level3":1,"cat_name":"\u5bfc\u4f53\u6750\u6599\u4ef7\u683c22"},{"id":94,"cate_label_id":4,"name":"\u9ed1\u4e91\u6bcd\u5e26","cate_type":0,"pid":0,"ratio":"0.000000","price":"38.0000","last_futures_price":"0.0000","last_sync_ratio":"0.000000","last_sync_time":0,"status":1,"is_del":1,"level":0,"add_time":1735321887,"up_time":1735321887,"pid_str":"","pid2":0,"pid2_str":"","ratio2":"100.000000","pid3":0,"pid3_str":"","ratio3":"100.000000","end_ratio":"0.000000","level2":0,"level3":0,"cat_name":"\u4e91\u6bcd\u6750\u6599\u4ef7\u683c"},{"id":27,"cate_label_id":26,"name":"\u4ea4\u8054\u805a\u4e59\u70ef\u4ef7\u683c","cate_type":0,"pid":0,"ratio":"0.000000","price":"12.0000","last_futures_price":"0.0000","last_sync_ratio":"0.000000","last_sync_time":0,"status":1,"is_del":1,"level":0,"add_time":1731673353,"up_time":1731673353,"pid_str":"","pid2":0,"pid2_str":"","ratio2":"100.000000","pid3":0,"pid3_str":"","ratio3":"100.000000","end_ratio":"0.000000","level2":0,"level3":0,"cat_name":"\u7edd\u7f18\u6750\u6599\u4ef7\u683c"},{"id":74,"cate_label_id":26,"name":"PVC\u805a\u6c2f\u4e59\u70ef\u4ef7","cate_type":0,"pid":0,"ratio":"100.000000","price":"7.5000","last_futures_price":"0.0000","last_sync_ratio":"0.000000","last_sync_time":0,"status":1,"is_del":1,"level":0,"add_time":1734582414,"up_time":1734582414,"pid_str":"","pid2":0,"pid2_str":"","ratio2":"100.000000","pid3":0,"pid3_str":"","ratio3":"100.000000","end_ratio":"0.000000","level2":0,"level3":0,"cat_name":"\u7edd\u7f18\u6750\u6599\u4ef7\u683c"},{"id":105,"cate_label_id":30,"name":"\u94a2\u5e26\u4ef7\u683c","cate_type":0,"pid":0,"ratio":"0.000000","price":"4.2000","last_futures_price":"0.0000","last_sync_ratio":"0.000000","last_sync_time":0,"status":1,"is_del":1,"level":0,"add_time":1735400959,"up_time":1735400959,"pid_str":"","pid2":0,"pid2_str":"","ratio2":"100.000000","pid3":0,"pid3_str":"","ratio3":"100.000000","end_ratio":"0.000000","level2":0,"level3":0,"cat_name":"\u91d1\u5c5e\u94e0\u88c5\u6750\u6599"},{"id":134,"cate_label_id":133,"name":"XH-03A-\u77ff\u7528\u62a4\u5957","cate_type":0,"pid":0,"ratio":"0.000000","price":"8.0000","last_futures_price":"0.0000","last_sync_ratio":"0.000000","last_sync_time":0,"status":1,"is_del":1,"level":0,"add_time":1744771398,"up_time":1744771398,"pid_str":"","pid2":0,"pid2_str":"","ratio2":"0.000000","pid3":0,"pid3_str":"","ratio3":"0.000000","end_ratio":"0.000000","level2":0,"level3":0,"cat_name":"\u6a61\u80f6\u7535\u7f06\u6750\u6599\u4ef7\u683c"},{"id":160,"cate_label_id":159,"name":"\u6caa\u94dc","cate_type":0,"pid":0,"ratio":"0.000000","price":"0.0000","last_futures_price":"0.0000","last_sync_ratio":"100.000000","last_sync_time":1780576539,"status":1,"is_del":1,"level":0,"add_time":1772791661,"up_time":1780576539,"pid_str":"","pid2":0,"pid2_str":"","ratio2":"0.000000","pid3":0,"pid3_str":"","ratio3":"0.000000","end_ratio":"0.000000","level2":0,"level3":0,"cat_name":"\u57fa\u7840\u91d1\u5c5e\u5217\u8868"},{"id":161,"cate_label_id":159,"name":"\u6caa\u94dd","cate_type":0,"pid":0,"ratio":"0.000000","price":"24640.0000","last_futures_price":"0.0000","last_sync_ratio":"0.000000","last_sync_time":0,"status":1,"is_del":1,"level":0,"add_time":1775158584,"up_time":1775158584,"pid_str":"","pid2":0,"pid2_str":"","ratio2":"0.000000","pid3":0,"pid3_str":"","ratio3":"0.000000","end_ratio":"0.000000","level2":0,"level3":0,"cat_name":"\u57fa\u7840\u91d1\u5c5e\u5217\u8868"},{"id":162,"cate_label_id":159,"name":"\u6caa\u954d","cate_type":0,"pid":0,"ratio":"0.000000","price":"0.0000","last_futures_price":"0.0000","last_sync_ratio":"1.000000","last_sync_time":1780576331,"status":1,"is_del":1,"level":0,"add_time":1775158650,"up_time":1780576331,"pid_str":"","pid2":0,"pid2_str":"","ratio2":"0.000000","pid3":0,"pid3_str":"","ratio3":"0.000000","end_ratio":"0.000000","level2":0,"level3":0,"cat_name":"\u57fa\u7840\u91d1\u5c5e\u5217\u8868"},{"id":163,"cate_label_id":159,"name":"\u6caa\u9521","cate_type":0,"pid":0,"ratio":"0.000000","price":"437040.0000","last_futures_price":"0.0000","last_sync_ratio":"0.000000","last_sync_time":0,"status":1,"is_del":1,"level":0,"add_time":1775158678,"up_time":1775158678,"pid_str":"","pid2":0,"pid2_str":"","ratio2":"0.000000","pid3":0,"pid3_str":"","ratio3":"0.000000","end_ratio":"0.000000","level2":0,"level3":0,"cat_name":"\u57fa\u7840\u91d1\u5c5e\u5217\u8868"},{"id":164,"cate_label_id":159,"name":"\u6caa\u950c","cate_type":0,"pid":0,"ratio":"0.000000","price":"24640.0000","last_futures_price":"0.0000","last_sync_ratio":"0.000000","last_sync_time":0,"status":1,"is_del":1,"level":0,"add_time":1775158807,"up_time":1775158807,"pid_str":"","pid2":0,"pid2_str":"","ratio2":"0.000000","pid3":0,"pid3_str":"","ratio3":"0.000000","end_ratio":"0.000000","level2":0,"level3":0,"cat_name":"\u57fa\u7840\u91d1\u5c5e\u5217\u8868"},{"id":165,"cate_label_id":159,"name":"\u4e0d\u9508\u94a2","cate_type":0,"pid":0,"ratio":"0.000000","price":"15065.0000","last_futures_price":"0.0000","last_sync_ratio":"0.000000","last_sync_time":0,"status":1,"is_del":1,"level":0,"add_time":1775158827,"up_time":1775158827,"pid_str":"","pid2":0,"pid2_str":"","ratio2":"0.000000","pid3":0,"pid3_str":"","ratio3":"0.000000","end_ratio":"0.000000","level2":0,"level3":0,"cat_name":"\u57fa\u7840\u91d1\u5c5e\u5217\u8868"},{"id":166,"cate_label_id":159,"name":"\u6caa\u94f6","cate_type":0,"pid":0,"ratio":"0.000000","price":"0.0000","last_futures_price":"0.0000","last_sync_ratio":"100.000000","last_sync_time":1780576649,"status":1,"is_del":1,"level":0,"add_time":1775158945,"up_time":1780576649,"pid_str":"","pid2":0,"pid2_str":"","ratio2":"0.000000","pid3":0,"pid3_str":"","ratio3":"0.000000","end_ratio":"0.000000","level2":0,"level3":0,"cat_name":"\u57fa\u7840\u91d1\u5c5e\u5217\u8868"},{"id":167,"cate_label_id":159,"name":"\u6caa\u91d1","cate_type":0,"pid":0,"ratio":"0.000000","price":"1027.1000","last_futures_price":"0.0000","last_sync_ratio":"0.000000","last_sync_time":0,"status":1,"is_del":1,"level":0,"add_time":1775159038,"up_time":1775159038,"pid_str":"","pid2":0,"pid2_str":"","ratio2":"0.000000","pid3":0,"pid3_str":"","ratio3":"0.000000","end_ratio":"0.000000","level2":0,"level3":0,"cat_name":"\u57fa\u7840\u91d1\u5c5e\u5217\u8868"},{"id":168,"cate_label_id":159,"name":"\u7845\u94c1","cate_type":0,"pid":0,"ratio":"0.000000","price":"5762.0000","last_futures_price":"0.0000","last_sync_ratio":"0.000000","last_sync_time":0,"status":1,"is_del":1,"level":0,"add_time":1775159058,"up_time":1775159058,"pid_str":"","pid2":0,"pid2_str":"","ratio2":"0.000000","pid3":0,"pid3_str":"","ratio3":"0.000000","end_ratio":"0.000000","level2":0,"level3":0,"cat_name":"\u57fa\u7840\u91d1\u5c5e\u5217\u8868"},{"id":169,"cate_label_id":159,"name":"\u94c1\u77ff\u77f3","cate_type":0,"pid":0,"ratio":"0.000000","price":"815.5000","last_futures_price":"0.0000","last_sync_ratio":"0.000000","last_sync_time":0,"status":1,"is_del":1,"level":0,"add_time":1775159155,"up_time":1775159155,"pid_str":"","pid2":0,"pid2_str":"","ratio2":"0.000000","pid3":0,"pid3_str":"","ratio3":"0.000000","end_ratio":"0.000000","level2":0,"level3":0,"cat_name":"\u57fa\u7840\u91d1\u5c5e\u5217\u8868"},{"id":170,"cate_label_id":159,"name":"\u87ba\u7eb9\u94a2","cate_type":0,"pid":0,"ratio":"0.000000","price":"3249.0000","last_futures_price":"0.0000","last_sync_ratio":"0.000000","last_sync_time":0,"status":1,"is_del":1,"level":0,"add_time":1775159188,"up_time":1775159188,"pid_str":"","pid2":0,"pid2_str":"","ratio2":"0.000000","pid3":0,"pid3_str":"","ratio3":"0.000000","end_ratio":"0.000000","level2":0,"level3":0,"cat_name":"\u57fa\u7840\u91d1\u5c5e\u5217\u8868"},{"id":171,"cate_label_id":159,"name":"\u70ed\u5377","cate_type":0,"pid":0,"ratio":"0.000000","price":"3468.0000","last_futures_price":"0.0000","last_sync_ratio":"0.000000","last_sync_time":0,"status":1,"is_del":1,"level":0,"add_time":1775159363,"up_time":1775159363,"pid_str":"","pid2":0,"pid2_str":"","ratio2":"0.000000","pid3":0,"pid3_str":"","ratio3":"0.000000","end_ratio":"0.000000","level2":0,"level3":0,"cat_name":"\u57fa\u7840\u91d1\u5c5e\u5217\u8868"},{"id":172,"cate_label_id":159,"name":"\u9530\u7845","cate_type":0,"pid":0,"ratio":"0.000000","price":"5878.0000","last_futures_price":"0.0000","last_sync_ratio":"0.000000","last_sync_time":0,"status":1,"is_del":1,"level":0,"add_time":1775159401,"up_time":1775159401,"pid_str":"","pid2":0,"pid2_str":"","ratio2":"0.000000","pid3":0,"pid3_str":"","ratio3":"0.000000","end_ratio":"0.000000","level2":0,"level3":0,"cat_name":"\u57fa\u7840\u91d1\u5c5e\u5217\u8868"},{"id":173,"cate_label_id":159,"name":"\u94c2\u91d1","cate_type":0,"pid":0,"ratio":"0.000000","price":"2141.4000","last_futures_price":"0.0000","last_sync_ratio":"0.000000","last_sync_time":0,"status":1,"is_del":1,"level":0,"add_time":1775159416,"up_time":1775159416,"pid_str":"","pid2":0,"pid2_str":"","ratio2":"0.000000","pid3":0,"pid3_str":"","ratio3":"0.000000","end_ratio":"0.000000","level2":0,"level3":0,"cat_name":"\u57fa\u7840\u91d1\u5c5e\u5217\u8868"},{"id":174,"cate_label_id":159,"name":"\u94af\u91d1","cate_type":0,"pid":0,"ratio":"0.000000","price":"1508.0000","last_futures_price":"0.0000","last_sync_ratio":"0.000000","last_sync_time":0,"status":1,"is_del":1,"level":0,"add_time":1775159431,"up_time":1775159431,"pid_str":"","pid2":0,"pid2_str":"","ratio2":"0.000000","pid3":0,"pid3_str":"","ratio3":"0.000000","end_ratio":"0.000000","level2":0,"level3":0,"cat_name":"\u57fa\u7840\u91d1\u5c5e\u5217\u8868"},{"id":175,"cate_label_id":159,"name":"\u5de5\u4e1a\u7845","cate_type":0,"pid":0,"ratio":"0.000000","price":"8795.0000","last_futures_price":"0.0000","last_sync_ratio":"0.000000","last_sync_time":0,"status":1,"is_del":1,"level":0,"add_time":1775159442,"up_time":1775159442,"pid_str":"","pid2":0,"pid2_str":"","ratio2":"0.000000","pid3":0,"pid3_str":"","ratio3":"0.000000","end_ratio":"0.000000","level2":0,"level3":0,"cat_name":"\u57fa\u7840\u91d1\u5c5e\u5217\u8868"},{"id":176,"cate_label_id":159,"name":"\u94dd\u5408\u91d1","cate_type":0,"pid":0,"ratio":"0.000000","price":"23255.0000","last_futures_price":"0.0000","last_sync_ratio":"0.000000","last_sync_time":0,"status":1,"is_del":1,"level":0,"add_time":1775159467,"up_time":1775159467,"pid_str":"","pid2":0,"pid2_str":"","ratio2":"0.000000","pid3":0,"pid3_str":"","ratio3":"0.000000","end_ratio":"0.000000","level2":0,"level3":0,"cat_name":"\u57fa\u7840\u91d1\u5c5e\u5217\u8868"},{"id":177,"cate_label_id":159,"name":"\u6c27\u5316\u94dd","cate_type":0,"pid":0,"ratio":"0.000000","price":"2776.0000","last_futures_price":"0.0000","last_sync_ratio":"0.000000","last_sync_time":0,"status":1,"is_del":1,"level":0,"add_time":1775159483,"up_time":1775159483,"pid_str":"","pid2":0,"pid2_str":"","ratio2":"0.000000","pid3":0,"pid3_str":"","ratio3":"0.000000","end_ratio":"0.000000","level2":0,"level3":0,"cat_name":"\u57fa\u7840\u91d1\u5c5e\u5217\u8868"},{"id":178,"cate_label_id":159,"name":"\u7ebf\u6750","cate_type":0,"pid":0,"ratio":"0.000000","price":"3395.0000","last_futures_price":"0.0000","last_sync_ratio":"0.000000","last_sync_time":0,"status":1,"is_del":1,"level":0,"add_time":1775159497,"up_time":1775159497,"pid_str":"","pid2":0,"pid2_str":"","ratio2":"0.000000","pid3":0,"pid3_str":"","ratio3":"0.000000","end_ratio":"0.000000","level2":0,"level3":0,"cat_name":"\u57fa\u7840\u91d1\u5c5e\u5217\u8868"},{"id":179,"cate_label_id":159,"name":"\u73bb\u7483","cate_type":0,"pid":0,"ratio":"0.000000","price":"1068.0000","last_futures_price":"0.0000","last_sync_ratio":"0.000000","last_sync_time":0,"status":1,"is_del":1,"level":0,"add_time":1775159539,"up_time":1775159539,"pid_str":"","pid2":0,"pid2_str":"","ratio2":"0.000000","pid3":0,"pid3_str":"","ratio3":"0.000000","end_ratio":"0.000000","level2":0,"level3":0,"cat_name":"\u57fa\u7840\u91d1\u5c5e\u5217\u8868"},{"id":180,"cate_label_id":159,"name":"\u91d1\u5c5e\u94ec","cate_type":0,"pid":0,"ratio":"0.000000","price":"91.5000","last_futures_price":"0.0000","last_sync_ratio":"0.000000","last_sync_time":0,"status":1,"is_del":1,"level":0,"add_time":1775159558,"up_time":1775159558,"pid_str":"","pid2":0,"pid2_str":"","ratio2":"0.000000","pid3":0,"pid3_str":"","ratio3":"0.000000","end_ratio":"0.000000","level2":0,"level3":0,"cat_name":"\u57fa\u7840\u91d1\u5c5e\u5217\u8868"},{"id":181,"cate_label_id":159,"name":"\u77f3\u58a8\u70ef","cate_type":0,"pid":0,"ratio":"0.000000","price":"555.0000","last_futures_price":"0.0000","last_sync_ratio":"0.000000","last_sync_time":0,"status":1,"is_del":1,"level":0,"add_time":1775159576,"up_time":1775159576,"pid_str":"","pid2":0,"pid2_str":"","ratio2":"0.000000","pid3":0,"pid3_str":"","ratio3":"0.000000","end_ratio":"0.000000","level2":0,"level3":0,"cat_name":"\u57fa\u7840\u91d1\u5c5e\u5217\u8868"},{"id":182,"cate_label_id":159,"name":"\u91d1\u5c5e\u94b4","cate_type":0,"pid":0,"ratio":"0.000000","price":"989.0000","last_futures_price":"0.0000","last_sync_ratio":"0.000000","last_sync_time":0,"status":1,"is_del":1,"level":0,"add_time":1775159588,"up_time":1775159588,"pid_str":"","pid2":0,"pid2_str":"","ratio2":"0.000000","pid3":0,"pid3_str":"","ratio3":"0.000000","end_ratio":"0.000000","level2":0,"level3":0,"cat_name":"\u57fa\u7840\u91d1\u5c5e\u5217\u8868"},{"id":183,"cate_label_id":159,"name":"\u5f85\u5b9a","cate_type":0,"pid":0,"ratio":"0.000000","price":"91.5000","last_futures_price":"0.0000","last_sync_ratio":"0.000000","last_sync_time":0,"status":1,"is_del":1,"level":0,"add_time":1775160000,"up_time":1775160000,"pid_str":"","pid2":0,"pid2_str":"","ratio2":"0.000000","pid3":0,"pid3_str":"","ratio3":"0.000000","end_ratio":"0.000000","level2":0,"level3":0,"cat_name":"\u57fa\u7840\u91d1\u5c5e\u5217\u8868"},{"id":190,"cate_label_id":159,"name":"\u5907\u75282","cate_type":0,"pid":0,"ratio":"0.000000","price":"2.0000","last_futures_price":"0.0000","last_sync_ratio":"0.000000","last_sync_time":0,"status":1,"is_del":1,"level":1,"add_time":1778617496,"up_time":1778617496,"pid_str":"","pid2":0,"pid2_str":"","ratio2":"0.000000","pid3":0,"pid3_str":"","ratio3":"0.000000","end_ratio":"0.000000","level2":1,"level3":1,"cat_name":"\u57fa\u7840\u91d1\u5c5e\u5217\u8868"},{"id":191,"cate_label_id":159,"name":"\u5907\u75283","cate_type":0,"pid":0,"ratio":"0.000000","price":"788.0000","last_futures_price":"788.0000","last_sync_ratio":"100.000000","last_sync_time":1780403285,"status":1,"is_del":1,"level":1,"add_time":1778617507,"up_time":1780403285,"pid_str":"","pid2":0,"pid2_str":"","ratio2":"0.000000","pid3":0,"pid3_str":"","ratio3":"0.000000","end_ratio":"0.000000","level2":1,"level3":1,"cat_name":"\u57fa\u7840\u91d1\u5c5e\u5217\u8868"},{"id":192,"cate_label_id":159,"name":"\u5907\u75284","cate_type":0,"pid":0,"ratio":"0.000000","price":"4.0000","last_futures_price":"0.0000","last_sync_ratio":"0.000000","last_sync_time":0,"status":1,"is_del":1,"level":1,"add_time":1778617516,"up_time":1778617516,"pid_str":"","pid2":0,"pid2_str":"","ratio2":"0.000000","pid3":0,"pid3_str":"","ratio3":"0.000000","end_ratio":"0.000000","level2":1,"level3":1,"cat_name":"\u57fa\u7840\u91d1\u5c5e\u5217\u8868"},{"id":193,"cate_label_id":159,"name":"\u5907\u75285","cate_type":0,"pid":0,"ratio":"0.000000","price":"5.0000","last_futures_price":"0.0000","last_sync_ratio":"0.000000","last_sync_time":0,"status":1,"is_del":1,"level":1,"add_time":1778617527,"up_time":1778617527,"pid_str":"","pid2":0,"pid2_str":"","ratio2":"0.000000","pid3":0,"pid3_str":"","ratio3":"0.000000","end_ratio":"0.000000","level2":1,"level3":1,"cat_name":"\u57fa\u7840\u91d1\u5c5e\u5217\u8868"},{"id":194,"cate_label_id":159,"name":"\u5907\u75286","cate_type":0,"pid":0,"ratio":"0.000000","price":"6.0000","last_futures_price":"0.0000","last_sync_ratio":"0.000000","last_sync_time":0,"status":1,"is_del":1,"level":1,"add_time":1778617537,"up_time":1778617537,"pid_str":"","pid2":0,"pid2_str":"","ratio2":"0.000000","pid3":0,"pid3_str":"","ratio3":"0.000000","end_ratio":"0.000000","level2":1,"level3":1,"cat_name":"\u57fa\u7840\u91d1\u5c5e\u5217\u8868"},{"id":185,"cate_label_id":184,"name":"\u57fa\u7840\u94dc\u4ef7","cate_type":0,"pid":0,"ratio":"0.000000","price":"96.5000","last_futures_price":"0.0000","last_sync_ratio":"0.000000","last_sync_time":0,"status":1,"is_del":1,"level":1,"add_time":1775216239,"up_time":1775216239,"pid_str":"","pid2":0,"pid2_str":"","ratio2":"0.000000","pid3":0,"pid3_str":"","ratio3":"0.000000","end_ratio":"0.000000","level2":1,"level3":1,"cat_name":"\u5bfc\u4f53\u5206\u7c7b"},{"id":186,"cate_label_id":184,"name":"\u57fa\u7840\u94dd\u4ef7","cate_type":0,"pid":0,"ratio":"0.000000","price":"24.0000","last_futures_price":"0.0000","last_sync_ratio":"0.000000","last_sync_time":0,"status":1,"is_del":1,"level":1,"add_time":1775216251,"up_time":1775216251,"pid_str":"","pid2":0,"pid2_str":"","ratio2":"0.000000","pid3":0,"pid3_str":"","ratio3":"0.000000","end_ratio":"0.000000","level2":1,"level3":1,"cat_name":"\u5bfc\u4f53\u5206\u7c7b"},{"id":187,"cate_label_id":184,"name":"\u57fa\u7840\u94a2\u4ef7","cate_type":0,"pid":0,"ratio":"0.000000","price":"4.5000","last_futures_price":"0.0000","last_sync_ratio":"0.000000","last_sync_time":0,"status":1,"is_del":1,"level":0,"add_time":1775216277,"up_time":1775216277,"pid_str":"","pid2":0,"pid2_str":"","ratio2":"0.000000","pid3":0,"pid3_str":"","ratio3":"0.000000","end_ratio":"0.000000","level2":0,"level3":0,"cat_name":"\u5bfc\u4f53\u5206\u7c7b"},{"id":188,"cate_label_id":184,"name":"\u57fa\u7840\u954d\u4ef7","cate_type":0,"pid":0,"ratio":"0.000000","price":"135.0000","last_futures_price":"0.0000","last_sync_ratio":"0.000000","last_sync_time":0,"status":1,"is_del":1,"level":1,"add_time":1775216322,"up_time":1775216322,"pid_str":"","pid2":0,"pid2_str":"","ratio2":"0.000000","pid3":0,"pid3_str":"","ratio3":"0.000000","end_ratio":"0.000000","level2":1,"level3":1,"cat_name":"\u5bfc\u4f53\u5206\u7c7b"}]}

[ 2026-06-04T21:31:07+08:00 ] ::1 /Home/PriceSync/getQuotes.html
INFO: [ app_init ] --START--
INFO: Run Behavior\BuildLiteBehavior [ RunTime:0.000003s ]
INFO: [ app_init ] --END-- [ RunTime:0.000022s ]
INFO: [ app_begin ] --START--
INFO: Run Behavior\ReadHtmlCacheBehavior [ RunTime:0.000017s ]
INFO: [ app_begin ] --END-- [ RunTime:0.000035s ]
ERR: {"status":1,"msg":"\u83b7\u53d6\u6210\u529f","data":[{"p":7896,"name":"\u5851\u6599\u4e3b\u8fde","dm":"lm","zde":-30,"zdf":-0.38,"zjsj":7926},{"p":8672,"name":"\u805a\u4e19\u70ef\u4e3b\u8fde","dm":"ppm","zde":-45,"zdf":-0.52,"zjsj":8717},{"p":8673,"name":"\u805a\u4e19\u70ef\u6708\u5747\u4e3b\u8fde","dm":"ppFm","zde":-44,"zdf":-0.5,"zjsj":8717},{"p":2053.5,"name":"\u7126\u70ad\u4e3b\u8fde","dm":"jm","zde":16.5,"zdf":0.81,"zjsj":2037},{"p":11965,"name":"\u751f\u732a\u4e3b\u8fde","dm":"lhm","zde":-90,"zdf":-0.75,"zjsj":12055},{"p":4363,"name":"\u9e21\u86cb\u4e3b\u8fde","dm":"jdm","zde":-27,"zdf":-0.62,"zjsj":4390},{"p":765.5,"name":"\u94c1\u77ff\u77f3\u4e3b\u8fde","dm":"im","zde":-7.5,"zdf":-0.97,"zjsj":773},{"p":3536,"name":"\u7cb3\u7c73\u4e3b\u8fde","dm":"rrm","zde":-16,"zdf":-0.45,"zjsj":3552},{"p":9560,"name":"\u68d5\u6988\u6cb9\u4e3b\u8fde","dm":"pm","zde":-141,"zdf":-1.45,"zjsj":9701},{"p":7899,"name":"\u5851\u6599\u6708\u5747\u4e3b\u8fde","dm":"lFm","zde":-27,"zdf":-0.34,"zjsj":7926},{"p":802.5,"name":"\u539f\u6728\u4e3b\u8fde","dm":"lgm","zde":9,"zdf":1.13,"zjsj":793.5},{"p":2684,"name":"\u6dc0\u7c89\u4e3b\u8fde","dm":"csm","zde":23,"zdf":0.86,"zjsj":2661},{"p":2938,"name":"\u8c46\u7c95\u4e3b\u8fde","dm":"mm","zde":-17,"zdf":-0.58,"zjsj":2955},{"p":4475,"name":"\u4e59\u4e8c\u9187\u4e3b\u8fde","dm":"egm","zde":-15,"zdf":-0.33,"zjsj":4490},{"p":4794,"name":"PVC\u6708\u5747\u4e3b\u8fde","dm":"vFm","zde":-64,"zdf":-1.32,"zjsj":4858},{"p":2313,"name":"\u7389\u7c73\u4e3b\u8fde","dm":"cm","zde":13,"zdf":0.57,"zjsj":2300},{"p":8676,"name":"\u82ef\u4e59\u70ef\u4e3b\u8fde","dm":"ebm","zde":-117,"zdf":-1.33,"zjsj":8793},{"p":3530,"name":"\u8c46\u4e8c\u4e3b\u8fde","dm":"bm","zde":-27,"zdf":-0.76,"zjsj":3557},{"p":1436.5,"name":"\u7126\u7164\u4e3b\u8fde","dm":"jmm","zde":14.5,"zdf":1.02,"zjsj":1422},{"p":4738,"name":"\u8c46\u4e00\u4e3b\u8fde","dm":"am","zde":-7,"zdf":-0.15,"zjsj":4745},{"p":1280,"name":"\u7ea4\u7ef4\u677f\u4e3b\u8fde","dm":"fbm","zde":-2.5,"zdf":-0.19,"zjsj":1282.5},{"p":8495,"name":"\u8c46\u6cb9\u4e3b\u8fde","dm":"ym","zde":-58,"zdf":-0.68,"zjsj":8553},{"p":5600,"name":"LPG\u4e3b\u8fde","dm":"pgm","zde":-109,"zdf":-1.91,"zjsj":5709},{"p":7567,"name":"\u7eaf\u82ef\u4e3b\u8fde","dm":"bzm","zde":-81,"zdf":-1.06,"zjsj":7648},{"p":4793,"name":"PVC\u4e3b\u8fde","dm":"vm","zde":-65,"zdf":-1.34,"zjsj":4858}]}

[ 2026-06-04T21:32:25+08:00 ] ::1 /Home/PriceSync/index
INFO: [ app_init ] --START--
INFO: Run Behavior\BuildLiteBehavior [ RunTime:0.000008s ]
INFO: [ app_init ] --END-- [ RunTime:0.000080s ]
INFO: [ app_begin ] --START--
INFO: Run Behavior\ReadHtmlCacheBehavior [ RunTime:0.000031s ]
INFO: [ app_begin ] --END-- [ RunTime:0.000045s ]
INFO: [ view_parse ] --START--
INFO: [ template_filter ] --START--
INFO: Run Behavior\ContentReplaceBehavior [ RunTime:0.000211s ]
INFO: [ template_filter ] --END-- [ RunTime:0.000262s ]
INFO: Run Behavior\ParseTemplateBehavior [ RunTime:0.013059s ]
INFO: [ view_parse ] --END-- [ RunTime:0.013116s ]
INFO: [ view_filter ] --START--
INFO: Run Behavior\WriteHtmlCacheBehavior [ RunTime:0.000116s ]
INFO: [ view_filter ] --END-- [ RunTime:0.000132s ]
INFO: [ app_end ] --START--
INFO: Run Behavior\ShowPageTraceBehavior [ RunTime:0.000060s ]
INFO: [ app_end ] --END-- [ RunTime:0.000076s ]

[ 2026-06-04T21:32:25+08:00 ] ::1 /Home/PriceSync/getQuotes.html
INFO: [ app_init ] --START--
INFO: Run Behavior\BuildLiteBehavior [ RunTime:0.000003s ]
INFO: [ app_init ] --END-- [ RunTime:0.000026s ]
INFO: [ app_begin ] --START--
INFO: Run Behavior\ReadHtmlCacheBehavior [ RunTime:0.000010s ]
INFO: [ app_begin ] --END-- [ RunTime:0.000017s ]
ERR: {"status":1,"msg":"\u83b7\u53d6\u6210\u529f","data":[{"p":14200,"name":"\u4e01\u4e8c\u70ef\u80f6\u4e3b\u8fde","dm":"brm","zde":-260,"zdf":-1.8,"zjsj":14460},{"p":14700,"name":"\u4e0d\u9508\u94a2\u4e3b\u8fde","dm":"ssm","zde":-90,"zdf":-0.61,"zjsj":14790},{"p":139130,"name":"\u6caa\u954d\u4e3b\u8fde","dm":"nim","zde":-1670,"zdf":-1.19,"zjsj":140800},{"p":2752,"name":"\u6c27\u5316\u94dd\u4e3b\u8fde","dm":"aom","zde":-38,"zdf":-1.36,"zjsj":2790},{"p":3154,"name":"\u87ba\u7eb9\u94a2\u4e3b\u8fde","dm":"rbm","zde":-12,"zdf":-0.38,"zjsj":3166},{"p":106540,"name":"\u6caa\u94dc\u4e3b\u8fde","dm":"cum","zde":900,"zdf":0.85,"zjsj":105640},{"p":24330,"name":"\u6caa\u94dd\u4e3b\u8fde","dm":"alm","zde":-50,"zdf":-0.21,"zjsj":24380},{"p":3836,"name":"\u71c3\u6cb9\u4e3b\u8fde","dm":"fum","zde":-72,"zdf":-1.84,"zjsj":3908},{"p":434890,"name":"\u6caa\u9521\u4e3b\u8fde","dm":"snm","zde":-6560,"zdf":-1.49,"zjsj":441450},{"p":24975,"name":"\u6caa\u950c\u4e3b\u8fde","dm":"znm","zde":-25,"zdf":-0.1,"zjsj":25000},{"p":4800,"name":"\u7eb8\u6d46\u4e3b\u8fde","dm":"spm","zde":-36,"zdf":-0.74,"zjsj":4836},{"p":18137,"name":"\u6caa\u94f6\u4e3b\u8fde","dm":"agm","zde":292,"zdf":1.64,"zjsj":17845},{"p":3348,"name":"\u7ebf\u6750\u4e3b\u8fde","dm":"wrm","zde":-19,"zdf":-0.56,"zjsj":3367},{"p":18015,"name":"\u6a61\u80f6\u4e3b\u8fde","dm":"rum","zde":35,"zdf":0.19,"zjsj":17980},{"p":4330,"name":"\u6ca5\u9752\u4e3b\u8fde","dm":"bum","zde":0,"zdf":0,"zjsj":4330},{"p":3374,"name":"\u70ed\u5377\u4e3b\u8fde","dm":"hcm","zde":-12,"zdf":-0.35,"zjsj":3386},{"p":16425,"name":"\u6caa\u94c5\u4e3b\u8fde","dm":"pbm","zde":-50,"zdf":-0.3,"zjsj":16475},{"p":985.64,"name":"\u6caa\u91d1\u4e3b\u8fde","dm":"aum","zde":9.98,"zdf":1.02,"zjsj":975.66},{"p":3988,"name":"\u80f6\u7248\u7eb8\u4e3b\u8fde","dm":"opm","zde":-4,"zdf":-0.1,"zjsj":3992},{"p":23130,"name":"\u94f8\u9020\u94dd\u4e3b\u8fde","dm":"adm","zde":0,"zdf":0,"zjsj":23130}]}

[ 2026-06-04T21:32:25+08:00 ] ::1 /Home/PriceSync/getConfigList.html
INFO: [ app_init ] --START--
INFO: Run Behavior\BuildLiteBehavior [ RunTime:0.000004s ]
INFO: [ app_init ] --END-- [ RunTime:0.000045s ]
INFO: [ app_begin ] --START--
INFO: Run Behavior\ReadHtmlCacheBehavior [ RunTime:0.000014s ]
INFO: [ app_begin ] --END-- [ RunTime:0.000028s ]
SQL: SHOW COLUMNS FROM `price_sync_config` [ RunTime:0.0056s ]
SQL: SELECT * FROM `price_sync_config` WHERE `status` = 1 ORDER BY id asc  [ RunTime:0.0011s ]
SQL: SHOW COLUMNS FROM `price_sync_log` [ RunTime:0.0024s ]
SQL: SELECT `config_id`,MAX(add_time) as last_sync_at FROM `price_sync_log` WHERE `config_id` IN (1,2,3,6,7) GROUP BY config_id  [ RunTime:0.0011s ]
SQL: SHOW COLUMNS FROM `new_label` [ RunTime:0.0031s ]
SQL: SELECT `price` FROM `new_label` WHERE `id` = 160 LIMIT 1   [ RunTime:0.0012s ]
SQL: SELECT `price` FROM `new_label` WHERE `id` = 162 LIMIT 1   [ RunTime:0.0004s ]
SQL: SELECT `price` FROM `new_label` WHERE `id` = 163 LIMIT 1   [ RunTime:0.0002s ]
SQL: SELECT `price` FROM `new_label` WHERE `id` = 166 LIMIT 1   [ RunTime:0.0007s ]
SQL: SELECT `price` FROM `new_label` WHERE `id` = 191 LIMIT 1   [ RunTime:0.0002s ]
ERR: {"status":1,"msg":"\u83b7\u53d6\u6210\u529f","data":[{"id":1,"futures_code":"cum","futures_name":"\u6caa\u94dc\u4e3b\u8fde","exchange":"shfe","new_label_id":160,"label_name":"\u6caa\u94dc","ratio":"100.0000","auto_sync":1,"status":1,"add_time":1780239338,"up_time":1780240685,"current_price":"0.00","last_sync_at":"2026-06-04 20:35:39"},{"id":2,"futures_code":"nim","futures_name":"\u6caa\u954d\u4e3b\u8fde","exchange":"shfe","new_label_id":162,"label_name":"\u6caa\u954d","ratio":"1.0000","auto_sync":1,"status":1,"add_time":1780366433,"up_time":1780366443,"current_price":"0.00","last_sync_at":"2026-06-04 20:32:11"},{"id":3,"futures_code":"snm","futures_name":"\u6caa\u9521\u4e3b\u8fde","exchange":"shfe","new_label_id":163,"label_name":"\u6caa\u9521","ratio":"100.0000","auto_sync":0,"status":1,"add_time":1780366480,"up_time":1780366480,"current_price":"437040.00","last_sync_at":"-"},{"id":6,"futures_code":"agm","futures_name":"\u6caa\u94f6\u4e3b\u8fde","exchange":"shfe","new_label_id":166,"label_name":"\u6caa\u94f6","ratio":"100.0000","auto_sync":1,"status":1,"add_time":1780396428,"up_time":1780396428,"current_price":"0.00","last_sync_at":"2026-06-04 20:37:29"},{"id":7,"futures_code":"lgm","futures_name":"\u539f\u6728\u4e3b\u8fde","exchange":"dce","new_label_id":191,"label_name":"\u5907\u75283","ratio":"100.0000","auto_sync":1,"status":1,"add_time":1780403277,"up_time":1780403277,"current_price":"788.00","last_sync_at":"2026-06-02 20:28:05"}]}

[ 2026-06-04T21:32:25+08:00 ] ::1 /Home/PriceSync/getMaterials.html
INFO: [ app_init ] --START--
INFO: Run Behavior\BuildLiteBehavior [ RunTime:0.000003s ]
INFO: [ app_init ] --END-- [ RunTime:0.000014s ]
INFO: [ app_begin ] --START--
INFO: Run Behavior\ReadHtmlCacheBehavior [ RunTime:0.000010s ]
INFO: [ app_begin ] --END-- [ RunTime:0.000018s ]
SQL: SHOW COLUMNS FROM `new_label` [ RunTime:0.0061s ]
SQL: SELECT `id`,`name` FROM `new_label` WHERE `cate_label_id` = 0 AND `cate_type` = 0  [ RunTime:0.0008s ]
SQL: SELECT * FROM `new_label` WHERE `cate_label_id` IN (3,4,26,30,133,159,184) AND `pid` = 0 ORDER BY cate_label_id asc, id asc  [ RunTime:0.0013s ]
ERR: {"status":1,"msg":"\u83b7\u53d6\u6210\u529f","data":[{"id":5,"cate_label_id":3,"name":"\u73b0\u8d27\u94dc\u4ef7\u57fa\u7840\u503c","cate_type":0,"pid":0,"ratio":"100.000000","price":"94.9000","last_futures_price":"0.0000","last_sync_ratio":"0.000000","last_sync_time":0,"status":1,"is_del":1,"level":0,"add_time":1731588218,"up_time":1731678051,"pid_str":"","pid2":0,"pid2_str":"","ratio2":"100.000000","pid3":0,"pid3_str":"","ratio3":"100.000000","end_ratio":"0.000000","level2":0,"level3":0,"cat_name":"\u5bfc\u4f53\u6750\u6599\u4ef7\u683c22"},{"id":51,"cate_label_id":3,"name":"\u73b0\u8d27\u94dd\u4ef7\u57fa\u7840\u503c","cate_type":0,"pid":0,"ratio":"100.000000","price":"23.0000","last_futures_price":"0.0000","last_sync_ratio":"0.000000","last_sync_time":0,"status":1,"is_del":1,"level":0,"add_time":1731682407,"up_time":1731682407,"pid_str":"","pid2":0,"pid2_str":"","ratio2":"100.000000","pid3":0,"pid3_str":"","ratio3":"100.000000","end_ratio":"0.000000","level2":0,"level3":0,"cat_name":"\u5bfc\u4f53\u6750\u6599\u4ef7\u683c22"},{"id":99,"cate_label_id":3,"name":"\u67b6\u7a7a\u5bfc\u7ebf\u94a2\u4e1d\u4ef7","cate_type":0,"pid":0,"ratio":"0.000000","price":"5.0000","last_futures_price":"0.0000","last_sync_ratio":"0.000000","last_sync_time":0,"status":1,"is_del":1,"level":1,"add_time":1735382759,"up_time":1735382759,"pid_str":"","pid2":0,"pid2_str":"","ratio2":"100.000000","pid3":0,"pid3_str":"","ratio3":"100.000000","end_ratio":"0.000000","level2":1,"level3":1,"cat_name":"\u5bfc\u4f53\u6750\u6599\u4ef7\u683c22"},{"id":94,"cate_label_id":4,"name":"\u9ed1\u4e91\u6bcd\u5e26","cate_type":0,"pid":0,"ratio":"0.000000","price":"38.0000","last_futures_price":"0.0000","last_sync_ratio":"0.000000","last_sync_time":0,"status":1,"is_del":1,"level":0,"add_time":1735321887,"up_time":1735321887,"pid_str":"","pid2":0,"pid2_str":"","ratio2":"100.000000","pid3":0,"pid3_str":"","ratio3":"100.000000","end_ratio":"0.000000","level2":0,"level3":0,"cat_name":"\u4e91\u6bcd\u6750\u6599\u4ef7\u683c"},{"id":27,"cate_label_id":26,"name":"\u4ea4\u8054\u805a\u4e59\u70ef\u4ef7\u683c","cate_type":0,"pid":0,"ratio":"0.000000","price":"12.0000","last_futures_price":"0.0000","last_sync_ratio":"0.000000","last_sync_time":0,"status":1,"is_del":1,"level":0,"add_time":1731673353,"up_time":1731673353,"pid_str":"","pid2":0,"pid2_str":"","ratio2":"100.000000","pid3":0,"pid3_str":"","ratio3":"100.000000","end_ratio":"0.000000","level2":0,"level3":0,"cat_name":"\u7edd\u7f18\u6750\u6599\u4ef7\u683c"},{"id":74,"cate_label_id":26,"name":"PVC\u805a\u6c2f\u4e59\u70ef\u4ef7","cate_type":0,"pid":0,"ratio":"100.000000","price":"7.5000","last_futures_price":"0.0000","last_sync_ratio":"0.000000","last_sync_time":0,"status":1,"is_del":1,"level":0,"add_time":1734582414,"up_time":1734582414,"pid_str":"","pid2":0,"pid2_str":"","ratio2":"100.000000","pid3":0,"pid3_str":"","ratio3":"100.000000","end_ratio":"0.000000","level2":0,"level3":0,"cat_name":"\u7edd\u7f18\u6750\u6599\u4ef7\u683c"},{"id":105,"cate_label_id":30,"name":"\u94a2\u5e26\u4ef7\u683c","cate_type":0,"pid":0,"ratio":"0.000000","price":"4.2000","last_futures_price":"0.0000","last_sync_ratio":"0.000000","last_sync_time":0,"status":1,"is_del":1,"level":0,"add_time":1735400959,"up_time":1735400959,"pid_str":"","pid2":0,"pid2_str":"","ratio2":"100.000000","pid3":0,"pid3_str":"","ratio3":"100.000000","end_ratio":"0.000000","level2":0,"level3":0,"cat_name":"\u91d1\u5c5e\u94e0\u88c5\u6750\u6599"},{"id":134,"cate_label_id":133,"name":"XH-03A-\u77ff\u7528\u62a4\u5957","cate_type":0,"pid":0,"ratio":"0.000000","price":"8.0000","last_futures_price":"0.0000","last_sync_ratio":"0.000000","last_sync_time":0,"status":1,"is_del":1,"level":0,"add_time":1744771398,"up_time":1744771398,"pid_str":"","pid2":0,"pid2_str":"","ratio2":"0.000000","pid3":0,"pid3_str":"","ratio3":"0.000000","end_ratio":"0.000000","level2":0,"level3":0,"cat_name":"\u6a61\u80f6\u7535\u7f06\u6750\u6599\u4ef7\u683c"},{"id":160,"cate_label_id":159,"name":"\u6caa\u94dc","cate_type":0,"pid":0,"ratio":"0.000000","price":"0.0000","last_futures_price":"0.0000","last_sync_ratio":"100.000000","last_sync_time":1780576539,"status":1,"is_del":1,"level":0,"add_time":1772791661,"up_time":1780576539,"pid_str":"","pid2":0,"pid2_str":"","ratio2":"0.000000","pid3":0,"pid3_str":"","ratio3":"0.000000","end_ratio":"0.000000","level2":0,"level3":0,"cat_name":"\u57fa\u7840\u91d1\u5c5e\u5217\u8868"},{"id":161,"cate_label_id":159,"name":"\u6caa\u94dd","cate_type":0,"pid":0,"ratio":"0.000000","price":"24640.0000","last_futures_price":"0.0000","last_sync_ratio":"0.000000","last_sync_time":0,"status":1,"is_del":1,"level":0,"add_time":1775158584,"up_time":1775158584,"pid_str":"","pid2":0,"pid2_str":"","ratio2":"0.000000","pid3":0,"pid3_str":"","ratio3":"0.000000","end_ratio":"0.000000","level2":0,"level3":0,"cat_name":"\u57fa\u7840\u91d1\u5c5e\u5217\u8868"},{"id":162,"cate_label_id":159,"name":"\u6caa\u954d","cate_type":0,"pid":0,"ratio":"0.000000","price":"0.0000","last_futures_price":"0.0000","last_sync_ratio":"1.000000","last_sync_time":1780576331,"status":1,"is_del":1,"level":0,"add_time":1775158650,"up_time":1780576331,"pid_str":"","pid2":0,"pid2_str":"","ratio2":"0.000000","pid3":0,"pid3_str":"","ratio3":"0.000000","end_ratio":"0.000000","level2":0,"level3":0,"cat_name":"\u57fa\u7840\u91d1\u5c5e\u5217\u8868"},{"id":163,"cate_label_id":159,"name":"\u6caa\u9521","cate_type":0,"pid":0,"ratio":"0.000000","price":"437040.0000","last_futures_price":"0.0000","last_sync_ratio":"0.000000","last_sync_time":0,"status":1,"is_del":1,"level":0,"add_time":1775158678,"up_time":1775158678,"pid_str":"","pid2":0,"pid2_str":"","ratio2":"0.000000","pid3":0,"pid3_str":"","ratio3":"0.000000","end_ratio":"0.000000","level2":0,"level3":0,"cat_name":"\u57fa\u7840\u91d1\u5c5e\u5217\u8868"},{"id":164,"cate_label_id":159,"name":"\u6caa\u950c","cate_type":0,"pid":0,"ratio":"0.000000","price":"24640.0000","last_futures_price":"0.0000","last_sync_ratio":"0.000000","last_sync_time":0,"status":1,"is_del":1,"level":0,"add_time":1775158807,"up_time":1775158807,"pid_str":"","pid2":0,"pid2_str":"","ratio2":"0.000000","pid3":0,"pid3_str":"","ratio3":"0.000000","end_ratio":"0.000000","level2":0,"level3":0,"cat_name":"\u57fa\u7840\u91d1\u5c5e\u5217\u8868"},{"id":165,"cate_label_id":159,"name":"\u4e0d\u9508\u94a2","cate_type":0,"pid":0,"ratio":"0.000000","price":"15065.0000","last_futures_price":"0.0000","last_sync_ratio":"0.000000","last_sync_time":0,"status":1,"is_del":1,"level":0,"add_time":1775158827,"up_time":1775158827,"pid_str":"","pid2":0,"pid2_str":"","ratio2":"0.000000","pid3":0,"pid3_str":"","ratio3":"0.000000","end_ratio":"0.000000","level2":0,"level3":0,"cat_name":"\u57fa\u7840\u91d1\u5c5e\u5217\u8868"},{"id":166,"cate_label_id":159,"name":"\u6caa\u94f6","cate_type":0,"pid":0,"ratio":"0.000000","price":"0.0000","last_futures_price":"0.0000","last_sync_ratio":"100.000000","last_sync_time":1780576649,"status":1,"is_del":1,"level":0,"add_time":1775158945,"up_time":1780576649,"pid_str":"","pid2":0,"pid2_str":"","ratio2":"0.000000","pid3":0,"pid3_str":"","ratio3":"0.000000","end_ratio":"0.000000","level2":0,"level3":0,"cat_name":"\u57fa\u7840\u91d1\u5c5e\u5217\u8868"},{"id":167,"cate_label_id":159,"name":"\u6caa\u91d1","cate_type":0,"pid":0,"ratio":"0.000000","price":"1027.1000","last_futures_price":"0.0000","last_sync_ratio":"0.000000","last_sync_time":0,"status":1,"is_del":1,"level":0,"add_time":1775159038,"up_time":1775159038,"pid_str":"","pid2":0,"pid2_str":"","ratio2":"0.000000","pid3":0,"pid3_str":"","ratio3":"0.000000","end_ratio":"0.000000","level2":0,"level3":0,"cat_name":"\u57fa\u7840\u91d1\u5c5e\u5217\u8868"},{"id":168,"cate_label_id":159,"name":"\u7845\u94c1","cate_type":0,"pid":0,"ratio":"0.000000","price":"5762.0000","last_futures_price":"0.0000","last_sync_ratio":"0.000000","last_sync_time":0,"status":1,"is_del":1,"level":0,"add_time":1775159058,"up_time":1775159058,"pid_str":"","pid2":0,"pid2_str":"","ratio2":"0.000000","pid3":0,"pid3_str":"","ratio3":"0.000000","end_ratio":"0.000000","level2":0,"level3":0,"cat_name":"\u57fa\u7840\u91d1\u5c5e\u5217\u8868"},{"id":169,"cate_label_id":159,"name":"\u94c1\u77ff\u77f3","cate_type":0,"pid":0,"ratio":"0.000000","price":"815.5000","last_futures_price":"0.0000","last_sync_ratio":"0.000000","last_sync_time":0,"status":1,"is_del":1,"level":0,"add_time":1775159155,"up_time":1775159155,"pid_str":"","pid2":0,"pid2_str":"","ratio2":"0.000000","pid3":0,"pid3_str":"","ratio3":"0.000000","end_ratio":"0.000000","level2":0,"level3":0,"cat_name":"\u57fa\u7840\u91d1\u5c5e\u5217\u8868"},{"id":170,"cate_label_id":159,"name":"\u87ba\u7eb9\u94a2","cate_type":0,"pid":0,"ratio":"0.000000","price":"3249.0000","last_futures_price":"0.0000","last_sync_ratio":"0.000000","last_sync_time":0,"status":1,"is_del":1,"level":0,"add_time":1775159188,"up_time":1775159188,"pid_str":"","pid2":0,"pid2_str":"","ratio2":"0.000000","pid3":0,"pid3_str":"","ratio3":"0.000000","end_ratio":"0.000000","level2":0,"level3":0,"cat_name":"\u57fa\u7840\u91d1\u5c5e\u5217\u8868"},{"id":171,"cate_label_id":159,"name":"\u70ed\u5377","cate_type":0,"pid":0,"ratio":"0.000000","price":"3468.0000","last_futures_price":"0.0000","last_sync_ratio":"0.000000","last_sync_time":0,"status":1,"is_del":1,"level":0,"add_time":1775159363,"up_time":1775159363,"pid_str":"","pid2":0,"pid2_str":"","ratio2":"0.000000","pid3":0,"pid3_str":"","ratio3":"0.000000","end_ratio":"0.000000","level2":0,"level3":0,"cat_name":"\u57fa\u7840\u91d1\u5c5e\u5217\u8868"},{"id":172,"cate_label_id":159,"name":"\u9530\u7845","cate_type":0,"pid":0,"ratio":"0.000000","price":"5878.0000","last_futures_price":"0.0000","last_sync_ratio":"0.000000","last_sync_time":0,"status":1,"is_del":1,"level":0,"add_time":1775159401,"up_time":1775159401,"pid_str":"","pid2":0,"pid2_str":"","ratio2":"0.000000","pid3":0,"pid3_str":"","ratio3":"0.000000","end_ratio":"0.000000","level2":0,"level3":0,"cat_name":"\u57fa\u7840\u91d1\u5c5e\u5217\u8868"},{"id":173,"cate_label_id":159,"name":"\u94c2\u91d1","cate_type":0,"pid":0,"ratio":"0.000000","price":"2141.4000","last_futures_price":"0.0000","last_sync_ratio":"0.000000","last_sync_time":0,"status":1,"is_del":1,"level":0,"add_time":1775159416,"up_time":1775159416,"pid_str":"","pid2":0,"pid2_str":"","ratio2":"0.000000","pid3":0,"pid3_str":"","ratio3":"0.000000","end_ratio":"0.000000","level2":0,"level3":0,"cat_name":"\u57fa\u7840\u91d1\u5c5e\u5217\u8868"},{"id":174,"cate_label_id":159,"name":"\u94af\u91d1","cate_type":0,"pid":0,"ratio":"0.000000","price":"1508.0000","last_futures_price":"0.0000","last_sync_ratio":"0.000000","last_sync_time":0,"status":1,"is_del":1,"level":0,"add_time":1775159431,"up_time":1775159431,"pid_str":"","pid2":0,"pid2_str":"","ratio2":"0.000000","pid3":0,"pid3_str":"","ratio3":"0.000000","end_ratio":"0.000000","level2":0,"level3":0,"cat_name":"\u57fa\u7840\u91d1\u5c5e\u5217\u8868"},{"id":175,"cate_label_id":159,"name":"\u5de5\u4e1a\u7845","cate_type":0,"pid":0,"ratio":"0.000000","price":"8795.0000","last_futures_price":"0.0000","last_sync_ratio":"0.000000","last_sync_time":0,"status":1,"is_del":1,"level":0,"add_time":1775159442,"up_time":1775159442,"pid_str":"","pid2":0,"pid2_str":"","ratio2":"0.000000","pid3":0,"pid3_str":"","ratio3":"0.000000","end_ratio":"0.000000","level2":0,"level3":0,"cat_name":"\u57fa\u7840\u91d1\u5c5e\u5217\u8868"},{"id":176,"cate_label_id":159,"name":"\u94dd\u5408\u91d1","cate_type":0,"pid":0,"ratio":"0.000000","price":"23255.0000","last_futures_price":"0.0000","last_sync_ratio":"0.000000","last_sync_time":0,"status":1,"is_del":1,"level":0,"add_time":1775159467,"up_time":1775159467,"pid_str":"","pid2":0,"pid2_str":"","ratio2":"0.000000","pid3":0,"pid3_str":"","ratio3":"0.000000","end_ratio":"0.000000","level2":0,"level3":0,"cat_name":"\u57fa\u7840\u91d1\u5c5e\u5217\u8868"},{"id":177,"cate_label_id":159,"name":"\u6c27\u5316\u94dd","cate_type":0,"pid":0,"ratio":"0.000000","price":"2776.0000","last_futures_price":"0.0000","last_sync_ratio":"0.000000","last_sync_time":0,"status":1,"is_del":1,"level":0,"add_time":1775159483,"up_time":1775159483,"pid_str":"","pid2":0,"pid2_str":"","ratio2":"0.000000","pid3":0,"pid3_str":"","ratio3":"0.000000","end_ratio":"0.000000","level2":0,"level3":0,"cat_name":"\u57fa\u7840\u91d1\u5c5e\u5217\u8868"},{"id":178,"cate_label_id":159,"name":"\u7ebf\u6750","cate_type":0,"pid":0,"ratio":"0.000000","price":"3395.0000","last_futures_price":"0.0000","last_sync_ratio":"0.000000","last_sync_time":0,"status":1,"is_del":1,"level":0,"add_time":1775159497,"up_time":1775159497,"pid_str":"","pid2":0,"pid2_str":"","ratio2":"0.000000","pid3":0,"pid3_str":"","ratio3":"0.000000","end_ratio":"0.000000","level2":0,"level3":0,"cat_name":"\u57fa\u7840\u91d1\u5c5e\u5217\u8868"},{"id":179,"cate_label_id":159,"name":"\u73bb\u7483","cate_type":0,"pid":0,"ratio":"0.000000","price":"1068.0000","last_futures_price":"0.0000","last_sync_ratio":"0.000000","last_sync_time":0,"status":1,"is_del":1,"level":0,"add_time":1775159539,"up_time":1775159539,"pid_str":"","pid2":0,"pid2_str":"","ratio2":"0.000000","pid3":0,"pid3_str":"","ratio3":"0.000000","end_ratio":"0.000000","level2":0,"level3":0,"cat_name":"\u57fa\u7840\u91d1\u5c5e\u5217\u8868"},{"id":180,"cate_label_id":159,"name":"\u91d1\u5c5e\u94ec","cate_type":0,"pid":0,"ratio":"0.000000","price":"91.5000","last_futures_price":"0.0000","last_sync_ratio":"0.000000","last_sync_time":0,"status":1,"is_del":1,"level":0,"add_time":1775159558,"up_time":1775159558,"pid_str":"","pid2":0,"pid2_str":"","ratio2":"0.000000","pid3":0,"pid3_str":"","ratio3":"0.000000","end_ratio":"0.000000","level2":0,"level3":0,"cat_name":"\u57fa\u7840\u91d1\u5c5e\u5217\u8868"},{"id":181,"cate_label_id":159,"name":"\u77f3\u58a8\u70ef","cate_type":0,"pid":0,"ratio":"0.000000","price":"555.0000","last_futures_price":"0.0000","last_sync_ratio":"0.000000","last_sync_time":0,"status":1,"is_del":1,"level":0,"add_time":1775159576,"up_time":1775159576,"pid_str":"","pid2":0,"pid2_str":"","ratio2":"0.000000","pid3":0,"pid3_str":"","ratio3":"0.000000","end_ratio":"0.000000","level2":0,"level3":0,"cat_name":"\u57fa\u7840\u91d1\u5c5e\u5217\u8868"},{"id":182,"cate_label_id":159,"name":"\u91d1\u5c5e\u94b4","cate_type":0,"pid":0,"ratio":"0.000000","price":"989.0000","last_futures_price":"0.0000","last_sync_ratio":"0.000000","last_sync_time":0,"status":1,"is_del":1,"level":0,"add_time":1775159588,"up_time":1775159588,"pid_str":"","pid2":0,"pid2_str":"","ratio2":"0.000000","pid3":0,"pid3_str":"","ratio3":"0.000000","end_ratio":"0.000000","level2":0,"level3":0,"cat_name":"\u57fa\u7840\u91d1\u5c5e\u5217\u8868"},{"id":183,"cate_label_id":159,"name":"\u5f85\u5b9a","cate_type":0,"pid":0,"ratio":"0.000000","price":"91.5000","last_futures_price":"0.0000","last_sync_ratio":"0.000000","last_sync_time":0,"status":1,"is_del":1,"level":0,"add_time":1775160000,"up_time":1775160000,"pid_str":"","pid2":0,"pid2_str":"","ratio2":"0.000000","pid3":0,"pid3_str":"","ratio3":"0.000000","end_ratio":"0.000000","level2":0,"level3":0,"cat_name":"\u57fa\u7840\u91d1\u5c5e\u5217\u8868"},{"id":190,"cate_label_id":159,"name":"\u5907\u75282","cate_type":0,"pid":0,"ratio":"0.000000","price":"2.0000","last_futures_price":"0.0000","last_sync_ratio":"0.000000","last_sync_time":0,"status":1,"is_del":1,"level":1,"add_time":1778617496,"up_time":1778617496,"pid_str":"","pid2":0,"pid2_str":"","ratio2":"0.000000","pid3":0,"pid3_str":"","ratio3":"0.000000","end_ratio":"0.000000","level2":1,"level3":1,"cat_name":"\u57fa\u7840\u91d1\u5c5e\u5217\u8868"},{"id":191,"cate_label_id":159,"name":"\u5907\u75283","cate_type":0,"pid":0,"ratio":"0.000000","price":"788.0000","last_futures_price":"788.0000","last_sync_ratio":"100.000000","last_sync_time":1780403285,"status":1,"is_del":1,"level":1,"add_time":1778617507,"up_time":1780403285,"pid_str":"","pid2":0,"pid2_str":"","ratio2":"0.000000","pid3":0,"pid3_str":"","ratio3":"0.000000","end_ratio":"0.000000","level2":1,"level3":1,"cat_name":"\u57fa\u7840\u91d1\u5c5e\u5217\u8868"},{"id":192,"cate_label_id":159,"name":"\u5907\u75284","cate_type":0,"pid":0,"ratio":"0.000000","price":"4.0000","last_futures_price":"0.0000","last_sync_ratio":"0.000000","last_sync_time":0,"status":1,"is_del":1,"level":1,"add_time":1778617516,"up_time":1778617516,"pid_str":"","pid2":0,"pid2_str":"","ratio2":"0.000000","pid3":0,"pid3_str":"","ratio3":"0.000000","end_ratio":"0.000000","level2":1,"level3":1,"cat_name":"\u57fa\u7840\u91d1\u5c5e\u5217\u8868"},{"id":193,"cate_label_id":159,"name":"\u5907\u75285","cate_type":0,"pid":0,"ratio":"0.000000","price":"5.0000","last_futures_price":"0.0000","last_sync_ratio":"0.000000","last_sync_time":0,"status":1,"is_del":1,"level":1,"add_time":1778617527,"up_time":1778617527,"pid_str":"","pid2":0,"pid2_str":"","ratio2":"0.000000","pid3":0,"pid3_str":"","ratio3":"0.000000","end_ratio":"0.000000","level2":1,"level3":1,"cat_name":"\u57fa\u7840\u91d1\u5c5e\u5217\u8868"},{"id":194,"cate_label_id":159,"name":"\u5907\u75286","cate_type":0,"pid":0,"ratio":"0.000000","price":"6.0000","last_futures_price":"0.0000","last_sync_ratio":"0.000000","last_sync_time":0,"status":1,"is_del":1,"level":1,"add_time":1778617537,"up_time":1778617537,"pid_str":"","pid2":0,"pid2_str":"","ratio2":"0.000000","pid3":0,"pid3_str":"","ratio3":"0.000000","end_ratio":"0.000000","level2":1,"level3":1,"cat_name":"\u57fa\u7840\u91d1\u5c5e\u5217\u8868"},{"id":185,"cate_label_id":184,"name":"\u57fa\u7840\u94dc\u4ef7","cate_type":0,"pid":0,"ratio":"0.000000","price":"96.5000","last_futures_price":"0.0000","last_sync_ratio":"0.000000","last_sync_time":0,"status":1,"is_del":1,"level":1,"add_time":1775216239,"up_time":1775216239,"pid_str":"","pid2":0,"pid2_str":"","ratio2":"0.000000","pid3":0,"pid3_str":"","ratio3":"0.000000","end_ratio":"0.000000","level2":1,"level3":1,"cat_name":"\u5bfc\u4f53\u5206\u7c7b"},{"id":186,"cate_label_id":184,"name":"\u57fa\u7840\u94dd\u4ef7","cate_type":0,"pid":0,"ratio":"0.000000","price":"24.0000","last_futures_price":"0.0000","last_sync_ratio":"0.000000","last_sync_time":0,"status":1,"is_del":1,"level":1,"add_time":1775216251,"up_time":1775216251,"pid_str":"","pid2":0,"pid2_str":"","ratio2":"0.000000","pid3":0,"pid3_str":"","ratio3":"0.000000","end_ratio":"0.000000","level2":1,"level3":1,"cat_name":"\u5bfc\u4f53\u5206\u7c7b"},{"id":187,"cate_label_id":184,"name":"\u57fa\u7840\u94a2\u4ef7","cate_type":0,"pid":0,"ratio":"0.000000","price":"4.5000","last_futures_price":"0.0000","last_sync_ratio":"0.000000","last_sync_time":0,"status":1,"is_del":1,"level":0,"add_time":1775216277,"up_time":1775216277,"pid_str":"","pid2":0,"pid2_str":"","ratio2":"0.000000","pid3":0,"pid3_str":"","ratio3":"0.000000","end_ratio":"0.000000","level2":0,"level3":0,"cat_name":"\u5bfc\u4f53\u5206\u7c7b"},{"id":188,"cate_label_id":184,"name":"\u57fa\u7840\u954d\u4ef7","cate_type":0,"pid":0,"ratio":"0.000000","price":"135.0000","last_futures_price":"0.0000","last_sync_ratio":"0.000000","last_sync_time":0,"status":1,"is_del":1,"level":1,"add_time":1775216322,"up_time":1775216322,"pid_str":"","pid2":0,"pid2_str":"","ratio2":"0.000000","pid3":0,"pid3_str":"","ratio3":"0.000000","end_ratio":"0.000000","level2":1,"level3":1,"cat_name":"\u5bfc\u4f53\u5206\u7c7b"}]}

[ 2026-06-04T21:32:26+08:00 ] ::1 /Home/PriceSync/getQuotes.html
INFO: [ app_init ] --START--
INFO: Run Behavior\BuildLiteBehavior [ RunTime:0.000003s ]
INFO: [ app_init ] --END-- [ RunTime:0.000023s ]
INFO: [ app_begin ] --START--
INFO: Run Behavior\ReadHtmlCacheBehavior [ RunTime:0.000008s ]
INFO: [ app_begin ] --END-- [ RunTime:0.000014s ]
ERR: {"status":1,"msg":"\u83b7\u53d6\u6210\u529f","data":[{"p":7896,"name":"\u5851\u6599\u4e3b\u8fde","dm":"lm","zde":-30,"zdf":-0.38,"zjsj":7926},{"p":8675,"name":"\u805a\u4e19\u70ef\u4e3b\u8fde","dm":"ppm","zde":-42,"zdf":-0.48,"zjsj":8717},{"p":8674,"name":"\u805a\u4e19\u70ef\u6708\u5747\u4e3b\u8fde","dm":"ppFm","zde":-43,"zdf":-0.49,"zjsj":8717},{"p":2053,"name":"\u7126\u70ad\u4e3b\u8fde","dm":"jm","zde":16,"zdf":0.79,"zjsj":2037},{"p":11965,"name":"\u751f\u732a\u4e3b\u8fde","dm":"lhm","zde":-90,"zdf":-0.75,"zjsj":12055},{"p":4363,"name":"\u9e21\u86cb\u4e3b\u8fde","dm":"jdm","zde":-27,"zdf":-0.62,"zjsj":4390},{"p":765,"name":"\u94c1\u77ff\u77f3\u4e3b\u8fde","dm":"im","zde":-8,"zdf":-1.03,"zjsj":773},{"p":3534,"name":"\u7cb3\u7c73\u4e3b\u8fde","dm":"rrm","zde":-18,"zdf":-0.51,"zjsj":3552},{"p":9560,"name":"\u68d5\u6988\u6cb9\u4e3b\u8fde","dm":"pm","zde":-141,"zdf":-1.45,"zjsj":9701},{"p":7899,"name":"\u5851\u6599\u6708\u5747\u4e3b\u8fde","dm":"lFm","zde":-27,"zdf":-0.34,"zjsj":7926},{"p":802.5,"name":"\u539f\u6728\u4e3b\u8fde","dm":"lgm","zde":9,"zdf":1.13,"zjsj":793.5},{"p":2683,"name":"\u6dc0\u7c89\u4e3b\u8fde","dm":"csm","zde":22,"zdf":0.83,"zjsj":2661},{"p":2938,"name":"\u8c46\u7c95\u4e3b\u8fde","dm":"mm","zde":-17,"zdf":-0.58,"zjsj":2955},{"p":4473,"name":"\u4e59\u4e8c\u9187\u4e3b\u8fde","dm":"egm","zde":-17,"zdf":-0.38,"zjsj":4490},{"p":4796,"name":"PVC\u6708\u5747\u4e3b\u8fde","dm":"vFm","zde":-62,"zdf":-1.28,"zjsj":4858},{"p":2313,"name":"\u7389\u7c73\u4e3b\u8fde","dm":"cm","zde":13,"zdf":0.57,"zjsj":2300},{"p":8676,"name":"\u82ef\u4e59\u70ef\u4e3b\u8fde","dm":"ebm","zde":-117,"zdf":-1.33,"zjsj":8793},{"p":3530,"name":"\u8c46\u4e8c\u4e3b\u8fde","dm":"bm","zde":-27,"zdf":-0.76,"zjsj":3557},{"p":1436,"name":"\u7126\u7164\u4e3b\u8fde","dm":"jmm","zde":14,"zdf":0.98,"zjsj":1422},{"p":4739,"name":"\u8c46\u4e00\u4e3b\u8fde","dm":"am","zde":-6,"zdf":-0.13,"zjsj":4745},{"p":1280,"name":"\u7ea4\u7ef4\u677f\u4e3b\u8fde","dm":"fbm","zde":-2.5,"zdf":-0.19,"zjsj":1282.5},{"p":8496,"name":"\u8c46\u6cb9\u4e3b\u8fde","dm":"ym","zde":-57,"zdf":-0.67,"zjsj":8553},{"p":5600,"name":"LPG\u4e3b\u8fde","dm":"pgm","zde":-109,"zdf":-1.91,"zjsj":5709},{"p":7566,"name":"\u7eaf\u82ef\u4e3b\u8fde","dm":"bzm","zde":-82,"zdf":-1.07,"zjsj":7648},{"p":4796,"name":"PVC\u4e3b\u8fde","dm":"vm","zde":-62,"zdf":-1.28,"zjsj":4858}]}

